Date,Close,High,Low,Open,Volume,SMA_20,SMA_50,RSI,MACD,MACD_Signal,sentiment_score
2023-01-03,122.8767547607422,128.60451337209517,121.99253578697105,127.99539057563403,112117500,,,,0.0,0.0,0.0
2023-01-04,124.14412689208984,126.4037966398773,122.886574422074,124.66483150899292,89113600,,,,0.1011009107627813,0.0202201821525562,0.0
2023-01-05,122.8276138305664,125.52938912334946,122.57217865426507,124.90061292758642,80962700,,,,0.0741378939367223,0.0310037245093894,0.0
2023-01-06,127.34691619873048,128.0051649557748,122.69986796369008,123.800229800476,87754700,,,,0.4126822959472207,0.1073394387969557,0.0
2023-01-09,127.86767578125,131.07051781969213,127.61224055371213,128.1820714377982,70790800,,,,0.7147627793650031,0.2288241069105652,0.0
2023-01-10,128.43751525878906,128.95821998247737,125.87328360443998,127.97575597684494,63896200,,,,0.988747358263936,0.3808087571812394,0.0
2023-01-11,131.1490936279297,131.1687321095965,128.17222961380045,128.94836939344688,69458900,,,,1.4084481106858533,0.5863366278821622,0.0
2023-01-12,131.07044982910156,131.90553475010267,129.13499567218983,131.53220884062074,71379600,,,,1.7149492164011946,0.8120591455859687,0.0
2023-01-13,132.39682006835938,132.55401787873402,129.35119119619432,129.71469801537842,57809700,,,,2.0413491420574275,1.0579171448802605,0.0
2023-01-17,133.55615234375,134.88246968730516,131.77789498509242,132.46561675484807,63646600,,,,2.366294688206068,1.319592653545422,0.0
2023-01-18,132.83892822265625,136.1792989256054,132.6620769549058,134.42069543585905,69672800,,,,2.5367008735263568,1.563014297541609,0.0
2023-01-19,132.89785766601562,133.86066781311564,131.42416224055012,131.72872356322017,58280400,,,,2.646002645272901,1.7796119670878676,0.0
2023-01-20,135.4522705078125,135.59964906296133,131.86628386729487,132.90769302903612,80223600,,,,2.9052548852145605,2.004740550713206,0.0
2023-01-23,138.63546752929688,140.80671912517695,135.4817521326256,135.6978953680963,81760300,,,89.42936096032717,3.329194665968572,2.2696313737642795,0.0
2023-01-24,140.03057861328125,140.64953566811175,137.8396883115422,137.84950755371702,66435100,,,90.11917345851413,3.7346925901709938,2.562643617045622,0.0
2023-01-25,139.37229919433594,139.93229570032543,136.37578195167205,138.41930821894437,65799300,,,86.65995175401379,3.9573174763946497,2.841578388915428,0.0
2023-01-26,141.43548583984375,141.72039372676826,139.41159795380088,140.65933109437518,54105100,,,93.24160590489852,4.251225738161452,3.123507858764633,0.0
2023-01-27,143.3709259033203,144.64813175929368,140.57091324840124,140.64951214628343,70555800,,,92.3192269176444,4.587442805997824,3.416294848211272,0.0
2023-01-30,140.49232482910156,142.99761054282715,140.34496125408572,142.41796049282078,64015300,,,79.64904308912033,4.5689501916185975,3.646825916892737,0.0
2023-01-31,141.7596893310547,141.80881551729502,139.78494257033407,140.19757555057984,65874500,133.39794731140137,,80.29464588087029,4.6034941697779175,3.8381595674697735,0.0
2023-02-01,142.8796844482422,144.0389993752098,138.8417731528238,141.44529588395375,77663600,134.39809379577636,,78.75696315791836,4.667441407943016,4.004015935564422,0.0
2023-02-02,148.1751708984375,148.52884341135578,145.57163330132713,146.2888275489756,118339000,135.59964599609376,,83.39079299093454,5.086784272527353,4.220569602957008,0.0
2023-02-03,151.79063415527344,154.6201342687517,145.23760339877686,145.43409313083382,154357300,137.0477970123291,,84.75341889666721,5.645773223701099,4.505610327105827,0.0
2023-02-06,149.0692138671875,150.41519933800663,148.1358763450209,149.8944947732861,69858300,138.13391189575196,,76.32535112068608,5.802294877865137,4.764947237257688,0.0
2023-02-07,151.93801879882812,152.50784959474225,147.99834440627268,147.99834440627268,83322600,139.33742904663086,,80.20508058529919,6.087653320798438,5.029488453965838,0.0
2023-02-08,149.25587463378906,151.8692315183495,148.5190269025848,151.18150996746658,64120100,140.37834701538085,,73.88805377825295,6.027889565534537,5.229168676279578,0.0
2023-02-09,148.22430419921875,151.6236354399285,147.782198500911,151.0832773681269,56007100,141.23210754394532,,69.51951419723144,5.8300816933759165,5.349351279698846,0.0
2023-02-10,148.58836364746094,148.9130734935689,146.8270751036462,147.0632318137508,57450700,142.10800323486328,,66.64534980158983,5.637706117688339,5.407022247296744,0.0
2023-02-13,151.38282775878906,151.7862414824205,148.49980618651492,148.52932389765635,62199000,143.05730361938475,,68.13673890181192,5.645657363649434,5.454749270567282,0.0
2023-02-14,150.7432403564453,151.3041068890254,148.4407688328002,149.68055772689488,61707600,143.91665802001953,,68.17745857172964,5.536527779373301,5.471104972328486,0.0
2023-02-15,152.839111328125,153.0063833860837,150.42840282421838,150.6547103127393,65573800,144.91666717529296,,68.21067764809084,5.555125045508902,5.487908986964569,0.0
2023-02-16,151.24510192871094,153.82308261470098,150.890874314185,151.04829713189807,68167900,145.83402938842772,,62.71306195290244,5.379231839872631,5.466173557546181,0.0
2023-02-17,150.1036834716797,150.54646418705764,148.43094798353164,149.90689371085574,59144100,146.56660003662108,,66.43998150048597,5.089068661222058,5.390752578281356,0.0
2023-02-21,146.09896850585938,148.87375415444836,146.0300988341385,147.79138776370112,58867200,146.9397750854492,,56.78669632923349,4.48427331131677,5.209456724888439,0.0
2023-02-22,146.5220489501953,147.54536466728035,144.80011234851025,146.4826819914061,51011300,147.26434860229492,,55.82366568949297,3.9930779779041927,4.966180975491589,0.0
2023-02-23,147.00416564941406,147.92909389742377,144.87881554222116,147.68310298099968,48394200,147.64594192504882,,47.78710945046681,3.601192618867316,4.693183304166735,0.0
2023-02-24,144.35733032226562,144.82962872471046,143.3832007915086,144.75090982195374,55469600,147.79203414916992,,35.419231987184816,3.041977139178499,4.362942071169088,0.0
2023-02-27,145.54791259765625,146.77786725557394,145.0854484451516,145.34128862301924,44998500,147.90088348388673,,42.65148128193077,2.664154171200721,4.023184491175415,0.0
2023-02-28,145.04611206054688,146.68932985809187,144.47541123636594,144.69188448050687,50547000,148.128572845459,,34.040789501579425,2.297748621577512,3.678097317255834,0.0
2023-03-01,142.97979736328125,144.8690063216874,142.6846051791963,144.47542675230628,55479000,148.1895782470703,,35.040164805548216,1.819659356175407,3.306409725039749,0.0
2023-03-02,143.57017517089844,144.35734928778834,141.59239813777418,142.0647116163666,52238100,148.22410278320314,,38.667941747529525,1.4714468011981978,2.939417140271439,0.0
2023-03-03,148.60804748535156,148.6867663889097,144.96738452683869,145.66599039801153,70732300,148.24574661254883,,50.03904122026512,1.5837436245063543,2.6682824371184224,0.0
2023-03-06,151.3631591796875,153.79355106354063,150.99909736370918,151.32379221822697,87558000,148.22437286376953,,49.96092805123427,1.8734580955978688,2.509317568814312,0.0
2023-03-07,149.16893005371094,151.55995507278075,148.70646582947896,151.2352451910372,56182000,148.2293586730957,,47.05453789698106,1.9040541971375264,2.388264894478955,0.0
2023-03-08,150.41854858398438,151.00893289820618,149.39523278864294,150.35951315538156,47204800,148.15338516235352,,45.323141184919805,2.006011547515101,2.3118142250861844,0.0
2023-03-09,148.1750946044922,152.0617483379844,147.8208670608722,151.09746808583355,53833600,148.09934616088867,,44.21354402740741,1.8840671422102275,2.2262648085109933,0.0
2023-03-10,146.11866760253906,148.5195423882981,145.24294016157944,147.8012528053786,68572400,147.9940643310547,,42.73934457768085,1.6030103442547556,2.1016139156597458,0.0
2023-03-13,148.05702209472656,150.68420342446277,145.33143838738883,145.43967499711258,84457100,147.96749725341795,,53.85805503492672,1.519167794301694,1.9851246913881355,0.0
2023-03-14,150.14308166503906,150.94009020103195,147.69302061203882,148.8540910683986,73695900,147.90550994873047,,56.69590606973439,1.6025760437445626,1.908614961859421,0.0
2023-03-15,150.53662109375,150.7924462663543,147.51584514285557,148.76548332238644,77167900,147.8951789855957,142.35819717407227,56.5535804166268,1.681054871168243,1.8631029437211852,0.0
2023-03-16,153.3507537841797,153.95097226183628,149.20825986230471,149.71992520737962,76161100,147.92076110839844,142.967677154541,66.5820952882545,1.9478730289713155,1.8800569607712116,0.0
2023-03-17,152.514404296875,154.2265068856699,151.80594908869074,153.5770871091514,98944600,147.98422622680664,143.5350827026367,63.0148427977026,2.068003272946896,1.9176462232063485,0.0
2023-03-20,154.87591552734375,155.28919358755078,151.6780327765039,152.5832927983786,73641400,148.22283782958985,144.17604873657226,67.17095092384292,2.3269380833589253,1.999504595236864,0.0
2023-03-21,156.72573852539062,156.8438093660786,154.0296725549558,154.79717806171172,73938300,148.7541763305664,144.76362518310546,74.19475611171033,2.6508536516642778,2.1297744065223467,0.0
2023-03-22,155.2990264892578,159.5399085601911,155.27934300701256,156.7454546452784,75701800,149.19302520751953,145.31225219726562,70.05398433170778,2.760612710540641,2.2559420673260058,0.0
2023-03-23,156.38133239746094,158.9593273158035,155.15137786083926,156.28294504298728,67622100,149.66188354492186,145.87112854003905,65.36973902549404,2.901484094525045,2.3850504727658137,0.0
2023-03-24,157.68020629882812,157.76875944157217,155.31869907440637,156.31249715364865,59196500,150.32802734375,146.40175079345704,63.25362687234204,3.082401939128715,2.5245207660383944,0.0
2023-03-27,155.74179077148438,158.19186606543823,155.33836200567538,157.37517430078694,52390300,150.8377212524414,146.89517761230468,63.93997860262037,3.034388163470254,2.6264942455247664,0.0
2023-03-28,155.12188720703125,155.94842821050446,153.47866946121147,155.43676283008696,45992200,151.3415100097656,147.34967895507813,60.24877309180864,2.912739614283197,2.6837433192764526,0.0
2023-03-29,158.1918487548828,158.46735739062942,156.79462209814082,156.8142905620551,51305700,152.10211257934571,147.8423928833008,71.06806012531885,3.0291345255546105,2.7528215605320843,0.0
2023-03-30,159.75634765625,159.86458426430409,158.68383082177425,158.93965597985908,49501700,152.9114212036133,148.38074127197265,79.28999473686625,3.210610399445528,2.844379328314773,0.0
2023-03-31,162.25559997558594,162.35400234628182,159.3135582693612,159.835057803043,68749800,153.593798828125,148.96789611816405,79.7772239523932,3.515574754612544,2.978618413574328,0.0
2023-04-03,163.50526428222656,163.62333513475417,161.58653785817188,161.63573905142377,56976200,154.20090408325194,149.52895599365235,79.0419805100912,3.814131732499732,3.1457210773594086,0.0
2023-04-04,162.97393798828125,164.16452584406122,162.4622725801105,163.92838412805693,46278300,154.89115447998046,150.01572540283203,76.8708931733877,3.962193002467046,3.3090154623809367,0.0
2023-04-05,161.13388061523438,162.40320212135714,159.20532028473036,162.09817579458004,51511700,155.42692108154296,150.4377914428711,67.55435025759802,3.886257021799878,3.424463774264725,0.0
2023-04-06,162.01951599121094,162.3147081943001,159.40216814543908,159.82526545905753,45390100,156.1191421508789,150.8907357788086,71.39062204900159,3.853124166405792,3.510195852692939,0.0
2023-04-10,159.43167114257812,159.43167114257812,157.51294452082058,158.8314525568901,47716900,156.7847923278809,151.2506594848633,60.14903719335268,3.5768173639536087,3.5235201549450728,0.0
2023-04-11,158.22142028808594,159.75640178486614,157.93606230921543,159.7465675495636,47644200,157.29301223754882,151.5476693725586,53.42972288877552,3.2230319962728515,3.4634225232106286,0.0
2023-04-12,157.5326385498047,159.46119953470492,157.21776287074414,158.6346733983191,50133100,157.6624900817871,151.8884756469727,55.30126782516992,2.8541744670159237,3.341572911971688,0.0
2023-04-13,162.90504455566406,163.14120127307194,158.83143501847854,159.03807402297244,68445600,158.28091125488282,152.31138275146483,62.86379490043255,2.961225321005486,3.265503393778448,0.0
2023-04-14,162.56065368652344,163.6528540223282,161.19294470872245,161.95058596716467,49386500,158.74140625,152.70500213623046,59.9999374701029,2.9838781393165448,3.209178342886068,0.0
2023-04-17,162.58035278320312,162.73779061232008,161.39959909302152,162.44259843625022,41516200,159.2447036743164,152.99310577392578,65.2078398903284,2.9691932025225185,3.1611813148133576,0.0
2023-04-18,163.80043029785156,164.72535853269454,162.99357289670127,163.4363685512365,49923000,159.6909294128418,153.23330169677735,68.79786994248501,3.0211790714162987,3.133180866133946,0.0
2023-04-19,164.94187927246094,165.4633789570219,162.885383237049,163.14122346923992,47720200,160.10173645019532,153.5507550048828,65.95349514871224,3.1185351083085777,3.130251714568873,0.0
2023-04-20,163.97755432128906,165.17799130758831,162.9050374280842,163.4265370188754,52456400,160.53566284179686,153.79154571533203,60.26799732462922,3.0823461370245866,3.120670599060016,0.0
2023-04-21,162.37371826171875,163.78077935638615,161.85221862385353,162.4032359760057,58337300,160.83528213500978,154.05390258789063,50.300406466519874,2.890925164605335,3.07472151216908,0.0
2023-04-24,162.67872619628906,162.94440060882783,161.26181601487568,162.3540163618739,41949600,161.0852081298828,154.34299102783203,47.79178679050837,2.732337569432275,3.006244723621719,0.0
2023-04-25,161.14373779296875,163.64299896057264,161.10437083745688,162.54096443175132,48714100,161.35530548095704,154.5940985107422,45.3592388074485,2.454501061616611,2.895895991220698,0.0
2023-04-26,161.13388061523438,162.6295095550799,160.18928392676938,160.4451090686258,45498800,161.6559051513672,154.7891195678711,50.0,2.2080650363393204,2.7583298002444225,0.0
2023-04-27,165.7093505859375,165.85693915334917,162.5409858833323,162.5409858833323,64902300,162.03178024291992,155.08844177246092,58.549839799004495,2.3548199995389325,2.677627840103325,0.0
2023-04-28,166.95896911621094,167.12625617335198,165.1878463008649,165.78806481489534,55275900,162.39191131591798,155.37083892822267,68.59495845706502,2.54264807284207,2.650631886651074,0.0
2023-05-01,166.87042236328125,167.71663185783257,165.9356597273935,166.56539597816914,52472900,162.62265243530274,155.68334533691407,72.61951223794782,2.653767214679561,2.651258952256772,0.0
2023-05-02,165.8372802734375,167.6182676642773,164.85331630714083,167.36242742401706,48425700,162.73925323486327,155.99801727294923,71.33463738176344,2.628168116762083,2.646640785157834,0.0
2023-05-03,164.7647247314453,168.17908009941613,164.47938185396285,166.7818533947913,65136000,162.82879257202148,156.37133239746095,56.13231091253069,2.4926012233999018,2.6158328728062474,0.0
2023-05-04,163.13134765625,164.36130237503923,161.67508547315035,162.24578626436005,81235400,162.92866592407228,156.70351837158202,51.73442651839416,2.2276842471216582,2.5382031476693294,0.0
2023-05-05,170.78660583496094,171.504895212846,168.02165491497223,168.23812815446027,113453200,163.36702041625978,157.17916717529295,67.0342499900228,2.605417362617061,2.551645990658876,0.0
2023-05-08,170.7176971435547,171.06209043449635,169.34998823962542,169.71404999386525,55962800,163.9313217163086,157.70637451171876,65.07927320916792,2.8661737556410003,2.614551543655301,0.0
2023-05-09,169.01547241210938,170.7570775926942,168.84820036158354,170.27494492179522,45326900,164.47102432250978,158.1757257080078,58.66828321450582,2.9020171191126565,2.672044658746772,0.0
2023-05-10,170.77674865722656,171.23921282792068,169.14336520388548,170.24541483030967,53724500,165.13322982788085,158.6903384399414,63.99352819105905,3.03752877535635,2.745141482068688,0.0
2023-05-11,170.9637451171875,171.79027127437027,169.40908019442995,171.0621475228946,49514700,165.53616485595705,159.25001739501954,68.77418657730834,3.124000260383383,2.8209132377316277,0.0
2023-05-12,170.0375213623047,171.50564580777203,168.49055408757272,171.07210045600348,45533100,165.9100082397461,159.77936431884766,65.6580480183689,3.082260637033471,2.8731827175919964,0.0
2023-05-15,169.54486083984375,170.66813061172948,168.95365989259247,170.61886136031444,37266700,166.25823364257812,160.1981005859375,68.70564604901597,2.9751326210840148,2.8935726982904004,0.0
2023-05-16,169.54486083984375,170.5991506527755,169.2788189100942,169.4660330445526,42110300,166.54545516967772,160.56173461914062,68.7358178374726,2.8572957696012797,2.8863173125525763,0.0
2023-05-17,170.15574645996094,170.39221479568312,167.91905489711874,169.19013234108013,57951600,166.8061485290527,160.98147094726562,62.02920208220672,2.7811432913310057,2.8652825083082623,0.0
2023-05-18,172.48110961914062,172.6683237371227,170.04735615510018,170.46119076780954,65496700,167.2313262939453,161.42272216796874,64.11776408952068,2.8752847835457374,2.8672829633557573,0.0
2023-05-19,172.58949279785156,173.80143807257875,172.3727201425523,173.80143807257875,55809500,167.74211502075195,161.91101013183595,64.60641535757571,2.9249215363342955,2.878810677951465,0.0
2023-05-22,171.64356994628906,172.1460951955022,170.9045763773169,171.4267972966015,43570900,168.19035720825195,162.42150817871095,64.89553346553939,2.855020057780905,2.874052553917353,0.0
2023-05-23,169.04232788085938,170.83562631420236,168.7664381272472,170.5892951031298,50747300,168.58528671264648,162.8412142944336,60.17569726813325,2.560211611440934,2.8112843654220696,0.0
2023-05-24,169.31822204589844,169.8897122746601,168.0176010356781,168.57922839342694,45143500,168.9945037841797,163.2247171020508,65.73368339931348,2.322068783611428,2.7134412490599416,0.0
2023-05-25,170.4513397216797,171.3479738482291,169.17041449607095,169.8798495430277,56058300,169.2316032409668,163.62301147460937,48.7241662834288,2.1994184763017586,2.610636694508305,0.0
2023-05-26,172.85552978515625,173.19055165787438,170.56958397024448,170.77650880236848,54835000,169.52643127441405,164.0131069946289,56.90765178788892,2.2700475741991117,2.5425188704464667,0.0
2023-05-30,174.6981201171875,176.36332172139132,173.9788370991414,174.36311323589106,55964400,169.91781616210938,164.45678131103514,68.19641405297227,2.4465015369394507,2.523315403745064,0.0
2023-05-31,174.64886474609375,176.7180533606995,174.16605006005452,174.72769255411242,99625300,170.3583953857422,164.85224029541016,63.925744872570185,2.552939380857424,2.529240199167536,0.0
2023-06-01,177.44712829589844,177.47668683522244,174.33349851829678,175.0922027756249,68901800,170.99251556396484,165.2666680908203,69.62996911096306,2.8304608308532693,2.589484325504683,0.0
2023-06-02,178.2945098876953,179.11233123154489,176.62930866038764,178.37333767160567,61996900,171.75067367553712,165.72657775878906,75.11990596920974,3.083233594373951,2.6882341792785365,0.0
2023-06-05,176.94464111328125,182.2358308287415,175.4272324012079,179.949884959394,121946500,172.05857543945314,166.13784393310547,71.3960990830092,3.1384565285821964,2.7782786491392684,0.0
2023-06-06,176.58006286621094,177.4766970018392,174.82617090162998,177.328904296753,64848400,172.35169372558593,166.51584106445313,69.921921247186,3.1168733088527745,2.8459975810819698,0.0
2023-06-07,175.21046447753906,178.5507149734009,174.71780207381394,175.82136104700194,61944600,172.66144332885742,166.90521453857423,63.72397438701852,2.955187743200895,2.867835613505755,0.0
2023-06-08,177.92010498046875,178.18613184931536,174.85574427470908,175.28927455408018,50214900,173.01861114501952,167.36117889404298,64.46546955048082,3.0109873231295694,2.8964659554305183,0.0
2023-06-09,178.30438232421875,179.55573399442156,177.9792233362159,178.83645110058313,48900000,173.3856430053711,167.76342956542967,64.97940652064187,3.0510462998043977,2.9273820243052944,0.0
2023-06-12,181.0928497314453,181.19138823156916,178.31424143935143,178.60984190485868,54274900,173.93840942382812,168.1901596069336,72.58608540629336,3.270103623988689,2.995926344241973,0.0
2023-06-13,180.6198883056641,181.4475575367352,179.76266053311636,180.11737806569877,54929100,174.49216079711914,168.55744537353516,80.80763212110827,3.3667344779284747,3.070087970979274,0.0
2023-06-14,181.25050354003903,181.684048880549,179.3488337921871,180.6790133216272,57462900,175.07744293212892,168.9123501586914,81.16323443380512,3.454380556231115,3.1469464880296423,0.0
2023-06-15,183.2802734375,183.78279874291368,181.08300318978328,181.26036948430115,65433200,175.73366928100586,169.31847686767577,82.0059888673762,3.645601942092128,3.24667757884214,0.0
2023-06-16,182.20626831054688,184.245897953939,181.56581317602516,183.98970387223915,101256200,176.21992721557618,169.73992462158202,74.98691144306845,3.668198323256547,3.330981727725021,0.0
2023-06-20,182.29495239257807,183.3689679486228,181.70376647980103,181.70376647980103,49799100,176.7052001953125,170.14543334960936,72.3997991573969,3.651173724464712,3.39502012707296,0.0
2023-06-21,181.26040649414065,182.68912483867976,179.91050092451889,182.18659943066015,49515700,177.18604202270507,170.58200805664063,68.42408728707618,3.513698668277073,3.4187558353137826,0.0
2023-06-22,184.2557373046875,184.3050065515812,180.97460392176268,181.0435838743865,51245300,177.94671249389648,171.10269439697265,68.76712328767124,3.604891909218964,3.4559830500948188,0.0
2023-06-23,183.94044494628903,184.80753566864925,182.29495416898448,182.82703803402,53117000,178.677823638916,171.63085052490234,66.03263271556258,3.610106688669077,3.4868077778096707,0.0
2023-06-26,182.5511474609375,185.29034946556595,182.51172604562308,184.08825189117624,48088700,179.2828140258789,172.02377258300783,65.88509647061265,3.46222437529093,3.4818910973059225,0.0
2023-06-27,185.3001708984375,185.6253298715582,182.94524533692336,183.1620179856705,50730800,179.90504608154296,172.4785629272461,71.76597843515884,3.5262019324699736,3.490753264338733,0.0
2023-06-28,186.47271728515625,187.11317238738192,184.84693738882143,185.17208134019785,51216800,180.4937759399414,172.95641021728517,78.39062491585705,3.629678625696414,3.518538336610269,0.0
2023-06-29,186.8077087402344,187.28067542760263,186.16725369069167,186.3051985491253,46347300,181.10171813964843,173.41655578613282,75.45160743406575,3.6961092150885975,3.554052512305935,0.0
2023-06-30,191.1234588623047,191.62596911406445,188.45322195229383,188.8178023638345,85213200,181.7855346679688,173.94018737792967,79.9633211807698,4.050311433437543,3.653304296532257,0.0
2023-07-03,189.63563537597656,191.0347949187745,188.9458959235164,190.9362564156046,31458200,182.3525909423828,174.45334899902343,71.2606139777923,4.162976124876366,3.755238662201079,0.0
2023-07-05,188.522216796875,190.14799688410469,187.822629495574,188.7587001877792,46920300,182.9314697265625,174.97631896972655,69.05912045416238,4.114985143199192,3.827187958400702,0.0
2023-07-06,188.99514770507807,189.20207252866172,186.42344937265383,187.05405664400223,45094300,183.55222396850587,175.50264739990234,68.82197494769335,4.06821763577949,3.8753938938764594,0.0
2023-07-07,187.8817443847656,189.8425463448677,187.4482140588147,188.601042385603,46815000,184.1857879638672,176.03740753173827,61.70438208910735,3.89639647323736,3.87959440974864,0.0
2023-07-10,185.8420867919922,187.2018396490787,184.2951198418446,186.4825418141745,59922200,184.58188705444337,176.53157165527344,58.81509016824648,3.554667646486081,3.814609057096128,0.0
2023-07-11,185.3199157714844,186.52201339622223,183.8616390759319,186.3840685065736,46638100,184.93266372680665,176.92378295898436,57.183076341110976,3.2047676848998776,3.6926407826568783,0.0
2023-07-12,186.98507690429688,188.8867464030632,185.7041517573503,186.89638625272656,60750200,185.2272750854492,177.3243051147461,63.19851456377624,3.0269413360193766,3.5595008933293784,0.0
2023-07-13,187.7437744140625,188.38424453327508,186.99493300399135,187.7043680387378,41342300,185.58346939086917,177.7417721557617,58.96660040198135,2.9136465183191262,3.430330018327328,0.0
2023-07-14,187.89157104492188,188.37437052971225,186.8471292596261,187.4383150637318,41616200,185.91552276611327,178.1828579711914,60.24527798725814,2.8034688679579176,3.3049577882534464,0.0
2023-07-17,191.1431427001953,191.4683016532262,188.99512705028687,189.0838026643331,50520200,186.30866622924805,178.7104263305664,70.31690306006473,2.9445836173211437,3.232882954066986,0.0
2023-07-18,190.88699340820312,191.4781943768324,189.5962201627232,190.5125801606121,48288200,186.7427024841309,179.26553924560548,64.97641490139745,3.001153535924658,3.1865370704385207,0.0
2023-07-19,192.2368621826172,195.3209183853995,189.8228045493288,190.26621270882248,80507300,187.2397979736328,179.6945443725586,65.30624317769082,3.1189553568815143,3.17302072772712,0.0
2023-07-20,190.29579162597656,193.58677299126168,189.6750321641012,192.22701989757812,59581200,187.69156723022465,180.08610626220704,58.53438356583752,3.0208633447722946,3.142589251136155,0.0
2023-07-21,189.1232452392578,192.1087781918613,188.4236580132484,191.25155042374644,71951700,187.93494262695316,180.48826171875,44.216450506765405,2.81604837173171,3.077281075255266,0.0
2023-07-24,189.92135620117188,192.04966138875844,189.4286937985748,190.5716741809672,45377800,188.23398818969727,180.8711538696289,50.86047249015454,2.687156052245996,2.9992560706534124,0.0
2023-07-25,190.7785797119141,191.58655325087184,190.08885537064708,190.492842140126,37283200,188.6453598022461,181.26745056152345,56.90172924785887,2.623931682540075,2.924191193030745,0.0
2023-07-26,191.64569091796875,192.76896069007796,190.48301476563847,190.82786945588316,47471900,188.96263580322267,181.69961395263672,57.91654057759126,2.613665828894028,2.8620861202034016,0.0
2023-07-27,190.38446044921875,194.30604897209747,189.72429463258095,193.1433729163405,47460200,189.1582229614258,182.1164059448242,57.40958586767571,2.4752264380300915,2.7847141837687395,0.0
2023-07-28,192.9561920166016,193.74445500503796,191.29099040018204,191.81321143511207,48291400,189.46564712524412,182.58463256835935,70.4188440402009,2.543707194859195,2.7365127859868306,0.0
2023-07-31,193.5670623779297,193.60648379116893,192.39452340931743,193.1827862905988,38824100,189.58782730102536,183.05285888671875,73.55097566055676,2.617102492482473,2.7126307272859598,0.0
2023-08-01,192.7393798828125,193.8429388199064,192.41422090280528,193.36013930235927,35175100,189.7430145263672,183.4580242919922,67.2577370917285,2.578755446935986,2.6858556712159647,0.0
2023-08-02,189.75384521484372,192.3156805851802,189.03456234552243,192.1777357193533,50389300,189.8045959472656,183.80131134033203,55.318070102346965,2.281161629226119,2.604916862817996,0.0
2023-08-03,188.36459350585935,189.5469805934198,187.8916416778087,188.7587325582912,61235200,189.7730682373047,184.13573181152344,51.174338506483856,1.911184437662968,2.46617037778699,0.0
2023-08-04,179.3192901611328,184.63019095429203,179.25031019901363,182.797485975556,115956800,189.34494552612304,184.3412710571289,27.20367853423473,0.8779737280251538,2.148531047834623,0.0
2023-08-07,176.225341796875,180.44253062568197,174.74735463626894,179.45720585194456,97576100,188.8641082763672,184.47941345214844,24.5205158339556,-0.1883379365381472,1.681157250960069,0.0
2023-08-08,177.16139221191406,177.62449604499406,174.97397007455905,177.05300588853655,67823000,188.45618209838867,184.61361450195312,23.419057191807354,-0.9469503137109712,1.155535738025861,0.0
2023-08-09,175.57504272460938,178.2748232727554,174.41235154839882,178.21570618554995,60378500,187.88568038940429,184.66800476074215,23.71571288376586,-1.6570596815520275,0.5930166541102834,0.0
2023-08-10,175.35826110839844,178.09746293161143,174.99369573264087,176.8460961883882,54686900,187.2664047241211,184.6812075805664,24.553753771373,-2.211822424241433,0.0320488384399401,0.0
2023-08-11,175.41744995117188,176.2363757071569,174.1940069392339,174.95373578240464,52036700,186.6426986694336,184.696579284668,22.43468910261244,-2.61653802807325,-0.4976685348626981,0.0
2023-08-14,177.065185546875,177.29211207450308,174.9438673937282,175.59506357405235,43675600,185.9388008117676,184.6889404296875,24.69738646185553,-2.772361510300499,-0.9526071299502584,0.0
2023-08-15,175.0819854736328,177.08489459113486,174.68732936330193,176.49291042563854,43622600,185.14855041503907,184.62468994140625,20.6471943751761,-3.02105556620387,-1.3662968172009808,0.0
2023-08-16,174.21376037597656,176.15745776554937,174.14468726786023,174.7662850202376,46964900,184.24739532470704,184.57007232666012,20.93885209119783,-3.2507334745884293,-1.7431841486784707,0.0
2023-08-17,171.6780242919922,175.14117901733323,171.16495931429398,174.77612136953763,66062900,183.3165069580078,184.4720315551758,11.710436283000192,-3.5959160992578347,-2.113730538794344,0.0
2023-08-18,172.16151428222656,172.76337470680727,169.6652772069575,170.0007364455324,61172200,182.46842041015623,184.41105255126956,11.303821086092768,-3.786810223646711,-2.448346475764817,0.0
2023-08-21,173.4934844970703,173.77962299820936,171.42151715942626,172.7337706675176,46311900,181.6470268249512,184.3225201416016,15.830956154252505,-3.786962580617484,-2.716069696735351,0.0
2023-08-22,174.86492919921875,175.30892111024494,173.89801113995804,174.6971995908385,42038900,180.8513442993164,184.2537310791016,21.9592113082751,-3.6345226837067344,-2.899760294129628,0.0
2023-08-23,178.70301818847656,179.12728783194132,175.9502562936072,176.1377232252428,52722800,180.2042106628418,184.20593444824215,33.340682736777524,-3.1674983130955923,-2.953307897922821,0.0
2023-08-24,174.0262908935547,178.68330576322634,173.66121814414575,178.25903609639087,54945800,179.38630218505858,184.0740625,39.25451123301047,-3.1385714443986785,-2.9903606072179927,0.0
2023-08-25,176.22650146484375,176.75928869570708,173.47373983758078,175.0129196769248,51449600,178.5498176574707,183.97358245849608,50.002442928685774,-2.904625374127022,-2.973213560599799,0.0
2023-08-28,177.7854461669922,178.1801023209798,176.1673318473753,177.68677460091166,43820700,177.76073684692383,183.86368591308596,51.28099919064455,-2.563872888425095,-2.8913454261648583,0.0
2023-08-29,181.6629943847656,182.4325844218137,177.10465107991652,177.3019791564373,53003900,177.2069175720215,183.8528204345703,61.4223515993239,-1.9583635573157492,-2.704749052395037,0.0
2023-08-30,185.1458740234375,185.3432171414265,182.27471834075723,182.47204640358007,60813900,176.97651901245118,183.9098388671875,66.35882552466546,-1.1838075739335636,-2.4005607567027423,0.0
2023-08-31,185.36294555664065,186.59626480914432,184.97815055206613,185.33334709899387,60794500,176.82643661499023,183.9918896484375,66.53543946314392,-0.5461547857411801,-2.02967956251043,0.0
2023-09-01,186.9317169189453,187.3855699191495,185.76745585396847,186.96131537308187,45766500,177.20705795288086,184.04540924072265,66.44733930336515,0.0847988724935646,-1.6067838755096313,0.0
2023-09-05,187.1685333251953,187.44479564304945,185.1064270757959,185.7674844117445,45280000,177.75421752929688,184.1099710083008,71.39369163422023,0.5970607525493392,-1.1660149498978374,0.0
2023-09-06,180.46913146972656,186.329866585718,179.04834537431464,185.88585963952747,81755800,177.9196044921875,184.06833068847652,59.17772301343955,0.4571761999910109,-0.8413767199200677,0.0
2023-09-07,175.1905517578125,175.8318868790433,171.22419235116297,172.84230680208358,112488800,177.90037994384767,183.86613830566407,54.76961150158526,-0.0787132264679826,-0.6888440212296507,0.0
2023-09-08,175.80226135253906,177.83478423163749,175.41746632815568,175.97000602806156,65551300,177.92257995605468,183.6527291870117,54.92656404987516,-0.4488752513056226,-0.6408502672448452,0.0
2023-09-11,176.9665069580078,177.89396541040293,174.97345890425444,177.6670388917848,58953100,178.0000328063965,183.4559051513672,54.72103324768291,-0.6408985529352549,-0.6408599243829272,0.0
2023-09-12,173.94735717773438,177.72624932161176,172.4871113411862,177.09479044187466,90370200,177.84414138793946,183.1123831176758,48.80618195014766,-1.024884329528021,-0.7176648054119459,0.0
2023-09-13,171.88525390625,174.93401565723292,171.6583123112636,174.15454941477398,84267900,177.6843048095703,182.75737548828124,40.69987640326422,-1.478546559859808,-0.8698411563015184,0.0
2023-09-14,173.39480590820312,173.75000241444866,171.2636268707299,171.67802028548886,60895800,177.64335708618165,182.45482727050785,49.057118759064856,-1.6967102950368087,-1.0352149840485765,0.0
2023-09-15,172.67454528808594,174.14466716160445,171.50043808217407,174.12492983939754,109259500,177.69318313598632,182.128415222168,44.45128820235191,-1.9057572561673053,-1.2093234384723224,0.0
2023-09-18,175.59506225585938,176.98624997924455,173.8190795297471,174.12494029407293,67257600,177.86486053466797,181.88268157958984,46.71789724466068,-1.8148467438840044,-1.330428099554659,0.0
2023-09-19,176.68038940429688,177.23291401853146,174.7662755227223,175.15107052586188,51826900,178.0242057800293,181.69944763183597,41.85220080904097,-1.6363597410073965,-1.3916144278452065,0.0
2023-09-20,173.14816284179688,177.3019736755132,173.0593524132158,176.8678428874874,58436200,177.9383674621582,181.4560125732422,30.412368565802797,-1.759644581448697,-1.4652204585659048,0.0
2023-09-21,171.60894775390625,173.94733103404198,171.5398897121348,172.2206842726111,63149100,177.5836639404297,181.1484899902344,28.474315768559165,-1.9589687274786056,-1.563970112348445,0.0
2023-09-22,172.45748901367188,174.7169382879251,171.7273736602944,172.33909518451154,56725400,177.50522384643554,180.84276428222657,26.8246572865844,-2.0251200379483407,-1.656200097468424,0.0
2023-09-25,173.7303009033203,174.60842368932387,171.82604797435675,171.8753837600089,46172700,177.3804138183594,180.55953887939447,29.17434012949116,-1.952334845119907,-1.715427046998721,0.0
2023-09-26,169.6652374267578,172.86199068863868,169.36923785117082,172.48707194438137,64588900,176.97440338134766,180.12998077392578,31.768227806771705,-2.1973391469303465,-1.811809466985046,0.0
2023-09-27,168.15570068359375,170.73087230994705,166.79412624167497,170.31647877934836,66921800,176.29903869628907,179.6753549194336,36.39833653729279,-2.484672067781446,-1.946381987144326,0.0
2023-09-28,168.41220092773438,169.73431545858824,165.38316183381656,167.0802102082604,56294400,175.4623550415039,179.19886169433593,35.51255489832779,-2.661013543926714,-2.089308298500804,0.0
2023-09-29,168.92527770996094,170.76045735672912,168.06687727418498,169.7244661753788,51861100,174.6404716491699,178.77145141601562,33.82299131152291,-2.727918677436378,-2.2170303742879187,0.0
2023-10-02,171.431396484375,171.97406003104268,168.64902069337074,168.9351592248721,52164500,173.8654556274414,178.41761444091796,44.83181440344232,-2.5493315302050803,-2.2834906054713517,0.0
2023-10-03,170.09938049316406,171.31297744317223,168.54047825044546,169.96124934298015,49594600,173.01199798583986,178.02117492675782,46.21809474878098,-2.4866182998474926,-2.32411614434658,0.0
2023-10-04,171.34254455566406,171.88520792324596,168.68843967571547,168.80683348131024,53020300,172.55566864013673,177.6324542236328,45.60437728814424,-2.3099766893126628,-2.3212882533397963,0.0
2023-10-05,172.57589721679688,173.10868450108188,170.3756448658088,171.47083294671847,48527900,172.42493591308593,177.25105834960937,49.7932553598508,-2.0468706375575323,-2.266404730183344,0.0
2023-10-06,175.12147521972656,175.61480292776608,170.8689777300858,171.48071432556827,57266700,172.39089660644532,176.94579864501952,48.99161831663257,-1.6143412048939467,-2.1359920251254643,0.0
2023-10-09,176.60147094726562,176.66066786762835,173.45403753652568,174.45055415802327,42390800,172.3726448059082,176.61870422363282,49.83474095356898,-1.139005480753923,-1.936594716251156,0.0
2023-10-10,176.00946044921875,177.32171396949087,175.57532965392068,175.72333700059065,43698000,172.47574996948242,176.2675521850586,56.833118824364526,-0.800837241106592,-1.7094432212222437,0.0
2023-10-11,177.40061950683594,177.4499552810768,175.22998093671887,175.8219650621156,47551100,172.75151824951172,175.96077697753907,63.92970465119864,-0.4157886129563621,-1.450712299569067,0.0
2023-10-12,178.2985076904297,179.90674578858014,176.6507798893927,177.6670488234186,56743100,172.99670333862304,175.73167022705078,64.01512239164006,-0.0377475977604433,-1.1681193592073429,0.0
2023-10-13,176.46331787109375,179.50220314362676,175.7627859383901,178.9990143278533,51427100,173.18614196777344,175.49364471435547,56.38535970789575,0.1124716461954165,-0.9120011581267908,0.0
2023-10-16,176.33506774902344,176.6902643223361,174.15455252434904,174.3913552582801,52517000,173.22314224243163,175.43396026611327,69.09611973683062,0.2186522789165224,-0.6858704707181282,0.0
2023-10-17,174.78599548339844,176.03905203817294,172.467364361049,174.29266779074965,57549400,173.12842254638673,175.40517333984374,68.94004974278639,0.1757777531191777,-0.5135408259506671,0.0
2023-10-18,173.4934844970703,175.21027033840411,172.77323025982977,173.23695950912395,54764400,173.14568862915038,175.33181518554687,63.70402560664759,0.0370771456435647,-0.4034172316318207,0.0
2023-10-19,173.1185760498047,175.466805839834,172.85217485644313,173.69082297603654,59302900,173.2211700439453,175.28268585205078,61.39408031232016,-0.1019211796037495,-0.3431180212262065,0.0
2023-10-20,170.572998046875,173.0790962513972,170.3361953203569,172.97056355030566,64244000,173.12694549560547,175.18698059082033,47.672540478995934,-0.4127275579701859,-0.3570399285750024,0.0
2023-10-23,170.69137573242188,171.68789221712717,167.66233657820504,168.62926966195786,55980100,172.97499923706056,175.09245910644532,51.71821564565173,-0.6420901466413227,-0.4140499721882664,0.0
2023-10-24,171.12551879882812,171.35244533043914,169.16206908920728,170.74072378645857,43816600,173.04801330566406,174.97366577148438,49.33906211226882,-0.7798404185462289,-0.4872080614598589,0.0
2023-10-25,168.81674194335938,170.75057806188605,168.3727349771656,169.58633193718455,57157000,173.08106536865233,174.8483609008789,39.255527934057305,-1.063053281944519,-0.602377105556791,0.0
2023-10-26,164.66294860839844,169.09303756804977,163.4592276003002,168.09650580018277,70625300,172.89360275268555,174.65734466552735,22.624028834217626,-1.604185867943528,-0.8027388580341385,0.0
2023-10-27,165.97515869140625,166.70528904611524,164.60370840247674,164.68264263448572,58499100,172.7460968017578,174.54328735351564,21.938348712576055,-1.905191096871533,-1.0232293058016175,0.0
2023-10-30,168.01756286621094,168.88582454657922,166.61651382617845,166.76452118815135,51131000,172.5754051208496,174.46040832519532,30.39689258875832,-1.9563829962253292,-1.20986004388636,0.0
2023-10-31,168.49114990234375,168.61940486913602,165.65943861592592,167.09010101577766,44846000,172.4949935913086,174.36036163330078,27.116115848558792,-1.936416623933809,-1.35517135989585,0.0
2023-11-01,171.64842224121094,171.9049471971035,167.84979334743332,168.71805482147735,56934900,172.51028747558593,174.29603149414064,34.695611866501864,-1.6468438479674603,-1.4135058575101722,0.0
2023-11-02,175.20040893554688,175.40759814141026,173.118565411641,173.17776232760195,77334800,172.64151306152343,174.22597930908202,47.306411551519446,-1.1178537732551774,-1.3543754406591733,0.0
2023-11-03,174.29266357421875,174.46040823420765,171.03671292563865,171.91483559510309,79829200,172.60007247924804,174.2313067626953,45.78405316242471,-0.7630765210565471,-1.236115656738648,0.0
2023-11-06,176.83822631835938,177.03555436857033,173.858538133294,174.02626772873157,63841300,172.61191024780274,174.24354125976564,54.06884191916105,-0.2733562724104104,-1.0435637798730004,0.0
2023-11-07,179.39370727539062,180.00542885763969,176.5817331247381,176.78892234542403,70530000,172.78112258911133,174.27570648193358,61.14013551036495,0.3172988850374452,-0.7713912468909113,0.0
2023-11-08,180.44943237304688,181.00195707049213,179.1667771510238,179.91664500198718,49340300,172.93356323242188,174.25143524169923,63.4943720434058,0.8606643422807281,-0.4449801290565834,0.0
2023-11-09,179.97581481933594,181.6629871195562,179.3838155582821,180.5184782994409,53763500,173.01742858886718,174.1480340576172,68.73766604656085,1.2387884216792031,-0.1082264189094261,0.0
2023-11-10,184.15484619140625,184.32281184408907,181.3194195461175,181.7541222530608,66133400,173.40200500488282,174.1238720703125,73.0923724209118,1.854292258049128,0.2842773164822846,0.0
2023-11-13,182.57411193847656,183.7892925333636,181.9912220269046,183.58183039704093,43627500,173.71395721435547,174.03671997070313,68.89335995829987,2.189294613853974,0.6652807759566226,0.0
2023-11-14,185.18235778808597,185.8442860799284,184.05608926427885,185.43922075842696,60108400,174.23377532958983,173.99699645996094,76.74347743476936,2.6348768166459138,1.059199984094481,0.0
2023-11-15,185.74545288085935,187.2175115650197,185.5182274044454,185.5873915048758,53790500,174.84637374877929,174.1025228881836,89.0319908741174,2.998871862511578,1.4471343597779005,0.0
2023-11-16,187.4250030517578,188.6599471534048,186.3777577905601,187.28668991537344,54412900,175.56169509887695,174.3472119140625,89.17917373891086,3.383859198546276,1.834479327531576,0.0
2023-11-17,187.40521240234372,188.08690385906573,186.2987074725916,187.95846486721985,50922700,176.4033058166504,174.5792709350586,88.2377901941158,3.645346214021373,2.1966527048295355,0.0
2023-11-20,189.1440277099609,189.598493753426,187.59294582194016,187.60281994734132,46505100,177.32593841552733,174.82282135009766,88.79690933408395,3.947381464770217,2.546798456817672,0.0
2023-11-21,188.34376525878903,189.21317059662823,187.4546116723618,189.1044949293984,38134500,178.18685073852538,175.11074951171875,84.40970387702217,4.075195765237595,2.852477918501657,0.0
2023-11-22,189.00570678710935,190.60618938615343,188.53149251239265,189.1835465620032,39617700,179.1962989807129,175.45315856933593,82.3012571422043,4.181698649455683,3.118322064692462,0.0
2023-11-24,187.68186950683597,188.60066069963855,186.97054048498805,188.57102324664504,24048300,180.3472450256348,175.73889984130858,80.7293589130287,4.111881141519746,3.3170338800579198,0.0
2023-11-27,187.5040283203125,188.37343380166536,186.6247487130357,187.6324673323309,40552600,181.42368850708007,176.03548950195312,77.46374283343391,3.996135009123407,3.452854105871017,0.0
2023-11-28,188.10667419433597,188.77849160556613,187.11871894105684,187.4941467613032,38415400,182.42814407348632,176.28572174072266,74.94388844962629,3.907985031992837,3.5438802910953813,0.0
2023-11-29,187.089111328125,189.77635125162956,186.69393519378744,188.6006819007209,43014200,183.3580421447754,176.49389617919925,69.05000814293744,3.713213111500579,3.577746855176421,0.0
2023-11-30,187.6620941162109,188.02764780463457,185.92329832736,187.55341843722024,48794400,184.1587257385254,176.7841748046875,71.9277976956415,3.564006238238534,3.574998731788844,0.0
2023-12-01,188.93653869628903,189.2526764891983,186.95073929786508,188.03749593754975,45704800,184.8455322265625,177.13072662353517,66.35130044215973,3.5081559053102467,3.561630166493124,0.0
2023-12-04,187.1483612060547,187.76090372984268,185.1922139752508,187.69173962433385,43389500,185.4883171081543,177.4245440673828,65.42312259349733,3.281772899888381,3.505658713172176,0.0
2023-12-05,191.09027099609372,192.05846275973383,187.8892910892655,187.9189436108549,66628400,186.200919342041,177.7717434692383,68.27620323455581,3.3814625182089912,3.480819474179539,0.0
2023-12-06,190.00357055664065,192.41416882595195,189.79609331061303,192.1079050949125,41089700,186.7314125061035,178.17851013183594,62.759198364247545,3.334343380489969,3.451524255441625,0.0
2023-12-07,191.93003845214844,192.65124144270368,191.2582211558107,191.29774780118257,47477700,187.3054428100586,178.65399688720703,63.30223312361567,3.413106812625415,3.4438407668783837,0.0
2023-12-08,193.3527374267578,193.629363703371,191.33730018286,191.86091528323507,53406400,187.9742889404297,179.1528076171875,66.21790865674672,3.549411906288668,3.4649549947604403,0.0
2023-12-11,190.85321044921875,191.1594892758114,189.1144144313186,190.7840614125706,60943700,188.3092071533203,179.59136627197265,54.47500321603528,3.4163620423603334,3.455236404280419,0.0
2023-12-12,192.3647918701172,192.37466599656705,189.41079996137955,190.75441983366463,52696900,188.7987411499024,180.0100341796875,60.14984308535633,3.393769788899988,3.442943081204333,0.0
2023-12-13,195.5756072998047,195.6151188726379,192.50306619330016,192.7401657802978,70404200,189.3184036254883,180.51955871582032,64.6930352900387,3.59352729082039,3.4730599231275447,0.0
2023-12-14,195.72384643554688,197.21565367427257,193.7973364054036,195.63493406684867,66831600,189.81732330322265,181.007184753418,68.98340749641432,3.7209059223463328,3.5226291229713027,0.0
2023-12-15,195.19032287597656,196.01031245444227,194.62718115642724,195.1507962246044,128538400,190.2055892944336,181.45947326660155,67.84416497162172,3.73574022523033,3.565251343423109,0.0
2023-12-18,193.5305328369141,194.2616250715381,192.04860011875653,193.72812085100188,55751900,190.5118553161621,181.8276544189453,62.00265001202094,3.572385100724404,3.566678094883368,0.0
2023-12-19,194.56790161132807,194.57777573643529,193.5305456250714,193.797297752966,40714100,190.78304901123047,182.18698303222652,66.53558661472047,3.486442439874196,3.5506309638815337,0.0
2023-12-20,192.4833221435547,195.2989855460905,192.4833221435547,194.5283816611859,52242800,190.9900268554688,182.51646026611328,59.99184117487082,3.213085668959735,3.4831219048971738,0.0
2023-12-21,192.33511352539065,194.7062150802908,191.16933361068988,193.7380231930817,46482500,191.1564971923828,182.8151501464844,57.38833849377132,2.9504779880882097,3.376593121535381,0.0
2023-12-22,191.2681427001953,193.0563392932213,190.6457260678158,192.8290987313997,37149600,191.3358108520508,183.0745428466797,59.24614187595374,2.625993067012729,3.22647311063085,0.0
2023-12-26,190.72476196289065,191.5546407459069,190.5074106042434,191.27801448490152,28919300,191.4968475341797,183.3597717285156,49.032012995934735,2.298494530806636,3.040877394666008,0.0
2023-12-27,190.8235626220703,191.16935301152336,188.7883770898652,190.1715235726757,48087700,191.6326919555664,183.64954162597652,52.29151084756777,2.0235952227643,2.837420960285667,0.0
2023-12-28,191.24838256835935,192.31537606668743,190.84331729052167,191.80163510638116,34049900,191.8406555175781,183.97878936767577,47.920551503274666,1.8190461284434605,2.6337459939172256,0.0
2023-12-29,190.2110137939453,192.058485197286,189.42064661751613,191.56450759639276,42672100,191.96810150146484,184.31313995361327,40.18516505831813,1.5553039314759474,2.41805758142897,0.0
2024-01-02,183.40402221679688,186.17030008579115,181.6751004330507,184.89582930034305,82488700,191.69147567749025,184.51884887695311,31.663481560942188,0.7879361706436612,2.0920332992719084,0.0
2024-01-03,182.0307464599609,183.64111826756877,181.22061595613368,182.0011090098209,58414500,191.43559494018555,184.74800384521484,24.38788260173719,0.0681937202081996,1.6872653834591669,0.0
2024-01-04,179.71893310546875,180.88471299934187,178.70134046081682,179.95603270422265,71983600,190.8670280456543,184.92855499267577,8.867532446970628,-0.6809023557928526,1.2136318356087628,0.0
2024-01-05,178.9977264404297,180.5586975573488,177.99989705667167,179.79798286255345,62379700,190.31673583984372,185.0859991455078,7.864679630832626,-1.3175735754458913,0.7073907533978319,0.0
2024-01-08,183.3249664306641,183.36449308108035,179.3138706884217,179.89676064456037,59144500,189.88648223876956,185.3761636352539,24.905995262651743,-1.4561820409052189,0.2746761945372217,0.0
2024-01-09,182.9100341796875,182.9199083051763,180.52905841182087,181.7047275700206,42841800,189.364347076416,185.7411053466797,26.29030928453128,-1.581283758469482,-0.096515796064119,0.0
2024-01-10,183.94737243652344,184.15483457675245,181.70471001714745,182.129538572139,46792900,189.0190551757813,186.100549621582,26.29020884926813,-1.5785269667454995,-0.3929180302003952,0.0
2024-01-11,183.3546142578125,184.7970355796361,181.4083411771675,184.2931687458137,49128400,188.568546295166,186.40729064941405,28.16631959574815,-1.605663728605407,-0.6354671698813976,0.0
2024-01-12,183.6806488037109,184.49077939116623,182.95944565085557,183.8189619436421,40477800,187.9737983703613,186.71108062744145,29.475186564868693,-1.5826181084113955,-0.8248973575873972,0.0
2024-01-16,181.418212890625,182.04061439740985,178.75072186869164,179.9659175831278,65603000,187.25851669311524,186.90647644042969,27.89353968426828,-1.7270061072131284,-1.0053191075125436,0.0
2024-01-17,180.4796600341797,180.72664884969063,178.12833676151584,179.08665457169852,47317400,186.5229835510254,187.0120614624024,27.40738995985693,-1.8953199397546712,-1.1833192739609693,0.0
2024-01-18,186.35801696777344,186.86186875433012,183.59173905481111,183.84860201119264,78005800,186.16435775756835,187.25336853027343,42.15280280409116,-1.5366619057070636,-1.2539878003101883,0.0
2024-01-19,189.252685546875,189.6379874512041,186.54569809210085,187.04954979007,68903000,185.8985969543457,187.50165771484376,46.77311592801229,-1.0072364720866176,-1.2046375346654743,0.0
2024-01-22,191.5546112060547,192.9772689432648,189.9442395903241,189.9837662358012,60133900,185.8521614074707,187.74487579345703,52.087139632187096,-0.3973365900610019,-1.04317734574458,0.0
2024-01-23,192.82907104492188,193.39221269336167,191.4953406920358,192.67100968439368,42355600,185.8768592834473,187.99246856689453,67.67970223177332,0.1866995620916043,-0.797201964177343,0.0
2024-01-24,192.1573028564453,194.01466361551056,191.9992263929076,193.06621990928545,53631300,185.92131729125973,188.2360983276367,69.50904468724572,0.5885617681208544,-0.5200492177177036,0.0
2024-01-25,191.83126831054688,193.90598035718745,190.78403816176663,192.8686243338672,54822100,185.97664260864255,188.38962677001956,75.2680251701737,0.8706953644182818,-0.2419003012905065,0.0
2024-01-26,190.1023406982422,192.41415228379137,189.6281264159501,191.93006387634745,44594000,185.9405815124512,188.54019134521485,72.23107423676831,0.943897599117946,-0.004740721208816,0.0
2024-01-29,189.42063903808597,189.8849791703456,187.2965414692382,189.6972652775173,47145600,185.8491943359375,188.62495697021484,64.28903565123088,0.9361123502905002,0.1834298930910472,0.0
2024-01-30,185.77508544921875,189.4898065747188,185.21195883551243,188.64016451675863,55859400,185.6273979187012,188.625549621582,55.8326364719638,0.6285314576495011,0.272450206002738,0.0
2024-01-31,182.17892456054688,184.84641553917143,182.129538862794,184.7871255668693,55467800,185.56614303588867,188.52062805175785,46.73950777952763,0.0935132918669126,0.236662823175573,0.0
2024-02-01,184.6092987060547,184.69821105096443,181.60592170299904,181.77387226838383,64885400,185.69507064819337,188.46470977783204,52.16646475802843,-0.1328501630717369,0.162760225926111,0.0
2024-02-02,183.61148071289065,185.07365019396585,177.09097033579843,177.6936236133024,102551700,185.88969802856445,188.35405883789065,49.88327533579263,-0.3882845028564361,0.0525512801696015,0.0
2024-02-05,185.41943359375,186.9705305681493,183.60159955655652,185.8837737660224,69668800,186.21078338623047,188.29557220458983,56.85745129092388,-0.4397620662903421,-0.0459113891223871,0.0
2024-02-06,187.01995849609372,187.02983262300089,184.5204325633345,184.6093449305071,43490800,186.395532989502,188.25585723876952,60.96033082619096,-0.3474047569272329,-0.1062100626833563,0.0
2024-02-07,187.1285858154297,188.74883163449712,186.33821869210436,188.3437664109805,53439000,186.60646057128903,188.2447915649414,51.60091604098852,-0.2624205858617472,-0.1374521673190345,0.0
2024-02-08,186.0517578125,187.25704946443747,185.0934399218184,187.1088621926835,40962000,186.7116798400879,188.2157461547852,42.806469842698114,-0.2787478072166891,-0.1657112952985654,0.0
2024-02-09,186.81341552734372,187.941120969739,185.9725760341758,186.6155602859614,45155200,186.88461990356444,188.1898809814453,38.55247596977479,-0.2276041565845332,-0.178089867555759,0.0
2024-02-12,185.1317596435547,186.63537211912904,184.7756412965565,186.38806813077576,41781900,186.95717544555663,188.1507339477539,31.773388513481777,-0.3190897525843184,-0.2062898445614709,0.0
2024-02-13,183.0445251464844,184.20192116931864,181.5310258479947,183.76666370675508,56529500,187.0384910583496,188.05838256835935,29.777291674426635,-0.5536331879335137,-0.2757585132358794,0.0
2024-02-14,182.16407775878903,183.5292003496781,180.47252724717288,183.32147349103352,54630500,187.1227119445801,187.92293334960937,29.062170134884056,-0.8013181988302449,-0.3808704503547525,0.0
2024-02-15,181.87722778320312,182.5004386022798,179.3943014199978,181.57057328309747,65434500,186.8986724853516,187.8175106811524,30.99855402592037,-1.0091241946071818,-0.5065211992052384,0.0
2024-02-16,180.3439483642578,182.8565652037317,179.7108507918506,181.44197861733377,49752500,186.4532356262207,187.60258422851564,29.82506121839876,-1.2827480572587149,-0.6617665708159337,0.0
2024-02-20,179.60202026367188,180.4626331892475,178.05884601330092,179.82953567385852,53665600,185.8556060791016,187.39455322265624,34.24542306559974,-1.541692663573656,-0.8377517893674782,0.0
2024-02-21,180.3538360595703,180.91768122956836,178.71173417109264,179.97792921674792,41371400,185.231844329834,187.16302917480468,44.550996737222,-1.6670264350755133,-1.0036067185090851,0.0
2024-02-22,182.3817443847656,182.96539328132977,180.4923533451292,181.5013427712477,52292200,184.74306640625,186.94360931396488,43.18562673002506,-1.5844544929593951,-1.1197762733991472,0.0
2024-02-23,180.55169677734372,183.0445100670012,180.2648157032703,183.0148347964746,45119700,184.17908782958983,186.73757904052732,41.09324364659731,-1.6476916181846093,-1.2253593423562397,0.0
2024-02-26,179.2063446044922,180.7890808867176,178.70183486744935,180.2746995194681,40867400,183.63428802490236,186.47441009521484,31.41369334266953,-1.7857808028115016,-1.3374436344472922,0.0
2024-02-27,180.66049194335935,181.9365737231629,177.62359209867634,179.14699293032547,54318900,183.196280670166,186.17610778808597,30.807728226372404,-1.757619199030472,-1.4214787473639283,0.0
2024-02-28,179.4635467529297,181.14521076395337,178.1874648834917,180.54178846123017,48953900,182.8807037353516,185.8509017944336,28.293507099584303,-1.811008223235973,-1.4993846425383373,0.0
2024-02-29,178.8007354736328,180.6011152696921,177.59389112762756,179.31513185739738,136682600,182.7117942810059,185.5231100463867,28.97289059865821,-1.8850727947000223,-1.5765222729706745,0.0
2024-03-01,177.72251892089844,178.5831318593588,175.46710804516843,177.61370457626955,73563100,182.3674552917481,185.2069497680664,24.112753460215885,-2.007629858661204,-1.6627437901087805,0.0
2024-03-04,173.2117156982422,174.99229230011673,171.9158301484072,174.25038035125658,81510100,181.8474670410156,184.77982604980468,20.766704537119796,-2.440607532134294,-1.818316538513883,0.0
2024-03-05,168.285400390625,170.1846930657021,167.7907924514621,168.91849794898403,95132400,180.9907653808594,184.2958676147461,18.22833590418054,-3.145004280538416,-2.0836540869187896,0.0
2024-03-06,167.29617309570312,169.39332087872134,166.8609157238647,169.21525418377138,68587700,180.00457611083985,183.79508880615236,18.143363902375228,-3.739954288933859,-2.414914127321804,0.0
2024-03-07,167.17747497558594,168.88881413208614,166.67298033709926,167.32585131213037,71765100,179.00702056884765,183.31327545166016,18.275050138147463,-4.172931447099899,-2.766517591277423,0.0
2024-03-08,168.88880920410156,171.82678133583968,167.11811956465033,167.17747009753631,76267000,178.14887313842777,182.8765563964844,25.46611903208813,-4.3280871004014045,-3.07883149310222,0.0
2024-03-11,170.88705444335938,172.49948126334272,170.1946063009313,171.07500788792643,60139500,177.35255508422853,182.47782623291016,32.287999563358866,-4.240920688883108,-3.3112493322583973,0.0
2024-03-12,171.36184692382812,172.15322257397557,169.16578666443067,171.28270784938988,59825400,176.6640594482422,182.08009552001957,31.51686193232393,-4.086423152198847,-3.466284096246488,0.0
2024-03-13,169.28453063964844,171.3223130850131,168.91851047344855,170.90684419661972,52488700,175.9760597229004,181.6615658569336,23.133096405325944,-4.084520989122069,-3.589931474821604,0.0
2024-03-14,171.13436889648438,172.43023944819464,170.19461671040915,171.0453430786352,72913500,175.42457427978516,181.41617279052736,30.697484437238543,-3.8889179976861774,-3.6497287793945192,0.0
2024-03-15,170.75843811035156,170.75843811035156,168.4535633292171,169.32407812222547,121752700,174.86863479614257,181.1907266235352,31.96789121105607,-3.7213384175611,-3.6640507070278354,0.0
2024-03-18,171.84658813476562,175.79356502758816,171.64874797271588,173.67664359575858,75604200,174.44376678466796,181.0332797241211,30.888053627321867,-3.460831469161576,-3.623406859454584,0.0
2024-03-19,174.18113708496094,174.70542030322298,171.16402557801365,172.45989598897214,55215200,174.17272262573243,180.93694793701167,39.08422903355186,-3.031059083714325,-3.504937304306532,0.0
2024-03-20,176.74319458007812,176.74319458007812,173.20180001631465,173.82501083363408,53423100,173.9921905517578,180.8053125,46.05766717557609,-2.4554201885686098,-3.295033881158948,0.0
2024-03-21,169.5218963623047,175.5759069490651,168.99761322817335,175.14064960882752,106181300,173.34919815063478,180.53754974365236,37.28134321223257,-2.552497035230516,-3.1465265119732617,0.0
2024-03-22,170.422119140625,171.18381963278856,168.22605856941686,169.90772263085665,71160100,172.84271926879882,180.2670446777344,45.12784869971319,-2.5276534651397355,-3.022751902606557,0.0
2024-03-25,169.00753784179688,170.08577952012527,167.6226265638577,168.7305586050563,54288300,172.33277893066406,179.98010314941405,51.43759059742968,-2.5922280541188343,-2.936647132909013,0.0
2024-03-26,167.8798370361328,169.57138777241732,167.7512341389727,168.16670300567833,57388400,171.69374618530273,179.6640869140625,51.15555440087053,-2.703238658994508,-2.8899654381261124,0.0
2024-03-27,171.44100952148438,171.72789059246503,168.27552158079686,168.5722893771007,60273300,171.29261932373046,179.46454284667968,57.42848802493116,-2.4753245054759816,-2.8070372515960864,0.0
2024-03-28,169.63075256347656,170.37266455083602,168.67121185228598,169.8978451053126,65672700,170.83412017822266,179.24756469726563,51.2882700237709,-2.412958421671732,-2.728221485611216,0.0
2024-04-01,168.19635009765625,169.40319450105653,167.6522784249374,169.34384397207526,46240500,170.35781173706056,178.88433135986327,45.234700550742346,-2.4510232715581424,-2.6727818428006014,0.0
2024-04-02,167.0192108154297,167.51381877100314,166.41578850586058,167.25662806803024,49329500,170.0481864929199,178.43966186523437,42.49577721186821,-2.54681711923584,-2.6475888980876494,0.0
2024-04-03,167.8204803466797,168.83937157047524,166.7620271262386,166.9697540235435,47691700,170.02494049072266,177.9649792480469,47.35335136972093,-2.528926785217095,-2.6238564755135387,0.0
2024-04-04,166.9994354248047,170.06599565718972,166.9994354248047,168.4535689105981,53704400,170.01010360717774,177.44838653564454,42.23625938211412,-2.5515869242953784,-2.609402565269907,0.0
2024-04-05,167.75123596191406,168.5524984345705,167.12802510796487,167.7611226870966,42104800,170.03879165649414,176.9602651977539,44.43227135529612,-2.480289988427245,-2.5835800499013746,0.0
2024-04-08,166.63340759277344,167.37531948329715,166.425680716199,167.20715459942008,37425500,169.9260215759277,176.45630798339843,40.35857583332535,-2.4853366465995634,-2.563931369241012,0.0
2024-04-09,167.8402557373047,168.2458378687617,166.53449863101693,166.88071513080217,42373800,169.773681640625,176.0110662841797,37.76251824331726,-2.364694869859136,-2.524084069364637,0.0
2024-04-10,165.97064208984375,167.2665125006067,165.30786924976792,166.9796465317702,49709300,169.50412139892578,175.54206634521483,28.638755051431104,-2.392369838650751,-2.49774122322186,0.0
2024-04-11,173.15234375,173.5678277091418,166.34654865134516,166.5246002673459,91070300,169.69751205444337,175.28961151123048,57.21025488103269,-1.8138897548294608,-2.36097092954338,0.0
2024-04-12,174.64605712890625,176.43653535919364,172.33129571828837,172.3807444342083,101670900,169.87309646606445,175.13895416259766,58.19575059716888,-1.2208368867965476,-2.1329441209940136,0.0
2024-04-15,170.82769775390625,174.72521085075485,170.63974431610336,173.46890241983837,73531800,169.87655944824218,174.86332214355468,53.23034377274775,-1.0468801239582604,-1.915731321586863,0.0
2024-04-16,167.5533905029297,171.88614579113815,166.45536027289515,169.8978273072319,73711200,169.6618995666504,174.54216033935546,49.4616550646799,-1.1598572543029206,-1.7645565081300747,0.0
2024-04-17,166.18829345703125,168.8097099054139,166.18829345703125,167.78093187309736,50901200,169.26225738525392,174.1575375366211,40.66130105138425,-1.344050983968799,-1.6804554032978198,0.0
2024-04-18,165.2386016845703,166.8213530127437,164.7538955996717,166.21793076697907,43122900,168.68702774047853,173.7219104003906,41.94479642871535,-1.5488043781316492,-1.654125198264586,0.0
2024-04-19,163.22061157226562,164.60550769336635,162.31053482208006,164.41756936525923,68149400,168.37196350097656,173.24375091552736,41.06574345924419,-1.852552779917346,-1.693810714595138,0.0
2024-04-22,164.05157470703125,165.4562595890904,162.993121456103,163.73503344203667,48116400,168.05343627929688,172.80374725341798,44.604342892653925,-2.0031329269201024,-1.755675157060131,0.0
2024-04-23,165.10011291503906,165.24850434331734,163.1414698344962,163.5668404824781,49537800,167.858065032959,172.36948120117188,45.097995006763966,-2.0146370263327924,-1.8074675309146635,0.0
2024-04-24,167.19728088378906,167.47426013692973,164.41758653276062,164.74401450706145,48251800,167.8239372253418,172.01079162597657,50.3408352487682,-1.8333959326238585,-1.8126532112565024,0.0
2024-04-25,168.05789184570312,168.77012851479734,166.33665071301928,167.70177351115603,50558300,167.6547813415527,171.71105895996095,50.52631358411249,-1.6018517974841302,-1.7704929285020283,0.0
2024-04-26,167.4742431640625,169.49223681731962,167.35552700029277,168.04799015720317,44838400,167.54695587158204,171.4172622680664,51.47008214105639,-1.4487467226481383,-1.7061436873312503,0.0
2024-04-29,171.6289520263672,174.1316669492416,171.2332717193323,171.50034913417457,68169400,167.71858596801758,171.2122967529297,56.005013045333136,-0.9808529032321188,-1.5610855305114244,0.0
2024-04-30,168.49313354492188,173.10288291918897,168.16669051085722,171.46078102452523,65934800,167.7922821044922,170.97528045654298,53.84381795285316,-0.8532423776712506,-1.4195168999433898,0.0
2024-05-01,167.4742431640625,170.84747276952126,167.28628974114312,167.75122238913238,50383100,167.77497024536132,170.73272491455077,39.34670558636635,-0.8248180660590947,-1.3005771331665308,0.0
2024-05-02,171.16403198242188,171.54982559320527,169.04711048582428,170.64963546996492,94214900,167.9832000732422,170.5489288330078,43.96436989796998,-0.4988065422082854,-1.1402230149748818,0.0
2024-05-03,181.40240478515625,184.9833612803204,180.6901681758964,184.6371297001228,163224100,168.6657585144043,170.52934204101564,64.99295160970696,0.5790362888582763,-0.7963711542082502,0.0
2024-05-06,179.7504425048828,182.2135806366563,178.47434543693257,180.383540128798,78569700,169.32161026000978,170.5133169555664,68.12704209458809,1.2851208744429528,-0.3800727484780096,0.0
2024-05-07,180.4329376220703,182.90597687179292,179.3645979491158,181.47161712580052,77305800,169.95124435424805,170.53784881591798,71.60856234569644,1.878119851136006,0.0715657714447935,0.0
2024-05-08,180.7693023681641,181.09574539643796,179.49320552179933,180.878116710922,45057100,170.69117736816406,170.54002502441406,74.00616251413973,2.348149629132223,0.5268825429822794,0.0
2024-05-09,182.57960510253903,182.6686309202814,180.1461270912472,180.5912712741972,48983000,171.16254043579102,170.60234619140624,80.11701070548729,2.8340586519098,0.9883177647677835,0.0
2024-05-10,181.3215789794922,183.34230991411323,180.4102677646858,183.1541015442068,50759500,171.4963165283203,170.65276306152344,76.51482389233708,3.082104279291229,1.4070750676724728,0.0
2024-05-13,184.52105712890625,185.3333215658282,182.87672798687532,183.6889924237973,72044800,172.1809844970703,170.7887338256836,77.96985392846076,3.496547352215231,1.8249695245810245,0.0
2024-05-14,185.66021728515625,186.52201273815805,184.5309821431948,185.7394637127145,52393600,173.08632583618163,171.0377038574219,77.34469739942354,3.8722799448654825,2.2344316086379163,0.0
2024-05-15,187.9285888671875,188.849800179078,185.6007724639543,186.13568203158252,70400000,174.17334060668946,171.43056762695312,78.25159563159242,4.303481504683816,2.6482415878470964,0.0
2024-05-16,188.0474395751953,189.2955517477419,187.8691464732364,188.6714956614686,52845200,175.31378250122071,171.84559295654296,79.64216194302433,4.601755928488728,3.038944455975423,0.0
2024-05-17,188.0771942138672,189.00832091255785,187.39370695143637,187.72059282106463,41282900,176.55661163330078,172.2635873413086,76.89586892994586,4.7853786427770615,3.3882312933357506,0.0
2024-05-20,189.23611450195312,190.10781001398533,187.22528381236825,187.5422694948197,44361300,177.8158386230469,172.67053344726563,86.26301631794654,4.967157844841438,3.704016603636888,0.0
2024-05-21,190.53375244140625,190.91015403566988,189.11724727296848,189.2856402441644,42309400,179.08752059936523,173.06346740722657,89.92368356258909,5.156486937414144,3.994510670392339,0.0
2024-05-22,189.0974578857422,190.9993419606465,188.4734168160404,190.4545322055808,34648500,180.1825294494629,173.41817962646485,83.67654062182478,5.131482108779522,4.221904958069776,0.0
2024-05-23,185.1154022216797,189.1964945447871,184.86776283091424,189.17667916140732,51005900,181.03540496826173,173.73479705810547,59.11403224247854,4.735756140393818,4.324675194534584,0.0
2024-05-24,188.18614196777344,188.780482615826,186.26445766907557,187.03710655742805,36327000,182.07099990844728,174.07583251953125,69.3581889282933,4.616704992311099,4.383081154089887,0.0
2024-05-28,188.19602966308597,191.1776023727862,187.3144340702039,189.70166621887228,52280100,182.8993537902832,174.42458435058597,68.3821489065273,4.471608040108151,4.40078653129354,0.0
2024-05-29,188.4932098388672,190.43470949642943,187.72057607583483,187.8196378873868,53068000,183.89935760498048,174.75751678466796,68.32336673230627,4.330676276306519,4.3867644802961365,0.0
2024-05-30,189.4837646484375,190.3653603450464,188.83000809203267,188.9587703074631,49889100,184.9998336791992,175.0635693359375,67.04149049720652,4.249925833335851,4.35939675090408,0.0
2024-05-31,190.43472290039065,190.7517086279001,188.11682144814543,189.6323735603605,75158300,185.96336822509767,175.33739990234375,72.84013788851895,4.214087531069254,4.330334906937114,0.0
2024-06-03,192.1978912353516,193.14883318833756,190.7021546904014,191.07855630297723,50080500,186.5031425476074,175.7909197998047,70.73303206206529,4.278636904662704,4.319995306482232,0.0
2024-06-04,192.51487731933597,193.4757194090645,191.2073340206378,192.80213237542048,47471400,187.14136428833007,176.23277496337892,69.37290250909722,4.305737019965022,4.317143649178791,0.0
2024-06-05,194.02053833007807,195.04081158591265,193.0299805970573,193.55497498638144,54156800,187.82074432373048,176.73303497314453,67.99301627133066,4.398010786144681,4.333317076571969,0.0
2024-06-06,192.6436462402344,194.64457691185424,192.33657578915964,193.8422276391208,41181800,188.414461517334,177.22831115722656,62.63618157151331,4.310347720729283,4.328723205403432,0.0
2024-06-07,195.0308837890625,195.08041469163095,192.30685040959915,192.81202934049517,53103900,189.03702545166016,177.70010864257813,66.92375052269674,4.382979964304866,4.339574557183719,0.0
2024-06-10,191.2964782714844,195.4370168860641,190.3356361933404,195.04078477848907,97010200,189.53577041625977,178.13342315673827,54.45586963839041,4.092035783774605,4.290066802501897,0.0
2024-06-11,205.19400024414065,205.2039154935281,191.8016724106265,191.82147267998263,172373300,190.56941757202148,178.87337615966797,70.52132583997033,4.926089408998138,4.417271323801145,0.0
2024-06-12,211.05812072753903,218.1207863262847,204.9463668712596,205.4119301648784,198134300,191.8393127441406,179.75415435791015,77.35006449778761,5.9912055424329935,4.732058167527516,0.0
2024-06-13,212.2170867919922,214.70338117421304,209.6020150722442,212.71236564129836,97862700,193.0537376403809,180.6420864868164,86.30570332008222,6.849875526277856,5.155621639277584,0.0
2024-06-14,210.4835968017578,213.13828400218216,209.3048308005582,211.8307557867417,70122700,194.175545501709,181.51176971435547,80.97984859521905,7.306277303274044,5.5857527720768765,0.0
2024-06-17,214.6241149902344,216.88258512602053,210.71141546378877,211.35527186274084,93728300,195.50289154052732,182.44922729492188,82.93821845911475,7.910892370904236,6.050780691842348,0.0
2024-06-18,212.2665863037109,216.5656178731208,210.9887736209857,215.5354294813442,79943300,196.65441513061523,183.36189086914064,78.18219376610334,8.106376048659314,6.461899763205742,0.0
2024-06-20,207.7001190185547,212.2170745602359,206.8779694770392,211.90998899500863,86172500,197.51273345947263,184.1590881347656,69.90687767235201,7.802875829866252,6.730094976537845,0.0
2024-06-21,205.53082275390625,209.8892705909824,205.15440599094305,208.40343403997312,241805100,198.33440170288085,184.95029174804688,66.06916508520408,7.303119821610664,6.844699945552409,0.0
2024-06-24,206.1746368408203,210.69157660922147,204.63926969738108,205.75860450580527,80727000,199.3873634338379,185.6107376098633,65.24085063107816,6.8797050434820335,6.851700965138335,0.0
2024-06-25,207.09588623046875,209.38407188516825,206.64022308060072,207.1751175381149,55549700,200.33285064697264,186.25973419189447,65.69295908155279,6.543058601176796,6.789972492346028,0.0
2024-06-26,211.23638916015625,212.8311873569971,208.6510334525996,209.5029135164035,66213200,201.48486862182617,187.06790802001956,67.53426948236624,6.535036025657178,6.738985199008258,0.0
2024-06-27,212.07839965820312,213.70291360533915,210.34492376459477,212.6628250462321,49772700,202.66412811279295,187.958408203125,70.0122555181256,6.521446115613799,6.695477382329367,0.0
2024-06-28,208.6312255859375,214.0297763055812,208.3142550307382,213.73260601871965,82542700,203.621501159668,188.8072668457031,63.70530651006364,6.161492030862206,6.588680312035935,0.0
2024-07-01,214.70335388183597,215.45617219578955,209.9189589919497,210.0873519655429,60402900,204.83493270874024,189.79656188964844,72.52619673536063,6.293646591702725,6.529673567969293,0.0
2024-07-02,218.1901397705078,218.29910171758144,213.068958487467,214.1090319376032,58046200,206.1345451354981,190.8959524536133,65.64139613484164,6.6036121835748816,6.5444612910904105,0.0
2024-07-03,219.4580535888672,219.4580535888672,216.9618440422543,217.9226861859784,37369800,207.4817039489746,192.00408203125,61.36728374412637,6.8723520010809125,6.610039433088511,0.0
2024-07-05,224.2028045654297,224.3117665065084,219.5570869821695,219.5570869821695,60412400,208.99081726074215,193.1861358642578,64.78490535353703,7.383084391831886,6.764648424837187,0.0
2024-07-08,225.6688537597656,225.69856928044197,221.1419979904105,224.9457357840812,59085900,210.64207763671877,194.35556732177736,68.85608884055198,7.816042931235273,6.974927326116805,0.0
2024-07-09,226.52072143554688,227.2339241693749,224.232535628978,225.77780318070188,48076100,212.21656951904296,195.5248239135742,66.08626039878516,8.134139003978504,7.206769661689146,0.0
2024-07-10,230.7801055908203,230.8791673967792,227.0853299721382,227.13486087511765,62627700,214.19075088500975,196.79094116210936,73.80890894819467,8.630442765619875,7.491504282475292,0.0
2024-07-11,225.42120361328125,230.19568345608252,223.63819688403007,229.2051258414663,64710600,215.2021110534668,197.86678619384764,72.33459477609615,8.49344136396121,7.6918916987724755,0.0
2024-07-12,228.3631591796875,230.44333633793116,226.52072130415215,226.75846058686048,53046500,216.0673629760742,199.06418670654296,78.22675877264136,8.523998643013641,7.85831308762071,0.0
2024-07-15,232.18670654296875,234.9899864993383,230.8890784430144,234.24706826366577,62631300,217.06584396362305,200.3584359741211,79.81379223262189,8.755812270760742,8.037812924248716,0.0
2024-07-16,232.60272216796875,234.03902753708792,230.13622852237629,232.78101526502672,43234300,218.1718002319336,201.58720977783204,79.57726641862295,8.870837729585276,8.204417885316028,0.0
2024-07-17,226.7188415527344,229.2744821236097,224.4999869579788,227.2834515580279,57345900,218.7765365600586,202.4935385131836,67.25550151355395,8.390495829391085,8.24163347413104,0.0
2024-07-18,222.063232421875,228.26413370193544,220.1712785785942,228.10564083206225,66034600,219.2663688659668,203.33979431152343,60.25643035108156,7.547153773735715,8.102737534051975,0.0
2024-07-19,222.1919860839844,224.65848009632384,221.1717129043359,222.6971801635164,49151500,219.99096221923827,204.1749752807617,64.9487376503422,6.810679192934856,7.844325865828551,0.0
2024-07-22,221.8452911376953,225.62921338494564,220.98349573063444,224.86647978572935,48201800,220.80668563842767,204.9964950561524,59.01029133764289,6.128398039122686,7.501140300487378,0.0
2024-07-23,222.8853759765625,224.7971601400939,220.57737479075328,222.25141967209163,39960300,221.64222259521483,205.80261047363285,56.31327752388916,5.60697771443165,7.122307783276233,0.0
2024-07-24,216.4764709472656,222.67737176080064,215.07979609138368,221.88492258576645,61777600,222.1112518310547,206.50570831298828,46.4778689088984,4.623308651844525,6.622507956989892,0.0
2024-07-25,215.43638610839844,218.76466037633443,212.59347540961957,216.86277641061952,51391200,222.3212516784668,207.1240148925781,38.65092603493955,3.716970753533644,6.041400516298643,0.0
2024-07-26,215.90196228027344,217.41751434744816,213.97036267942912,216.6349653026102,41601300,222.5124298095703,207.72884979248047,37.01945247849666,3.001658297017599,5.433452072442435,0.0
2024-07-29,216.1793212890625,217.2293100492215,213.71282713597697,214.91140862229943,36311800,222.88983459472652,208.293864440918,36.04277118954025,2.429146882533587,4.832591034460665,0.0
2024-07-30,216.73399353027344,218.24954536257852,214.0792914541732,217.12031036763145,41643800,222.99136657714843,208.86759552001956,28.93633438042309,1.9971628262392187,4.265505392816376,0.0
2024-07-31,219.9830474853516,221.70662325926872,218.54674189777583,219.34909118598728,50036300,223.0810119628906,209.50571258544923,41.2939892995667,1.895137880245727,3.7914318903022464,0.0
2024-08-01,216.29815673828125,222.36036437427163,214.97081319041695,222.2514024343897,62501000,222.9230171203613,210.0469534301758,31.1337700105272,1.49965539424241,3.333076591090279,0.0
2024-08-02,217.78399658203125,223.46980270062372,215.65430376795197,217.08069402896652,105568600,222.6020767211914,210.59195831298828,25.70181607749092,1.291242888251304,2.9247098505224844,0.0
2024-08-05,207.2939910888672,211.484045462397,194.1492876376104,197.21010696314244,119548600,221.68333358764647,210.9558889770508,18.13418266169765,0.2764321631539701,2.3950543130487816,0.0
2024-08-06,205.27325439453125,208.00720313955475,199.17143085232243,203.36148541473497,69660500,220.6209602355957,211.3590460205078,20.08839033061031,-0.6829960576317546,1.7794442389126743,0.0
2024-08-07,207.83880615234372,211.62272838414276,204.441185671316,204.9463646139573,63516400,219.47389526367184,211.7520993041992,28.931900425695787,-1.222242004260778,1.1791069902779838,0.0
2024-08-08,211.2958526611328,212.17744837655164,206.8581585633277,211.097744151489,47161100,218.76762771606445,212.21409576416016,35.30983941170976,-1.355023671097939,0.6722808580027992,0.0
2024-08-09,214.1981964111328,214.7330909034816,209.9685109200368,210.09728825409005,42201600,218.05937957763672,212.72819549560543,40.35484382529866,-1.2120870292057475,0.2954072805610899,0.0
2024-08-12,215.7254180908203,217.68898821235916,213.81143620679725,214.27753840147545,38028100,217.2363151550293,213.25302856445316,41.07888740045774,-0.964457024452372,0.0434344195583975,0.0
2024-08-13,219.43438720703125,220.04923895369575,217.19312608520667,217.19312608520667,44155300,216.57789840698243,213.83302185058596,53.95133246635712,-0.4635817690139561,-0.0579688181560731,0.0
2024-08-14,219.88064575195312,221.1797757696837,217.8773991282609,218.7401920302427,41960600,216.23598861694336,214.386676940918,56.03257260714657,-0.0302761804685474,-0.052430290618568,0.0
2024-08-15,222.85577392578125,223.48055242779947,220.9120269929499,222.73677426147512,46414000,216.27561569213867,214.99349487304687,58.83695252972733,0.5468854447139222,0.06743285644793,0.0
2024-08-16,224.1747131347656,224.94824111633488,221.79461423345728,222.06237857544767,44340200,216.3747520446777,215.59657836914064,59.89855598123002,1.0980598122292804,0.2735582476042001,0.0
2024-08-19,224.0160675048828,224.115243980586,221.1897044016044,223.84747960195196,40687800,216.4832908630371,216.2240267944336,59.10472499891256,1.5047225876739958,0.5197911156181593,0.0
2024-08-20,224.6309051513672,225.2854335325348,223.57970115675508,223.8970537532744,30299000,216.57056732177733,216.8160272216797,56.22096324223202,1.8552320663012267,0.7868793057547727,0.0
2024-08-21,224.52182006835935,226.08871448701356,223.1830285060583,224.6408348597364,34765500,216.972834777832,217.4805340576172,62.17216554358343,2.100003564970933,1.0495041575980049,0.0
2024-08-22,222.66734313964844,226.4457337259973,222.04256465043304,225.90029338876204,43695300,217.33438262939453,217.8300009155273,57.150006367278,2.1199089606130315,1.2635851182010105,0.0
2024-08-23,224.9581756591797,226.32673228874265,222.46900358067504,223.78797197411373,38677300,217.78719329833984,218.10800201416012,84.03494164632167,2.2940903238779526,1.4696861593363988,0.0
2024-08-26,225.29534912109372,225.39452559231563,222.0326490158817,224.87883517993083,30602200,218.2429946899414,218.3695672607422,91.25458238227286,2.43131075275528,1.6620110780201751,0.0
2024-08-27,226.1383056640625,226.95151036486345,223.02435510684415,224.12514736512037,35934600,218.71321029663085,218.6826614379883,90.58633932523732,2.578356787323287,1.8452802198807976,0.0
2024-08-28,224.6110992431641,227.95313769677003,223.80780609600177,226.02922904592305,38052200,218.9446128845215,218.8824011230469,82.29649346688734,2.542352378695824,1.984694651643803,0.0
2024-08-29,227.8837127685547,230.98775191089825,226.9812734022471,228.1911537968638,51906300,219.52389068603517,219.19474365234376,82.60887269765784,2.746234306968205,2.137002582708684,0.0
2024-08-30,227.1002655029297,228.4886453526855,225.59287085733376,228.28039594132483,52990800,219.98970413208008,219.5827465820313,78.09912807221487,2.8121775252289467,2.2720375712127363,0.0
2024-09-03,220.92193603515625,227.10024860517052,219.33520335446548,226.65398476754007,50190600,220.6711013793945,219.89056884765623,53.27510652965294,2.338936641534133,2.2854173852770154,0.0
2024-09-04,219.0178680419922,219.94014563997789,215.67581475954933,219.82114598403248,43840200,221.3583320617676,220.14743347167968,48.21502193695517,1.7896178569449717,2.1862574796106067,0.0
2024-09-05,220.53518676757807,223.6094607351492,219.6823205428289,219.79140861107143,36615400,221.9931510925293,220.41621948242187,44.89080962536232,1.4598850567358852,2.0409829950356624,0.0
2024-09-06,218.98812866210935,223.37145940933704,217.946836225884,222.09215251756703,48423000,222.3777648925781,220.57125427246092,38.69436454444584,1.0614984834094798,1.845086092710426,0.0
2024-09-09,219.07737731933597,219.4343914347755,214.9122227273444,218.9881275735273,67180000,222.6217239379883,220.7112338256836,39.20205241806342,0.7443949529364318,1.6249478647556272,0.0
2024-09-10,218.28402709960935,219.64265710486697,214.9320618304677,217.10389659918584,51591000,222.74965438842773,220.90428985595705,36.230675064336445,0.4241816855740694,1.3847946289193158,0.0
2024-09-11,220.8128662109375,221.2392917639212,216.0824328240824,219.6228241682371,44587100,222.81857833862304,221.02648010253907,42.71809466746554,0.3701991210448625,1.1818755273444252,0.0
2024-09-12,220.92193603515625,221.6954640556368,217.99641184157417,220.65417167969628,37455600,222.8706428527832,221.081116027832,46.32104581654727,0.3323870223223935,1.011977826340019,0.0
2024-09-13,220.65415954589844,222.18137718301287,220.0690577657977,221.72520177663733,36766600,222.76056213378905,221.10503814697265,40.08220642321189,0.277613184894534,0.865104898050922,0.0
2024-09-16,214.5254821777344,215.4180099979233,212.14538277021936,214.74364320285497,59357400,222.2781005859375,220.91149169921877,30.411271871055547,-0.2573618132275328,0.6406115557952311,0.0
2024-09-17,214.99154663085935,215.1006346980314,212.72055067344832,213.96018092212807,45519300,221.82687454223637,220.69794555664063,29.4439360632839,-0.636389940131096,0.3852112566099657,0.0
2024-09-18,218.8592071533203,220.86245391858552,215.7353297749969,215.7452565018275,59894900,221.538289642334,220.5447152709961,40.23564627880303,-0.617565668077134,0.1846558716725458,0.0
2024-09-19,226.97134399414065,227.91347512552952,222.76652771175563,223.1235418425436,66781300,221.66076583862304,220.4685400390625,48.6697466304831,0.0513425057978338,0.1579931984976034,0.0
2024-09-20,226.30691528320312,231.15634864169297,225.73172498083707,228.06223610833692,318679900,221.8427444458008,220.4862542724609,48.83924971501977,0.5218279014849543,0.2307601390950736,0.0
2024-09-23,224.59124755859372,227.54652178723228,223.9367191660146,225.4540253555904,54146000,221.82439804077148,220.41081604003907,56.174929281765685,0.7476326761828318,0.3341346465126252,0.0
2024-09-24,225.4837646484375,227.4473497336745,223.85737047004787,226.75314473243893,43556100,221.83381881713868,220.27675720214845,61.26470130062083,0.9872231629429962,0.4647523497986994,0.0
2024-09-25,224.4920654296875,225.40443143928672,222.1615697374452,223.06400902085235,42308700,221.75150680541992,220.1145440673828,57.022168256045205,1.0845761916674237,0.5887171181724442,0.0
2024-09-26,225.63253784179688,226.6044036950252,223.54004142995944,225.41436171300208,36636700,221.8025787353516,220.0928179931641,61.964316526521365,1.2394679457175926,0.7188672836814739,0.0
2024-09-27,225.9002990722656,227.6159582791164,225.41437368594384,226.56475422029095,34026000,221.70340805053712,220.16955932617188,62.20727860628334,1.3680567634784495,0.8487051796408691,0.0
2024-09-30,231.0670928955078,231.0670928955078,227.7448775670891,228.13164162372897,54541900,221.90174942016603,220.34706146240237,69.77604876079684,1.8653784867863976,1.0520398410699747,0.0
2024-10-01,224.3334045410156,227.74485413807125,221.88389405688537,227.615942887257,63285000,222.07232284545896,220.39682373046875,54.81943163284405,1.6965998145264507,1.18095183576127,0.0
2024-10-02,224.89866638183597,225.48376819979168,221.16986421787885,224.01605029183685,32880600,222.3663627624512,220.4370895385742,55.37677822014796,1.590123453880807,1.2627861593851777,0.0
2024-10-03,223.79786682128903,224.92840891217836,221.4673712198949,223.27226484855484,34044200,222.5294967651367,220.5835174560547,54.15684416706952,1.4007676684438195,1.290382461196906,0.0
2024-10-04,224.9185028076172,226.1085447535635,222.27065455992025,226.00936828631615,37245100,222.8260154724121,220.77315979003907,65.84032071488275,1.325844295076962,1.2974748279729171,0.0
2024-10-07,219.85089111328125,223.81770763530983,219.4938770210105,222.63757729885364,39505400,222.86469116210935,220.8521383666992,56.495210714684895,0.8477803853971864,1.2075359394577712,0.0
2024-10-08,223.8970489501953,224.10529834651464,221.39795026893304,222.4392426471427,31855700,223.14534225463868,221.00649291992187,56.70181860107859,0.786338000012762,1.1232963515687693,0.0
2024-10-09,227.63577270507807,227.84403724277385,222.9648544526125,223.3615300750172,33591100,223.4864875793457,221.224528503418,51.000277497523655,1.0274840317961207,1.1041338876142397,0.0
2024-10-10,227.13992309570312,227.59611368544336,225.285441085757,225.89038125247492,28183500,223.79738693237303,221.367666015625,51.2604661729964,1.1651519336500655,1.116337496821405,0.0
2024-10-11,225.66229248046875,227.5068628874906,225.4540279414576,227.3977748208096,31759200,224.04779357910155,221.55494873046877,51.63241157460553,1.1418596488884418,1.1214419272348124,0.0
2024-10-14,229.3811798095703,229.8076053434174,226.70358155060512,226.80274288926017,39882100,224.79057846069333,221.78689239501952,55.46898586274189,1.4072614389449711,1.1786058295768442,0.0
2024-10-15,231.91001892089844,235.51982138099223,230.4422859002264,231.672004479983,64751400,225.63650207519527,222.27921295166016,59.9786527855036,1.800890902269629,1.303062844115401,0.0
2024-10-16,229.857177734375,230.1943535005289,227.93326933706737,229.6786782577772,34082200,226.18640060424804,222.77089141845704,55.54684281975295,1.9250076703110608,1.427451809354533,0.0
2024-10-17,230.22412109375,231.91003031839952,228.60765355789445,231.49350124327563,32993800,226.3490394592285,223.21859771728515,55.66231903982402,2.0295845779824333,1.547878363080113,0.0
2024-10-18,233.05047607421875,234.2206797118992,232.0686835146529,234.2206797118992,46431500,226.68621749877929,223.65369018554688,52.766979234298,2.313853098640095,1.7010733101921094,0.0
2024-10-21,234.5182037353516,234.88514457730523,232.5050454306036,232.5050454306036,36254500,227.1825653076172,224.06009033203125,66.65583678317526,2.6272855923666043,1.8863157666270085,0.0
2024-10-22,233.9033660888672,234.2603802258017,230.67041566655348,231.949707496782,38846600,227.60354537963863,224.42364929199215,64.70210726251193,2.793864906622332,2.067825594626073,0.0
2024-10-23,228.84567260742188,233.18934216580075,225.8705597881939,232.1381380574932,52287000,227.82122573852536,224.611875,57.29858098039831,2.489074121190299,2.152075299938918,0.0
2024-10-24,228.65724182128903,228.90516786821388,226.51515714412932,228.07212485007065,31109500,227.9724609375,224.78740692138672,55.55557571002952,2.2068808890242337,2.1630364177559813,0.0
2024-10-25,229.49026489257807,231.2852470135028,227.665532857223,227.8341207497304,38802300,228.15195922851564,224.92009674072267,66.38572329732443,2.027091668495302,2.135847467903845,0.0
2024-10-28,231.46376037597656,232.78272881287967,230.62082086290687,231.38443735420992,36087100,228.17179260253903,225.06587768554687,63.83752325824098,2.020560247457439,2.112790023814564,0.0
2024-10-29,231.7315216064453,232.3860500186716,230.3927299983884,231.1662580738538,35417200,228.54169845581052,225.22018676757813,58.57916790518837,2.0137765798730527,2.0929873350262618,0.0
2024-10-30,228.19113159179688,231.5331697441292,227.64569128136463,230.68030356750916,47070900,228.7063217163086,225.2913912963867,51.95284065010784,1.7030884450714725,2.015007557035304,0.0
2024-10-31,224.035888671875,227.9233671329233,223.5003599556127,227.4374266507156,64370100,228.71822280883788,225.28167266845705,47.251997038216494,1.1087910302323394,1.8337642516747112,0.0
2024-11-01,221.060791015625,223.4805517303345,218.4426924836225,219.13688241025088,65276700,228.52533721923828,225.24954162597655,35.57925492442453,0.3932078747431831,1.5456529762884057,0.0
2024-11-04,220.16824340820312,220.9417714715672,217.88733586004025,219.15671602208408,44944500,228.5412048339844,225.15374298095705,28.42567894533504,-0.2431155790069681,1.187899265229331,0.0
2024-11-05,221.5962829589844,222.0921350198155,219.30544885909725,219.9599772111233,28111300,228.42616653442383,225.07976165771484,34.4647518083795,-0.6249713626063453,0.8253251396621958,0.0
2024-11-06,220.87237548828125,224.19459083458287,219.35506917081852,220.76328741365683,54561100,228.087996673584,224.9744430541992,32.646312968686814,-0.974771545566739,0.4653058026164088,0.0
2024-11-07,225.5928649902344,225.9895557457087,222.7070172967094,222.7665171269793,42137700,228.01064376831056,224.99407836914065,37.07012590662719,-0.861159745216753,0.2000126930497765,0.0
2024-11-08,225.3247985839844,227.0125473442273,224.7787582103861,225.5332770864524,38328800,227.99376907348636,224.9429000854492,33.368794893976926,-0.7837180793987386,0.0032665385600735,0.0
2024-11-11,222.61447143554688,224.07388164377815,219.90414468405436,223.37892800863307,42005600,227.6554336547852,224.85318420410155,31.017185470582405,-0.9303215829278316,-0.1834510857375075,0.0
2024-11-12,222.61447143554688,223.96467356190877,221.75074442821315,222.9321731823864,40398300,227.1906562805176,224.88703491210936,37.374383200801375,-1.0345799223545669,-0.3536768530609194,0.0
2024-11-13,223.49806213378903,225.01703765642935,221.15506473467505,222.39605879884869,48566200,226.8727005004883,224.9766387939453,39.83291816466179,-1.0339878542694976,-0.489739053302635,0.0
2024-11-14,226.57574462890625,227.22105551450989,223.3789425502784,223.398802697962,44923900,226.6902816772461,225.09744995117188,44.72325298195906,-0.7762275123784832,-0.5470367451178046,0.0
2024-11-15,223.3789520263672,225.2851172657963,222.65421566813876,224.7688594461005,47923700,226.20670547485352,225.18526641845705,35.98331052975206,-0.8204474234940164,-0.601718880793047,0.0
2024-11-18,226.37718200683597,228.08479108540536,223.54770942404784,223.62713486361545,44633700,225.7996543884277,225.33126251220705,41.520001469310266,-0.6065677836355121,-0.6026886613615401,0.0
2024-11-19,226.6352996826172,228.5017596103349,225.0269762165604,225.34466282087317,36211800,225.43625106811524,225.4982879638672,47.25002710515344,-0.4114952280301054,-0.5644499746952532,0.0
2024-11-20,227.35009765625,228.2733899080337,224.2625040209905,226.4168677573381,35169600,225.36147232055663,225.62903259277343,56.66904934728061,-0.1969502794109132,-0.4909500356383852,0.0
2024-11-21,226.87356567382807,228.50174921258224,224.08381355701644,227.2309725554499,42108300,225.2722885131836,225.7480651855469,63.00448154945271,-0.0646290073878219,-0.4056858299882726,0.0
2024-11-22,228.2138214111328,229.05770336713667,226.41686457306912,226.41686457306912,38168300,225.2084663391113,225.8992584228516,67.64626546087618,0.1466930053769601,-0.295210062915226,0.0
2024-11-25,231.1922149658203,231.5694819920469,228.0847762696763,229.7923852373244,90152800,225.19488906860352,226.2325930786133,69.70645211225501,0.5481796179697085,-0.1265321267382391,0.0
2024-11-26,233.366455078125,233.87279036398945,231.6489234928732,231.6489234928732,45986200,225.2766357421875,226.6000912475586,74.21566412289594,1.029931250834835,0.1047605487763757,0.0
2024-11-27,233.2373809814453,233.99191506726265,232.12545514826604,232.78070364946956,33498400,225.52894821166996,226.8876547241211,68.02433220628265,1.3853383714261156,0.3608761133063237,0.0
2024-11-29,235.6201019287109,236.0966394139658,232.28430923422,233.11825362062933,28481400,226.10815887451173,227.0606298828125,72.07326337112792,1.838078517296026,0.6563165941042641,0.0
2024-12-02,237.8638153076172,239.0551666028684,235.45133007089743,235.5605381566453,48137100,226.9483100891113,227.2917678833008,83.36232089193994,2.3508283767102967,0.9952189506254706,0.0
2024-12-03,240.9017791748047,241.010987266338,237.1787967118795,238.08224409194108,38861000,227.9849868774414,227.617978515625,85.31444752528928,2.9681101035289146,1.3897971812061596,0.0
2024-12-04,241.2591857910156,242.3512667049628,239.5118714775545,241.12019505186365,44383900,228.96813201904297,227.93348693847656,85.00981423632729,3.446421840608423,1.8011221130866124,0.0
2024-12-05,241.28895568847656,242.7781485930641,240.38552350615552,242.2321233137982,40033900,229.98896102905277,228.26942474365237,82.96264339721584,3.7842668476264976,2.197751059994589,0.0
2024-12-06,241.09039306640625,242.867505033938,240.33587413565132,241.15989600483465,36870600,230.7638374328613,228.57858184814447,95.83758838865498,3.989994927744704,2.5561998335446123,0.0
2024-12-09,244.97222900390625,245.45870413211117,240.0082527322972,240.0876781705053,44649200,231.74620895385743,228.96002044677732,96.01963371446224,4.415369994900033,2.9280338658156966,0.0
2024-12-10,245.98489379882807,246.42172615122828,243.5723933612922,245.11122909402772,36914800,232.91473007202148,229.25837646484376,96.16293859697022,4.779105828934007,3.298248258439359,0.0
2024-12-11,244.7141265869141,248.99307203962232,244.48577275361333,246.17353693536344,45205800,234.01971282958985,229.66599090576173,90.3553709922798,4.908249558592189,3.620248518469925,0.0
2024-12-12,246.1735382080078,246.94791735826735,243.90995090472452,245.11123992691697,32777500,235.1534866333008,230.09148834228515,92.89496584594283,5.069916375721107,3.910182089920162,0.0
2024-12-13,246.34228515625,247.49391610940148,244.46590277835176,246.0345210589055,33155300,236.141813659668,230.5423767089844,92.5046491310293,5.152262882155185,4.158598248367166,0.0
2024-12-16,249.2313232421875,249.56888515433104,245.8657478109084,246.2033097230519,51694800,237.43443222045897,231.02863311767575,92.4731105533668,5.388528705935784,4.40458433988089,0.0
2024-12-17,251.65374755859372,252.0012319719704,247.98040799068028,248.27824960945253,51356400,238.6982604980469,231.66469024658204,92.56006113714524,5.705471348600469,4.664761741624806,0.0
2024-12-18,246.26287841796875,252.4479889260113,245.95511429725676,250.3432677271904,56774100,239.67963943481445,232.1120068359375,74.3504606008949,5.458727774244039,4.8235549481486535,0.0
2024-12-19,247.9903259277344,250.184410158509,245.3097817058068,245.71683140567848,60882300,240.71165084838867,232.51909790039065,73.70626507785657,5.341004515635575,4.927044861646039,0.0
2024-12-20,252.656494140625,253.1628143156686,243.91989202858784,246.2529520123801,147495300,242.0007972717285,233.02942932128903,75.9401658859712,5.560134987946356,5.053662886906102,0.0
2024-12-23,253.43084716796875,253.80809906094288,251.62395254537785,252.93444954402884,40858800,243.26164855957032,233.58480041503907,73.86537695788779,5.730226796206438,5.18897566876617,0.0
2024-12-24,256.3397827148437,256.34969006633503,253.4507293352449,253.64930053302467,23234700,244.51902694702147,234.12397247314453,76.18068749066225,6.030239717571675,5.357228478527271,0.0
2024-12-26,257.15380859375,258.2260444048055,255.77383898408215,256.32980188696064,27237100,245.70839462280276,234.62884826660155,76.8120979999474,6.261508432997687,5.538084469421355,0.0
2024-12-27,253.74853515625,256.836144148833,251.2367643772991,255.97238682838488,42355300,246.73395233154295,235.10667541503904,69.30067834498342,6.099699905248855,5.650407556586855,0.0
2024-12-30,250.38296508789065,251.673601973938,248.9434149702759,250.4127477342041,35557500,247.47209548950195,235.50985229492187,58.382059549361294,5.634936068593618,5.647313258988207,0.0
2024-12-31,248.6157989501953,251.4551941340452,247.63292614272083,250.6212497119267,39480700,248.00969467163085,235.82115875244145,53.98257561093693,5.065618543778697,5.530974315946306,0.0
2025-01-02,242.09312438964844,247.3052993793268,240.0777512722144,247.13651085819407,55740700,248.06926193237305,235.97265716552732,46.57672660367913,4.041516887953833,5.233082830347811,0.0
2025-01-03,241.60665893554688,242.4207431843357,240.14724866814672,241.60665893554688,40244100,248.0866355895996,236.1267230224609,43.87968065018386,3.154294507274358,4.817325165733121,0.0
2025-01-06,243.2348480224609,245.54806288478196,241.4478134561986,242.5498168429892,45045600,248.18393020629884,236.4145065307617,45.99232742914562,2.553114911028331,4.364483114792163,0.0
2025-01-07,240.46495056152344,243.78088314896328,239.61114601786815,241.22939201717415,40856000,248.15265808105468,236.6506607055664,38.65912652180419,1.832049448014004,3.857996381436532,0.0
2025-01-08,240.95140075683597,241.95413364050103,238.32049944087447,240.177021684634,37628900,247.9516166687012,236.87988342285155,35.424501933663194,1.2850392068395422,3.343404946517134,0.0
2025-01-10,235.14356994628903,238.4297199246896,231.32130202918376,238.28079154222544,61710900,247.40955047607423,236.95347961425784,35.02669742222858,0.378522865398935,2.7504285302934948,0.0
2025-01-13,232.7111968994141,232.9792558543989,228.06492247356016,231.8474698930612,49630700,246.8094039916992,236.9730731201172,29.808406991670765,-0.5300598430633556,2.094330855622125,0.0
2025-01-14,231.59927368164065,234.41880854341963,230.7951119565212,233.0586839045808,39435300,246.0806907653809,237.04123596191403,19.287445118238367,-1.3245722520449306,1.410550234088714,0.0
2025-01-15,236.1562042236328,237.2383625727966,232.74098609709984,232.94947976770305,39832000,245.57138671875,237.2836422729492,27.3082484447051,-1.5684428169622322,0.8147516238785248,0.0
2025-01-16,226.61546325683597,236.29521800986595,226.38712456587973,235.63998458586752,71759100,244.4405937194824,237.39473571777344,16.747981079932345,-2.502720256149473,0.1512572478729252,0.0
2025-01-17,228.3230438232422,230.61639839146835,226.8338509712665,230.44762501944007,68488300,243.27405853271483,237.55783172607423,18.37973709093039,-3.0699657230797186,-0.4929873463176035,0.0
2025-01-21,221.0359344482422,222.8031087860845,217.79942737812888,222.38613659782595,98070400,242.01271133422853,237.54662475585937,16.937533253653072,-4.06071131571079,-1.206532140196241,0.0
2025-01-22,222.2173614501953,222.5052654056773,218.2064601780486,218.2064601780486,64126500,240.72406311035155,237.57352447509768,20.21829728120659,-4.696415693648163,-1.9045088508866252,0.0
2025-01-23,222.0485992431641,225.394314538592,220.69839703644928,223.1208199792776,60234800,239.1936683654785,237.50263916015624,20.92563301708084,-5.154416784688209,-2.554490437646942,0.0
2025-01-24,221.1749267578125,224.00439930767484,219.81480209957203,223.160517277336,54697900,237.58087234497071,237.4196417236328,23.87795210324316,-5.524204427101608,-3.148433235537876,0.0
2025-01-27,228.20391845703125,230.47741293083345,222.36627749626695,222.4059977899183,94863400,236.17407913208007,237.5314306640625,35.61378280196149,-5.190252906808553,-3.556797169792011,0.0
2025-01-28,236.5434112548828,238.45951413038736,229.1470890329199,229.1868093297106,75707600,235.14355926513676,237.8100094604492,43.72205179947902,-4.204203111800979,-3.686278358193805,0.0
2025-01-29,237.63546752929688,238.1318651456976,232.3240069742682,232.4332150558305,45486100,234.33790588378903,238.0927575683594,47.25906778180386,-3.296630229299893,-3.608348732415023,0.0
2025-01-30,235.8782196044922,239.05516137192973,235.500967711044,236.95044029141235,55658300,233.61266860961916,238.2788070678711,45.20367599495202,-2.6881797400963023,-3.424314933951279,0.0
2025-01-31,234.29966735839844,245.40904807772532,231.7581140684966,245.40904807772532,100959800,232.8968620300293,238.49722137451167,49.1328020532016,-2.306763385108411,-3.2008046241827053,0.0
2025-02-03,226.36724853515625,230.15973381299625,224.0738938399255,228.33299411580023,73063300,232.11056823730468,238.4970227050781,44.142992262822304,-2.6144305528823963,-3.083529809922644,0.0
2025-02-04,231.1227264404297,231.45035067549784,225.0170268486458,225.61271003037928,45067300,231.5863716125488,238.5867712402344,49.58776518864386,-2.446331885015354,-2.956090224941186,0.0
2025-02-05,230.79510498046875,230.9936609938165,226.62536810475493,226.88348940722173,39620300,230.9643844604492,238.65567138671875,44.996281515614925,-2.312887268705964,-2.8274496336941413,0.0
2025-02-06,231.5397186279297,232.1155417136993,228.7698112868805,229.62361584180036,29925300,230.51812286376952,238.7489944458008,55.49888630495888,-2.1225795744358606,-2.686475621842485,0.0
2025-02-07,225.9900054931641,232.31410688860944,225.622660920367,230.92419948813392,39707200,229.77005310058595,238.70451812744145,47.60060185036975,-2.3920013224455943,-2.627580761963107,0.0
2025-02-10,226.25833129882807,229.1803610121675,225.81108525741095,228.1666073624245,33115600,229.3257911682129,238.60584045410155,56.27716473277184,-2.554422555648728,-2.612949120700231,0.0
2025-02-11,231.1979522705078,233.79199753404615,226.7354100570617,226.80497424991785,53718400,229.2501289367676,238.56247039794923,59.89998950374232,-2.258521591834551,-2.542063614927096,0.0
2025-02-12,235.42198181152344,235.5114431570428,229.2698195612854,229.7866449882993,45243300,229.4412643432617,238.6061624145508,63.53257032956649,-1.663992593074795,-2.366449410556636,0.0
2025-02-13,240.05349731445312,240.85854326211725,234.12993999243653,235.46174477414044,53614100,229.63612899780276,238.69483032226563,67.7531361492862,-0.8097650172535396,-2.0551125318960164,0.0
2025-02-14,243.10470581054688,244.048895192642,239.5167740261789,239.77517912233392,40896200,230.4605911254883,238.79964813232425,65.14557174053303,0.1121309408959803,-1.621663837337617,0.0
2025-02-18,242.9755096435547,243.6811607859394,240.36158248040348,242.6574585849239,48822500,231.1932144165039,238.8411227416992,57.84754465199924,0.8228300065704843,-1.132765068555997,0.0
2025-02-19,243.37306213378903,244.5060925083624,241.6735241546838,243.16435439309652,32204200,232.3100708007813,238.88340026855468,57.12088415702272,1.4019821226980014,-0.6258156303051974,0.0
2025-02-20,244.3271942138672,245.271383642118,242.7966000469895,243.4426355672204,32316900,233.41556243896488,238.9441650390625,60.69924432548494,1.9158698767905091,-0.117478528886056,0.0
2025-02-21,244.0489044189453,247.1697083342209,243.72091995824803,244.44645306890683,53197400,234.5155776977539,239.00333526611328,62.76622357345405,2.27445545687732,0.3609082682666191,0.0
2025-02-24,245.5894317626953,247.3386670527108,242.92580728065096,243.43268408373555,51326400,235.73630294799804,239.01567932128907,80.231330894179,2.6523699250293475,0.8192005996191648,0.0
2025-02-25,245.52980041503903,248.47171215983585,243.41283173998391,246.48393846255715,48013300,236.60259704589845,239.0065774536133,76.58526311521476,2.913473404537399,1.2380551606028116,0.0
2025-02-26,238.89064025878903,243.48239258336395,237.66816369812489,242.83637220684057,44433600,236.7199584960937,238.8901077270508,62.11633807513034,2.5552200679890973,1.5014881420800688,0.0
2025-02-27,235.849365234375,240.97782529617328,235.61082691795045,237.9464672073869,41153600,236.63065338134768,238.68362426757807,56.035213335219446,2.002809103583644,1.6017523343807838,0.0
2025-02-28,240.3615875244141,240.61005923211764,228.7927454203557,235.5014815283524,56833400,236.85482177734372,238.5640103149414,70.72823114939109,1.907133811547311,1.6628286298140893,0.0
2025-03-03,236.5749053955078,242.53822699216576,234.6666443044386,240.3119148031628,47184000,236.9685836791992,238.31088195800783,63.50865835895776,1.508369309651158,1.6319367657815032,0.0
2025-03-04,234.4877014160156,238.60240725621293,233.2453429373596,236.25683384188991,53798100,237.37460632324215,237.96756103515625,54.655398545232494,1.012256982910884,1.5080008092073791,0.0
2025-03-05,234.29888916015625,235.1039350742086,227.82867612475383,233.98083809185871,47227600,237.5334144592285,237.72828125,48.20577376021826,0.5969673505767616,1.3257941174812558,0.0
2025-03-06,233.8913726806641,236.4059049662456,231.73464023473684,233.0068140722837,45170400,237.68822784423827,237.44630218505856,38.61960014270553,0.2322864966737086,1.1070925933197462,0.0
2025-03-07,237.6085205078125,239.8944479764648,233.3248557337566,233.6727221740344,46273600,237.9916679382324,237.14534271240237,40.09316110776786,0.2404453523720917,0.9337631451302152,0.0
2025-03-10,226.08938598632807,234.71633209649931,222.84932017741133,234.10011191080184,72071200,237.99663696289065,236.59851348876956,28.422653923350595,-0.6748078176962906,0.6120489525649141,0.0
2025-03-11,219.48995971679688,224.4593937721428,216.1206840338927,222.4418047589131,76137400,237.65821838378903,235.8615170288086,23.65708088297417,-1.910646353436732,0.1075098913645848,0.0
2025-03-12,215.6535797119141,220.39442456790263,213.5962416730392,218.7942660196618,62547500,236.88099975585936,235.03151245117184,20.263859323976803,-3.163158182643599,-0.546623723437052,0.0
2025-03-13,208.39817810058597,215.5144112677834,207.14588618522245,214.6298526174969,61368300,235.5298095703125,234.1245053100586,17.702129353718007,-4.6872019587646605,-1.374739370502574,0.0
2025-03-14,212.18490600585935,212.6420854575803,208.2988048386841,209.9585940343847,60107600,234.1363800048828,233.360544128418,20.920584680884744,-5.525762782840388,-2.204944052970137,0.0
2025-03-17,212.6917724609375,213.904315554563,208.6864099217596,212.0059881512876,48073400,232.61573333740236,232.6420635986328,21.63460334473622,-6.079349434541996,-2.979825129284509,0.0
2025-03-18,211.3897857666016,213.83473880015984,210.19712464056028,212.85080057479257,42432400,231.03644714355468,232.0279968261719,23.832028634267857,-6.5476530212120565,-3.6933907076700185,0.0
2025-03-19,213.92420959472656,217.4226803637017,212.443312738742,212.91044076829724,54385400,229.5640045166016,231.47434783935543,28.934296518769017,-6.6377641524426,-4.282265396624535,0.0
2025-03-20,212.7911834716797,216.16045933121796,210.92267131595003,212.6818553101102,48862900,227.9872039794922,230.86547454833985,21.67079017757752,-6.723103855929622,-4.770433088485553,0.0
2025-03-21,216.9356842041016,217.5021918152461,209.9884097524224,210.26669685360037,94127800,226.63154296875,230.39488922119145,29.96756400039844,-6.382733435779755,-5.092893157944394,0.0
2025-03-24,219.3806304931641,220.1260455978378,217.24377992596973,219.6489841771892,44299500,225.32110290527345,229.963473815918,34.7021021809838,-5.848285300799461,-5.243971586515407,0.0
2025-03-25,222.3821563720703,222.7300227946097,218.73459388406312,219.4203781558929,34493600,224.163720703125,229.7082455444336,38.5831014551822,-5.123473041733519,-5.219871877559029,0.0
2025-03-26,220.17575073242188,223.64442126802376,219.12223310716143,222.1436424317859,34466100,223.22797622680665,229.4575366210937,37.29750369613959,-4.673222598713807,-5.110542021789985,0.0
2025-03-27,222.4815673828125,223.61459773398053,219.21167130142223,220.0365991694977,37094800,222.55958633422853,229.2751824951172,35.61435870884458,-4.083266392342807,-4.905086895900549,0.0
2025-03-28,216.56793212890625,222.44180687800483,216.34927581514728,220.31488968867507,39818600,221.36990356445312,228.88341705322264,39.86455493558775,-4.046260024217418,-4.733321521563923,0.0
2025-03-31,220.7720947265625,224.24075018814543,214.90815310911736,215.6833836525119,65299300,220.57976303100585,228.7665496826172,51.4381512466967,-3.6357804114945225,-4.513813299550042,0.0
2025-04-01,221.8256072998047,222.31260214779184,217.5618242432653,218.46626491168396,36412700,219.9466583251953,228.63660095214843,57.38405559518968,-3.1887052912792626,-4.248791697895887,0.0
2025-04-02,222.5213165283203,223.8133724100327,219.66886624627367,219.9670353213626,35905900,219.3577796936035,228.66630859375,70.04234649288061,-2.746596067282809,-3.9483525717732713,0.0
2025-04-03,201.94786071777344,206.2215769781628,200.0197179050274,204.28348559152053,103419000,217.76060409545897,228.2609185791016,40.16046669273353,-4.010101314653639,-3.9607023203493448,0.0
2025-04-04,187.22840881347656,198.65810753704545,186.19475800144227,192.70471987275084,125910900,215.2415985107422,227.5645147705078,30.77730654420789,-6.128529209493166,-4.394267698178109,0.0
2025-04-07,180.3507080078125,192.96311894309864,173.55251067175698,176.11674047268428,160466300,212.9546646118164,226.7480303955078,28.387533688183268,-8.267073872745328,-5.168828933091553,0.0
2025-04-08,171.365966796875,189.176417114886,168.175598539417,185.55866963100107,120859500,210.5484649658203,225.61127136230468,22.80921978140894,-10.565091652829665,-6.248081477039175,0.0
2025-04-09,197.6343994140625,199.38363475051756,170.83920418374143,170.89883496621582,184395900,209.64750595092767,224.8330911254883,42.6703752300942,-10.149645526421182,-7.028394286915577,0.0
2025-04-10,189.2559356689453,193.5892830219747,181.88129692496372,187.9141974958541,121880000,208.6903938293457,223.86550048828124,37.14100477124426,-10.376855549199718,-7.698086539372406,0.0
2025-04-11,196.93865966796875,198.32016168749277,184.92257212057936,184.96233608452025,87435900,207.9280815124512,223.0867092895508,40.058111859380766,-9.823747463999268,-8.123218724297779,0.0
2025-04-14,201.28195190429688,211.63825017625837,199.93026529720836,210.14742002868311,101352900,207.35759048461915,222.42635498046877,40.76233886635181,-8.931975680798956,-8.284970115598014,0.0
2025-04-15,200.9042816162109,202.26590170954893,198.57859009217825,200.6259945192588,51343900,206.8333152770996,221.91709564208983,41.42566282703461,-8.161632731975942,-8.2603026388736,0.0
2025-04-16,193.0823974609375,199.47308245703653,191.19400339685228,197.1473909296092,59732400,205.79122467041012,221.1562890625,37.53161257389642,-8.089045593780583,-8.226051229854997,0.0
2025-04-17,195.77581787109372,197.6145145196776,193.2314700862815,195.99447418061752,52164700,204.9404563903809,220.4559033203125,40.93430003475569,-7.725132725224427,-8.125867528928884,0.0
2025-04-21,191.97918701171875,192.6152739871965,188.64966000796989,192.08851517151223,46742500,203.69263153076173,219.6646926879883,37.40104970109265,-7.6548452446222655,-8.03166307206756,0.0
2025-04-22,198.5189666748047,200.3576482646354,194.77200897005903,194.921085932704,52976400,202.64954833984376,219.1152719116211,40.2688988343249,-6.9908501770710245,-7.823500493068254,0.0
2025-04-23,203.3492431640625,206.7284521815966,201.56024391015845,204.74067860292735,52929200,201.69790267944336,218.6570901489258,42.26233166430988,-6.005637111589266,-7.459927816772456,0.0
2025-04-24,207.09619140625,207.55338601533765,201.6993932641485,203.63746952607696,47311000,201.0439247131348,218.17505493164063,52.40438191961464,-4.866404370178799,-6.941223127453726,0.0
2025-04-25,208.0006256103516,208.46775361357265,204.9394524859384,205.1084114199,38222300,200.3198776245117,217.6266278076172,61.13834798779119,-3.846236908402574,-6.322225883643496,0.0
2025-04-28,208.8553924560547,210.2070792460064,206.1917828448175,208.716248896744,38743100,199.93425064086915,217.0026657104492,66.34003215729399,-2.934942118369065,-5.64476913058861,0.0
2025-04-29,209.9188232421875,210.94252536243695,207.09617339881703,207.4142244323549,36827600,199.3915870666504,216.33894805908204,74.30757188657006,-2.102685999439132,-4.936352504358715,0.0
2025-04-30,211.20095825195312,212.2743578831654,205.4065960245207,208.0205233254963,52286500,198.8603546142578,215.70345703125,62.48858031870603,-1.324392674718581,-4.213960538430689,0.0
2025-05-01,212.0159454345703,213.2483553954001,207.62295230903425,207.80185982414437,57365700,198.3350860595703,215.0763146972656,74.34101706155816,-0.6345126858003027,-3.498070967904612,0.0
2025-05-02,204.09466552734372,205.7246393133032,200.92416412992952,204.83013207172812,101010600,198.4424263000488,214.27166412353515,57.6142405599692,-0.7186744798362668,-2.942191670290943,0.0
2025-05-05,197.67416381835935,202.8523212109494,196.99832800962005,201.85843431656065,69018500,198.96471405029297,213.34416931152344,46.32369633022673,-1.2885999593009387,-2.611473328092942,0.0
2025-05-06,197.2964630126953,199.42338015596505,195.81558138809012,196.9983091053983,51216500,199.8120018005371,212.37830993652344,46.32366751955698,-1.7505678498256714,-2.439292232439488,0.0
2025-05-07,195.05029296875,198.2207944248892,192.0686324392914,197.9524407308952,68536700,200.9962181091309,211.36871978759768,52.2623408863981,-2.271740669556351,-2.4057819198628607,0.0
2025-05-08,196.28273010253903,198.82707814993435,193.48989516366865,196.51131984408343,50478900,200.9286346435547,210.51656158447267,50.60301498416271,-2.555864096911364,-2.4357983552725613,0.0
2025-05-09,197.31634521484372,199.31405222350435,196.3323918231404,197.7834732241415,36453900,201.3316551208496,209.74590118408204,56.7957309467503,-2.6668876381947086,-2.482016211856991,0.0
2025-05-12,209.7761383056641,210.2538405413652,205.7555765269304,209.95528044040137,63775800,201.9735290527344,209.13419219970703,62.45579900806086,-1.7295364038846517,-2.331520250262523,0.0
2025-05-13,211.9058532714844,212.37359390520237,207.9947628663851,209.4178776391113,51909300,202.50472412109372,208.64081115722652,60.069463398657135,-0.8055428024778735,-2.0263247607055934,0.0
2025-05-14,211.3087158203125,212.9109724892217,209.56713314477625,211.40822571910564,49325800,203.0249458312988,208.1772314453125,55.35425447487299,-0.1200711131218952,-1.645074031188854,0.0
2025-05-15,210.43295288085935,211.93569971673276,208.53213606160296,209.93535780893237,45029500,203.89247360229493,207.69991271972657,53.09382136284573,0.3484862564527589,-1.2463619736605314,0.0
2025-05-16,210.24386596679688,211.54757782116647,208.7610423595207,211.33858120774948,54737900,204.6158760070801,207.22696258544923,51.79650448143911,0.6965343989412531,-0.8577826991401745,0.0
2025-05-19,207.77581787109372,208.47244800462508,203.27755371752323,206.9100072183761,46140500,205.4057075500488,206.63030853271485,47.32447868445217,0.7644026465449087,-0.5333456300031578,0.0
2025-05-20,205.8650360107422,207.46729276724128,204.0438362053752,206.67113760639387,42496600,205.7730110168457,206.22582153320312,43.441109246761485,0.6564375907471458,-0.2953889858530971,0.0
2025-05-21,201.11798095703125,206.0441693385156,199.74462882701684,204.1831685508297,59211800,205.66144790649412,205.8583819580078,37.78503923891252,0.1856863593760067,-0.1991739168072763,0.0
2025-05-22,200.39149475097656,201.7748084903006,198.7394754118135,199.7446272097534,46742400,205.3262130737305,205.55314025878903,45.05112800537361,-0.2432052298949543,-0.2079801794248119,0.0
2025-05-23,194.33079528808597,196.7491001935844,192.5295034494263,192.7384848883374,78432900,204.6427215576172,205.27179260253905,45.48857829610653,-1.059934435282031,-0.3783710305962557,0.0
2025-05-27,199.2470245361328,199.77447409530296,196.4803819774073,197.34620772495165,56288500,204.16230316162108,205.01303497314453,52.34481847797376,-1.2955651327037003,-0.5618098510177447,0.0
2025-05-28,199.45602416992188,201.7549111726597,198.9385209981625,199.6252046868552,45339700,203.6391632080078,204.74832000732425,55.56900119274846,-1.448739467501582,-0.7391957743145122,0.0
2025-05-29,198.9882659912109,202.8297005493605,197.5551897560925,202.60081106845576,51396800,203.0285285949707,204.5002896118164,53.48730911353787,-1.5895520407304105,-0.909267027597692,0.0
2025-05-30,199.88394165039065,200.9886032908641,195.83351057352263,198.4110493394953,70819900,202.4219284057617,204.21948425292967,53.32132207053749,-1.610310818559384,-1.0494757857900303,0.0
2025-06-02,200.7298583984375,201.15779807678396,199.15745607510848,199.31669015009305,35423300,202.2536880493164,203.97825775146484,33.27201079427172,-1.5407431595378114,-1.1477292605395868,0.0
2025-06-03,202.2923126220703,202.78990771325485,199.99342573046133,200.38154929416936,46381600,202.48459548950197,203.68539031982425,31.84212119028749,-1.3440400338090228,-1.186991415193474,0.0
2025-06-04,201.84446716308597,205.24801554678163,201.1279290627925,201.9340306292736,43604000,202.71199569702148,203.33466705322263,32.022716482782656,-1.2103367664041684,-1.191660485435613,0.0
2025-06-05,199.66500854492188,203.76518718349973,199.18730633012683,202.52119947175677,55126100,202.94273147583007,202.8803240966797,30.51156291251732,-1.2656504293860564,-1.2064584742257018,0.0
2025-06-06,202.9391632080078,204.71060036976428,201.0781625818177,202.023590138985,46607700,203.27555313110352,202.5355923461914,38.10756923615041,-1.033377851141239,-1.1718423496088093,0.0
2025-06-09,200.48106384277344,205.0091823144686,199.05794913802785,203.4069254763425,72862600,203.4337890625,202.09558227539063,38.11991783549306,-1.0357092238041332,-1.144615724447874,0.0
2025-06-10,201.69517517089844,203.36710243054736,199.605285078082,199.63513956616535,54672600,203.0297409057617,201.79812713623048,43.051377031373,-0.928880657990959,-1.1014687111564911,0.0
2025-06-11,197.82391357421875,203.5164029296752,197.4556980468273,202.5212126953003,60989900,202.32564392089844,201.3391635131836,44.345754444193005,-1.143416118037834,-1.1098581925327595,0.0
2025-06-12,198.24188232421875,198.7195693623348,196.4107360236097,198.12246436103905,43904600,201.67230224609372,200.86748901367187,46.27070572732052,-1.2651268361025814,-1.1409119212467242,0.0
2025-06-13,195.50511169433597,199.4062554549193,194.7587190445596,198.769334334526,51447300,200.9259101867676,200.3271649169922,52.30287883793191,-1.5643847214590494,-1.2256064812891894,0.0
2025-06-16,197.46563720703125,197.7343428123237,195.61458283187795,196.3510290449251,43020700,200.2869987487793,200.23752044677732,46.048561953417405,-1.6246230839426232,-1.3054098018198763,0.0
2025-06-17,194.6990203857422,197.43579358003367,194.27109586617132,196.2515147499311,38856200,199.6331588745117,200.38693267822265,40.52337489505205,-1.8740029367725413,-1.4191284288104096,0.0
2025-06-18,195.6344757080078,196.6197193940347,194.13174409281177,194.9975546383106,45394700,199.121630859375,200.69260803222656,43.440997807240045,-1.973406636936943,-1.5299840704357164,0.0
2025-06-20,200.03323364257807,200.7298637574877,195.9131467510872,197.28651411005004,96813500,199.06739349365236,201.26595336914065,50.25678549907301,-1.6778999954255198,-1.5595672554336772,0.0
2025-06-23,200.53082275390625,201.3269779408771,198.00304635957568,200.6602023375907,55814300,199.07435989379883,201.3238818359375,49.65350237798736,-1.3875626121932498,-1.525166326785592,0.0
2025-06-24,199.33657836914065,202.4614746491071,199.2370532858301,201.61555699715424,54064000,199.32464904785155,201.5254946899414,44.78759055460508,-1.2395449823806928,-1.468042057904612,0.0
2025-06-25,200.59051513671875,202.6903668657116,199.65503400834336,200.4810436177515,39525700,199.39182357788087,201.5985317993164,47.84979913247837,-1.0094217412975863,-1.3763179945832071,0.0
2025-06-26,200.03323364257807,201.6653449912509,198.5006473897771,200.461158146952,50799100,199.4206840515137,201.57355743408203,50.66860610090599,-0.8620778768329274,-1.2734699710331512,0.0
2025-06-27,200.1128387451172,202.24254507531293,199.03803155248616,200.91894034324127,73188600,199.47691268920897,201.55772857666017,44.19460512558203,-0.7304630132824457,-1.16486857948301,0.0
2025-06-30,204.18316650390625,206.3924899085516,198.3015889216639,201.03836190454115,91912800,199.6918739318848,201.77974395751957,57.13192208358736,-0.2943230794488158,-0.9907594794761712,0.0
2025-07-01,206.8204345703125,209.17903048404247,205.14850713857425,205.6759567295316,78788900,199.9964027404785,202.0006362915039,59.36031220269098,0.261116464657789,-0.7403842906493793,0.0
2025-07-02,211.418212890625,212.313878014992,207.13889190503232,207.90519262679368,67941800,200.45269775390625,202.38941680908204,74.18559347432338,1.06008854938554,-0.3802897226423954,0.0
2025-07-03,212.5228576660156,213.6175577099725,210.7912213537831,211.1295823572572,34955800,200.98661727905272,202.66949462890625,74.80128087579511,1.7621028593955828,0.0481887937652001,0.0
2025-07-07,208.94017028808597,215.18996325511677,207.7957076824449,211.65703516300363,50229000,201.45037536621092,202.78131317138676,72.6662383023593,2.006234703364669,0.4397979756850939,0.0
2025-07-08,208.99989318847656,210.4130614823681,207.44739887083225,209.08947184941584,42848900,201.7534118652344,202.81938720703124,70.79299620784717,2.1794072375212465,0.7877198280523245,0.0
2025-07-09,210.1244354248047,210.3135239719546,206.22329208627588,208.52217876921287,48749400,202.23558044433597,202.8618634033203,79.55757780602846,2.3799542476641875,1.1061667119746972,0.0
2025-07-10,211.38833618164065,212.4531817093425,209.01977884626092,209.49746585002455,44443600,202.72023849487303,202.91252227783204,79.81168980793029,2.6107799798296014,1.4070893655456782,0.0
2025-07-11,210.14434814453125,211.1096837700706,208.8505979590809,209.55718962168865,39765800,203.33626022338868,202.9170327758789,71.72796191125744,2.662638359849865,1.6581991644065155,0.0
2025-07-14,207.61656188964844,209.89555581124029,206.5417547175356,208.92025854176603,38840100,203.80499420166012,202.8453448486328,64.004702303079,2.471277920902452,1.8208149157057028,0.0
2025-07-15,208.10421752929688,210.87084499335575,207.9151289669034,208.2136890556617,42296300,204.4349494934082,202.7671102905273,67.82683587283228,2.332090244309853,1.923069981426533,0.0
2025-07-16,209.14915466308597,211.37837076419683,207.63646146204945,209.28848066940537,47490500,205.01912536621091,202.86820007324215,67.55105272084046,2.27982035173406,1.9944200554880385,0.0
2025-07-17,209.0098571777344,210.78129457926272,208.5819174807461,209.55721484346455,48068100,205.73466720581052,203.09491394042968,68.72928226045741,2.201775247873286,2.035891093965088,0.0
2025-07-18,210.16424560546875,210.77131219576944,208.69136845628208,209.8557390930104,48974600,206.4611557006836,203.35226959228515,70.07156216121018,2.20762530890849,2.0702379369537685,0.0
2025-07-21,211.4580078125,214.74213848423943,210.61210526026528,211.07984586548804,51377400,207.0323944091797,203.68042388916012,66.3388819358102,2.2902566688683805,2.114241683336691,0.0
2025-07-22,213.36875915527344,213.91611676733493,211.20919838168209,212.1148250502387,46404100,207.67429122924804,204.02214447021484,65.20331620344162,2.481321155794745,2.1876575778283023,0.0
2025-07-23,213.1199493408203,214.1151394198069,211.3883283220368,213.9658669821171,46989300,208.363459777832,204.3382165527344,54.950686237691535,2.5828903138485373,2.2667041250323496,0.0
2025-07-24,212.7318420410156,214.65256693634575,212.50295255730364,212.87116805528336,46022600,208.97052612304688,204.39733062744145,50.634426533259216,2.6020725156003266,2.333777803145945,0.0
2025-07-25,212.85128784179688,214.20474714033003,212.37358560556336,213.66733592091677,40268800,209.6114288330078,204.4162393188477,65.03455403533181,2.59697649805392,2.38641754212754,0.0
2025-07-28,213.02044677734372,213.8166019050196,212.03520309848784,213.00053872316795,37858000,210.25680923461917,204.45047393798828,65.32628358373904,2.576882878047769,2.424510609311586,0.0
2025-07-29,210.25384521484372,213.77681196541133,209.80601264614248,213.14983725799084,51411700,210.560343170166,204.446891784668,50.43842190858534,2.311076266184841,2.401823740686237,0.0
2025-07-30,208.0445098876953,211.36844143995228,206.7209051278188,210.88079278566187,45512500,210.62154693603517,204.40290466308596,39.35360126858399,1.9002428972754613,2.3015075720040823,0.0
2025-07-31,206.5716094970703,208.83068001568543,206.16357792510368,207.48718253646683,80698400,210.37921676635744,204.37882049560548,38.78819859775269,1.4392133845213664,2.1290487345075397,0.0
2025-08-01,201.40660095214844,212.5527283441607,200.530828701964,209.8557561748323,104434500,209.82340393066409,204.2896517944336,33.2797321970002,0.6495831600106214,1.833155619608156,0.0
2025-08-04,202.37193298339844,206.88014336875773,200.70995198839023,203.52634207300895,75109300,209.4949920654297,204.31473083496093,34.952924693127315,0.1005308879151698,1.4866306732695589,0.0
2025-08-05,201.9439849853516,204.35234334482283,201.18764593221573,202.42167200915333,44155100,209.14219665527344,204.34578063964844,30.45350381328008,-0.3649222241168104,1.1163200937922848,0.0
2025-08-06,212.2242889404297,214.3440487139093,204.6011291257884,204.64094523363173,108483100,209.2471893310547,204.7036505126953,55.62517189723816,0.09464641927309,0.911985358888446,0.0
2025-08-07,218.97169494628903,219.78775818606877,215.53829184895108,217.82723230897545,90224800,209.6263572692871,205.09814392089845,62.88962760196496,0.991883340695324,0.9279649552498216,0.0
2025-08-08,228.2468719482422,229.88892965735025,218.1954451401473,219.7678474336444,113854000,210.53148345947267,205.67396087646483,69.9173708111114,2.423443386515885,1.2270606415030345,0.0
2025-08-11,226.3438720703125,228.71511750604432,223.9327805410339,227.08115402328403,61806100,211.46784896850585,206.22107299804688,65.39578091035204,3.36561216848898,1.6547709469002236,0.0
2025-08-12,228.8047790527344,229.95055565919736,226.23428798669784,227.17081559543823,55626200,212.50287704467772,206.7994897460937,67.68275795157373,4.261735706598586,2.176163898839896,0.0
2025-08-13,232.4712677001953,234.1351197052745,229.5819315694875,230.21959074533876,69878500,213.6689826965332,207.4343179321289,70.7220603476308,5.207743433899566,2.78247980585183,0.0
2025-08-14,231.9232940673828,234.2546784716922,230.00040438081012,233.1985820425246,51916300,214.8146545410156,208.0269375610352,69.84288612252298,5.845857079350907,3.395155260551645,0.0
2025-08-15,230.73765563964844,233.417757832359,228.4959365092947,233.1387895567921,56038700,215.84332504272464,208.6048013305664,68.05151557080515,6.184603370533694,3.9530448825480553,0.0
2025-08-18,230.04022216796875,232.2620105258568,229.26309412883964,230.8472385776313,37476200,216.77243576049804,209.21230560302732,71.04716426825428,6.3238873573886565,4.427213377516176,0.0
2025-08-19,229.71145629882807,232.0129522601839,228.50591803460907,230.42880766374827,39402600,217.58957061767575,209.74775146484376,74.00807841028788,6.3347195585841405,4.808714613729769,0.0
2025-08-20,225.1781768798828,229.6217687789582,224.93906991665557,229.1335667246527,42263900,218.1924819946289,210.24169372558595,69.30756247169734,5.909386662185199,5.028849023420856,0.0
2025-08-21,224.07228088378903,225.68632903786573,222.9564077521854,225.4372491279448,30621200,218.7595039367676,210.68923583984372,75.68317027524611,5.420585576575263,5.1071963340517375,0.0
2025-08-22,226.9217529296875,228.2468598588307,224.58041092619504,225.33760837029212,42477800,219.4630271911621,211.27119262695317,76.67896730365328,5.203157019413226,5.126388471124035,0.0
2025-08-25,226.323974609375,228.456098045362,225.3973894325087,225.6464693442017,30983100,220.1282035827637,211.83283447265623,76.3969718687519,4.925825753698263,5.086275927638882,0.0
2025-08-26,228.46603393554688,228.64537936019505,223.8630424721864,226.03501179732245,54575100,221.03881301879883,212.4920529174805,71.34752973539082,4.823285184029885,5.033677778917083,0.0
2025-08-27,229.6417236328125,230.050203138926,227.41991984776428,227.7686378094015,31259500,222.1186737060547,213.1355746459961,66.43081875536026,4.781768130264965,4.983295849186659,0.0
2025-08-28,231.7040863037109,232.55096405412047,228.4959359400532,229.9704999102399,38074700,223.37529754638672,213.87567596435548,56.84414092093769,4.859266399435143,4.958489959236356,0.0
2025-08-29,231.2856292724609,232.52107103838583,230.51845893056876,231.65426265633036,39418400,224.86924896240237,214.5886990356445,60.39398306091076,4.831226973648995,4.933037362118884,0.0
2025-09-02,228.87454223632807,230.00038826150748,226.1346633063032,228.4062708029861,44075600,226.1943794250488,215.16552520751952,50.147040851113104,4.561864617530773,4.858802813201262,0.0
2025-09-03,237.59234619140625,237.9709525201245,233.49747185558655,236.33698891571112,66427800,227.9767974853516,215.90675567626957,58.89888864318165,4.994276025905549,4.88589745574212,0.0
2025-09-04,238.89752197265625,239.01707546456905,235.86871695735925,237.57241502764157,47549400,229.3104591369629,216.69797454833983,61.8083568908154,5.380261652898298,4.984770295173355,0.0
2025-09-05,238.80783081054688,240.43183651086892,237.61225041390915,239.1166874327268,54870400,230.3022659301758,217.4623208618164,64.19059056738536,5.614203670768205,5.110656970292325,0.0
2025-09-08,237.00450134277344,239.2661357937392,235.4701607098454,238.41927329094256,48999500,230.7401473999024,218.20174621582032,61.78754114821933,5.58965670533658,5.2064569173011765,0.0
2025-09-09,233.48748779296875,237.9011760108924,232.5011259859287,236.1277284647933,66313900,231.0973281860352,218.86923919677736,55.76861572430667,5.226165475394765,5.210398628919895,0.0
2025-09-10,225.955322265625,231.56460664903227,225.118417424808,231.3354573908009,83440800,230.9548553466797,219.3046823120117,51.08758646815311,4.280964948610716,5.024511892858059,0.0
2025-09-11,229.18341064453125,229.60186307827533,225.81584532196928,226.04500979013488,50208600,230.79046249389648,219.7519418334961,56.75179163967331,3.7491486236800142,4.76943923902245,0.0
2025-09-12,233.2085418701172,233.6469097348115,228.17712472443904,228.37638560886936,55824200,230.8547248840332,220.18774841308596,58.05465051765387,3.6108511606194327,4.537721623341847,0.0
2025-09-15,235.828857421875,237.31337916896248,234.16500543557729,236.12775635652343,42699500,231.10928497314453,220.65386840820312,61.57766158416681,3.670377167642414,4.364252732201961,0.0
2025-09-16,237.2735137939453,240.3322223551857,235.45026224943368,236.30708253667356,63421100,231.47094955444337,221.2205352783203,60.913591946275226,3.790429935957917,4.249488172953152,0.0
2025-09-17,238.1104431152344,239.21635855568803,236.8550706028844,238.09051246512183,46508000,231.8908988952637,221.80274627685543,60.58266977850998,3.9080561825078064,4.181201774864083,0.0
2025-09-18,237.00450134277344,240.31227437025743,235.77901734043184,239.0868055705458,44249600,232.4822151184082,222.34034759521484,56.78569754176499,3.8674539700926687,4.1184522139098,0.0
2025-09-19,244.59646606445312,245.3935247988757,239.32594197772087,240.3421770415445,163741300,233.5084243774414,223.0045101928711,64.39653917588078,4.397196385797798,4.1742010482874,0.0
2025-09-22,255.13751220703125,255.69547916115812,247.2068166293636,247.38616206443075,105517400,234.9192123413086,223.9043734741211,74.15685330027779,5.603007413626585,4.4599623213552375,0.0
2025-09-23,253.4935760498047,256.3928695916873,252.6467135530789,254.9382515607796,60275200,236.27769241333007,224.8219137573242,66.81410631854257,6.352739010766385,4.838517659237467,0.0
2025-09-24,251.38140869140625,254.7987929994329,250.11607847800005,254.2807025242173,42303700,237.42346115112304,225.6874575805664,62.97907025295531,6.699247692063295,5.210663665802633,0.0
2025-09-25,255.9246063232422,256.22352044118514,250.7836088309123,252.27808820484515,55202100,238.7376052856445,226.62296661376956,66.28745629270364,7.25680447348725,5.619891827339556,0.0
2025-09-26,254.51980590820312,256.6519291955366,252.84598111295836,253.1648106749593,46076300,239.87839126586917,227.5331655883789,66.79404915071679,7.498874232394769,5.995688308350599,0.0
2025-09-29,253.4935760498047,254.061485491106,252.07880411177769,253.6231024562692,40127700,240.98878860473636,228.39975219726563,70.14445226659062,7.521208280072386,6.300792302694957,0.0
2025-09-30,253.69287109375,254.97811672142572,252.17846100632588,253.9220203508673,37704300,242.2297050476074,229.24444946289063,82.76834121322726,7.468892870447092,6.5344124162453845,0.0
2025-10-01,254.5098571777344,257.8375764362911,253.9917666915456,254.1013624635733,48713900,243.07558059692383,230.06727142333983,81.72738436035772,7.407962104700118,6.709122353936332,0.0
2025-10-02,256.18365478515625,257.229778167004,253.2146115335708,255.6356607808825,42630200,243.9398872375488,230.92854553222656,80.58351935619501,7.40932542096391,6.849162967341847,0.0
2025-10-03,257.07037353515625,258.2858846694617,253.01536064819075,253.73271197999827,49155600,244.8530143737793,231.81531616210935,79.64401222826896,7.396692188168174,6.958668811507113,0.0
2025-10-06,255.7452850341797,258.1165305885388,254.1113214696764,257.0404883747525,44664100,245.7900535583496,232.67319610595703,75.86496000711061,7.196796502131576,7.006294349632007,0.0
2025-10-07,255.5360565185547,256.45265350411205,254.48990271765,255.86482860124664,31955800,246.8924819946289,233.5235083007813,74.83668105100023,6.941477704108507,6.993331020527307,0.0
2025-10-08,257.1102600097656,257.5685585594684,255.16742442767125,255.57591915435188,36496900,248.45022888183595,234.46063659667968,78.27920730286125,6.787913936248486,6.952247603671544,0.0
2025-10-09,253.1050262451172,257.0504585775582,252.2083446799687,256.8611554198282,38322000,249.64630966186525,235.36184692382807,63.31046085349534,6.27073947095883,6.815945977129001,0.0
2025-10-10,244.3673095703125,255.436420799504,243.10197943699816,254.00171816056968,61999100,250.204248046875,236.11776092529297,32.144060584657325,5.097058551491585,6.472168492001518,0.0
2025-10-13,246.7485198974609,248.7710475029622,244.6562426215344,248.46219085423505,38142900,250.7502311706543,237.02459930419923,39.08421210672504,4.309375936393849,6.039609980879984,0.0
2025-10-14,246.8581085205078,247.93413549962375,243.79940008876653,245.69241642712316,35478000,251.2294609069824,237.9143228149414,42.17240517947497,3.651878097498837,5.562063604203755,0.0
2025-10-15,248.42233276367188,250.8932163906544,246.559219921403,248.5717898296712,33893600,251.74505538940429,238.8438897705078,35.52485072021132,3.219909039728094,5.093632691308623,0.0
2025-10-16,246.53929138183597,248.1234359576197,244.22783772705108,247.33635013275975,39777000,252.22179489135743,239.53018981933596,34.8811300235942,2.6945634963170733,4.613818852310314,0.0
2025-10-17,251.3614654541016,252.44746537322092,246.35995200283696,247.10719170360767,49147000,252.56004486083984,240.17798522949215,46.46867168679875,2.636935563553948,4.2184421945590405,0.0
2025-10-20,261.2748718261719,263.4070106066718,254.68921311729665,254.9482507697476,90483000,252.86691284179688,240.8385452270508,59.50063057874816,3.3525479699752907,4.0452633496422905,0.0
2025-10-21,261.80291748046875,264.3136625920602,260.86637452698056,260.9162087553024,46695900,253.2823799133301,241.5477261352539,59.20522995452448,3.917130585947632,4.01963679690336,0.0
2025-10-22,257.49884033203125,261.882640960004,254.48993535873984,261.68336485657886,45015300,253.58825149536133,242.12160736083985,51.55665522846307,3.971482542905875,4.010005946103863,0.0
2025-10-23,258.6246337890625,259.6608147081683,257.0604350924048,258.98332466328685,32754900,253.72325286865237,242.6446746826172,51.829271796816855,4.05861381011033,4.019727518905157,0.0
2025-10-24,261.85272216796875,263.15789839957887,258.22610426270086,260.2287163700197,38253700,254.08989868164065,243.2432632446289,56.8799088859882,4.338138362389998,4.083409687602125,0.0
2025-10-27,267.8207092285156,268.12956591820625,263.67601542509226,263.9051799132,44888200,254.80625534057617,243.98492431640625,62.24918137144968,4.9837803456453855,4.263483819210777,0.0
2025-10-28,268.010009765625,268.8967489277785,267.1631319065021,268.000036838551,41534800,255.52211227416996,244.74432006835937,61.17696355657031,5.447930884254305,4.500373232219483,0.0
2025-10-29,268.7073974609375,270.4110953948544,266.1269030442272,268.28892986747474,51086700,256.23198928833006,245.5242388916016,67.16355377852082,5.805128975562525,4.761324380888092,0.0
2025-10-30,270.4011535644531,273.131090148023,267.4919171420092,270.98897852374654,69886500,256.94286422729493,246.42869842529296,83.89110218377252,6.153944161049537,5.0398483369203815,0.0
2025-10-31,269.3749389648437,276.29937269597025,268.16940070155243,275.9705701844509,86167100,257.5580924987793,247.33475158691405,80.53243591945184,6.275238721094183,5.286926413755142,0.0
2025-11-03,268.05975341796875,269.8531467885877,265.2700709373508,269.424736694289,50194600,258.17381591796874,248.15751159667968,77.70827907555514,6.19384229321787,5.4683095896476885,0.0
2025-11-04,269.0461730957031,270.49081837885313,266.6350661079627,267.3424445625432,49274800,258.8493217468261,249.01195556640624,77.36645428503628,6.138173814977677,5.602282434713686,0.0
2025-11-05,269.14581298828125,270.7000692568828,265.94760492323326,267.6214146886098,43683100,259.45109939575195,249.8255511474609,81.48761974634624,6.032556693086576,5.688337286388265,0.0
2025-11-06,268.7771301269531,272.3937751745226,266.90407480138714,266.90407480138714,51204000,260.2347045898438,250.60825927734376,77.69315765950911,5.851650552318574,5.720999939574327,0.0
2025-11-07,267.4819030761719,271.2878509444664,265.78814772800683,268.8069946610708,48227400,261.3904342651367,251.32381561279297,63.59652172052901,5.5399065399471965,5.684781259648901,0.0
2025-11-10,268.6986083984375,272.9869540449525,266.7339548671466,268.2298830249396,41312400,262.4879386901856,252.0720751953125,64.66265726351746,5.329588931575472,5.613742794034216,0.0
2025-11-11,274.5028076171875,275.16101963639426,269.0675899882029,269.07757258136417,46208300,263.8701736450195,252.9846405029297,83.98810264518505,5.567087165468536,5.604411668321079,0.0
2025-11-12,272.7276611328125,274.9815360542478,270.9624767916609,274.2535066981436,48398000,265.08544006347654,253.68734680175783,77.47634834640576,5.548111564603062,5.593151647577477,0.0
2025-11-13,272.2090759277344,275.9488963676571,271.3513946141157,273.36590026791555,49602800,266.36892929077146,254.35357788085935,72.55850066008927,5.428649677883357,5.560251253638652,0.0
2025-11-14,271.6705017089844,275.21085247368256,268.8681323529343,270.31417782757546,47431300,267.38438110351564,255.01083129882807,60.98370076272072,5.230226043454763,5.494246211601875,0.0
2025-11-17,266.73394775390625,269.7557213346742,265.00866346949266,268.0902717401977,45018300,267.6573348999024,255.6054202270508,47.13531318767144,4.621363039512062,5.319669577183912,0.0
2025-11-18,266.7140197753906,269.9751321987233,264.59977951795884,269.2570854665072,45677300,267.90289001464845,256.2699508666992,45.38459255616369,4.09007881831343,5.073751425409816,0.0
2025-11-19,267.8309631347656,271.47104873805114,264.77927226211665,264.8091896065648,40424500,268.4194961547852,257.107463684082,43.88574133389864,3.716320806802401,4.802265301688334,0.0
2025-11-20,265.5272521972656,274.68232536305425,265.1981613886433,270.0948061865016,45823600,268.76462707519534,257.8343405151367,41.37115903961105,3.197367408959792,4.481285723142626,0.0
2025-11-21,270.75299072265625,272.5879921198442,264.9488130991126,265.2280517805383,59030800,269.2096405029297,258.5852294921875,55.13857834917086,3.171210784083371,4.219270735330776,0.0
2025-11-24,275.1709899902344,276.24804478801667,270.16459800357205,270.16459800357205,65585800,269.5771545410156,259.3720721435547,60.33283702271291,3.467011537686915,4.068818895802004,0.0
2025-11-25,276.2181701660156,279.6189174225992,274.50283786370125,274.52277261748515,46914200,269.98756256103513,260.1509652709961,61.56174074425148,3.742789902393724,4.003613097120348,0.0
2025-11-26,276.79656982421875,278.7712060098946,275.8790842359358,276.2081750495132,33431400,270.3920211791992,260.9246878051758,63.020730620848354,3.962342840041856,3.99535904570465,0.0
2025-11-28,278.0930480957031,278.242634823177,275.2407959413455,276.50736791500816,20135600,270.77661590576173,261.7464587402344,67.22804242871072,4.192625113815723,4.0348122593268645,0.0
2025-12-01,282.3315124511719,282.65065109438723,275.3904143522869,277.2553332443013,46587700,271.4244445800781,262.50115966796875,70.15634235591912,4.663377611780675,4.160525329817627,0.0
2025-12-02,285.4131164550781,286.619823290159,281.86278279875575,282.231773534172,53669500,272.2921127319336,263.1066717529297,67.5433370856319,5.224882849964729,4.373396833847048,0.0
2025-12-03,283.378662109375,287.8365294074879,282.5309633672564,285.4231155973949,43538700,273.0087371826172,263.7043734741211,66.98474248317157,5.442973127517632,4.587312092581165,0.0
2025-12-04,279.9380187988281,283.95707766942763,277.8337308175164,283.3287830094401,43989100,273.54834747314453,264.2755056762695,61.27434832234962,5.277346122166307,4.725318898498194,0.0
2025-12-05,278.0232238769531,280.37683325787106,277.2951945750906,279.77845592816414,47265800,274.0106521606445,264.71747802734376,58.90912577015323,4.934693504579968,4.767193819714549,0.0
2025-12-08,277.1356506347656,278.9108174051644,275.4003533668138,277.374989388386,38211800,274.4933395385742,265.169794921875,66.45635319530666,4.5391940896631695,4.721593873704274,0.0
2025-12-09,276.42755126953125,279.26982065807096,276.16827776921565,277.4049018876359,32193300,274.8797866821289,265.6284744262695,65.04011257415085,4.121114609072436,4.601498020777907,0.0
2025-12-10,278.0232238769531,278.9905919368044,275.68957968235776,276.9960211276047,33038300,275.0558074951172,266.1150814819336,65.55082070413118,3.873885313941571,4.45597547941064,0.0
2025-12-11,277.2752685546875,278.8310314000742,273.0667227973629,278.34237127554803,33248000,275.28318786621094,266.57038970947264,68.81786763519756,3.5763743554225016,4.280055254613012,0.0
2025-12-12,277.52459716796875,278.4620479370953,276.0685689150702,277.14562382282355,39532900,275.54896392822263,266.9972085571289,62.90387863054614,3.322414783221518,4.0885271603347135,0.0
2025-12-15,273.3658752441406,279.3894873363706,272.0993337942639,279.3894873363706,50409100,275.6337326049805,267.32311859130857,46.52586891454401,2.753831434630797,3.8215880151939303,0.0
2025-12-16,273.8645324707031,274.752131096348,271.0522107383373,272.07941349564567,37648600,275.9902618408203,267.68550354003906,45.37247485353731,2.3167563797669004,3.5206216881085246,0.0
2025-12-17,271.10205078125,275.41033087528734,270.9026119684932,274.2634587890498,50138700,276.2096633911133,267.996823425293,39.68941944068093,1.7275479669140736,3.1620069438696348,0.0
2025-12-18,271.4511413574219,272.88723490520505,266.22537510199504,272.8672697170699,51630700,276.3906723022461,268.2836410522461,37.54683340924332,1.274077968995698,2.784421148894848,0.0
2025-12-19,272.9271240234375,273.8545921928022,269.1673383776201,271.4112306527045,144632000,276.7606658935547,268.6800830078125,30.32971157418224,1.0220180070153333,2.431940520518945,0.0
2025-12-22,270.23443603515625,273.13654030849926,269.7756932559407,272.1192896847017,36571800,276.7347381591797,269.1974255371094,17.727105792153154,0.598086880962569,2.0651697926076698,0.0
2025-12-23,271.62066650390625,271.7603010837797,268.8282792538215,270.1048034873943,29642000,276.5572219848633,269.69486846923826,24.29150608004953,0.3697137924629032,1.7260785925787163,0.0
2025-12-24,273.06671142578125,274.6823088952694,271.46109654935304,271.60070067851706,17910600,276.39964904785154,270.21904052734374,33.54045530770772,0.3019297562954648,1.4412488253220663,0.0
2025-12-26,272.6578369140625,274.6224904749486,272.11929424741834,273.41578359787746,21521800,276.1927124023438,270.7037506103516,36.14840749979122,0.2127650403429015,1.1955520683262335,0.0
2025-12-29,273.0168762207031,273.6152231466168,271.6107000753325,271.9497734782625,23715200,275.9389038085937,271.2333023071289,39.068412731325495,0.1691232840398129,0.9902663114689494,0.0
2025-12-30,272.3387145996094,273.3360001129787,271.54089836280934,272.0694584675055,22139600,275.43926391601565,271.65284729003906,39.13059703308774,0.0789053310194844,0.8079941153790564,0.0
2025-12-31,271.1220092773437,272.9370761103812,271.0123224859311,272.3187639976345,27293600,274.7247085571289,271.8497900390625,31.27718727697533,-0.0897365704850585,0.6284479782062335,0.0
