Date,Close,High,Low,Open,Volume,SMA_20,SMA_50,RSI,MACD,MACD_Signal,sentiment_score
2023-01-03,232.51052856445312,238.49846380336683,230.39484781786445,235.90725134496904,25740000,,,,0.0,0.0,0.0
2023-01-04,222.33978271484372,225.9985278733158,219.2924376104367,225.4259409938991,50623400,,,,-0.8113415492566105,-0.1622683098513221,0.0
2023-01-05,215.7501678466797,220.8355534662342,215.2163940531657,220.49587519530556,39585600,,,,-1.9634292306159296,-0.5225004940042436,0.0
2023-01-06,218.29283142089844,219.09834182718123,212.8774972822173,216.4197883428899,43613600,,,,-2.6408532060382583,-0.9461710364110464,0.0
2023-01-09,220.4182281494141,224.41666688908288,219.7291868413214,219.76800002138827,27369800,,,,-2.971955975321862,-1.3513280241932095,0.0
2023-01-10,222.09716796875,224.4845707252657,220.62201553173728,221.0393201111181,27033900,,,,-3.0635660115335384,-1.6937756216612756,0.0
2023-01-11,228.8129730224609,228.9876545278325,224.29047536414728,224.4651568695189,28669300,,,,-2.564694086770487,-1.867959314683118,0.0
2023-01-12,231.47210693359372,232.82109060207105,226.6681731391479,228.3180070431901,27269500,,,,-1.932488089139042,-1.8808650695743028,0.0
2023-01-13,232.1708984375,232.3067667845128,227.98807845959973,230.00670447846076,21333300,,,,-1.3594032919465064,-1.7765727140487435,0.0
2023-01-17,233.25784301757807,233.80131636601,230.09402846864725,230.94806647820477,29831300,,,,-0.8082056263114055,-1.582899296501276,0.0
2023-01-18,228.8518218994141,235.2279643938236,228.57038560512123,234.44186787994613,30028700,,,,-0.7186227509658067,-1.4100439873941824,0.0
2023-01-19,225.08631896972656,228.57039830777435,223.8732033417471,226.8817360225524,28623000,,,,-0.940629304547997,-1.3161610508249455,0.0
2023-01-20,233.1316680908203,233.63632824749808,227.59015038517927,227.92982862321077,35389800,,,,-0.4620524088963975,-1.145339322439236,0.0
2023-01-23,235.42205810546875,237.9356299735096,232.578507553011,233.98573343923675,31934000,,,52.75842069320048,0.1008757288527135,-0.8960963121808461,0.0
2023-01-24,234.89794921875,236.7515930613996,233.3451704275577,235.34438219144687,40234400,,,52.23963149471949,0.4989574557400829,-0.6170855585966604,0.0
2023-01-25,233.5101318359375,236.12075825686085,224.08664593705,227.5610098347346,66526600,,,62.54630784882047,0.6944496447780182,-0.3547785179217246,0.0
2023-01-26,240.68209838867188,240.9829486422917,234.85914439539755,236.46045082013288,33454500,,,77.64143758435267,1.411821772649489,-0.0014584598074818,0.0
2023-01-27,240.83741760253903,242.45813826853885,239.54666082597973,241.6429281386719,26498900,,,76.39171316904478,1.970166462285789,0.3928665246111723,0.0
2023-01-30,235.54820251464844,238.35292478678215,235.05324194345323,237.2950768809861,25867400,,,66.49032557632106,1.963232278068972,0.7069396753027323,0.0
2023-01-31,240.49771118164065,240.63357952072693,235.7811176840173,236.26636386768823,26541100,230.27939529418944,,68.7203336785866,2.330259095458956,1.031603559333977,0.0
2023-02-01,245.29193115234372,247.65022035562143,238.22674832599188,240.68209268360533,31259900,230.918465423584,,67.44754500239264,2.973704957510506,1.420023838969283,0.0
2023-02-02,256.79229736328125,256.8796381260482,249.65917223320272,251.182852423541,39940400,232.64109115600587,,72.58089273904488,4.361348963608464,2.008288863897119,0.0
2023-02-03,250.7266998291016,256.4040858932105,249.51358441442335,251.88158807324123,29077300,234.38991775512696,,65.10263587271726,4.914967125618375,2.5896245162413702,0.0
2023-02-06,249.19332885742188,250.6781810803212,247.2620584126065,249.8435718125182,22518000,235.93494262695316,,62.876379125911214,5.1703823359978855,3.105776080192673,0.0
2023-02-07,259.6648864746094,260.83917372488975,252.4055942735457,252.8423276033304,50841400,237.89727554321288,,72.67524210063922,6.146910161615068,3.7140028964771528,0.0
2023-02-08,258.8594665527344,268.5935048183664,258.3547915146365,265.13855400297484,54686000,239.7353904724121,,75.98565794864992,6.777695784366529,4.326741474055028,0.0
2023-02-09,255.8412322998047,265.8955501652922,255.0454213286766,265.7208390034506,42375100,241.0868034362793,,68.9381800746587,6.953891522364131,4.852171483716849,0.0
2023-02-10,255.3365478515625,256.29732581806934,252.96854410513563,253.812867726257,25818500,242.2800254821777,,67.11708356066647,6.972430261136481,5.276223239200776,0.0
2023-02-13,263.3139953613281,266.49720913120274,259.26702917112374,259.742590569191,44630900,243.83718032836916,,71.65041148330698,7.543874598433604,5.729753511047342,0.0
2023-02-14,264.1389465332031,266.85631358119707,261.3342091005598,264.624192764422,37047900,245.3812355041504,,73.53822585645891,7.971425388107349,6.178087886459343,0.0
2023-02-15,262.0276794433594,263.39950469785816,258.9726863891012,261.0547562578646,28922400,247.04002838134767,,67.7876404162924,8.047138456746154,6.551898000516706,0.0
2023-02-16,255.0518035888672,259.5175173851741,254.8085727958793,256.8711651698153,29603600,248.53830261230468,,60.63605274719654,7.458272405814284,6.733172881576222,0.0
2023-02-17,251.07254028320312,253.0475730473344,249.06832101285343,252.36654467181947,30000100,249.43534622192385,,61.84851139393937,6.594481448013369,6.705434594863652,0.0
2023-02-21,245.82847595214844,248.5721261983604,244.77771723097973,247.58946437392652,28397400,249.9556671142578,,54.05034406655904,5.424241446711847,6.449195965233292,0.0
2023-02-22,244.69993591308597,247.45331065690425,243.5616174239113,247.21007982984216,22491100,250.4457664489746,,49.52366499862858,4.3555460414739,6.030465980481414,0.0
2023-02-23,247.8716735839844,249.88561709758145,243.6978243086114,248.640276459794,29219100,251.16384353637696,,41.71130803850936,3.721629329732679,5.568698650331667,0.0
2023-02-24,242.47189331054688,244.20369522047608,241.3822242019968,243.1918617404836,24990900,251.2533332824707,,42.233868668548766,2.751807504365076,5.005320421138348,0.0
2023-02-27,243.38644409179688,245.97442307770388,242.63728915469156,245.62417017099744,21190000,251.3807846069336,,44.47251566769326,2.03357157810143,4.410970652530965,0.0
2023-02-28,242.6664886474609,244.6804466802184,241.99516930320848,242.3259744546454,22491000,251.73669891357423,,30.130811210718026,1.390244175035008,3.806825357031774,0.0
2023-03-01,239.60179138183597,244.13560203633548,239.1347775749903,243.97020688018864,27565300,251.691902923584,,28.61923611607577,0.6258922206734212,3.1706387297601037,0.0
2023-03-02,244.3107147216797,244.5928558822364,238.95963779243277,239.87418786109544,24808200,251.6428421020508,,37.66149242150624,0.3955489078059315,2.615620765369269,0.0
2023-03-03,248.37754821777344,248.69861464364337,244.5831538131821,245.3614953141732,30760100,251.22210464477536,,43.08083917458894,0.5349925864977649,2.1994951295949683,0.0
2023-03-06,249.91476440429688,253.0767646369181,249.04886339595808,249.48667584365677,24109800,251.1815078735352,,34.72069877505568,0.7607734825573687,1.9117508001874484,0.0
2023-03-07,247.26840209960935,250.71255821742665,246.528985881538,249.36018084473943,21473200,251.0852615356445,,31.52957198339574,0.7178917388391426,1.6729789879177872,0.0
2023-03-08,246.83059692382807,247.64784879607657,244.0188496513126,247.16138722750551,17340200,250.44354705810548,,32.7288630789208,0.6411891992387382,1.4666210301819775,0.0
2023-03-09,245.48797607421875,252.5319301715648,244.76800759955387,248.8932070956166,26653400,249.77497253417968,,37.53487807836952,0.4666839599905472,1.2666336161436915,0.0
2023-03-10,241.85894775390625,245.94522176909533,240.89576339451983,244.2815315961761,28333900,249.07585830688475,,37.88071590687398,0.0351498585604304,1.0203368646270394,0.0
2023-03-13,247.04461669921875,250.92658497582,239.07637462103207,240.70115431743469,33339700,248.6612617492676,,51.602136423119525,0.1103243689343003,0.8383343654884916,0.0
2023-03-14,253.72862243652344,254.0010397156642,248.93210385508328,249.79800481641536,33620300,248.1819931030273,,60.37560960897351,0.7011615584545439,0.8108998040817021,0.0
2023-03-15,258.2527160644531,259.26456442561187,252.1913943211873,252.9405641280701,46028000,247.88768157958984,242.45001739501956,61.57009108020758,1.5169741010934956,0.9521146634840608,0.0
2023-03-16,268.7213439941406,269.0715820217102,256.1511657925528,258.0289000532813,54768800,248.2223648071289,243.17423370361328,76.28604643060805,2.973960240274664,1.3564837788421815,0.0
2023-03-17,271.86395263671875,275.65834759698896,268.8381754027799,270.7256489942692,69527400,249.06297225952147,244.1647171020508,77.29903787194405,4.332274739721697,1.951641971018085,0.0
2023-03-20,264.85888671875,269.96673338942173,262.5433248107774,269.4802718017387,43466600,249.75228958129884,245.14689147949215,68.98617993988236,4.788301926861095,2.518973962186687,0.0
2023-03-21,266.3669128417969,267.5538803349331,262.2222505034053,267.4371343013886,34558700,250.77921142578128,246.10837310791013,73.52486052692778,5.211319021451402,3.0574429740396303,0.0
2023-03-22,264.917236328125,273.43031336043435,264.81019934883693,265.9971667055635,34873300,251.7900764465332,246.9983532714844,69.21259419082037,5.367710709610151,3.5194965211537346,0.0
2023-03-23,270.1418151855469,273.4497475874127,267.7484328177196,270.4142324494357,36610900,252.90358352661133,247.95924621582031,69.86320522836496,5.845844838991951,3.984766184721378,0.0
2023-03-24,272.9729919433594,273.0313649435058,267.82622136126867,269.7331419789733,28172000,254.42863845825195,248.84244659423828,70.55857397225088,6.379680894384478,4.463749126653998,0.0
2023-03-27,268.896484375,273.8389205347129,268.0597550905618,272.90492269572303,26840200,255.7041404724121,249.5909341430664,68.80392428432171,6.4000341130208085,4.851006123927361,0.0
2023-03-28,267.77764892578125,268.6630125541161,264.68373074732534,268.32248351379377,21878600,256.95969848632814,250.303069152832,67.99868050285637,6.253793674544454,5.13156363405078,0.0
2023-03-29,272.9147033691406,273.5276497515444,270.8715586582149,271.4066545555062,25087000,258.62534408569337,251.0962063598633,72.12369708776869,6.477743045299064,5.400799516300436,0.0
2023-03-30,276.3588256835937,276.757727762298,273.8584356014265,276.53397442659906,25053400,260.2277496337891,252.04634643554687,77.9125005431927,6.854126320458647,5.691464877132079,0.0
2023-03-31,280.4937438964844,281.4374805787577,275.33726286422353,276.04750748202,32766000,261.8335594177246,253.15449493408204,77.53046392780588,7.400754825723595,6.033322866850382,0.0
2023-04-03,279.4527282714844,280.4645469741528,276.26154151333856,278.761931454292,24883300,263.310457611084,254.0809161376953,73.34043667261349,7.661641954341746,6.358986684348656,0.0
2023-04-04,279.404052734375,282.58553031935185,277.9349590223858,279.4527167048261,25824300,264.91724014282227,254.96055603027344,70.88777889821606,7.774845593981468,6.642158466275219,0.0
2023-04-05,276.6409606933594,279.3748723279069,275.25942646851195,278.11008412867955,22064800,266.40775833129885,255.79541625976563,59.22487057241049,7.554518076535828,6.824630388327341,0.0
2023-04-06,283.7043762207031,284.1713602969535,274.3934952141327,275.54153732325625,29770300,268.31857833862307,256.79930114746094,62.63756021771207,7.859268775002818,7.031558065662437,0.0
2023-04-10,281.55426025390625,281.75856581319096,277.00095709388467,281.3791115118309,23103000,270.30334396362304,257.61674438476564,69.8796047582502,7.836950028302226,7.192636458190395,0.0
2023-04-11,275.1718444824219,278.2365761916983,274.0140932371224,278.0127931758795,27276600,271.7097053527832,258.3034329223633,59.39381073809071,7.221015278850871,7.198312222322491,0.0
2023-04-12,275.8139953613281,279.23870411334195,274.32542401576865,277.0788133677007,27403400,272.81397399902346,259.1087487792969,61.829368731493055,6.707380257183786,7.1001258292947504,0.0
2023-04-13,281.9920349121094,282.05040792429327,275.50265429718814,275.91126538247534,24222700,274.0009399414063,259.9386352539062,62.60352333113055,6.721357338194309,7.024372131074663,0.0
2023-04-14,278.3922119140625,280.6688482565068,276.00853859815146,279.22891147364464,20987900,274.4844833374024,260.60064086914065,55.67099135764384,6.3685460105014045,6.893206906960011,0.0
2023-04-17,280.980224609375,283.70442754241606,278.4117226515916,282.0796326398558,23836200,274.9402969360352,261.0843994140625,63.05173889138669,6.226002011388005,6.759765927845611,0.0
2023-04-18,280.56182861328125,283.86005216252715,279.2386674537209,283.6751943988744,20161800,275.7254440307617,261.6811019897461,64.0204319601803,6.009994331352857,6.60981160854706,0.0
2023-04-19,280.6396789550781,281.22340905975057,276.8355460862607,278.2462667608946,17150300,276.43908233642577,262.3100289916992,59.52946721539821,5.778477864786566,6.443544859794962,0.0
2023-04-20,278.3630065917969,281.2039550334732,277.3608970127179,277.52630699953454,23244400,277.1113708496094,262.68399139404295,52.5456644279901,5.3496238307786825,6.224760653991706,0.0
2023-04-21,278.02252197265625,278.51869257683563,275.3956176560884,277.2928296281938,21676400,277.50540618896486,263.0672525024414,46.52627099521862,4.925501540148446,5.964908831223054,0.0
2023-04-24,274.1405029296875,277.2344206340081,271.17309965717897,274.4518454154845,26611000,277.56378173828125,263.43323791503906,43.085050176497646,4.227404191752328,5.6174079033289095,0.0
2023-04-25,267.9624938964844,273.9751515427264,267.91382992661585,271.941745821894,45772200,277.51708221435547,263.6857568359375,37.15600447549611,3.1394536490012683,5.121817052463381,0.0
2023-04-26,287.372314453125,291.45860367890464,284.80381270160626,288.66631890750085,64599200,278.49681549072267,264.16692321777344,58.76927634797901,3.799655249381317,4.857384691846969,0.0
2023-04-27,296.5762023925781,296.93620896142227,287.2556100567553,287.95611603438334,46462600,279.67989044189454,264.81566833496095,60.1628723516015,5.0078195838874535,4.887471670255065,0.0
2023-04-28,298.9403686523437,300.5651336427049,295.0973104351293,295.7783684985938,36469600,280.80896759033203,265.5539221191406,63.68085466079064,6.0859123728535,5.127159810774753,0.0
2023-05-01,297.2863464355469,300.244040638563,296.88744444671465,298.6581714143348,21294100,281.6485977172852,266.3986129760742,68.80057866454683,6.729272046368976,5.447582257893598,0.0
2023-05-02,297.1404724121094,300.8083821173536,295.681087639922,299.42684782678805,26404400,282.5329849243164,267.31997161865235,68.2849329176204,7.145005235471615,5.787066853409202,0.0
2023-05-03,296.1578369140625,300.2538355598004,295.856233076209,298.31772775720617,22360800,283.3706741333008,268.3265588378906,63.33335439776503,7.310910683095642,6.091835619346491,0.0
2023-05-04,297.1404724121094,299.42684782678805,295.1848873161754,297.94798558856564,22519900,284.3956497192383,269.3753695678711,68.56098532204666,7.435965239533118,6.360661543383817,0.0
2023-05-05,302.2386474609375,303.52291347139607,296.03139143498703,297.4421422377088,28197100,285.32236328125,270.4627090454102,70.04957448376223,7.855894138192184,6.659708062345491,0.0
2023-05-08,300.2926940917969,301.80074263730194,297.80201345372643,301.73263089775384,21318600,286.25928497314453,271.6191250610352,68.08770399482107,7.940139654552752,6.915794380786943,0.0
2023-05-09,298.6874389648437,301.6451339704267,298.0161195443124,299.6603622188009,21340800,287.4350646972656,272.7251449584961,66.09406576755208,7.787603514456521,7.09015620752086,0.0
2023-05-10,303.8536376953125,304.524957068624,299.33928955394174,300.2635487654328,30078000,288.83704681396483,273.9488879394532,71.61720168967165,7.991465941433319,7.270418154303352,0.0
2023-05-11,301.713134765625,302.6957964886429,297.9674049998212,301.70342572575834,31680200,289.82310180664064,275.1911148071289,69.49550869029753,7.889364008731434,7.394207325188969,0.0
2023-05-12,300.6040954589844,302.23859938067807,298.2982721245842,302.14130111816417,19774700,290.9336959838867,276.316982421875,72.81888077992053,7.630991962822918,7.441564252715759,0.0
2023-05-15,301.0807800292969,301.50886857686805,299.26141854774806,300.7305419583336,16336500,291.9387237548828,277.3710470581055,81.67101507643278,7.379626969924402,7.429176796157488,0.0
2023-05-16,303.2990417480469,305.2157014683238,301.4407550392499,301.4407550392499,26730300,293.0755844116211,278.4387326049805,72.69198225641927,7.275545622910783,7.398450561508147,0.0
2023-05-17,306.1656799316406,306.58494426267947,302.9870076180216,304.49835287265563,24315000,294.35188446044924,279.6166781616211,66.67384784532803,7.339765897042525,7.386713628615023,0.0
2023-05-18,310.57293701171875,311.07998209113083,305.89270858681226,306.6824967615632,27276000,295.96238098144534,280.8915249633789,68.8845709484298,7.658012934194176,7.440973489730855,0.0
2023-05-19,310.3973999023437,310.7971739556616,308.47655029580653,308.8373140190984,27546700,297.5811248779297,282.1897134399414,72.3580552863874,7.806078018004541,7.513994395385593,0.0
2023-05-22,313.16656494140625,314.5413890695808,310.0756729757329,310.650948929026,24115700,299.5324279785156,283.6158657836914,75.08471548303827,8.054027325895106,7.622000981487496,0.0
2023-05-23,307.3942565917969,314.66812088311536,307.38449657033,312.0452341385488,30797200,301.50401611328124,284.82285858154296,65.29446608628322,7.69603677483309,7.636808140156615,0.0
2023-05-24,306.0194396972656,308.6033161721185,304.8103574976606,306.8774884337067,23384900,302.4363723754883,285.8686749267578,61.95794952562106,7.218183721590208,7.553083256443334,0.0
2023-05-25,317.78839111328125,318.7439213159564,312.01608053074665,315.1752338241453,43301700,303.4969818115234,287.05938842773435,67.7522391762117,7.700372653556826,7.582541135866033,0.0
2023-05-26,324.5844421386719,325.0816974555801,315.79923121389265,315.93572275471354,36630600,304.77918548583983,288.176650390625,74.96753560418907,8.532537594831808,7.772540427659188,0.0
2023-05-30,322.94635009765625,327.3633260629456,322.27356311731285,326.8660707233384,29503100,306.0621856689453,289.19829833984375,74.9169660153091,8.95660776954088,8.009353896035527,0.0
2023-05-31,320.1966857910156,327.5583014347169,319.16310540886235,323.9993748636306,45950600,307.2149963378906,290.30505432128905,67.66320677861003,8.96744043729268,8.200971204286958,0.0
2023-06-01,324.2821044921875,325.2084138620462,316.61822604492374,317.7980281716673,26773900,308.6212097167969,291.4633581542969,73.40796467123639,9.19963686326247,8.400704336082061,0.0
2023-06-02,327.0317687988281,329.0793797798021,324.25287030723234,325.9104672337744,25873800,310.1157745361328,292.7056488037109,76.50798684490853,9.496064413902332,8.619776351646115,0.0
2023-06-05,327.5583190917969,330.1129454845389,326.31025620693947,326.8562818593042,21307100,311.38175811767576,293.8539788818359,76.53146348474377,9.662094975080322,8.828240076332957,0.0
2023-06-06,325.35467529296875,327.00251216553283,323.8823700342451,326.9635018339944,20396200,312.6348571777344,294.9016125488281,72.10702860837971,9.506277305725405,8.963847522211447,0.0
2023-06-07,315.3116760253906,326.1444673202271,314.45362725824225,323.37532887108034,40717100,313.46606903076173,295.8299163818359,58.01435061232917,8.474713351914374,8.866020688152034,0.0
2023-06-08,317.1447448730469,318.49031851672504,315.2823959646681,315.8576718437754,23277700,314.13062438964846,296.81725830078125,56.030738296007335,7.716157759403472,8.636048102402322,0.0
2023-06-09,318.6365661621094,321.7567079982965,316.3159426317722,316.8814584828526,22529000,314.97679595947267,297.7316955566406,57.38247233975763,7.152920087368216,8.339422499395502,0.0
2023-06-12,323.57037353515625,323.8141360540533,317.0472861489783,320.3819407440362,24260300,316.12510986328124,298.67592651367187,58.9739283521931,7.023702327499734,8.07627846501635,0.0
2023-06-13,325.9494934082031,328.5723804542734,322.1468041193806,326.12499527780267,22951300,317.36854553222656,299.58504150390627,67.00017335189875,7.032208490381436,7.867464470089367,0.0
2023-06-14,328.92333984375,330.5809366273575,324.5063648507166,325.99819005349843,26003800,318.6497604370117,300.57445373535154,70.38703904617185,7.195963650000351,7.733164306071565,0.0
2023-06-15,339.4148864746094,341.11146383028944,328.7868481922745,329.0598609823398,38899100,320.31222076416014,301.77467041015626,69.6979501436784,8.07918906298977,7.802369257455206,0.0
2023-06-16,333.78887939453125,342.70085137133475,333.41838536086453,342.5545998111812,46552000,321.4730178833008,302.91762878417967,58.5662116174724,8.230305969194717,7.887956599803108,0.0
2023-06-20,329.6155700683594,333.5450195373126,327.48020864477814,330.8441423274495,26375400,322.4339263916016,303.83585266113283,55.92709256035796,7.921996180581516,7.894764515958791,0.0
2023-06-21,325.2376708984375,329.30364243212927,323.78485594149885,327.9775589781728,25117800,323.0374816894531,304.70952087402344,54.3540318741608,7.240929646824327,7.763997542131898,0.0
2023-06-22,331.2342529296875,331.6340270315193,325.0231887076145,325.783726576518,23556800,324.22948150634767,305.8307690429688,55.812846194122855,7.103172614073628,7.631832556520244,0.0
2023-06-23,326.6612243652344,329.5278736059976,325.13041855453594,326.0176878258627,23146900,325.2615707397461,306.8477136230469,49.69934679364325,6.549495479408563,7.415365141097909,0.0
2023-06-26,320.4013977050781,327.7240020967906,320.29412674467744,325.39364834816934,21520600,325.392221069336,307.61590087890625,44.6872828069654,5.541705335719314,7.040633180022191,0.0
2023-06-27,326.2225341796875,327.76310031619386,321.0840008711868,323.58012686208883,24354100,325.4741256713868,308.57250732421875,50.611392128568205,5.153336989370757,6.6631739418919045,0.0
2023-06-28,327.47052001953125,329.5473811002,325.481409860504,326.31020823977883,20259500,325.7003341674805,309.5023132324219,59.7772936287504,4.889886733850176,6.308516500283559,0.0
2023-06-29,326.6905517578125,327.7241025708121,324.32118695571927,326.35903826648905,16997000,326.0250274658203,310.4248876953125,57.80831793538904,4.565534943161708,5.959920188859188,0.0
2023-06-30,332.0435485839844,334.17891054970244,328.7868850247468,329.323150643684,26832800,326.41309967041013,311.4529650878906,60.31511681637345,4.686403971426159,5.705216945372582,0.0
2023-07-03,329.5571594238281,332.394558661991,328.1726050055835,330.727231395335,12508700,326.5393692016602,312.47684814453123,54.78639281041957,4.529351180550464,5.470043792408158,0.0
2023-07-05,329.7131652832031,333.12584042536054,326.3785108077479,326.7295145394102,18172400,326.6471115112305,313.5106610107422,53.11993410414216,4.367132496360966,5.24946153319872,0.0
2023-07-06,332.7552795410156,334.43236661409844,327.1292521462773,328.8843301211992,28161200,327.0171417236328,314.6829565429687,53.172934200372055,4.432945975224754,5.086158421603927,0.0
2023-07-07,328.8063659667969,333.26235165945616,328.5918537740865,330.8539769415479,21214800,327.69187622070314,315.899833984375,40.14850082185569,4.118978290633663,4.892722395409875,0.0
2023-07-10,323.55078125,326.8659745717447,319.41657937452953,326.2516884002901,32791400,328.0121780395508,316.6234033203125,40.4266272182595,3.4068033661453683,4.595538589556973,0.0
2023-07-11,324.1748352050781,324.5550891855568,318.8413111644658,322.8000113017948,26698200,328.2890914916992,317.1753759765625,44.55081730710452,2.8597896711120825,4.248388805867995,0.0
2023-07-12,328.7868957519531,333.1258507129928,327.2950703339859,328.201859758283,29995300,328.54991760253904,317.7723065185547,53.53814009210646,2.76654115400072,3.95201927549454,0.0
2023-07-13,334.1106262207031,335.16366709536976,330.5614300476907,331.0879653631058,20567200,328.9579742431641,318.5087921142578,52.906379029099874,3.086640716118495,3.778943563619332,0.0
2023-07-14,336.62628173828125,342.661844143398,335.7194923009407,338.91765538868515,28352700,329.34312133789064,319.29850830078124,60.50580765718897,3.50293465119006,3.723741781133477,0.0
2023-07-17,337.10406494140625,338.33260777182664,333.66213945063294,337.0552945851425,20363900,329.22758026123046,320.1174328613281,70.05392777239975,3.8272851447154608,3.744450453849874,0.0
2023-07-18,350.520751953125,357.6288755346599,333.63290678637566,337.2015639773949,64738600,330.06417388916014,321.18503845214843,74.67328666855904,5.108067143201936,4.017173791720287,0.0
2023-07-19,346.2207336425781,353.4166072525743,343.64661716979606,352.7243300988264,39732900,330.8944320678711,322.06468017578123,67.9283899707208,5.7102958278618985,4.35579819894861,0.0
2023-07-20,338.215576171875,349.03863672095343,336.7530012262202,344.74842283159865,33778400,331.54332733154297,322.8231378173828,59.6821035986008,5.478464761737655,4.580331511506419,0.0
2023-07-21,335.19293212890625,341.56000752112044,331.35123269865875,340.43870595783125,69405400,331.7412612915039,323.5532476806641,52.75359318041494,4.993275486996254,4.662920306604386,0.0
2023-07-24,336.4994812011719,338.2643490243122,333.76935318489967,337.2210384138867,26678100,332.2331741333008,324.20616455078124,56.19773151790832,4.660464152299767,4.662429075743463,0.0
2023-07-25,342.22314453125,343.1104438219043,336.4605940322785,338.44967510082813,41637700,333.3242614746094,325.01636474609376,60.158390069371855,4.803192356264049,4.69058173184758,0.0
2023-07-26,329.3426513671875,336.0705206538034,324.79891447113727,332.92109821610006,58383700,333.4802673339844,325.5911358642578,47.61063920983256,3.8327754846724815,4.519020482412561,0.0
2023-07-27,322.468505859375,332.8137710712754,320.8401594248719,331.98500245672983,39635300,333.2301666259765,326.0188903808594,45.73714600057884,2.4804341289884637,4.1113032117277415,0.0
2023-07-28,329.9276733398437,331.52676966933615,324.8574310459994,325.3449560601863,28484900,333.39202270507815,326.5514630126953,54.16562671193826,1.987673673501433,3.68657730408248,0.0
2023-07-31,327.538818359375,329.2744062182313,325.0426629130829,328.5138683869609,25446000,333.16678619384766,326.97892578125,52.14795605995594,1.388392307672234,3.226940304800431,0.0
2023-08-01,327.9483642578125,330.0934864927497,325.374247332057,326.82706253525544,18311900,333.0863464355469,327.32643432617186,49.43422054547259,0.9357180635768144,2.768695856555708,0.0
2023-08-02,319.3288269042969,325.30588726504845,318.21725578875714,325.30588726504845,27761300,332.56712951660154,327.5050628662109,40.45102198530108,-0.1172031195541762,2.191516061333731,0.0
2023-08-03,318.50982666015625,321.64948875271074,317.8175495134228,317.86629010944046,18253700,331.85485687255857,327.61192810058594,38.03455876780385,-1.006139073168811,1.5519850344332229,0.0
2023-08-04,319.6018981933594,326.7782818997198,319.0753628445266,323.5996092744747,23741500,331.3946334838867,327.8560809326172,38.53332549575671,-1.6040160760795177,0.9207848123306748,0.0
2023-08-07,321.873779296875,322.84882941223,319.34840306884576,320.1772016181311,17741500,331.31078338623047,328.17316772460936,28.022270296593906,-1.8729261632524867,0.3620426172140425,0.0
2023-08-08,317.9150085449219,320.54765518196075,314.94111824721926,318.802307526203,22327600,330.99779205322267,328.1757000732422,28.16976856502407,-2.37806619280866,-0.185979144790498,0.0
2023-08-09,314.1904602050781,318.94868054249736,313.0398782681586,318.3246638409395,22373300,330.2679702758789,327.9678204345703,30.161214153702545,-3.043845671077463,-0.7575524500478911,0.0
2023-08-10,314.87286376953125,320.0698965106326,313.1665264082013,317.88576445394,20113700,329.3060821533203,327.8063507080078,32.546085184062875,-3.4763433179006142,-1.3013106236184355,0.0
2023-08-11,313.00079345703125,314.36585743355505,311.2456856962181,312.2695059957332,24355500,328.1248077392578,327.6624328613281,30.01001569592991,-3.924917244837332,-1.826031947862215,0.0
2023-08-14,315.9552307128906,315.97472100192863,312.0940110393784,313.3713539974467,18836100,327.067366027832,327.4958953857422,26.549406479279227,-3.9959540475842914,-2.2600163678066303,0.0
2023-08-15,313.8296203613281,316.9790429914667,312.8935805688444,314.94119179178944,16966300,325.23280944824216,327.2318524169922,32.85930379904762,-4.175636082937103,-2.643140310832725,0.0
2023-08-16,313.06744384765625,316.9954627703804,312.4811692512175,313.4582836388938,20698900,323.5751449584961,326.94203491210936,37.9904907597568,-4.329627415623975,-2.980437731790975,0.0
2023-08-17,309.62799072265625,314.503781640946,308.9733110073384,313.2042327148122,21257200,322.14576568603513,326.62750122070315,21.099838029099143,-4.675307741340134,-3.3194117337008078,0.0
2023-08-18,309.2371520996094,311.0936633520083,304.4199558180871,307.29267431715726,24755000,320.8479766845703,326.5060107421875,22.37262899720183,-4.924038054878338,-3.6403369979363136,0.0
2023-08-21,314.5135803222656,315.3831966115051,309.78435031765304,310.65396660689254,24040000,319.748681640625,326.45338745117186,32.31763990453322,-4.6418861852747,-3.840646835403991,0.0
2023-08-22,315.0803527832031,318.61750272062665,314.1032382228466,318.0507893960546,16084600,318.3915420532227,326.3822631835937,42.904181422650105,-4.3227154223448565,-3.937060552792164,0.0
2023-08-23,319.5164489746094,321.6661128525648,316.0574552143243,316.409231948521,21166400,317.9002319335938,326.30118469238283,51.50002319271877,-3.669514525323621,-3.883551347298456,0.0
2023-08-24,312.6473083496094,325.35957674760573,312.6375276630827,325.23254709942444,23281400,317.40917205810547,326.03514099121094,41.15881147063981,-3.663895245317576,-3.83962012690228,0.0
2023-08-25,315.5884094238281,317.91391657239774,311.5040487015702,314.11295718549064,21684100,316.6922088623047,325.7684423828125,42.143257687598,-3.3831211340324785,-3.74832032832832,0.0
2023-08-28,316.2919311523437,318.68584344960186,314.3572339791844,318.207066953983,14808500,316.12986450195314,325.3059832763672,47.79140681385361,-3.068465938767588,-3.6123494504161737,0.0
2023-08-29,320.89410400390625,321.4510662996378,314.5135489536253,314.5135489536253,19284600,315.7771514892578,325.0480877685547,58.90915432692113,-2.4198480404864995,-3.3738491684302394,0.0
2023-08-30,321.2654113769531,322.2620572042624,318.97896754783574,321.14816243481806,15222100,315.8739807128906,324.8810845947266,58.56654324229048,-1.8544750472256053,-3.069974344189313,0.0
2023-08-31,320.259033203125,323.3369376753796,319.30145033255354,321.66608035944125,26411000,315.96144104003906,324.7815118408203,59.95768034003101,-1.4706662595662578,-2.750112727264702,0.0
2023-09-01,321.138427734375,324.3922056211829,319.3014478601216,323.7277749745022,14942000,316.0382675170898,324.57959533691405,57.54020647299132,-1.0830505087981803,-2.416700283571397,0.0
2023-09-05,325.91650390625,327.1867705478141,321.13842988312655,321.47064520868975,18553900,316.2404037475586,324.56470092773435,66.32354213977487,-0.3858634252970319,-2.0105329119165245,0.0
2023-09-06,325.2618408203125,326.80566842614127,322.62362005663084,325.7503980121673,17535800,316.6077453613281,324.6619097900391,66.51670494245406,0.1125392392549997,-1.5859184816822198,0.0
2023-09-07,322.35986328125,325.4572996917217,321.4999977101508,323.7082861250948,18381000,317.0162155151367,324.5846563720703,67.4994756843368,0.2702463751554091,-1.214685510314694,0.0
2023-09-08,326.6200561523437,328.46681688735,321.9201377501079,322.5357246617766,19530100,317.6035751342773,324.56764709472657,71.595159616051,0.7305708118010443,-0.8256342458915464,0.0
2023-09-11,330.2060546875,330.67508035139593,327.7534879124914,329.5220626550476,16583300,318.4638381958008,324.6379571533203,70.3498178370134,1.3689608283672214,-0.3867152310397929,0.0
2023-09-12,324.1772155761719,329.08234867340195,323.89387388585794,328.13454656577954,17565500,318.8749374389648,324.4806304931641,60.33291505189232,1.372590219036795,-0.0348541410244754,0.0
2023-09-13,328.3691101074219,329.1410389438137,323.59103551016267,323.7278160398698,16544400,319.6019119262695,324.4568695068359,60.11162793291728,1.6941878499000609,0.3109542571604318,0.0
2023-09-14,330.9486694335937,333.0592103619418,328.8674109262189,331.38835303568044,20267000,320.49597320556643,324.48157958984376,73.17503537898995,2.132621634004352,0.6752877325292158,0.0
2023-09-15,322.6626892089844,329.6783628105359,322.10572689470496,329.2093670251741,37679800,321.1477081298828,324.2797277832031,57.8901257192026,1.790830630595849,0.8983963121425425,0.0
2023-09-18,321.529296875,322.8386267343985,318.8910757818205,320.2981230556272,16834200,321.7623153686524,324.1341864013672,55.78588795973768,1.4122242664610667,1.0011619030062473,0.0
2023-09-19,321.1286315917969,321.8517165023023,317.0833936077872,318.7054070395551,16505900,322.0930679321289,324.08574340820314,50.28560300698901,1.0675397219237652,1.0144374667897509,0.0
2023-09-20,313.4289855957031,322.04714204193704,313.1749561204339,321.96898600781554,21436500,322.010499572754,323.87082641601563,41.9022865482544,0.1711052588864845,0.8457710252090977,0.0
2023-09-21,312.21734619140625,317.9041588491349,307.79101939102566,311.9535360525413,35560400,321.6455444335937,323.5394354248047,41.72528355921772,-0.6298343470710961,0.550649950753059,0.0
2023-09-22,309.75506591796875,314.09345652566765,308.9147319725734,313.96642687422224,21447900,321.50093231201174,323.05232421875,38.656296833336576,-1.446594751362511,0.151201010329945,0.0
2023-09-25,310.2728881835937,310.3999178157117,307.7910094721355,309.34461765593346,17836000,321.23515625,322.52525634765624,32.96442472323547,-2.0287135796736493,-0.2847819076707738,0.0
2023-09-26,304.9964904785156,308.6508886408052,302.92498298833925,307.9180528712019,26297600,320.6703842163086,321.88310485839844,29.949703286225088,-2.882579560326235,-0.8043414382018661,0.0
2023-09-27,305.63165283203125,307.10707545013054,302.60259191792346,305.15284644995364,19410100,319.90726165771486,320.9853228759766,32.672059197291006,-3.4680447470490208,-1.3370820999712971,0.0
2023-09-28,306.462158203125,308.26004502387354,302.36804670236813,303.872781327426,19683600,319.16709899902344,320.1901513671875,27.52230638871308,-3.8209695247412014,-1.833859584925278,0.0
2023-09-29,308.5238647460937,312.1587314237549,307.77149741019485,310.4780935014134,24147300,318.58034057617186,319.59631713867185,24.97178309691256,-3.889467110391479,-2.244981090018518,0.0
2023-10-02,314.4354248046875,314.5233913479347,307.96693177846345,309.0417636602757,20570000,318.2451904296875,319.1811669921875,38.72431242533657,-3.427231457889036,-2.481431163592622,0.0
2023-10-03,306.2178955078125,314.03481069195016,304.0877634575696,313.48759919542874,21033500,317.2602600097656,318.5755352783204,26.54657945976267,-3.6815536517430583,-2.721455661222709,0.0
2023-10-04,311.660400390625,312.71570064039577,306.8139213204077,306.8432335596144,20720100,316.58018798828124,317.9642803955078,30.74515428540789,-3.4046939707862407,-2.858103323135416,0.0
2023-10-05,312.0512084960937,312.6570444101147,307.6932870679997,311.7873983700248,16965600,316.06475524902345,317.61845153808594,37.42465832691397,-3.117805608679646,-2.910043780244262,0.0
2023-10-06,319.7704467773437,321.65627028707706,309.0612521971817,309.30553078090355,25673600,315.72227478027344,317.56449035644533,48.197066956967845,-2.2417252842094517,-2.7763800810373,0.0
2023-10-09,322.2719116210937,322.7409074969346,315.7838570263933,317.3179339483483,19891200,315.3255676269531,317.4113751220703,51.123544622383086,-1.3302437856592633,-2.487152821961693,0.0
2023-10-10,320.8746337890625,323.5226056424412,320.17111018080624,323.38579530400693,20557100,315.16043853759766,317.27809143066406,58.35165263993132,-0.7124243897986844,-2.1322071355290912,0.0
2023-10-11,324.8124084472656,325.203248275294,321.6074741467648,323.6300784570828,20063200,314.9826034545898,317.21537231445313,63.31344722201971,0.0938654160433429,-1.6869926252146046,0.0
2023-10-12,323.5812072753906,325.99468102864705,321.1970457612764,323.0047133594844,19313100,314.6142303466797,317.300419921875,65.00526942284088,0.62628878393474,-1.2243363433847358,0.0
2023-10-13,320.2297058105469,326.190079660526,318.8910340646987,324.7732817040409,21072400,314.4925811767578,317.33481750488284,60.17983072772849,0.7689361629055611,-0.8256818421266765,0.0
2023-10-16,325.0273132324219,328.4472132631376,323.03399172229655,323.47367526332005,22158000,314.66748199462893,317.4433258056641,70.6819559647042,1.254649246603151,-0.409615624380711,0.0
2023-10-17,324.46063232421875,325.828586634413,319.9170559493173,322.0471583622745,18338500,314.83408203125,317.49506286621096,69.46857641233544,1.5756903736707957,-0.0125544247704097,0.0
2023-10-18,322.5552062988281,327.909803713785,320.78663169696983,324.8807432411604,23153600,315.29039306640624,317.5878668212891,66.27787309150469,1.657261939875866,0.3214088481588454,0.0
2023-10-19,323.7375183105469,329.1702714544596,323.336897867666,324.5485100623169,25052100,315.8664016723633,317.77880798339845,65.66709470446222,1.7966005987790368,0.6164471982828837,0.0
2023-10-20,319.1939697265625,324.32382025517603,318.0018889823848,324.1283854502297,25027700,316.33834686279295,317.86523010253904,55.04244725945799,1.522846662743973,0.7977270911751015,0.0
2023-10-23,321.7832946777344,325.1152580837002,316.96612824184217,318.0213985858915,24374700,316.9138671875,318.04088012695314,68.72791869747945,1.4975685418670537,0.937695381313492,0.0
2023-10-24,322.9656677246094,324.2456853865201,320.10272927891094,323.71803518553446,31153600,317.8123260498047,318.1810888671875,65.155920018525,1.5550177951544697,1.0611598640816875,0.0
2023-10-25,332.8735656738281,338.2770069491987,329.8933489527061,337.1239893295993,55053800,319.1744216918945,318.5619677734375,72.23963144455404,2.372680518948016,1.3234639950549534,0.0
2023-10-26,320.38604736328125,333.8115893601042,319.4577767775364,332.7465382675552,37828500,319.87061614990233,318.70833984375,50.59672140458493,1.9901050610338304,1.4567922082507287,0.0
2023-10-27,322.2620544433594,329.0139176156299,320.8843197467533,322.86786051864124,29856500,320.5575256347656,318.96102111816407,49.990327841264005,1.8173401808960532,1.5289018027797936,0.0
2023-10-30,329.59051513671875,331.6815546418734,324.235916527097,325.7797742554051,22828100,321.3152801513672,319.36808837890624,57.66061153568436,2.2458792026983474,1.6722972827635043,0.0
2023-10-31,330.37213134765625,331.241777466002,327.0304168400943,331.0952162716641,20265300,322.5229919433594,319.68525939941406,55.17361826983205,2.6183862342968496,1.8615150730701735,0.0
2023-11-01,338.14996337890625,339.46907368839175,331.8768762591472,332.0136865785613,28158800,323.84747009277345,320.14665161132814,62.08461654126964,3.5008511506142668,2.1893822885789924,0.0
2023-11-02,340.3485107421875,340.84681883225545,336.879736569886,339.2932104425344,24348100,325.2623352050781,320.5632928466797,67.01374461717765,4.327727998354135,2.617051430534021,0.0
2023-11-03,344.7259826660156,346.2796209573482,339.3811651738514,341.6285464087917,23637700,326.5101119995117,321.2048663330078,66.77767115155284,5.275447186394672,3.1487305817061517,0.0
2023-11-06,348.3706359863281,349.3575311861932,345.2634189928444,345.36113640793855,23828300,327.81504821777344,321.86051086425783,69.34998925663311,6.248584738914133,3.768701413147748,0.0
2023-11-07,352.279052734375,354.16487636600215,349.4454269438777,351.1749086935178,25833900,329.38526916503906,322.58025329589844,73.29967050038299,7.25158803501813,4.465278737521825,0.0
2023-11-08,354.887939453125,355.54258936078696,352.2985626023582,353.40270657525184,26767800,330.88904571533203,323.2601300048828,73.8837607077592,8.162893967820196,5.204801783581499,0.0
2023-11-09,352.43536376953125,356.44153841470893,352.1128993476677,354.0085034994957,24847300,332.3317535400391,323.8835290527344,76.3312427962529,8.588208601748022,5.881483147214804,0.0
2023-11-10,361.2099304199219,361.63008249841977,352.8067397541227,353.2171111454846,28042100,334.3807647705078,324.7025469970703,78.44354539714298,9.523526425491925,6.609891802870228,0.0
2023-11-13,358.288330078125,360.03737334526807,357.5261819771122,359.7930947254669,19986500,336.04381561279297,325.4455450439453,74.85899064318995,9.91473293904545,7.270860030105274,0.0
2023-11-14,361.7961730957031,363.43774810881337,358.94301547087497,362.5192580985715,27683900,337.9105926513672,326.1631384277344,72.36999131387137,10.38807329221703,7.894302682527625,0.0
2023-11-15,361.9430541992188,365.3307238214912,359.4365366374243,363.5193871291128,26860100,339.8799850463867,326.8967626953125,89.7253816056786,10.652258405754822,8.445893827173064,0.0
2023-11-16,368.3072204589844,368.4834508860615,362.4424045116938,363.2060995753872,27182300,342.1084701538086,327.8157098388672,90.53734262577848,11.245530564938008,9.005821174726053,0.0
2023-11-17,362.1192626953125,366.5447732050072,359.32882848725313,365.80064944827456,40157000,344.2547348022461,328.52569396972655,79.22460488320598,11.088564479846298,9.422369835750104,0.0
2023-11-20,369.5505981445313,370.950700532352,363.2452072509325,363.46060991672704,52465100,346.6430999755859,329.3125848388672,81.44201228878649,11.432033030440325,9.824302474688148,0.0
2023-11-21,365.2719421386719,368.35609354646346,363.36268990163154,367.8176018281633,28423100,348.75841369628904,330.1344793701172,73.06151151475835,11.229535455305154,10.105349070811547,0.0
2023-11-22,369.9520263671875,371.85147806167527,367.1322205576516,370.0988850281661,23345300,350.61233673095705,330.9661376953125,74.15229634646124,11.316251647370793,10.347529586123397,0.0
2023-11-24,369.5408020019531,370.0695230751344,367.2986899991627,369.44288626548433,10176600,353.0700744628906,331.7379803466797,71.64629990885007,11.222427328288177,10.522509134556351,0.0
2023-11-27,370.6961669921875,372.68376401378913,368.33656782207504,368.9044313427536,22179200,355.49178009033204,332.69864990234373,70.3590283053786,11.113193204828631,10.640645948610809,0.0
2023-11-28,374.7006530761719,374.994370396148,370.25554172918464,370.4415726583984,20453100,357.7472869873047,333.7620770263672,70.41087274551715,11.220411021298332,10.756598963148312,0.0
2023-11-29,370.93115234375,376.26721663239306,369.5506210654893,375.7385254123956,28963400,359.7752380371094,334.75812744140626,64.30227104297776,10.875844739065144,10.78044811833168,0.0
2023-11-30,370.9898986816406,372.1452267516367,367.6218003340975,370.578664516551,30554400,361.41723480224607,335.909345703125,67.27854436160654,10.4866304680981,10.721684588284964,0.0
2023-12-01,366.681884765625,370.2555853515813,363.5487602115402,368.884854564053,33040500,362.733903503418,336.9986364746094,55.5580078026922,9.718525522124423,10.521052775052857,0.0
2023-12-04,361.4241638183594,361.7961958706365,355.31457343804857,361.3849915413908,32063300,363.5688125610352,338.0320184326172,53.04083907094235,8.586562135358918,10.134154647114068,0.0
2023-12-05,364.7333984375,365.2816906598943,357.9776315061035,358.7902991826528,23065000,364.38695068359374,339.1212286376953,52.8592605795939,7.865828202122316,9.680489358115718,0.0
2023-12-06,361.0912170410156,366.3587674073999,360.3373225744815,365.7321604216408,21182100,364.82755889892576,340.2431231689453,49.22360758095893,6.920967166367063,9.128584919765988,0.0
2023-12-07,363.1962585449219,363.68580733396766,358.6630319776083,360.5331119373255,23118900,365.2429748535157,341.3944152832031,44.94959729705931,6.269743544176777,8.556816644648146,0.0
2023-12-08,366.40771484375,366.6328881744278,360.5331290956208,361.4828549867559,20154400,365.94159240722655,342.5933264160156,54.50249661649509,5.944260085738449,8.034305332866207,0.0
2023-12-11,363.5389404296875,363.8326876484096,358.44765064841334,360.77790780370736,27708800,366.0580429077148,343.6936279296875,43.01951940672116,5.39266272104544,7.505976810502053,0.0
2023-12-12,366.5545349121094,366.5937071792847,362.7164594804309,363.0983218560983,24838300,366.4713531494141,344.73601013183594,51.53429642425844,5.1396049413675655,7.032702436675157,0.0
2023-12-13,366.5447692871094,369.7464376106383,363.0200118977458,368.16027437565873,30955500,366.7087829589844,345.9425476074219,45.41136184109402,4.881990278470482,6.602560005034222,0.0
2023-12-14,358.2812194824219,365.9475713192963,356.5188555482644,365.5069653959114,43277500,366.5256912231445,346.8749639892578,37.48363170557288,3.9653196575535503,6.0751119355380885,0.0
2023-12-15,362.98095703125,364.61603370967055,358.6239596427421,359.1820525888979,78502300,366.2593780517578,347.89355895996096,42.050077105560405,3.576849435288068,5.575459435488085,0.0
2023-12-18,364.8607482910156,365.2034384585368,360.9737292655857,361.7276536100702,21802900,366.39645233154295,348.7953649902344,39.39645068488285,3.3816854649441552,5.136704641379299,0.0
2023-12-19,365.4580383300781,365.4580383300781,362.1095108541582,363.7250161772289,20603700,366.1918243408203,349.6590875244141,43.66931905547566,3.237888562919636,4.756941425687367,0.0
2023-12-20,362.8731384277344,368.1700598934919,362.785023231556,367.161590586535,26316700,366.07188415527344,350.4990576171875,41.12981545267056,2.882125316269935,4.381978203803881,0.0
2023-12-21,365.7321472167969,366.583957397764,362.30530541678434,364.77262075610525,17708000,365.8608901977539,351.3174523925781,48.9281593657332,2.79861777211039,4.065306117465182,0.0
2023-12-22,366.7503662109375,367.3378307474357,364.9194584779402,365.8691843460341,17107500,365.7213684082032,352.18083557128904,56.64702723495336,2.782524000325793,3.8087496940373047,0.0
2023-12-26,366.8287353515625,369.0610768362086,365.6929784727511,367.1616249726416,12673100,365.5279968261719,353.11281616210937,52.84432204386867,2.7444569139880173,3.595891138027448,0.0
2023-12-27,366.25103759765625,367.2203346368523,365.0173650898164,365.8789757378514,14905400,365.1055160522461,353.9372906494141,57.63983339192391,2.6372722601184933,3.4041673624456568,0.0
2023-12-28,367.4356994628906,368.5910273130214,366.3391150709235,367.52381465013616,14327000,364.9307434082031,354.7967919921875,56.452958500171874,2.6177442355372023,3.246882737063966,0.0
2023-12-29,368.1799011230469,369.2764857473798,365.6734134446601,368.1407288494093,18730800,364.7902435302734,355.7092858886719,52.916549059156665,2.6319791722390846,3.12390202409899,0.0
2024-01-02,363.117919921875,368.0427796247224,359.1036138103624,366.0454121665628,25258600,364.61204528808594,356.49689392089846,49.35376284651633,2.209333067598777,2.940988232798948,0.0
2024-01-03,362.85357666015625,365.45797986261033,360.8072662610182,361.2968150611858,23083500,364.68351593017576,357.3700860595703,43.79523503029397,1.8319352830557705,2.7191776428503123,0.0
2024-01-04,360.2491455078125,365.3012923191343,359.4952511707328,362.92209250603474,20901500,364.4593032836914,358.1394030761719,40.28998031590571,1.3076156131207313,2.436865236904396,0.0
2024-01-05,360.06317138671875,364.2830799920656,358.8392992881915,361.25767175006894,21004600,364.40790100097655,358.88135314941405,53.66045088158998,0.8670867040744952,2.122909530338416,0.0
2024-01-08,366.8580932617188,367.3574426143648,361.2968258961624,361.58074269539895,23134000,364.5909927368164,359.56104370117185,57.33311938382542,1.0541066918123647,1.909148962633206,0.0
2024-01-09,367.9351196289063,368.13092123395006,363.4312643972459,364.2341316530872,20830000,364.66736297607423,360.5120251464844,55.99689502740067,1.274536344638307,1.7822264390342264,0.0
2024-01-10,374.7691345214844,376.139894907687,368.4539736551255,368.5029165776252,25514200,365.228872680664,361.5621667480469,64.60804666822432,1.9778765900535404,1.8213564692380892,0.0
2024-01-11,376.5903930664063,382.51392282767705,372.42922740014507,377.9317522768971,27850800,365.7306655883789,362.5021643066406,72.04913248012087,2.6516723176513324,1.987419638920738,0.0
2024-01-12,380.3500061035156,380.5556082117084,376.6098464914054,377.43228480386114,21661200,366.4209274291992,363.5017218017578,72.83561340813657,3.449268616391578,2.2797894344149063,0.0
2024-01-16,382.1124572753906,385.7938742722587,379.51785428757296,385.4316128958056,27202300,367.6124893188477,364.3809716796875,73.45289666347678,4.175452492461432,2.658922046024212,0.0
2024-01-17,381.32916259765625,381.9557695556543,376.7665639671979,379.870316661969,22234100,368.529899597168,365.20058471679687,71.67097516879781,4.634331424007883,3.054003921620946,0.0
2024-01-18,385.63720703125,385.7546939747168,381.9655906494616,383.5321529482961,23392100,369.5687225341797,366.0188092041016,76.06633632002153,5.284700724919162,3.5001432822805896,0.0
2024-01-19,390.3368225097656,390.3368225097656,385.2748751705021,387.4876451332348,29331100,370.8126617431641,366.8581329345704,78.1332477566102,6.108922913663776,4.021899208557227,0.0
2024-01-22,388.2220153808594,392.2460923450514,385.36303712070327,391.6586277842315,27016900,372.0801055908203,367.5769921875,73.81895361117881,6.516361120617489,4.52079159096928,0.0
2024-01-23,390.56201171875,391.0319893054533,385.69589563777015,387.4778603727062,20525900,373.321598815918,368.2904736328125,84.8719650942211,6.94798493796992,5.006230260369408,0.0
2024-01-24,394.1455078125,397.1513444657461,392.07962632176026,393.1468390669837,24867000,374.6913558959961,369.1246765136719,86.66827352207447,7.492835367158136,5.503551281727154,0.0
2024-01-25,396.4072265625,398.5025096949156,394.11614184479663,395.8687348533506,21021200,376.17028045654297,369.82862243652346,92.71355914361482,8.014746055357875,6.005790236453299,0.0
2024-01-26,395.4868774414063,397.6800763339306,394.01823107466254,395.917682766026,17803300,377.63207244873047,370.572593383789,91.132380351663,8.258896139810588,6.456411417124757,0.0
2024-01-29,401.1558532714844,401.4104281984527,395.8785030835569,397.5723526181703,24510200,379.31808013916014,371.3597869873047,90.89428468505184,8.808289336128041,6.926787000925414,0.0
2024-01-30,400.0494689941406,404.4162357513152,397.9542157503529,403.64277019124665,33477600,380.9115585327148,372.1219152832031,88.26414811679636,9.05008766056443,7.351447132853218,0.0
2024-01-31,389.2696228027344,406.6388350866889,388.907361460185,398.4535633579428,47871100,382.2191436767578,372.5411633300781,65.79234950883225,8.276465139819038,7.536450734246383,0.0
2024-02-01,395.3400573730469,399.4718507500115,393.4014332230129,393.4308049580275,30657700,383.8434677124024,373.2055792236328,68.69021927937936,8.060283129005597,7.641217213198226,0.0
2024-02-02,402.62451171875,404.0246140998081,395.12462060191353,395.3693949991484,28256700,385.9622360229493,373.8670574951172,70.74599528284993,8.380150753478404,7.789003921254262,0.0
2024-02-05,397.1708984375,402.5657352720622,395.5455929874579,401.33206284957225,25352300,387.8176223754882,374.5050366210937,63.12281756215875,8.100212923965898,7.85124572179659,0.0
2024-02-06,397.0143127441406,399.4424857719529,394.4882538510837,397.39617518548,18382600,389.3254333496094,375.0462823486328,63.81992429265691,7.776087128450683,7.8362140031274095,0.0
2024-02-07,405.3953247070313,405.64009909216526,398.8843320384044,398.92350430633786,22340500,391.1984436035156,375.7633728027344,66.24276464732422,8.102096794206886,7.889390561343305,0.0
2024-02-08,405.4541015625,406.8738050650789,403.9071404681064,405.3953580956046,21225300,392.7326919555664,376.45853149414063,63.45421666654897,8.269874637110775,7.965487376496799,0.0
2024-02-09,411.7594604492188,412.0238359092722,406.4135962217608,406.57025541446654,22032800,394.491145324707,377.1997076416016,69.49399894956974,8.810072520524614,8.134404405302362,0.0
2024-02-12,406.5801086425781,411.9455447595813,406.0807592685953,411.7693143498308,21202900,395.80265045166016,377.9126867675781,62.67046850807497,8.719737128133602,8.25147094986861,0.0
2024-02-13,397.8269348144531,401.49855072964925,394.9581860838381,396.4757753769111,27824900,396.58837432861327,378.4494274902344,52.69188731798469,7.8513324312459645,8.171443246144081,0.0
2024-02-14,401.6720886230469,402.01541247950905,396.8460370500132,400.2792157447501,20401200,397.6055206298828,379.1492315673828,53.76257926172585,7.388220423472546,8.014798681609774,0.0
2024-02-15,398.7980346679688,401.3189759217452,396.5713838346197,400.3478863847026,21825500,398.2635620117188,379.896708984375,52.30206290296709,6.711917874829396,7.754222520253698,0.0
2024-02-16,396.3457946777344,400.4950474520792,395.7376363376296,400.171330958188,22296500,398.5640106201172,380.52895690917967,46.499251946538166,5.90994182895264,7.385366381993487,0.0
2024-02-20,395.10003662109375,396.76756266074034,390.4112964520626,395.5414273661721,24307900,398.9079116821289,381.2091333007813,46.40510909265816,5.114886542576983,6.931270414110187,0.0
2024-02-21,394.5016479492188,394.6095634160917,389.6363517174895,392.5300428466808,18518900,399.1048934936524,381.8352410888672,54.45974412587787,4.385955964981179,6.422207524284385,0.0
2024-02-22,403.7908935546875,404.9483581581281,400.7697091781749,402.3587758261095,27009900,399.5871627807617,382.5829046630859,56.828719401496656,4.505896546902477,6.038945328808004,0.0
2024-02-23,402.50579833984375,407.920399900998,401.1619591253228,407.7340549150229,16295900,399.8920913696289,383.36224182128905,49.89377412610786,4.446003121902834,5.72035688742697,0.0
2024-02-26,399.7593383789063,404.2911294979053,399.5827521513917,403.6044817802024,16193500,400.10571441650393,384.026337890625,52.43408697488831,4.129320548487499,5.402149619639077,0.0
2024-02-27,399.7005004882813,400.5244598178457,396.1397987868088,400.2007433350152,14835800,400.0329467773437,384.6894525146485,52.53065822241823,3.829456016234872,5.0876108989582365,0.0
2024-02-28,399.9358520507813,401.48567367865326,397.58167859587735,400.3870613953607,13183100,400.02726593017576,385.5225451660156,43.92409603199617,3.569653376108363,4.784019394388262,0.0
2024-02-29,405.7428283691406,406.29213449344473,398.17021687273217,400.8382880200403,31947300,400.8509262084961,386.3777825927734,50.28487840952273,3.7886590666349775,4.584947328837606,0.0
2024-03-01,407.5673828125,407.93031407980567,403.0355914321904,403.41813008815376,17823400,401.4622924804688,387.2319152832032,45.46259313235199,4.062617622311109,4.480481387532306,0.0
2024-03-04,406.9984436035156,409.3820433456456,404.4480762959748,405.54668869062186,17596000,401.68098907470704,388.0627233886719,50.50299714082746,4.185574415673386,4.421499993160523,0.0
2024-03-05,394.9627075195313,406.3412493979287,392.9911022596272,406.056777618859,26919200,401.5705795288086,388.7045147705078,46.80807647965066,3.274093532939389,4.192018701116296,0.0
2024-03-06,394.413330078125,397.4247250969949,390.7839881082766,395.2765339863949,22344100,401.44053039550784,389.2781384277344,41.26944741553914,2.4788337459223726,3.849381710077511,0.0
2024-03-07,401.3288879394531,401.956653766165,394.5605958494451,398.3665253334063,18718500,401.2372085571289,389.9697088623047,52.77429679967832,2.3791865769873084,3.555342683459471,0.0
2024-03-08,398.4645385742188,402.58436507476455,396.61060766849016,400.171309298901,18002200,400.88773040771486,390.6024249267578,52.30175017488487,2.0455070898316308,3.253375564733903,0.0
2024-03-11,396.7969665527344,397.9348236347475,393.5992262388283,396.0514966910266,16120800,400.1396057128906,391.21334350585937,51.826759888748505,1.6277409817727175,2.928248648141666,0.0
2024-03-12,407.3515319824219,407.6360037253644,399.0236314366351,399.8377720230612,22457000,400.1781768798828,392.01166015625,61.39121231943928,2.123841233590156,2.7673671652313643,0.0
2024-03-13,407.1749877929688,410.1961717884516,403.5946789555971,410.11771230614136,17115900,400.6455795288086,392.7915618896485,53.57802937023586,2.474237150999727,2.708741162385037,0.0
2024-03-14,417.1018371582031,419.65220477798977,410.0098592258052,412.2169029464952,34157300,401.4170669555664,393.871240234375,63.04809826006442,3.512452851598596,2.869483500227749,0.0
2024-03-15,408.46978759765625,414.5317928189051,404.9090862008724,411.28498921650765,45079900,401.9006546020508,394.783564453125,57.04532125345819,3.5972452121768583,3.015035842617571,0.0
2024-03-18,409.3526306152344,412.6975312789775,405.8802070917239,406.34123515822085,20106000,402.5509963989258,395.7656341552735,57.7042904489803,3.693109949505924,3.1506506639952416,0.0
2024-03-19,413.3645324707031,413.61957818454806,407.6163947925088,409.8528643144651,19837900,403.46422119140624,396.8316613769532,60.10924567825733,4.046168681473432,3.32975426749088,0.0
2024-03-20,417.1116027832031,417.8276466076136,412.6288451450149,413.94325853489937,17860100,404.5947189331055,397.8367315673828,58.83246083229013,4.575583055590755,3.5789200251108557,0.0
2024-03-21,421.1725463867188,422.5948752417206,419.004747660182,421.6237557740876,21296200,405.463801574707,398.90148010253904,60.21496112570927,5.262172917580301,3.9155706036047446,0.0
2024-03-22,420.55462646484375,421.6532390012991,417.9356179957843,421.4963200117596,17648500,406.36624298095705,399.81718994140624,60.17070502484927,5.690838907791999,4.270624264442196,0.0
2024-03-25,414.7868347167969,419.2499850699005,413.5606994442316,417.1214010653521,18060500,407.1176177978516,400.5811187744141,66.41740536065132,5.5017267218425445,4.516844755922266,0.0
2024-03-26,413.5999450683594,417.8570831519167,413.30568457627095,417.4843332386425,16725600,407.81259002685545,401.2461175537109,65.72342191070837,5.196183507655292,4.652712506268872,0.0
2024-03-27,413.3841247558594,416.3464866009306,411.0103437373624,416.3366679400052,16705000,408.48500366210936,401.8715509033203,61.0979068758667,4.880365596880097,4.698243124391117,0.0
2024-03-28,412.6877136230469,413.81575210575176,411.11825446083225,412.9231220201488,21871200,408.8322479248047,402.4987219238281,63.63805551962816,4.521759045400074,4.662946308592908,0.0
2024-04-01,416.4642333984375,419.7208560550212,414.1590929657669,415.85607505767865,16316000,409.2770904541016,403.1152624511719,68.12513675617997,4.490530315691672,4.628463110012661,0.0
2024-04-02,413.3939514160156,414.31600751259526,409.8626759328322,412.08932675524255,17912000,409.59686584472655,403.5764050292969,56.459739754684016,4.169966448340119,4.5367637776781535,0.0
2024-04-03,412.4228515625,415.17920112214335,411.0888008867087,411.716596483538,16502300,410.469873046875,404.0604217529297,55.516588711591886,3.793824781065268,4.3881759783555765,0.0
2024-04-04,409.9019775390625,420.4859867966176,409.5978983516999,416.8762213933396,19370900,411.2443054199219,404.4472210693359,41.03567794478501,3.254797059466739,4.161500194577809,0.0
2024-04-05,417.3960571289063,418.36717662742586,410.33353586981326,411.9912731648726,16554800,412.0476638793945,404.9122320556641,61.43793865583417,3.3932085034501256,4.007841856352273,0.0
2024-04-08,416.4838562011719,419.1225019527215,415.2184760981184,417.052799785157,14272400,412.94862976074216,405.3137646484375,59.1309363042989,3.390213310017259,3.8843161470852703,0.0
2024-04-09,418.14154052734375,419.5736580977935,413.57050478624086,418.29848942937065,12496900,414.0158584594727,405.76685791015626,56.50896800757792,3.48146866528424,3.803746650725064,0.0
2024-04-10,415.1792602539063,415.9345488749053,411.687229070282,414.1296811793762,16216600,414.40724487304686,406.0473260498047,47.3095243153668,3.276982911383982,3.698393902856848,0.0
2024-04-11,419.7599792480469,421.1724892503074,414.29631416534033,417.6902776086561,17966400,415.0364944458008,406.4415362548828,48.06128885526953,3.444842221548754,3.6476835665952296,0.0
2024-04-12,413.84515380859375,417.06253143112855,411.75581460240056,415.954100401744,19253800,414.8736602783203,406.933046875,41.96036643785023,3.0652605380856244,3.5311989608933088,0.0
2024-04-15,405.7428283691406,418.67118954498375,405.53681612132254,418.4553885722258,20273500,414.7373123168945,407.1411022949219,39.73718403351101,2.086596385922121,3.242278445899072,0.0
2024-04-16,406.6648864746094,410.4119627811132,405.8311384974836,406.6550977488978,16765600,414.6029251098633,407.22190979003904,42.08275673694523,1.369612339097273,2.867745224538712,0.0
2024-04-17,403.9772338867188,410.8828360715611,402.4960529094379,409.2839508985917,15855500,414.13356018066406,407.35803649902346,39.83456705600989,0.577864946806244,2.4097691689922183,0.0
2024-04-18,396.5517578125,404.02630364118,396.2378899306863,402.7903496970384,21029900,413.1055679321289,407.3487854003906,34.77684794957622,-0.6413809869412717,1.7995391378055206,0.0
2024-04-19,391.5000915527344,397.738683518828,390.1758594431205,396.3163545983272,30565800,411.6219451904297,407.0708807373047,27.001419795605656,-1.99230338895336,1.0411706324537444,0.0
2024-04-22,393.304931640625,395.1588624515417,388.1944084543801,392.441727661041,20286900,410.2594604492188,406.8278973388672,31.050876848561188,-2.884038216692886,0.2561288626244183,0.0
2024-04-23,399.7887878417969,400.4067648369335,395.3648819975192,396.5223465632018,15734500,409.5095581054687,406.58848388671873,39.20544471973054,-3.032593633014244,-0.4016156365033142,0.0
2024-04-24,401.2502746582031,404.59517495198185,399.0138053337192,401.7407287200192,15065300,408.89207458496094,406.48188720703126,42.471693734143365,-2.9978378897006337,-0.920860087142778,0.0
2024-04-25,391.4216613769531,392.2554394295144,380.6218512778305,386.5073011524572,40586500,407.7939514160156,406.35378173828127,28.28071052906907,-3.7204931344441543,-1.4807866966030536,0.0
2024-04-26,398.5626220703125,405.1150815807432,398.0133158799137,404.30094095620495,29694700,407.0876968383789,406.2915924072266,36.42833404745761,-3.674627950263584,-1.91955494733516,0.0
2024-04-29,394.5703430175781,398.5626467739512,391.56876617151903,397.5130677635141,19582100,405.9930023193359,406.2070385742188,32.759268014262574,-3.9152899902233,-2.318701955912788,0.0
2024-04-30,381.89697265625,394.4820415046003,381.74005368851095,393.8248198455559,28781400,404.4181533813477,405.9180621337891,28.68436503450469,-5.070205292631329,-2.869002623256496,0.0
2024-05-01,387.3998718261719,394.05042796595137,382.858262247329,385.1143390455512,23562500,403.16700439453126,405.7640588378906,29.51692538305221,-5.478295635177915,-3.39086122564078,0.0
2024-05-02,390.2444763183594,392.2945706625557,387.115377073286,390.0679200441085,17709400,402.1841293334961,405.6789154052734,34.4573049041026,-5.508673800073552,-3.8144237405273342,0.0
2024-05-03,398.8961486816406,399.3767841403129,394.1877711661832,394.59976579857647,17446700,401.2591339111328,405.5810205078125,45.52337442174525,-4.779535549287573,-4.007446102279382,0.0
2024-05-06,405.644775390625,406.0273140130064,398.6116505989638,400.95603550783153,16996600,400.7171798706055,405.6438000488281,49.38023340024125,-3.6154537572224967,-3.929047633268005,0.0
2024-05-07,401.5249938964844,406.7532518204941,401.2797668251692,406.74343315845897,20018200,399.8863525390625,405.6791131591797,48.5356287511358,-2.990865648929457,-3.741411236400296,0.0
2024-05-08,402.70208740234375,404.3598247646084,398.9451919846881,400.3773396044192,11792300,399.2624938964844,405.73914489746096,53.968889158469615,-2.373532855367216,-3.46783556019368,0.0
2024-05-09,404.4480895996094,404.84044690561177,401.2895638936333,402.73150019277335,14689700,398.4968994140625,405.8293896484375,58.72787893698763,-1.7235365272346712,-3.1189757536018785,0.0
2024-05-10,406.8218688964844,407.4496645311695,403.93799631140473,405.0562460600837,13402300,398.145735168457,405.8509704589844,59.04203131985572,-1.0052773914571276,-2.696236081172928,0.0
2024-05-13,405.82135009765625,410.3629599472109,402.9767222457907,410.029454744504,15440200,398.1496612548828,405.8160498046875,54.35490558331171,-0.5108960651395478,-2.2591680779662524,0.0
2024-05-14,408.6071472167969,409.5193847249845,403.692787196972,404.1538152820149,15109300,398.2467742919922,405.8482238769531,55.21128319444937,0.1044907392303571,-1.7864363145269306,0.0
2024-05-15,415.7511901855469,416.4685555680916,410.0418362179186,410.6609278510968,22239500,398.8354721069336,406.2639935302734,67.91532920987652,1.1553357858679192,-1.1980818944479608,0.0
2024-05-16,413.6973876953125,418.0506717757775,413.0684896947791,414.4933540645919,17530100,399.69275360107423,406.6496746826172,62.04723514282188,1.8016451162248472,-0.5981364923133992,0.0
2024-05-17,412.9309387207031,415.5940165624452,410.78870878728935,415.2205942827064,15352200,400.76429595947263,406.8817156982422,65.4061725069318,2.2263400281741497,-0.0332411882158893,0.0
2024-05-20,417.9720153808594,419.3772369114519,412.7146851212101,412.9308753558347,16272100,401.9976501464844,407.271865234375,84.71681921692759,2.935843980190498,0.5605758454653881,0.0
2024-05-21,421.6079711914063,425.46988664412265,417.49054998726376,419.4362322821608,21453300,403.08860931396487,407.7680853271484,84.14717883073594,3.748313990387203,1.198123474449751,0.0
2024-05-22,423.0623168945313,424.9195918098365,419.7310556819618,422.6397727564984,18073700,404.17921142578126,408.0823010253906,83.69461205802601,4.458164920672289,1.8501317636942587,0.0
2024-05-23,419.6033020019531,426.0889796466093,418.0506847119264,425.4698880093599,17211700,405.5882934570312,408.3308673095703,73.79788638439297,4.68757782424359,2.417620975804125,0.0
2024-05-24,422.7086181640625,423.5930220442471,417.0582217214575,419.790064367194,11855300,406.7955932617188,408.4430029296875,71.40312196167596,5.061615116905045,2.946419804024309,0.0
2024-05-28,422.8658142089844,423.3571529882785,419.210252491479,422.18776429444347,15718000,408.2103668212891,408.7309234619141,79.72226755889234,5.309521909703051,3.4190402251600576,0.0
2024-05-29,421.7357177734375,423.4750461602697,418.3159892619867,418.3159892619867,15517100,410.2023040771484,408.9785852050781,76.54369431175543,5.353093363222513,3.805850852772549,0.0
2024-05-30,407.4869079589844,416.9500674611062,407.0643338259667,416.9500674611062,28394500,411.206655883789,408.86103271484376,53.1421185760374,4.189569435758926,3.8825945693698247,0.0
2024-05-31,407.9388732910156,409.5308058785648,397.5028441158069,409.5308058785648,47995300,412.09137573242185,408.677578125,51.20277714611695,3.266286448583287,3.759332945212517,0.0
2024-06-03,406.3567810058594,409.21637607324783,401.83648858598,408.3319723384426,17484700,412.4644073486328,408.3812628173828,50.56941398230192,2.3794871572670218,3.4833637876234183,0.0
2024-06-04,408.8626098632813,409.226195718034,402.5832866238417,405.2856495851976,14348900,412.6252990722657,408.1474224853516,50.273303971086136,1.8574799044657768,3.1581870109918904,0.0
2024-06-05,416.6651306152344,416.73389525429343,409.0886648755249,410.5725176189358,16988000,413.3823059082032,408.1849884033203,50.964184667055584,2.049755308786189,2.9365006705507506,0.0
2024-06-06,417.1662902832031,417.94261399588106,413.29453808136446,416.6651450920817,14861300,414.1055160522461,408.2563153076172,53.78355618132736,2.2170179459830592,2.7926041256372125,0.0
2024-06-07,416.5078430175781,418.8957420228007,415.6725611876173,418.8171410219632,13621700,414.7085037231445,408.3187896728516,53.91056755411362,2.27027330213042,2.6881379609358538,0.0
2024-06-10,420.4581909179688,420.6645447832034,416.5471539046789,417.3431202309482,13982900,415.3903198242188,408.47419921875,52.78450164574311,2.60125299142652,2.670760967033988,0.0
2024-06-11,425.1848754882813,425.3224647271418,417.8835891699695,418.1096157814106,14551100,416.35849609375,408.6486120605469,53.91056755411362,3.207981112678624,2.778204996162915,0.0
2024-06-12,433.4197082519531,435.719169857388,425.74499986300094,427.7791493562864,22366200,417.5991241455078,409.0491271972657,59.8614937682656,4.303689449648459,3.083301886860024,0.0
2024-06-13,433.93072509765625,435.7093989946261,431.7590161803077,433.2133897026112,15960600,418.50810089111326,409.4792846679687,64.45278228087987,5.153870379984028,3.497415585484825,0.0
2024-06-14,434.903564453125,435.4636977946633,429.154895396508,430.68786981308114,13582000,419.5684097290039,409.97931640625,62.85469069273094,5.838838403560885,3.965700149100037,0.0
2024-06-17,440.6031494140625,443.1286380359584,433.0856717940259,434.9232741023748,20790000,420.9520202636719,410.44345825195313,66.74084421850023,6.763622539673804,4.525284627214791,0.0
2024-06-18,438.6082763671875,442.34246889984814,437.18341197055486,441.9198947788086,17112500,421.9838333129883,410.8859466552734,65.66887457758543,7.251955023889934,5.07061870654982,0.0
2024-06-20,437.9794006347656,438.7950098147065,433.62611625090886,438.5689831798124,19877400,422.8024047851562,411.2827038574219,87.90611883177385,7.501741612368789,5.556843287713614,0.0
2024-06-21,441.9886779785156,442.774807970896,438.7753333987664,439.6302580124377,34187100,423.7487228393555,411.8188922119141,88.88883467058898,7.931781814668511,6.0318309931045935,0.0
2024-06-24,439.9152221679688,444.90721036131976,438.6770389987755,442.0082999216464,15913700,424.7643188476562,412.2219970703125,87.90223013295594,8.012913340817931,6.428047462647262,0.0
2024-06-25,443.1384582519531,443.6003179053093,439.01120049902784,440.4852168409384,16413400,425.7858108520508,412.8078631591797,88.09515249240404,8.24228692110114,6.790895354338039,0.0
2024-06-26,444.3274841308594,445.7425422004591,440.4262530619795,441.222219477512,16507000,426.8588943481445,413.5795562744141,86.04341560709639,8.422917438203172,7.117299771111066,0.0
2024-06-27,445.0055236816406,448.2680202655606,443.9442151596724,444.3471165440364,14806300,428.0223846435547,414.3463690185547,86.10745204334307,8.522538036129447,7.398347424114743,0.0
2024-06-28,439.2077026367188,447.4916664251775,438.6770484115445,445.2216838922394,28362300,429.6084243774414,415.0509783935547,75.97837710974406,8.040961178657653,7.526870175023325,0.0
2024-07-01,448.81829833984375,449.447196335744,437.940051387917,440.8880838417333,17662800,431.6523956298828,416.0963092041016,78.7335524078199,8.33867969480616,7.689232078979892,0.0
2024-07-02,451.3240966796875,451.6287242891569,445.2609636362825,445.3494309967801,13979800,433.90076141357423,417.2927893066406,77.73140749527951,8.676799998729905,7.886745662929895,0.0
2024-07-03,452.7882690429688,453.0339384006955,449.9483468618941,450.2529744663604,9932800,436.09704437255857,418.4824560546875,73.99557343790525,8.959628231652971,8.101322176674511,0.0
2024-07-05,459.4607238769531,460.2370475569388,451.01952711906966,451.6484251718753,16000300,438.2368240356445,419.67589477539065,77.43978000077409,9.61138887689168,8.403335516717945,0.0
2024-07-08,458.1635437011719,459.598274429734,456.4143789671548,458.46817132419625,12962300,440.286686706543,420.81416015625,74.82685633913292,9.90901730142508,8.704471873659372,0.0
2024-07-09,451.57958984375,459.2346253511444,450.0662582205172,458.91035499777627,17207200,442.04027404785154,422.01731872558594,61.49876980209415,9.504062998100665,8.86439009854763,0.0
2024-07-10,458.1734008789063,458.3797547644369,450.9113994976311,453.2305340754163,18196100,443.92603454589846,423.2095343017578,68.69480729281484,9.60448471769547,9.0124090223772,0.0
2024-07-11,446.823486328125,456.72886266734906,443.7280281074878,454.9600551032178,23111200,445.0079650878906,424.2545971679688,57.01368986452441,8.668303596886176,8.943587937278995,0.0
2024-07-12,445.693359375,448.4546806966465,442.8436006787632,446.459846610387,16324300,445.621647644043,425.53052490234376,53.07853321884302,7.745891695753357,8.704048688973867,0.0
2024-07-15,446.0962524414063,449.33910606074033,443.61007966105154,445.4476817175394,14429400,446.2299240112305,426.7044525146485,55.28302004907935,6.96707165662184,8.356653282503462,0.0
2024-07-16,441.7331848144531,446.4303821266817,438.92274152217504,446.3517811207802,17175700,446.5714050292969,427.73422668457033,48.82184740303933,5.929437209492676,7.8712100679013055,0.0
2024-07-17,435.8371276855469,437.14410559537976,431.5723108003405,434.9232447792037,21778000,446.3331039428711,428.4730462646484,43.40256468385372,4.578563074427507,7.212680669206547,0.0
2024-07-18,432.74169921875,436.9475578488645,426.8751131633182,436.6429302135875,20794800,446.0397750854492,429.0149847412109,40.8154412467163,3.2210797795245867,6.414360491270156,0.0
2024-07-19,429.5380859375,433.4983044830898,424.5166190284028,425.5975701209377,20940400,445.6177093505859,429.5752465820312,42.4655156342441,1.8652581353895243,5.504540020094029,0.0
2024-07-22,435.2671203613281,436.89836840804566,431.3069317261726,434.1370473740231,15808800,445.28163146972656,430.2265472412109,38.76120538536807,1.2387651986045969,4.651385055796143,0.0
2024-07-23,437.1440734863281,440.6227600869156,435.4243879336588,436.21051790501895,13107100,445.1430740356445,430.8804669189453,38.11570442402277,0.8835346262106327,3.8978149698790414,0.0
2024-07-24,421.4703979492188,433.83249840274334,420.18309274942834,432.820341719192,26805800,444.05967102050784,431.1734375,28.80150976322365,-0.6551703907473438,2.9872178977537645,0.0
2024-07-25,411.1522521972656,422.3547694868196,410.2776848331151,421.37209200547386,29943800,442.4009094238281,431.28005554199217,18.838814885506693,-2.6763421262320435,1.854505892956603,0.0
2024-07-26,417.90325927734375,421.490056226304,410.0418390958428,410.95575198353527,23583800,441.0457962036133,431.46597778320313,25.73736935319833,-3.690839734526037,0.745436767460075,0.0
2024-07-29,419.3380432128906,424.6641392672528,417.3432087885028,424.1040058109664,15125800,440.05231323242185,431.53771484375,29.28414086982643,-4.32915749278078,-0.2694820845880959,0.0
2024-07-30,415.593994140625,421.6177822082065,410.1302794845553,420.31083428857175,32687600,438.39109802246094,431.5756469726563,21.601896297936637,-5.078599451676496,-1.231305558005776,0.0
2024-07-31,411.1031494140625,414.4737261342931,405.0694950036535,413.2159000993034,42891400,436.3800506591797,431.5390911865234,23.77734205925394,-5.966137324136184,-2.178271911231858,0.0
2024-08-01,409.8846130371094,420.0553315421952,405.9342601346404,413.5008891646309,30296400,434.23486785888673,431.3773431396484,23.746518012364007,-6.690716766257424,-3.080760882236971,0.0
2024-08-02,401.4139099121094,407.8111498348948,397.3358044115477,405.3446197900361,29437900,431.3325271606445,430.9734619140625,20.7062116033854,-7.857885333261152,-4.036185772441808,0.0
2024-08-05,388.3049926757813,394.0929773151557,378.9007621776494,382.42860065253456,40709200,427.839599609375,430.2783154296875,18.575995318891543,-9.728510681438252,-5.174650754241097,0.0
2024-08-06,392.6877746582031,398.64282840268,391.5970169354581,393.071033310372,24946500,424.89500885009767,429.7400048828125,24.16159188444189,-10.733610489173714,-6.286442701227621,0.0
2024-08-07,391.5281982421875,402.97638538590667,390.58483621712907,401.5613573427881,20650900,421.5627487182617,429.116396484375,24.735056371144083,-11.491263323415808,-7.327406825665259,0.0
2024-08-08,395.7143859863281,398.8294567188382,393.0120229903142,395.46871662305415,20203000,419.0072937011719,428.57336791992185,29.51201198148061,-11.619970500871602,-8.185919560706528,0.0
2024-08-09,398.9866943359375,400.9815283942931,395.2918474526737,397.03117577316215,19276700,416.6719604492188,428.1183874511719,27.349782173720698,-11.327349298614592,-8.814205508288142,0.0
2024-08-12,399.7630310058594,401.6792641246606,397.237542635852,400.008700380632,16762900,414.3552993774414,427.9639099121094,26.33747431686136,-10.90707108045808,-9.23277862272213,0.0
2024-08-13,406.83831787109375,407.7620371122612,402.475227409518,402.49487016333154,19414300,412.6105560302734,427.94189880371096,39.6063423630904,-9.88908581965626,-9.364040062108955,0.0
2024-08-14,409.638916015625,410.484034234621,405.30533476037385,407.6146028252248,18267000,411.30064544677737,428.0075415039062,48.79649274556144,-8.755413346590728,-9.24231471900531,0.0
2024-08-15,414.4824523925781,414.5611950729744,411.1648649409175,413.2715696251715,20752100,410.3876831054688,428.1199383544922,47.19442474106252,-7.381052657034957,-8.87006230661124,0.0
2024-08-16,411.9622497558594,414.787612725286,410.8104315549657,414.05913029915934,22775600,409.5088912963867,428.0258807373047,44.056559695069474,-6.421201584590904,-8.380290162207173,0.0
2024-08-19,414.97467041015625,415.1912503316696,409.9835081573214,412.4446299731582,15234000,408.4942687988281,427.9820483398437,49.49499222605556,-5.355698366412071,-7.775371803048153,0.0
2024-08-20,418.1938171386719,419.2373304106215,415.08298552534507,415.14205004692775,16387600,407.5467559814453,428.0157678222656,55.90431006223302,-4.203070768510997,-7.0609115961407225,0.0
2024-08-21,417.5440673828125,419.7689009161739,415.1616884163413,417.484972823902,16067300,407.350439453125,427.9574853515625,56.43892379912026,-3.303948605169751,-6.309518997946529,0.0
2024-08-22,409.0876770019531,420.1529016775488,408.1622927487291,417.76066831830366,19361900,407.24721069335936,427.635541381836,56.4525085476095,-3.236440175894984,-5.694903233536221,0.0
2024-08-23,410.3083801269531,412.7399696060687,405.6814592418378,410.4954277824997,18493800,406.8674667358399,427.1733148193359,73.12483763057709,-3.049288420185121,-5.165780270866001,0.0
2024-08-26,407.05963134765625,410.7906998560521,404.9430729216432,409.8948480483377,13152800,406.2535461425781,426.6358929443359,65.4731778799239,-3.127069272946869,-4.758038071282174,0.0
2024-08-27,407.4042663574219,407.9161688910183,403.8700989564779,406.43949576869113,13492900,405.844059753418,426.0859069824219,67.39795368946565,-3.124880318941905,-4.43140652081412,0.0
2024-08-28,404.214599609375,408.5461674240689,400.97575531583215,408.4280383994025,14882700,405.4996322631836,425.35813598632814,59.52303944060114,-3.3420005050335817,-4.2135253176580125,0.0
2024-08-29,406.69537353515625,415.48649173294007,404.2145740450976,408.48707707724674,17045200,405.3401702880859,424.7198779296875,58.79219486386957,-3.276126941595294,-4.026045642445469,0.0
2024-08-30,410.6528930664063,410.9974260333262,405.7207960910566,409.13683384861065,24308300,405.8021194458008,424.1733477783203,61.58018499011183,-2.871482256162608,-3.795132965188897,0.0
2024-09-03,403.0726623535156,413.3503087826454,400.7001374742272,411.41094371784055,20313600,406.5405029296875,423.3950274658203,46.038180747548445,-3.12642026881872,-3.6613904259148615,0.0
2024-09-04,402.54107666015625,404.8446830658677,398.0815251485243,399.5975845933568,15135800,407.03316802978514,422.64754455566407,42.158003838357416,-3.3329350033464493,-3.595699341401179,0.0
2024-09-05,402.0390319824219,406.67577709695456,399.8141682348964,401.2809872314555,14195500,407.5587097167969,421.8255560302735,34.7931323582941,-3.496801279580893,-3.575919729037122,0.0
2024-09-06,395.45306396484375,404.2638620080845,394.5670360799336,402.6985921439958,19609500,407.54564361572267,420.84806762695314,31.64813408861308,-4.110713317581883,-3.6828784467460745,0.0
2024-09-09,399.4104919433594,402.294919165343,395.8960031892495,400.90684301767806,15295100,407.56683349609375,419.9361669921875,33.054635756088445,-4.2291605363326426,-3.792134864663388,0.0
2024-09-10,407.7586669921875,409.8555175047399,401.3597503882825,401.8519747424291,19594300,407.9666152954102,419.3071862792969,39.780205328989645,-3.607814216229883,-3.755270734976688,0.0
2024-09-11,416.461181640625,417.3963898690084,403.2104806610132,409.0384301164861,19266900,408.44775848388673,418.6600439453125,49.0839519660801,-2.385672036601818,-3.481350995301714,0.0
2024-09-12,420.359619140625,420.7238603737511,413.22236565404535,416.7270008247058,17395700,408.9837936401367,418.0407543945312,60.33204974927872,-1.08997962194627,-3.003076720630625,0.0
2024-09-13,423.8937683105469,425.11447510259467,418.8435415990084,419.20778281644255,15874600,409.45435943603513,417.4628643798828,61.94595464913458,0.2195118574721846,-2.3585590050100635,0.0
2024-09-16,424.632080078125,426.7880250402565,421.5606050753592,423.9035976857479,13834700,410.0878509521484,416.7662915039063,66.16557775796356,1.3018618258550418,-1.6264748388370425,0.0
2024-09-17,428.3828125,434.9786302945307,425.5475956574911,433.3838283313664,18874200,410.7582580566406,416.1706768798828,68.16087295829703,2.434224509086903,-0.8143349692522535,0.0
2024-09-18,424.1103210449219,429.249144206207,423.7165475930165,428.235163297131,18898000,411.0540832519531,415.6212915039063,66.90652519266567,2.952837270084672,-0.0609005213848684,0.0
2024-09-19,431.8678283691406,434.6341269777226,430.1056566789826,434.3683366283435,21706600,411.77027130126953,415.0951800537109,69.6300646981017,3.944339735247525,0.7401475299416101,0.0
2024-09-20,428.5009460449219,432.409208323067,427.4672869965637,430.4206328981448,55167100,412.740934753418,414.7287292480469,64.04773171089072,4.407624960035832,1.4736430159604548,0.0
2024-09-23,426.7683715820313,429.6724772622792,423.6968964015023,427.5263862762674,15128900,413.5639343261719,414.3502294921875,70.54108979856817,4.582157301960876,2.0953458731605394,0.0
2024-09-24,422.495849609375,426.61083784634445,419.4735849772464,426.2662748026867,17015800,414.3357452392578,413.8782214355469,66.24459282063717,4.325852884830283,2.5414472754944883,0.0
2024-09-25,425.3901062011719,426.384408985251,421.9051794925785,423.1455644045399,13396400,415.2350372314453,413.5513598632813,68.29678764604326,4.3066279797592415,2.894483416347439,0.0
2024-09-26,424.6025695800781,428.5305103087993,422.45647860829,428.32378449228514,14492000,416.25443572998046,413.3266687011719,75.12302819535326,4.179663916499464,3.1515195163778444,0.0
2024-09-27,421.3637390136719,425.1341945131492,420.82230422369577,424.8093096047705,14896100,416.9878540039063,413.0991094970703,69.15810891426624,3.774190899628138,3.2760537930279034,0.0
2024-09-30,423.6082458496094,423.7264049247719,418.7549211722127,421.5507517579481,16807300,417.6356216430664,412.9805126953125,65.48074888147679,3.592550865919065,3.3393532076061363,0.0
2024-10-01,414.1477661132813,421.8166306409856,412.29699757117095,421.78709837884526,19092900,418.1893768310547,412.5581256103516,47.773387566734336,2.65461740338111,3.2024060467611317,0.0
2024-10-02,410.6430969238281,416.24461251055664,410.2296152449858,416.00832438993655,16582300,418.5944778442383,412.0281060791016,40.5766294989431,1.6099424486342286,2.883913327135751,0.0
2024-10-03,410.0622863769531,413.0254566537122,407.8472767130048,411.1353318978847,13686400,418.99564056396486,411.79994384765627,35.770698621243085,0.7267855322170362,2.4524877681520083,0.0
2024-10-04,409.5897216796875,413.2223397680441,408.5166762071877,411.73581262468696,19169700,419.70247344970704,411.7686932373047,34.439915498968986,-0.0111264497403453,1.9597649245735376,0.0
2024-10-07,403.1711120605469,410.6233655735784,402.6395013728588,409.5306419831522,20919800,419.8905044555664,411.4740502929688,25.28470233176789,-1.1011616593564213,1.3475796077875462,0.0
2024-10-08,408.2607116699219,409.19594995144206,401.82243880752753,404.5099645290717,19229300,419.9156066894531,411.25250366210935,34.707452290289865,-1.5366210523607151,0.770739475757894,0.0
2024-10-09,410.9679260253906,413.8425293093592,407.8570646785986,409.3928021729279,14974300,419.6409439086914,411.1599822998047,27.657226897665,-1.644321470917987,0.2877272864227178,0.0
2024-10-10,409.3731384277344,410.859665558973,406.7249690560659,408.7726391492543,13848400,419.09161987304685,411.1253820800781,28.74639036544625,-1.837182957966263,-0.1372547624550783,0.0
2024-10-11,409.84564208984375,410.64304304020095,406.823377723781,409.6684485548725,14144900,418.3892135620117,411.1246026611328,30.65482586259345,-1.929656104881758,-0.4957350309404143,0.0
2024-10-14,412.6217956542969,417.4455877275933,411.0269637053987,411.2730758524341,16653100,417.7886993408203,411.34876037597655,38.3126607874712,-1.7586566495472198,-0.7483193546617755,0.0
2024-10-15,412.22802734375,415.9098858066577,408.8021651923356,415.61453317923247,18900200,416.9809600830078,411.827221069336,33.44060780162593,-1.6360527631657646,-0.9258660363625733,0.0
2024-10-16,409.6487731933594,409.8850312589263,404.0964983516136,408.7135649884976,15508900,416.2578826904297,412.1664410400391,31.998019071579407,-1.727103579129789,-1.0861135449160164,0.0
2024-10-17,410.2394714355469,415.9295838303706,409.127039576057,415.7917465890575,14820000,415.17646484375,412.5406665039063,35.69616796054635,-1.7316363691364811,-1.2152181097601094,0.0
2024-10-18,411.6570434570313,413.1238623045801,409.7865970653071,410.6529166681237,17145300,414.33426971435546,412.8595196533203,34.29898156292924,-1.602371284161336,-1.2926487446403547,0.0
2024-10-21,412.2674255371094,412.4446190928575,407.3156497759933,409.6487883889798,14206100,413.6092224121094,413.12513427734376,46.781185384706205,-1.4341431310359098,-1.3209476219194658,0.0
2024-10-22,420.8617248535156,423.8839598996877,411.5389933219311,411.9819772653469,25482200,413.5275161743164,413.5471081542969,64.89673311480544,-0.6004118048450096,-1.1768404585045744,0.0
2024-10-23,417.9969482421875,424.3761569602065,415.959132104824,424.15957703194096,19654400,413.1578582763672,413.7702807617188,60.84498112577948,-0.1688903894470286,-0.9752504446930652,0.0
2024-10-24,418.1248779296875,419.3554387186423,415.8310957950025,418.71552307399537,13581600,412.83397369384767,413.94,61.7766743695639,0.1813260836077006,-0.7439351390329121,0.0
2024-10-25,421.49169921875,425.7937351729216,419.9362835126177,420.1233311665373,16899100,412.8403717041016,414.0801849365234,77.60308470146612,0.7222241515546557,-0.4507032809153986,0.0
2024-10-28,419.9559631347656,425.2227696357769,419.670464602579,424.9471252042487,14882400,412.6577575683594,414.2400592041016,69.73422672810301,1.0152653530578275,-0.1575095541207533,0.0
2024-10-29,425.2325744628906,426.4336029274501,419.1781916854965,421.3439905701075,17644100,413.21199798583984,414.4452172851563,72.1491851565432,1.654212322256285,0.2048348211546543,0.0
2024-10-30,425.8036193847656,431.68077966192817,425.3803136298507,430.6372663836306,29749100,413.9700241088867,414.5974133300781,76.34985797150816,2.181513818133908,0.6001706205505051,0.0
2024-10-31,400.03076171875,409.6882017012257,399.9815212546983,408.9006246633273,53971000,413.46844787597655,414.24714721679686,41.310867211190775,0.5138267567246544,0.5829018477853349,0.0
2024-11-01,403.9881591796875,409.0383852046151,401.16279656048295,402.64932353081855,24230400,413.18836975097656,414.1451568603516,42.51321204101886,-0.4829314199368468,0.3697351942408986,0.0
2024-11-04,402.10784912109375,404.0373899234799,399.2628084141344,403.4270065821216,19672300,413.1352066040039,413.9811462402344,41.44470369219942,-1.408360065357897,0.0141161423211395,0.0
2024-11-05,405.0612182617188,408.4477238969609,401.7337771398714,402.0192756499378,17626000,412.97523193359376,413.9411779785156,46.146194647613626,-1.8817649123432147,-0.3650600686117313,0.0
2024-11-06,413.6456909179688,413.91151132234825,404.1359118739042,406.0063886343775,26681800,413.10912017822267,414.0660064697266,52.52261801711805,-1.5464202938150606,-0.6013321136523972,0.0
2024-11-07,418.8139343261719,420.21186446909593,413.3502569572683,414.7284789019211,19901800,413.5811599731445,414.3579931640625,55.02137516181788,-0.853781357347259,-0.6518219623913697,0.0
2024-11-08,415.9689636230469,419.8673720771894,415.2207729945687,418.7057298172818,16891400,413.8873260498047,414.5434649658203,52.51809284963939,-0.5283350517331655,-0.627124580259729,0.0
2024-11-11,411.5094604492188,418.203700401307,409.5307087092454,415.94930419372986,24503300,413.8317092895508,414.5605963134765,43.258564639950094,-0.6230786831188198,-0.6263154008315472,0.0
2024-11-12,416.4513244628906,417.8394007087299,410.7120018696304,411.7456609678349,19401200,414.0428741455078,414.8281695556641,48.91825357125618,-0.2959846418532947,-0.5602492490358968,0.0
2024-11-13,418.5875854492188,422.65333320999,411.70626883398,415.0829505962656,21502200,414.4898147583008,415.1490997314453,50.31498359642213,0.1340726445644691,-0.4213848703158236,0.0
2024-11-14,420.2512817382813,421.5113747579457,413.4684163916041,418.3906594438851,30246900,414.9904052734375,415.5133447265625,49.135553453362505,0.6022007336823094,-0.216667749516197,0.0
2024-11-15,408.5462036132813,416.2248913266483,407.2073678244848,413.2912534776132,28247600,414.83486328125,415.7752075195313,43.0356681828156,0.0283666427213233,-0.1676608710686929,0.0
2024-11-18,409.29437255859375,411.8933013228437,405.6912869629164,408.418198856112,24727000,414.6862106323242,415.972885131836,39.702305955655454,-0.3618587450747554,-0.2065004458699054,0.0
2024-11-19,411.2928771972656,411.4405385103304,405.1498961868294,406.6856339286901,18133500,414.2077682495117,416.0435693359375,40.79439324711532,-0.5040422686667512,-0.2660088104292746,0.0
2024-11-20,409.0285949707031,410.8006207181085,404.1949480804839,410.38713903081657,19191700,413.7593505859375,415.8949176025391,58.134572588757415,-0.790322047176403,-0.3708714577787003,0.0
2024-11-21,407.2628784179688,414.0790385036892,404.71793020151534,413.80284233986384,20780200,413.2162506103516,415.63298278808594,53.08270141009184,-1.1464636835809756,-0.5259899029391554,0.0
2024-11-22,411.3367919921875,411.7313536377423,405.4774597411712,405.7832472742104,24814600,412.70850524902346,415.3818432617188,58.34321929622244,-1.0874423593610911,-0.6382803942235427,0.0
2024-11-25,413.10247802734375,415.3613561725285,409.2159842267064,412.69804256956826,27691100,412.3658309936524,415.1512512207031,57.42905217952246,-0.8879556283574175,-0.6882154410503176,0.0
2024-11-26,422.1775512695313,423.21330950979313,413.161695275106,413.891635863064,23458900,412.2130798339844,415.02714599609374,57.81149063533115,0.0023940135818634,-0.5500935501238814,0.0
2024-11-27,417.2454833984375,421.4279216336492,416.2886554886208,419.3366874644796,18332400,411.785173034668,414.88984924316406,48.55774060714364,0.3064928030074156,-0.378776279497622,0.0
2024-11-29,417.70904541015625,419.1097738504757,412.1259094010287,414.38481768654,16271900,412.6690872192383,414.6066735839844,51.673368671711714,0.5782333506089117,-0.1873743534763153,0.0
2024-12-02,425.1269836425781,427.1195397112649,415.5882961500709,415.8447747907503,20207200,413.7260284423828,414.5391943359375,62.3904221838536,1.3762902956111134,0.1253585763411704,0.0
2024-12-03,425.3439636230469,426.5967051479557,421.9309315766428,424.0024178809453,18302000,414.8878341674805,414.5107061767578,58.85246160613816,2.003173310272928,0.5009215231275219,0.0
2024-12-04,431.4794921875,433.698935348809,426.754535872994,427.1490975254907,26009400,416.20874786376953,414.6903790283203,61.8871575184424,2.9609366595480537,0.9929245504116284,0.0
2024-12-05,436.6088562011719,438.6211597736825,430.2464705000807,431.97270407918,21697800,417.3569061279297,414.9147540283203,64.17667355921643,4.086758217369436,1.61169128380319,0.0
2024-12-06,437.5459899902344,440.0416294660397,435.7704172944161,436.29321828806303,18821000,418.2935089111328,415.1736224365234,80.90085672309432,4.996996512597775,2.288752329562107,0.0
2024-12-09,439.9626770019531,442.2413029263077,434.51765390142566,436.5891402244184,19144400,419.4931945800781,415.54560119628906,81.5566638216843,5.845984493981007,3.000198762445887,0.0
2024-12-10,437.3092041015625,443.5137892049513,435.6027181772746,438.3548361326827,18469500,420.78318176269534,415.8196203613281,76.41390584227065,6.232852060059429,3.646729421968596,0.0
2024-12-11,442.8923645019531,444.23391032066826,438.0194510528632,438.0194510528632,19200200,422.10523376464846,416.3945123291016,82.21054147131017,6.910304093228319,4.29944435622054,0.0
2024-12-12,443.4546203613281,449.9649932079146,443.01071967285327,443.01071967285327,20834800,423.3485855102539,417.0507427978516,85.23145680746404,7.4071737707526495,4.920990239126962,0.0
2024-12-13,441.1956481933594,445.299155151737,439.5285975507959,442.34977175479605,20177800,424.3958038330078,417.6734100341797,80.13131434449075,7.531843985946523,5.443160988490875,0.0
2024-12-16,445.45703125,446.039014950384,439.232728669252,441.19569319284585,23598800,426.24134521484376,418.390756225586,81.08409700216492,7.88362648970849,5.931254088734399,0.0
2024-12-17,448.2880859375,449.1068307764244,443.4645114369834,444.8849575716068,22733500,428.191030883789,419.293095703125,78.50522401982995,8.295236785508223,6.404050628089164,0.0
2024-12-18,431.4498901367188,446.5026260235917,431.08488976149135,445.1907017883104,24444500,429.1988815307617,419.75687927246094,62.30763128668888,7.179972972918563,6.559235097055044,0.0
2024-12-19,431.0947570800781,437.1612287919841,430.39440791706704,435.6224173363725,22963700,430.3021896362305,420.1594158935547,61.62009423810249,6.1960380272212205,6.4865956830882805,0.0
2024-12-20,430.670654296875,437.7136721491868,422.8088916022284,427.2280306144627,64263700,431.47257843017576,420.5853662109375,55.47756476555824,5.320707143730203,6.253417975216665,0.0
2024-12-23,429.3389587402344,431.706358810308,426.9518110200716,430.8087137218764,19152500,432.3726867675781,420.9752325439453,53.86227650911666,4.468039630565329,5.896342306286399,0.0
2024-12-24,433.3634643554688,433.62981676273125,428.2932861346271,428.7470304649468,7164500,433.3857360839844,421.3900659179688,51.89889303523906,4.070120635078013,5.531097972044721,0.0
2024-12-26,432.1601257324219,434.9517090842379,430.70024449976,433.1169536147247,8194200,433.8848648071289,421.7887078857422,45.13066529135975,3.615984772557681,5.148075332147314,0.0
2024-12-27,424.6830749511719,429.3093836032803,420.5598497453618,428.6978084898888,18117700,434.2567443847656,422.0893939208984,37.68415676218371,2.622512626807463,4.642962791079344,0.0
2024-12-30,419.06048583984375,421.7435474622816,416.17028459927946,420.2737923808389,13158700,434.32431640625,422.2658142089844,31.14436560587899,1.3657394481587062,3.9875181224952168,0.0
2024-12-31,415.7756958007813,420.9346790911402,414.94710727917607,420.313230174155,13246500,433.8567520141602,422.3481872558594,30.793623660526663,0.1034895820196766,3.210712414400109,0.0
2025-01-02,412.8953552246094,420.2836558558519,409.2160306987592,419.7509810335182,16896500,433.2343215942383,422.3607458496094,21.889438613549917,-1.116402747465031,2.3452893820270813,0.0
2025-01-03,417.6005859375,418.27134378737713,413.8423310893823,415.3613950253171,16662900,432.5403762817383,422.295523071289,27.51759852280152,-1.684090267856675,1.5394134520503302,0.0
2025-01-06,422.03948974609375,428.4216236128431,419.7016808979234,422.1874466156374,20573600,431.8119079589844,422.3763739013672,33.95048628536684,-1.7555671920608802,0.8804173232280881,0.0
2025-01-07,416.6338806152344,424.801430542522,415.0851952170159,423.1738448521772,18139100,430.7663024902344,422.34655395507815,26.30553533233018,-2.222777850328612,0.2597782885167481,0.0
2025-01-08,418.7941589355469,421.1714329663283,415.81518360520914,417.7090917280971,15054600,429.7078765869141,422.2926031494141,25.483738894895268,-2.3911653906521337,-0.2704104473170282,0.0
2025-01-10,413.2603454589844,418.9420997125399,409.383695034764,418.8631994200863,20201100,428.5054336547852,422.1586907958985,31.38124901991777,-2.937287012789227,-0.803785760411468,0.0
2025-01-13,411.5242919921875,412.8164989354435,406.6908431865681,409.6007622139604,17604800,426.93703002929686,421.8845251464844,30.518488274668695,-3.470175317936935,-1.3370636719165614,0.0
2025-01-14,410.0248718261719,414.0395749911103,405.14208486737954,412.1357932076061,16935900,425.2655426025391,421.5689501953125,29.878824614824552,-3.967746107943526,-1.8632001591219545,0.0
2025-01-15,420.5203552246094,422.3353628905166,412.58953664498,413.43787278736687,19637800,424.2317779541016,421.9787420654297,42.70796953259217,-3.4751177537092985,-2.1855836780394235,0.0
2025-01-16,418.8138122558594,423.6571336957602,418.6264203199314,422.8778842735224,15300000,422.89961700439454,422.27525512695314,37.4894315804058,-3.185687368227036,-2.385604416076946,0.0
2025-01-17,423.2033996582031,428.579395977241,422.3550936528584,428.1946780656617,26197500,421.6453826904297,422.6971661376953,42.698602083341626,-2.5724550242209148,-2.42297453770574,0.0
2025-01-21,422.6806335449219,425.0480336398343,419.82002384260585,424.3575582513444,26085700,421.20691986083983,423.0495544433594,48.15889156383104,-2.104388746367136,-2.359257379438019,0.0
2025-01-22,440.1402587890625,441.1957044539868,430.0787709144918,431.6175824572203,27803800,421.65919494628906,423.5794458007812,65.91684386818235,-0.3208978967056168,-1.9515854828915389,0.0
2025-01-23,440.6433410644531,440.6828062638951,435.5041051270503,435.9973147591307,18389300,422.157829284668,424.0160339355469,69.60035021972921,1.1202128695470035,-1.3372258124038303,0.0
2025-01-24,438.0293273925781,440.5841496239721,435.40544858930485,439.1143945823717,15549500,422.5923477172852,424.4572412109375,69.89378579765484,2.0279969904266864,-0.6641812518377269,0.0
2025-01-27,428.6583251953125,429.2896479328885,417.74853125025015,418.2516146753107,35647800,422.35709075927736,424.8002185058594,58.15032552715965,1.9685684541212825,-0.1376313106459251,0.0
2025-01-28,441.1266784667969,442.29064589853647,425.5215194914831,428.69779052094407,23491700,422.80541839599607,425.2937255859375,62.57960188498229,2.8942002783408043,0.4687350071514207,0.0
2025-01-29,436.3228149414063,440.8110406045072,434.41903300783486,440.623618538184,23581400,423.3874053955078,425.6484301757813,63.07993481593692,3.2032138733154056,1.0156307803842175,0.0
2025-01-30,409.3540649414063,417.11717867451154,407.548931179693,413.08272804700266,54586300,422.90208435058594,425.43048583984375,45.28336582630183,1.2574614035853529,1.0639969050244449,0.0
2025-01-31,409.4231567382813,414.976701732093,409.27519987674,413.2899333042713,34161900,422.58445739746094,425.4480249023438,47.97205125120036,-0.2758069852396829,0.7960361269716194,0.0
2025-02-03,405.3393859863281,409.7683985075356,403.1100689884043,406.0101438094314,25679100,422.2066589355469,425.3689251708984,46.81043602631764,-1.799713424101924,0.2768862167569107,0.0
2025-02-04,406.7696838378906,408.2986516716073,404.1753965052981,407.0853452090854,20532100,421.6651138305664,425.2784613037109,48.32009772052635,-2.859049826229977,-0.3503009918404669,0.0
2025-02-05,407.6772155761719,408.2098602907994,404.8264495269334,406.749979083578,16316700,420.9470001220704,425.2514337158203,42.64410488745329,-3.5840367852282498,-0.9970481505180236,0.0
2025-02-06,410.1728515625,412.5205341470821,408.3775613386283,408.3775613386283,16309800,420.6239486694336,425.30963317871095,45.09523299752256,-3.9121207139075977,-1.5800626631959385,0.0
2025-02-07,404.1852722167969,412.9643971851394,402.5576865372201,410.8238843523212,22886800,419.8935043334961,425.16660278320313,39.39730707327115,-4.602225611944277,-2.1844952529456063,0.0
2025-02-10,406.6217651367188,409.8177540363984,405.3394320876969,408.0915202610308,20817900,419.5615753173828,425.0369885253906,41.23415510613126,-4.896094964521183,-2.7268151952607216,0.0
2025-02-11,405.8523559570313,406.8880841725034,403.7414042223986,404.0768132724711,18140600,419.277978515625,424.71048461914063,27.113590976014976,-5.13191590221868,-3.2078353366523134,0.0
2025-02-12,403.4849243164063,405.17169274595005,398.8783333348811,401.67976029438313,19121700,418.9509811401367,424.4352734375,25.799885121665696,-5.447047469727011,-3.655677763267253,0.0
2025-02-13,404.9645385742188,405.4182829681306,400.8412835235649,401.4726062482461,23891700,418.1731903076172,424.1803833007813,28.14297812455997,-5.513838899832763,-4.027309990580355,0.0
2025-02-14,402.8832092285156,403.35670130819824,400.3678521686821,402.25191655873215,22758500,417.37666015625,423.7355078125,31.14452384620021,-5.66936456752353,-4.35572090596899,0.0
2025-02-18,404.0768127441406,405.02376683445937,400.9794417214404,402.45907065768193,21423100,416.4203308105469,423.3101647949219,17.542484442956805,-5.631390783783843,-4.610854881531961,0.0
2025-02-19,409.1371154785156,409.84733856693146,402.1138149948078,402.3407022671933,24114200,415.74315490722654,422.8633172607422,26.290510519174475,-5.133792976871973,-4.715442500599964,0.0
2025-02-20,411.30169677734375,414.4447923675228,407.75335474991726,410.47144681938056,23508700,414.3012268066406,422.3571740722657,52.99389961288532,-4.512759229933408,-4.674905846466653,0.0
2025-02-21,403.47357177734375,413.1993956224997,403.15730762956775,412.4976421272199,27524800,412.4427383422852,421.6757257080078,42.61576174813383,-4.599232684839876,-4.659771214141298,0.0
2025-02-24,399.31243896484375,404.62012670611466,394.6867476536957,403.7701196560986,26443700,410.5068939208985,420.8627209472656,42.53408205096411,-4.946511853244203,-4.717119341961879,0.0
2025-02-25,393.283203125,397.25657880262406,392.09714469384,396.4460859350655,29387400,408.7381378173829,419.9822009277344,35.00235862663449,-5.643190848725226,-4.902333643314549,0.0
2025-02-26,395.0919799804688,398.9170718958632,389.6755530638089,393.3919357776839,19619000,406.4364028930664,419.0261932373047,36.27960797073821,-5.98042221171454,-5.117951356994547,0.0
2025-02-27,387.9754638671875,401.03217947721447,387.6196554342214,396.61404378699353,21127400,404.0190353393554,417.9166101074219,28.015479995937767,-6.744181149455528,-5.443197315486744,0.0
2025-02-28,392.38372802734375,393.0163166062088,382.0846478468725,388.1039821513057,32845700,403.1705184936524,416.9403717041016,37.93416964480163,-6.914054616112424,-5.7373687756118805,0.0
2025-03-03,383.98236083984375,394.1925192721913,381.67940898205217,394.1925192721913,23007700,401.89847869873046,415.71087829589845,29.36984488061536,-7.638548251771112,-6.117604670843727,0.0
2025-03-04,384.1009521484375,388.0248895313717,376.5792652913011,378.9514121108331,29342900,400.836557006836,414.4271356201172,29.941113695259148,-8.109662212336502,-6.516016179142283,0.0
2025-03-05,396.3670043945313,397.0094866568717,384.29868393839774,384.822533208354,23433100,400.316423034668,413.7254779052735,44.44931513630163,-7.40786229044329,-6.694385401402485,0.0
2025-03-06,392.2848815917969,397.4838290592032,388.12370869732325,389.7051498565818,23304600,399.5468063354492,412.9492803955078,40.49785914985311,-7.099238389571951,-6.775355999036378,0.0
2025-03-07,388.7464904785156,390.21919261692045,381.06665528777256,387.767986927601,22034100,398.47548828125,412.1107971191406,39.632349847316014,-7.05880085360036,-6.832044969949175,0.0
2025-03-10,375.7490234375,381.9166113327009,372.8431337183802,381.3631114017718,32840100,397.05367584228514,411.038998413086,32.290909507157124,-7.983511826084339,-7.062338341176209,0.0
2025-03-11,376.0357055664063,381.5212976511773,372.53677123025375,374.6025176419591,30380200,395.5243728637696,409.8924432373047,27.993221860312048,-8.594151058333182,-7.368700884607604,0.0
2025-03-12,378.8229675292969,380.7503540509679,374.55311473502826,378.5067033632867,24253600,394.1729034423828,408.82570007324216,28.584508110722936,-8.752287382191241,-7.645418184124331,0.0
2025-03-13,374.3751525878906,380.8491715851453,373.0704913614682,378.71423026442886,20473000,392.717414855957,407.81954162597657,29.91818556707979,-9.131253643990648,-7.942585276097595,0.0
2025-03-14,384.0515441894531,385.7021804869834,375.1065632119369,375.3734195488383,19952800,391.6717651367188,407.11936279296873,40.2129754125151,-8.552198779532262,-8.06450797678453,0.0
2025-03-17,384.1899719238281,388.15342385678485,381.0962841175908,382.2131776873556,22474300,390.7371032714844,406.4876483154297,43.6917507330447,-7.990019692903502,-8.049610320008323,0.0
2025-03-18,379.0700378417969,382.8753726383068,376.6781337960948,382.5788655792479,19486900,389.4867645263672,405.81114196777344,39.37329595482193,-7.866939427098259,-8.01307614142631,0.0
2025-03-19,383.3201599121094,385.158563988563,379.54447585576617,381.0567221702146,19185500,388.1959167480469,405.1255334472656,46.79028186267806,-7.341816211219111,-7.878824155384871,0.0
2025-03-20,382.3515625,387.244140619299,378.8328709429988,381.2643195664349,18470500,386.7484100341797,404.3317749023437,42.738652086863866,-6.923994497052206,-7.687858223718338,0.0
2025-03-21,386.7202758789063,387.1946872029837,378.35841433019584,378.7735544022507,39675900,385.9107452392578,403.7335028076172,52.10458064619044,-6.169234029834342,-7.38413338494154,0.0
2025-03-24,388.5191040039063,390.81219242783766,385.2870564688155,390.81219242783766,21004500,385.3710784912109,403.1280017089844,53.310627375938935,-5.364096559451809,-6.980126019843594,0.0
2025-03-25,390.5749816894531,391.7610400507305,388.0842319836349,389.3493790004213,15775000,385.2356674194336,402.6742944335937,44.87582460958445,-4.508159904784236,-6.485732796831723,0.0
2025-03-26,385.4452209472656,390.72325787798576,384.0614710304359,390.4168571879551,16108400,384.7533294677734,402.1527130126953,44.05910937269717,-4.195390905150418,-6.027664418495463,0.0
2025-03-27,386.0481567382813,387.6888996743445,382.9050609496304,385.6033961060126,13766800,384.65696411132814,401.6731787109375,47.53030176914177,-3.85443580353126,-5.593018695502622,0.0
2025-03-28,374.40478515625,384.6149434292676,372.5564875251623,383.5771084434194,21632000,383.7580169677734,400.7508673095703,48.738390084011854,-4.472196510475612,-5.368854258497221,0.0
2025-03-31,371.0344543457031,372.6949544694132,362.978992710135,368.2175161794331,35184700,383.1106216430664,399.7952801513672,45.56299143739465,-5.174090160228104,-5.329901438843398,0.0
2025-04-01,377.7554931640625,378.4078388750376,368.89946352111616,370.3029705230893,19689500,382.7933486938476,398.8863220214844,49.11474838951983,-5.128891602185206,-5.289699471511759,0.0
2025-04-02,377.7060852050781,380.61194495123306,372.2501138660857,373.584455994143,16092600,381.860302734375,397.9868310546875,52.97970107986455,-5.038972095008717,-5.239553996211151,0.0
2025-04-03,368.7808227539063,373.10014336261634,365.0644702169303,370.4413527847735,30198000,380.68509979248046,396.5596423339844,36.15342852699604,-5.62308490349659,-5.316260177668239,0.0
2025-04-04,355.6647644042969,370.2436198076782,355.30895597122804,359.90499587925865,49209900,379.03101348876953,394.8600708007813,29.062604719008107,-7.062937657084149,-5.6655956735514215,0.0
2025-04-07,353.707763671875,366.6953157485582,340.7894367933375,346.8087713756296,50425000,377.9289505004882,393.1736395263672,30.47773547923653,-8.266652121802224,-6.185806963201582,0.0
2025-04-08,350.4460754394531,369.3145725706382,346.18608632628985,363.98712785508354,35868900,376.6494689941407,391.60939453125,24.304623945438564,-9.375718047209888,-6.823789180003243,0.0
2025-04-09,385.9591674804688,388.6673960004068,349.00301621371585,349.43791334353114,50199700,377.0062789916992,390.50604431152345,51.83102308922376,-7.304845341084047,-6.920000412219404,0.0
2025-04-10,376.9252624511719,379.4456631401157,363.5324628545339,377.627015987976,38024400,377.13378448486327,389.31809326171873,45.25336776147568,-6.319774017070927,-6.799955133189709,0.0
2025-04-11,383.9428405761719,385.5242517024765,374.49376732812806,376.22346214057205,23839200,377.1283493041992,388.8098687744141,47.88912497117792,-4.916167470997038,-6.423197600751175,0.0
2025-04-14,383.3102722167969,390.0709046779098,379.7520366679256,388.6575040815548,19251200,377.0843643188476,388.2876110839844,46.604450829652265,-3.81091232572129,-5.900740545745199,0.0
2025-04-15,381.2544250488281,387.3429548173336,379.702634359307,384.0021677861047,17199900,377.1935836791992,387.8059118652344,47.98325676041635,-3.065541688825021,-5.333700774361164,0.0
2025-04-16,367.2982177734375,377.1821883945702,363.7301188576812,376.2531229065895,21967800,376.3924865722656,387.0164825439453,42.00451933522776,-3.5599425771702045,-4.978949134922972,0.0
2025-04-17,363.5126647949219,369.9767899290697,362.6330071079686,369.413396372957,21120200,375.4505416870117,386.1331915283203,45.02167980175597,-4.208705988522524,-4.824900505642883,0.0
2025-04-21,354.95318603515625,360.2510105389955,351.5432339047138,358.6102676210093,20807300,373.8621871948242,385.02879821777344,42.98280213843356,-5.351841371546016,-4.930288678823509,0.0
2025-04-22,362.5638122558594,363.5027713530303,355.6845470865514,359.1637239988867,19485000,372.5644226074219,384.19636901855466,43.42204959431649,-5.579355134126104,-5.060101969884029,0.0
2025-04-23,370.0459899902344,375.9763723537339,368.6918606799084,371.6965961898571,20545500,371.53797302246096,383.464853515625,46.88378509506587,-5.0971553837287615,-5.067512652652976,0.0
2025-04-24,382.8061218261719,383.942802435075,370.836649391586,371.340741482022,22232300,371.4060180664063,383.0039288330078,55.53301538448943,-3.6433740609354,-4.782684934309461,0.0
2025-04-25,387.3034057617188,387.6098064465498,380.1375268589871,382.5096738423667,18973200,371.4687805175781,382.6802984619141,63.39222855849611,-2.1040939748749565,-4.24696674242256,0.0
2025-04-28,386.6214294433594,388.1830836548117,382.1538852231593,387.4121350910717,16579400,372.0796127319336,382.31343627929687,64.08395250933759,-0.9285296938149372,-3.5832793327010357,0.0
2025-04-29,389.4679870605469,390.51568553400665,385.8504501911824,386.7597585973815,14974000,373.0012893676758,382.0451318359375,66.75724115371995,0.2301538086010168,-2.820592704440625,0.0
2025-04-30,390.673828125,392.0575779640377,379.979364791359,385.7713570331464,36461100,373.64720611572267,381.7770721435547,52.87039184035055,1.231523887617243,-2.0101693860290517,0.0
2025-05-01,420.4641418457031,431.9196612018972,419.96994327038766,426.1078811300293,58938100,375.7851089477539,382.00361267089846,71.15959044174224,4.378473917129156,-0.7324407253974099,0.0
2025-05-02,430.2294921875,434.3412277785372,425.0008630376841,426.7305579775838,30757400,378.8575424194336,382.3821685791016,71.90982182608116,7.573138224871457,0.9286750646563636,0.0
2025-05-05,431.1091918945313,434.400541084053,427.0962717736997,427.8474632490504,20136100,382.6297637939453,382.9348809814453,72.57284372794093,10.059952252012522,2.7549305021275954,0.0
2025-05-06,428.2823181152344,432.6510462950511,426.1671641389629,427.18521188154574,15104200,386.3584915161133,383.5142785644532,72.04816856881558,11.668161889150554,4.537576779532188,0.0
2025-05-07,428.3218688964844,433.0365119798482,426.1078389868729,428.8061738000786,23295300,390.2522811889648,384.2150518798828,82.90344014377565,12.798339736818209,6.189729370989392,0.0
2025-05-08,433.0859680175781,438.5221520354275,430.6050816589352,432.8487322038109,23491300,392.60862121582034,384.974931640625,87.12161574213987,13.917998781125789,7.735383253016671,0.0
2025-05-09,433.6394348144531,435.6260923106028,430.8224972788424,434.8946881691784,15324200,395.4443298339844,385.8882110595703,95.9058478172391,14.680766052842555,9.124459812981849,0.0
2025-05-12,444.04730224609375,444.1560114514232,434.67728663767485,440.7658165502587,22821900,398.4495529174805,386.9214825439453,96.03525094939424,15.941330792434258,10.48783400887233,0.0
2025-05-13,443.9286804199219,445.4409267506546,440.192510488539,442.5844447017788,23618800,401.48047332763673,388.1204089355469,95.52923627101482,16.73782244224958,11.73783169554778,0.0
2025-05-14,447.6845703125,448.6334230518337,442.940276452347,442.940276452347,19902800,404.80198059082034,389.39208129882815,94.97116133533191,17.47072509445013,12.884410375328253,0.0
2025-05-15,448.6946411132813,451.7246865562349,446.0210573841511,446.3577257423833,21992300,408.8718017578125,390.43863403320313,94.71569726655754,17.926415440316873,13.892811388325978,0.0
2025-05-16,449.8234252929688,449.9125407132096,444.3376746324017,447.6251542704443,23849800,413.1873397827149,391.58940490722654,95.73691089243604,18.16919361804713,14.748087834270208,0.0
2025-05-19,454.3783874511719,455.0913410046994,446.3873726676465,446.4666065174048,21336500,418.1585998535156,392.9020428466797,95.83977724329962,18.51570690817061,15.50161164905029,0.0
2025-05-20,453.6852722167969,453.8535912700005,449.87295142774695,451.13050930908776,15441800,422.7146728515625,394.4607678222656,94.82333204093922,18.520895228936357,16.105468365027505,0.0
2025-05-21,448.1401062011719,453.2991005803846,447.38753565613104,450.12052955644793,19216900,426.6193786621094,395.9028558349609,80.05413738753965,17.871546393772064,16.45868397077642,0.0
2025-05-22,450.4076843261719,455.7449399531106,449.45708954496587,450.4968299727548,18025600,429.99945678710935,397.3345501708984,76.17434387882828,17.34002238310171,16.63495165324148,0.0
2025-05-23,445.7734680175781,449.2491205375805,444.5159101158957,445.5754438212613,16883500,432.9229598999024,398.7625164794922,67.33355217355232,16.35629802667046,16.579220927927278,0.0
2025-05-27,456.18060302734375,456.4380677238799,451.65532857824905,452.0118204825961,20974300,436.4009185791016,400.20509765625,77.9651082756954,16.229376061280618,16.509251954597946,0.0
2025-05-28,452.8831481933594,457.9926435100278,452.457364471685,456.7053805592909,17086300,439.57167663574216,401.57896118164064,73.11065677333394,15.681940790400574,16.343789721758473,0.0
2025-05-29,454.1903076171875,457.2005597280811,450.85329893273473,457.0322104382173,13974800,442.7475006103516,403.08136657714846,71.23964119577656,15.178601762519008,16.11075212991058,0.0
2025-05-30,455.8537902832031,457.1608768265464,451.0809934148865,455.2200705832806,34770500,444.51698303222656,404.5320391845703,71.86818046356024,14.743971776567264,15.837396059241918,0.0
2025-06-02,457.4480895996094,457.5867035205711,452.41782757710985,452.6653804963421,16626500,445.877912902832,406.0339697265625,65.96170357236068,14.362607809662336,15.542438409326005,0.0
2025-06-03,458.4382629394531,459.59682380087423,456.3489007620485,456.95294554827,15743800,447.2443664550781,407.4683294677735,66.93087062671107,13.979130121280946,15.229776751716994,0.0
2025-06-04,459.3294677734375,461.1316602074749,458.4877818372015,459.4582001214203,14162700,448.7967239379883,408.88453674316406,64.56165443718697,13.590471575872243,14.901915716548045,0.0
2025-06-05,463.1021728515625,465.0528909924181,459.487906406924,460.4087959802116,20131700,450.5357391357422,410.3350805664063,66.85192482873435,13.432046378996516,14.60794184903774,0.0
2025-06-06,465.7757568359375,468.7067748339504,464.1914121655199,465.4885869985769,15285600,452.1702285766602,411.9416912841797,68.00804482391786,13.368129675024136,14.35997941423502,0.0
2025-06-09,468.12255859375,468.7958952647425,464.0329796350046,465.10242514198006,16469900,453.894384765625,413.583179321289,66.3294201424064,13.35291838421574,14.158567208231164,0.0
2025-06-10,466.31048583984375,468.172058367284,462.3892259287077,466.5778321078869,15375900,455.0075439453125,415.4212933349609,64.61148976779307,13.04427788387801,13.935709343360534,0.0
2025-06-11,467.9938049316406,470.81591405576256,465.0627870357861,465.41924870930376,16399200,456.2108001708984,417.3604803466797,75.23271472587756,12.788094651518804,13.706186404992188,0.0
2025-06-12,474.1826171875,475.7174632765806,468.88497916047487,470.3702965389571,18950600,457.5357025146485,419.2890228271484,77.47758042864712,12.935342445419678,13.552017613077687,0.0
2025-06-13,470.3109130859375,474.4896074244908,468.13246560456287,471.746732054574,16814500,458.6165161132813,421.1411193847656,78.86764461952397,12.594442327748196,13.360502556011792,0.0
2025-06-16,474.4500122070313,475.98482813726486,470.3505215770748,470.5584575569121,15626100,459.8478454589844,423.25450317382814,75.21179266975841,12.514013477947572,13.191204740398948,0.0
2025-06-17,473.36077880859375,474.0539088222925,469.4395189734987,470.7466055851971,15414100,460.79696502685545,425.6084234619141,80.09322917928006,12.221499168080811,12.997263625935322,0.0
2025-06-18,475.5392150878906,476.2917855833799,469.8157931767449,473.3211507460615,17526500,461.8896621704101,428.0450524902344,80.59027301023144,12.026823338834788,12.803175568515217,0.0
2025-06-20,472.72705078125,478.72773115460745,472.2022397987241,477.50979012623617,37576200,463.1190093994141,430.4906719970703,73.40672962050738,11.51290952976376,12.545122360764925,0.0
2025-06-23,481.2428588867188,482.97572926336846,467.8849134818946,473.52910172023695,24864000,464.66076812744143,432.39634582519534,77.69079915134873,11.658392980873543,12.36777648478665,0.0
2025-06-24,485.3125915527344,487.0355802812341,482.03499358247046,484.1639726922143,22305600,466.6377243041992,434.56409240722655,79.18288273002509,11.964167601329793,12.287054708095278,0.0
2025-06-25,487.4514770507813,489.7190701858364,484.5996928885684,487.2237477118272,17495100,468.2012680053711,436.63426513671874,79.73208593280144,12.238014165903792,12.277246599656982,0.0
2025-06-26,492.580810546875,493.1650318097281,487.9862138630066,488.15456314430565,21578900,470.1861511230469,438.81967590332033,80.29727813917309,12.722279369564262,12.36625315363844,0.0
2025-06-27,491.0855712890625,494.4126679494895,488.2040517426954,492.6797975508017,34539200,472.0309143066406,441.016298828125,76.65838646675898,12.837427843380851,12.460488091586924,0.0
2025-06-30,492.5411987304688,495.8584139248396,490.4815414994746,492.17482524139086,28369000,473.8652847290039,443.5211584472656,76.21180672940596,12.89746683849603,12.547883840968744,0.0
2025-07-01,487.2336120605469,493.1748817381986,486.1741086010328,491.61036068604886,19945400,475.3545608520508,445.9955773925781,70.89179617724153,12.374129030931613,12.51313287896132,0.0
2025-07-02,486.2830505371094,488.6694643133122,483.9164603345879,485.1938116448169,16319600,476.7468002319336,448.6221746826172,68.53305757010872,11.747262546999366,12.359958812568928,0.0
2025-07-03,493.9572143554688,495.2345959448005,488.6100770725208,488.9764505765557,13984800,478.4781875610352,451.2500427246094,69.45262675035634,11.734439907810554,12.234855031617254,0.0
2025-07-07,492.84814453125,493.86806132382594,490.3825271883607,492.5114761959092,13981600,479.9654861450196,453.7060858154297,73.44456352794172,11.502195063120269,12.088323037917858,0.0
2025-07-08,491.7588806152344,493.3234318678901,489.2734398258723,492.37280697303856,11846600,481.2646423339844,455.88514099121096,69.22562209544729,11.102264857448574,11.891111401824002,0.0
2025-07-09,498.5814514160156,501.8194324629264,494.84833435120834,495.4028504286207,18659500,482.78758697509767,458.1107019042969,74.84871536599667,11.206658351557904,11.754220791770782,0.0
2025-07-10,496.57135009765625,499.502368126141,492.8778497571002,498.1259594248799,16492100,484.3006301879883,460.3097003173828,70.79091521766806,11.000386957141302,11.603454024844886,0.0
2025-07-11,498.393310546875,500.0865639242522,492.9273231662245,493.5907782355643,16459500,485.82060546875,462.4882067871094,75.87851285137745,10.858759353964617,11.454515090668831,0.0
2025-07-14,498.0962524414063,499.0369655948213,496.1257409313552,496.6109349689791,12058800,487.0162872314453,464.6366552734375,70.3685317006602,10.600354068373292,11.283682886209723,0.0
2025-07-15,500.8688354492188,503.3245408608939,497.8684955298327,498.0962248562551,14927200,488.5441833496094,466.2447491455078,69.40939500207517,10.49827274189937,11.126600857347652,0.0
2025-07-16,500.67083740234375,501.760076321519,496.97736708309617,500.2351418346736,15154400,489.855224609375,467.6535760498047,67.33317540930867,10.282861342866738,10.95785295445147,0.0
2025-07-17,506.6913146972656,508.34495123446135,500.6708109272005,500.7302212088446,17503100,491.5217514038086,469.1652185058594,68.07914309867394,10.47717411822964,10.861717187207104,0.0
2025-07-18,505.0574340820313,509.6025320949179,502.4630844244223,509.4440643876484,21209700,492.9976623535157,470.7007208251953,67.83813479416187,10.379677421720489,10.765309234109782,0.0
2025-07-21,505.0673522949219,507.0775109565722,500.6014880788464,501.7501372202775,14066800,494.6146774291992,472.2356304931641,66.60536265784839,10.185795395321804,10.649406466352188,0.0
2025-07-22,500.3242492675781,506.1962275502158,500.3242492675781,505.9684679829346,13868600,495.56874694824216,473.58039611816406,67.61733830559709,9.539448889320226,10.427414950945796,0.0
2025-07-23,500.9183349609375,501.8293429250601,495.79895793496456,501.78972599996087,16396600,496.3490341186524,474.92597412109376,69.88693241240435,8.97173183720156,10.13627832819695,0.0
2025-07-24,505.87933349609375,508.6420022469781,502.334358860161,503.7899711970312,16107000,497.270426940918,476.16261474609377,67.48979705130753,8.820446487637298,9.87311196008502,0.0
2025-07-25,508.681640625,513.2167663968169,505.3643953860848,507.4537274302719,19125700,498.0754684448242,477.4576739501953,72.12846684943847,8.824946039000963,9.663478775868208,0.0
2025-07-28,507.48345947265625,509.9589885432546,505.12675096242896,509.0480107678364,14308000,498.8953628540039,478.6536517333984,71.90954573015944,8.632320740435091,9.457247168781583,0.0
2025-07-29,507.55279541015625,512.5533521818816,506.5526719682665,510.4838436674275,16469200,499.6459426879883,479.830814819336,65.39775423555699,8.388560530129268,9.243509841051122,0.0
2025-07-30,508.2162170410156,510.8997123672712,504.4534248625209,510.1273182709773,26380400,500.6950729370117,480.99867065429686,70.95507919544762,8.154906700241668,9.025789212889231,0.0
2025-07-31,528.27783203125,550.0129864113624,526.6935178159886,549.7951084550788,51617300,502.7948120117188,482.4766595458984,82.46555704819029,9.479267924476687,9.116484955206722,0.0
2025-08-01,518.9797973632812,530.5553736121248,515.7616096000787,529.7632164041114,28977600,504.0459411621094,483.7825500488281,68.9760910437083,9.667123463689222,9.226612656903225,0.0
2025-08-04,530.39697265625,532.981410508703,522.960473635689,523.0991177691142,25349000,505.9233825683594,485.4276873779297,73.18822866279773,10.614908898537692,9.504271905230118,0.0
2025-08-05,522.5841674804688,532.0406760929504,522.0791498987046,531.9218555369729,19171600,507.4646469116211,486.8712170410156,65.37015203704988,10.613264494171004,9.726070423018296,0.0
2025-08-06,519.8016967773438,526.4955370830186,518.9006307843745,525.70337986457,21355700,508.5256591796875,488.3517816162109,59.633281384893095,10.269063785153833,9.834669095445404,0.0
2025-08-07,515.7418212890625,522.9208551796034,512.483986539974,521.6434435727333,16079100,509.4841827392578,489.5430059814453,57.58044750072533,9.558499785745768,9.779435233505476,0.0
2025-08-08,516.9301147460938,519.5244646686413,514.3258530361145,517.4846309027208,15531000,510.4110229492188,490.8239453125,58.278074333346254,8.987653967559652,9.62107898031631,0.0
2025-08-11,516.6627807617188,522.4258201385037,514.6327984158801,517.1875615378566,20194400,511.3393493652344,492.0733947753906,62.161000644642215,8.416660897947452,9.38019536384254,0.0
2025-08-12,524.0596313476562,525.7825900386109,517.5836685759962,518.6233787752558,18667000,512.4988891601563,493.4375115966797,65.64051327195608,8.463447446867917,9.196845780447616,0.0
2025-08-13,515.484375,527.4857348349631,514.2861971986356,526.9014833945702,19619200,513.2395660400391,494.5982373046875,56.18937718824212,7.71958799795425,8.901394223948943,0.0
2025-08-14,517.36572265625,520.8017882377586,515.0486614235291,517.4449565045493,20269100,513.7732864379883,495.7767864990234,55.66313801849077,7.198898635936985,8.560895106346551,0.0
2025-08-15,515.078369140625,520.9503168823401,513.9990723038397,517.6529556536844,25213300,514.274333190918,496.8917645263672,54.88348472848946,6.526445452073688,8.15400517549198,0.0
2025-08-18,512.0383911132812,517.7024328589179,508.9885829187347,516.4844919382945,23760600,514.6228851318359,497.8704888916016,52.77808438735626,5.682713850545724,7.659746910502729,0.0
2025-08-19,504.78021240234375,510.1174378041072,503.57215290768977,509.9590305231463,21481000,514.8456832885743,498.6505780029297,48.03266938480533,4.377910290065358,7.003379586415255,0.0
2025-08-20,500.7698059082031,505.9981218884329,499.5023362832644,504.8791779580457,27723000,514.8382568359375,499.3035229492188,30.702990429239197,2.9858191159106013,6.199867492314324,0.0
2025-08-21,500.1251220703125,503.48747238505433,498.6175369804135,499.57962247206007,18443300,514.5505462646485,499.9798156738281,34.94564809517358,1.809695193354628,5.321833032522385,0.0
2025-08-22,503.0907287597656,506.56216679087737,498.310055406757,500.1350363394598,24324200,514.2710006713867,500.68175415039065,24.79599246672079,1.1041798880223723,4.478302403622383,0.0
2025-08-25,500.1449890136719,504.0429109301173,500.00611695670057,502.4956437530773,21638600,513.9040771484375,501.20100158691406,27.243770476481103,0.303854698822704,3.643412862662447,0.0
2025-08-26,497.943115234375,500.85912581033193,494.4419229807315,500.2441598895975,30835700,513.4235931396485,501.7536456298829,27.56841635829302,-0.5022914882015357,2.8142719924896507,0.0
2025-08-27,502.604736328125,503.1502662118434,495.8205578102606,497.9034268047853,17277900,513.1430191040039,502.3167401123047,36.68300886116518,-0.7562961743948904,2.100158359112742,0.0
2025-08-28,505.4810791015625,506.91922816363694,501.3748491905692,502.95187030654046,18015600,512.0031814575195,502.9591461181641,38.77822180212733,-0.7172320899200599,1.536680269306182,0.0
2025-08-29,502.55511474609375,505.44137107101903,500.3730559294206,504.5090396010348,20961600,511.1819473266602,503.4994641113281,36.85732286043425,-0.9118630026347888,1.046971614917988,0.0
2025-09-02,500.9979248046875,501.87074834041937,492.75574161607386,496.38587753866574,18128000,509.7119949340821,504.0648815917969,25.89278422605375,-1.1781802885191155,0.6019412342305673,0.0
2025-09-03,501.22607421875,503.6461649084089,498.220801883355,499.6788070917271,16345100,508.6440902709961,504.4645458984375,31.94440365242312,-1.355206923477397,0.2105116026889745,0.0
2025-09-04,503.82470703125,504.00323087503085,499.0440334241921,500.1846427841772,15509500,507.8452407836914,504.8347882080078,33.158661838719226,-1.2711607074364224,-0.0858228593361048,0.0
2025-09-05,490.9605407714844,507.7920578951392,488.3519981058333,504.9157294675595,31994800,506.6061767578125,504.90496948242185,26.251944965806477,-2.2170276676428102,-0.512063820997446,0.0
2025-09-08,494.1344299316406,497.1099483047291,490.990285532587,494.0451377441344,16771000,505.4663925170898,504.9360418701172,32.416910877486586,-2.6796385135168634,-0.9455787595013296,0.0
2025-09-09,494.34271240234375,498.1513723235736,493.6385148559322,497.33805669614713,14410500,504.3503890991211,505.0011846923828,38.10203661339968,-2.9949305915271225,-1.355449125906488,0.0
2025-09-10,496.2867126464844,499.1233892811019,492.66650462093776,498.8754294126598,21611800,502.9617431640625,505.0760949707032,44.63695333446263,-3.0527470936661416,-1.6949087194584187,0.0
2025-09-11,496.9215393066406,499.0639163525314,493.81707669294536,498.1514106544788,18881600,502.03360137939455,505.269853515625,46.16670549562426,-3.012614339333254,-1.958449843433386,0.0
2025-09-12,505.7389526367188,508.367321245748,499.73833579713096,502.5154742767582,23624900,501.452262878418,505.6589715576172,52.77952344803508,-2.243456111296098,-2.0154510970059287,0.0
2025-09-15,511.1543884277344,511.2634762434591,502.862624765238,504.6380259393042,17143800,501.2560638427734,506.0029150390625,60.985716826275386,-1.1832722386355954,-1.8490153253318624,0.0
2025-09-16,504.8859558105469,513.0090929577493,504.449544036503,512.6619733694059,19711900,500.89844207763673,506.2436712646484,56.40786734903686,-0.8392051712425541,-1.6470532945140006,0.0
2025-09-17,505.8579711914063,507.11762672901375,501.8013512662406,506.4530809454648,15816600,500.9523300170898,506.5256530761719,53.22199815751104,-0.4825336758519256,-1.4141493707815858,0.0
2025-09-18,504.3008117675781,508.88310546808697,503.51725007824297,507.3159820894167,18913700,501.1288803100586,506.6400402832031,48.799701065822006,-0.3218090830637834,-1.1956813132380253,0.0
2025-09-19,513.7034301757812,515.0622454615835,506.1456179521661,506.3935778296786,52474100,501.807795715332,506.9826818847656,60.01785788719695,0.5578485088982461,-0.8449753488107711,0.0
2025-09-22,510.2518310546875,513.5149611406991,508.35738375283694,511.3825425873763,20009300,502.1658508300781,507.21985229492185,58.04175329910468,0.9653404415573732,-0.4829121907371422,0.0
2025-09-23,505.074462890625,510.3907385966617,503.170117644206,509.6071466116137,19799600,502.4123245239258,507.35941650390623,53.07940861601456,0.860590045891513,-0.2142117434114112,0.0
2025-09-24,505.9869079589844,508.2978806442568,502.7832857896144,506.215041937542,13533700,502.81451416015625,507.4617779541016,51.7781359375149,0.8415009943882978,-0.0030691958514693,0.0
2025-09-25,502.892333984375,505.8480263178102,500.91858324777104,504.1519591362548,15786500,502.8288940429687,507.5062078857422,61.69094574479728,0.570094827921082,0.1115636089030409,0.0
2025-09-26,507.28619384765625,509.7459665668784,502.4856945681329,505.8976246789574,16213100,502.9191497802734,507.51810546875,62.585412664583096,0.7014652013731961,0.2295439273970719,0.0
2025-09-29,510.4005126953125,512.6321512651683,504.7272205888506,507.3258348805616,17617800,503.3114196777344,507.6249670410156,64.55669448265255,1.0448324937613052,0.3926016406699186,0.0
2025-09-30,513.7232666015625,513.9315141469417,505.5009089039439,509.0516808953517,19728200,503.94768676757815,507.7980853271485,65.4210748202596,1.5670085188515372,0.6274830163062424,0.0
2025-10-01,515.4688720703125,516.2623314762835,507.5143007767599,510.5989067561486,22632300,504.6598266601562,508.1009777832031,66.08737958136109,2.0975137209865693,0.9214891572423078,0.0
2025-10-02,511.53131103515625,517.343476169315,506.5126054199375,513.4158303625842,21222900,505.04515686035154,508.3132373046875,55.488748591694296,2.1751409765957987,1.172219521113006,0.0
2025-10-03,513.1281127929688,516.2425031799986,510.7973143114264,512.8801529316524,15112300,506.1535354614258,508.458212890625,52.016180569973535,2.338552317350548,1.4054860803605145,0.0
2025-10-06,524.256591796875,526.6965386672223,513.9712214168786,514.377848960065,21388600,507.6596435546875,508.7697119140625,68.00005444791235,3.327672891560041,1.7899234426004198,0.0
2025-10-07,519.7040405273438,525.4765536672338,517.1847899970462,523.9788663400786,14615200,508.9277099609375,509.0141235351563,62.06362205394368,3.7015362271568506,2.172245999511706,0.0
2025-10-08,520.56689453125,522.6497936321297,518.8213080060119,519.0097599169904,13363400,510.14171905517577,509.27440551757815,64.34566075030318,4.021098006330249,2.5420164008754145,0.0
2025-10-09,518.136962890625,520.0512058016051,513.1777655449532,518.07745494396,18343600,511.202490234375,509.4728204345704,54.45843726676357,4.031801742255766,2.8399734691514853,0.0
2025-10-10,506.790283203125,519.3073226434543,505.4711500363669,515.3994727403434,24133800,511.2550567626953,509.04306945800784,46.99600731797491,3.0890931643654653,2.8897974081942817,0.0
2025-10-13,509.8550415039063,512.1957680051081,507.5043869225772,512.1957680051081,14284200,511.1900894165039,508.86057434082034,54.30658130297659,2.559782625461139,2.8237944516476534,0.0
2025-10-14,509.3789978027344,511.07506506957225,501.8707658398511,506.0662576446326,14684300,511.4147415161133,508.44021484375,53.07997880768865,2.0779343282151217,2.674622426961148,0.0
2025-10-15,509.2401428222656,512.9694689959882,505.8381406310981,510.7576863019565,14694700,511.5838500976562,508.173334350586,56.090654876066935,1.66566094215068,2.4728301299990543,0.0
2025-10-16,507.4349670410156,512.6321960787722,503.9833851231019,508.3970827878481,15559600,511.7405578613281,507.9259997558594,50.1502080728443,1.1796702104944643,2.2141981460981364,0.0
2025-10-17,509.3889465332031,511.2734052578957,503.1700935064365,504.8859867353243,19867800,511.5248336791992,507.7989422607422,48.95417317935519,0.9413377140095918,1.9596260596804276,0.0
2025-10-20,512.5726928710938,514.4671401409408,509.2401268135401,510.4104901121901,14665600,511.64087677001953,507.7117938232422,48.80702860194967,0.9978565461221932,1.7672721569687806,0.0
2025-10-21,513.4356079101562,514.4572316509175,508.8533142722573,513.2769402267872,15586200,512.058934020996,507.6472503662109,47.85250327478263,1.0996026251542048,1.6337382506058655,0.0
2025-10-22,516.2921752929688,520.9439055438886,513.4853127480494,516.8972434708678,18962700,512.5741973876953,507.4919012451172,55.145841277297,1.39466145122816,1.5859228907303244,0.0
2025-10-23,516.3119506835938,519.6743010066873,514.3778516149157,518.1964698863214,14023500,513.2451782226562,507.5084527587891,53.562749718266566,1.6115168424045692,1.5910416810651735,0.0
2025-10-24,519.3370361328125,521.0628270774097,516.4607380708425,518.5237205252405,15532400,513.8477203369141,507.5478790283203,43.27542219456073,2.0043702833789894,1.673707401527937,0.0
2025-10-27,527.1825561523438,530.2175826339089,524.6930292943027,527.4404441110845,18734700,514.6868225097656,507.7899627685547,59.37818115577081,2.915173063097768,1.9220005338419035,0.0
2025-10-28,537.6464233398438,549.2013167264516,536.3570441492753,545.511702993095,29986700,515.8829803466797,508.302123413086,67.26149940041748,4.430268087087256,2.423654044490974,0.0
2025-10-29,537.1306762695312,541.8121902511471,532.3500025514267,540.4930267482002,36023000,516.9660705566406,508.9491326904297,69.96869874563977,5.525678746004701,3.044058984793719,0.0
2025-10-30,521.4695434570312,530.6043464776645,517.8592331602406,526.1509968235328,41023100,517.4629821777344,509.3631274414063,64.14918401204862,5.07161463622765,3.4495701150805056,0.0
2025-10-31,513.5843505859375,525.0004316167937,510.896444053691,524.5640198650095,34006400,517.4857940673828,509.63231201171874,53.28900338907143,4.029051989150162,3.565466489894437,0.0
2025-11-03,512.810791015625,520.6760707602963,510.3907002836433,515.5680732671589,22374700,516.9135040283203,509.826713256836,53.01081400921561,3.1046058242736763,3.473294356770285,0.0
2025-11-04,510.1328430175781,511.342858187808,503.6957838776707,507.5838081580189,20958700,516.434944152832,510.0264703369141,50.7497875106501,2.1313190362866408,3.204899292673556,0.0
2025-11-05,503.0213317871094,510.6287541811956,502.4460479183387,509.1112106662694,23024300,515.557666015625,510.12803466796873,46.59633694254445,0.7771838303187906,2.7193562002026037,0.0
2025-11-06,493.04339599609375,501.5732213085109,491.7639146320967,501.5335392553728,27406500,514.3029876708985,509.9368078613281,38.78298281921664,-1.0885657967777431,1.957771800806534,0.0
2025-11-07,492.76568603515625,495.304792622274,489.2248119110569,492.89463000746537,24019800,513.6017578125,509.6825,35.842929360790265,-2.560083640568905,1.0542007125314463,0.0
2025-11-10,501.8707580566406,502.7138276367279,494.7295019610679,495.95940345274505,26101500,513.2025436401367,509.6688128662109,42.60527555401357,-2.957476962160684,0.2518651775930204,0.0
2025-11-11,504.5289001464844,505.4414057875519,498.2505695472254,500.6805581155917,17980000,512.9600387573242,509.7394323730469,42.459264939775295,-3.023076042142065,-0.4031230663539967,0.0
2025-11-12,506.9688720703125,507.4945458106546,495.0469415436793,505.2033686484966,26574900,512.8464752197266,509.8542883300781,44.19095687152534,-2.8453786887492925,-0.8915741908330559,0.0
2025-11-13,499.182861328125,509.309533151825,497.1991825232493,506.1455630365654,25273100,512.433869934082,509.7614514160156,38.169561285718174,-3.2948374176473862,-1.3722268361959222,0.0
2025-11-14,506.0166320800781,507.425057385904,493.380607454102,494.164169077362,28505700,512.2652542114258,510.0625732421875,37.42631897064651,-3.064285337082424,-1.7106385363732226,0.0
2025-11-17,503.3486022949219,507.9408238780629,500.7896697837805,504.300789978241,19092800,511.8040496826172,510.2468566894531,27.545474634063112,-3.061567019363622,-1.9808242329713024,0.0
2025-11-18,489.7604370117188,498.87544447228873,482.8076324047851,491.3275301094218,33815100,510.6202911376953,510.1552111816407,23.519655696907364,-4.108503835544639,-2.40636015348597,0.0
2025-11-19,483.1448364257813,491.1489881906385,478.8898366362472,486.1005289347495,23245300,508.9629241943359,509.8923736572266,26.165818055936185,-5.409673139002962,-3.0070227505893685,0.0
2025-11-20,475.4138793945313,490.45844852333465,472.50235794747454,489.6038543571072,26802500,506.9180206298828,509.4622204589844,26.216110757847275,-6.984173602735154,-3.802452921018526,0.0
2025-11-21,469.1436462402344,475.9007957312625,465.3179114267742,475.4834301610789,31769200,504.4083511352539,508.7303143310547,24.5354526664823,-8.63835440454642,-4.769633217724105,0.0
2025-11-24,471.0118103027344,473.8935220644432,465.0694984877541,472.0055061050608,34421000,501.5998138427734,507.9274627685547,26.969006420345025,-9.686894886397964,-5.753085551458877,0.0
2025-11-25,473.9829406738281,476.1293271988992,461.9592459889855,471.08136597664605,28019800,498.41663970947263,507.3094024658203,32.028673136518094,-10.16099574842923,-6.634667590852947,0.0
2025-11-26,482.4393310546875,485.2316139433245,478.1664510662567,483.244222260298,25709100,495.6820724487305,506.8410296630859,43.3113711733368,-9.742063621366071,-7.256146796955572,0.0
2025-11-28,488.9082946777344,489.5243812398697,483.5820692635899,484.5260924315005,14386700,494.0540100097657,506.5331793212891,47.74317564124493,-8.786777094661886,-7.562272856496835,0.0
2025-12-01,483.6714782714844,486.7718042788117,481.5946577130528,485.3607732415945,23964000,492.558366394043,505.9325402832032,38.847434450246816,-8.355950758914616,-7.721008436980392,0.0
2025-12-02,486.9109497070313,490.38888506208144,483.2541563831954,483.6516286444489,19562700,491.2633743286133,505.46572265625,39.280052082192114,-7.664764874124103,-7.7097597244091345,0.0
2025-12-03,474.7182922363281,481.1872310931236,472.2042431453193,473.3171775583083,34615100,489.4926467895508,504.85859924316406,32.45847031597384,-8.008523368043711,-7.76951245313605,0.0
2025-12-04,477.8087158203125,478.28570075231454,473.48613274494215,476.7355376297969,22318200,488.2320159912109,504.29503540039065,37.74850632071755,-7.940055083155357,-7.803620979139912,0.0
2025-12-05,480.1140747070313,480.3525519991133,475.86105782216015,479.4780948278929,22608700,487.5855499267578,503.8394702148437,34.33989264170988,-7.61202360878201,-7.765301505068332,0.0
2025-12-08,487.9245300292969,489.1964595164875,481.32640529111774,481.8331998835391,21965900,487.34349212646487,503.4522369384766,41.22083808986492,-6.645215919576231,-7.541284387969912,0.0
2025-12-09,488.9181823730469,489.0175580151932,485.4203841758893,486.016607703579,14696100,486.6958633422852,503.02259033203126,49.44036440896893,-5.732750837425442,-7.179577677861019,0.0
2025-12-10,475.5430908203125,481.1972227192708,472.0850182923752,480.9786084159209,35756200,485.2465728759765,502.2589868164063,45.36534122031961,-6.019484918722924,-6.947559126033401,0.0
2025-12-11,480.422119140625,482.96597801292137,472.8600781839672,473.6252433732215,24669200,483.9192352294922,501.5580517578125,53.16345161852447,-5.786325772606574,-6.715312455348036,0.0
2025-12-12,475.5132446289063,479.40854546431024,473.3370484252935,476.7951206875852,21248100,482.7357543945312,500.8376904296875,54.09375753902641,-5.929301322622791,-6.558110228802987,0.0
2025-12-15,471.82666015625,477.6894594742654,469.5411415575728,477.0733729131614,23727700,481.02625579833983,500.0116613769531,50.51174457733972,-6.267835328885894,-6.500055248819569,0.0
2025-12-16,473.38677978515625,474.8773235577871,467.911505956298,468.9350114671635,20705600,479.5281646728516,498.9942651367188,49.61884191158537,-6.337186214348662,-6.467481441925388,0.0
2025-12-17,473.1184387207031,476.9739832708393,472.0055042784347,473.903466892556,24527200,478.6960647583008,498.06255310058594,43.34372585025622,-6.340708432153633,-6.442126839971038,0.0
2025-12-18,480.9288940429688,486.5134594689822,474.8772903878124,475.1753869914404,28573500,478.5852676391602,497.2697930908203,44.408843072793736,-5.648152953932367,-6.2833320627633045,0.0
2025-12-19,482.8566589355469,484.7744844818215,479.4482594182398,484.2875529363844,70836100,478.95740661621096,496.56418701171873,49.40129320667359,-4.887404277810504,-6.004146505772745,0.0
2025-12-22,481.8630065917969,485.64898536737695,479.6470539215635,483.0554234208069,16963000,479.593374633789,496.0656414794922,46.16432034838826,-4.314944911942234,-5.666306187006643,0.0
2025-12-23,483.7807922363281,484.7545946839082,481.6840783901604,481.922585996358,14683600,480.2318237304688,495.5441564941406,58.16035807088432,-3.664277950949554,-5.265900539795226,0.0
2025-12-24,484.94342041015625,486.0762481946253,481.77352833631136,482.61817584356095,5855900,480.7798477172852,495.0554449462891,56.65553378069847,-3.0199927231889774,-4.816718976473977,0.0
2025-12-26,484.6353759765625,485.0427948985028,482.8964083055729,483.64168016456847,8842200,480.8896499633789,494.563349609375,54.38089549414221,-2.5053683232280264,-4.354448845824787,0.0
2025-12-29,484.02923583984375,485.2713556042012,481.1276307272214,481.8033366009864,10893400,480.6456970214844,494.0952349853516,45.61322593084184,-2.121974421649611,-3.907953960989752,0.0
2025-12-30,484.4068298339844,486.5929423552436,482.4393012721813,482.8665831796088,13944500,480.6824645996094,493.5955926513672,44.84794918907164,-1.767291081317353,-3.479821385055272,0.0
2025-12-31,480.5711669921875,485.0626915008753,480.25317705215497,484.7645645601486,15601600,480.3654754638672,492.955562133789,57.341827204152345,-1.775244006256628,-3.138905909295544,0.0
