Date,Close,High,Low,Open,Volume,SMA_20,SMA_50,RSI,MACD,MACD_Signal,sentiment_score
2023-01-03,108.0999984741211,118.8000030517578,104.63999938964844,118.47000122070312,231402800,,,,0.0,0.0,0.0
2023-01-04,113.63999938964844,114.58999633789062,107.5199966430664,109.11000061035156,180389000,,,,0.4419373949708358,0.0883874789941671,0.0
2023-01-05,110.33999633789062,111.75,107.16000366210938,110.51000213623048,157986300,,,,0.5199002114605236,0.1746900254874384,0.0
2023-01-06,113.05999755859376,114.38999938964844,101.80999755859376,103.0,220911100,,,,0.7920375558152557,0.2981595315530019,0.0
2023-01-09,119.7699966430664,123.5199966430664,117.11000061035156,118.95999908447266,190284000,,,,1.531495088121588,0.5448266428667191,0.0
2023-01-10,118.8499984741211,122.76000213623048,114.91999816894533,121.06999969482422,167642500,,,,2.01999905479191,0.8398611252517574,0.0
2023-01-11,123.22000122070312,125.9499969482422,120.51000213623048,122.08999633789062,183810800,,,,2.7283143582661893,1.2175517718546438,0.0
2023-01-12,123.55999755859376,124.12999725341795,117.0,122.55999755859376,169400900,,,,3.2792925590732978,1.629899929298375,0.0
2023-01-13,122.4000015258789,122.62999725341795,115.5999984741211,116.5500030517578,180714100,,,,3.5810644851976576,2.0201328404782317,0.0
2023-01-17,131.49000549316406,131.6999969482422,125.0199966430664,125.6999969482422,186477000,,,,4.501814151372557,2.5164691026570964,0.0
2023-01-18,128.77999877929688,136.67999267578125,127.01000213623048,136.55999755859375,195680300,,,,4.955713620330769,3.0043180061918315,0.0
2023-01-19,127.16999816894533,129.99000549316406,124.30999755859376,127.26000213623048,170291900,,,,5.126424396377317,3.4287392842289286,0.0
2023-01-20,133.4199981689453,133.50999450683594,127.3499984741211,128.67999267578125,138858100,,,,5.700326863121731,3.8830568000074894,0.0
2023-01-23,143.75,145.3800048828125,134.27000427246094,135.8699951171875,203119200,,,82.37964996261528,6.909050288112496,4.488255497628491,0.0
2023-01-24,143.88999938964844,146.5,141.10000610351562,143.0,158699100,,,82.4243471505205,7.788488247172793,5.148302047537351,0.0
2023-01-25,144.42999267578125,146.41000366210938,138.07000732421875,141.91000366210938,192734300,,,80.67343274397948,8.431825277841213,5.805006693598124,0.0
2023-01-26,160.27000427246094,161.4199981689453,154.75999450683594,159.97000122070312,234815100,,,89.79754438864394,10.103365753708673,6.664678505620234,0.0
2023-01-27,177.89999389648438,180.67999267578125,161.1699981689453,162.42999267578125,306590600,,,91.75682434802776,12.704220105051633,7.872586825506514,0.0
2023-01-30,166.66000366210938,179.77000427246094,166.5,178.0500030517578,230878800,,,78.5323186184824,13.7005116709679,9.038171794598792,0.0
2023-01-31,173.22000122070312,174.3000030517578,162.77999877929688,164.57000732421875,196813500,134.1959991455078,,80.9588936238464,14.848255447559694,10.200188525190974,0.0
2023-02-01,181.41000366210935,183.80999755859372,169.92999267578125,173.88999938964844,213806300,137.86149940490722,,81.7527060082467,16.231607541952513,11.406472328543282,0.0
2023-02-02,188.2700042724609,196.75,182.6100006103516,187.3300018310547,217448300,141.59299964904784,,82.964855189963,17.677691339331602,12.660716130700946,0.0
2023-02-03,189.97999572753903,199.0,183.69000244140625,183.9499969482422,232662000,145.57499961853028,,84.23505649192361,18.745617378260704,13.877696380212898,0.0
2023-02-06,194.75999450683597,198.1699981689453,189.9199981689453,193.00999450683597,186188100,149.65999946594238,,83.51520269669518,19.749996742969444,15.052156452764208,0.0
2023-02-07,196.80999755859372,197.5,189.5500030517578,196.42999267578125,186010300,153.51199951171876,,86.29041553144161,20.4753654716653,16.136798256544427,0.0
2023-02-08,201.2899932861328,203.0,194.30999755859372,196.1000061035156,180673600,157.63399925231934,,88.3643964025895,21.167715382992355,17.142981681834016,0.0
2023-02-09,207.32000732421875,214.0,204.7700042724609,207.77999877929688,215431400,161.83899955749513,,88.33783830209778,21.94995400734956,18.104376146937128,0.0
2023-02-10,196.88999938964844,206.1999969482422,192.88999938964844,202.22999572753903,204754100,165.50549964904786,,77.53938730455408,21.480653675443197,18.779631652638344,0.0
2023-02-13,194.63999938964844,196.3000030517578,187.6100006103516,194.4199981689453,172475500,169.11749954223632,,75.73790540881453,20.68868727665108,19.161442777440893,0.0
2023-02-14,209.25,209.82000732421875,189.44000244140625,191.94000244140625,216455700,173.00549926757813,,78.76797675181484,20.99790240005683,19.52873470196408,0.0
2023-02-15,214.2400054931641,214.66000366210935,206.1100006103516,211.75999450683597,181006400,177.27849960327148,,76.50525612165066,21.39893574235012,19.902774910041288,0.0
2023-02-16,202.0399932861328,217.6499938964844,201.83999633789065,210.77999877929688,229586500,181.0219993591309,,62.5233421585625,20.496052791821285,20.02143048639729,0.0
2023-02-17,208.30999755859372,208.44000244140625,197.5,199.9900054931641,213738500,184.7664993286133,,72.78195948084414,20.055263894573955,20.02819716803262,0.0
2023-02-21,197.3699951171875,209.7100067138672,197.22000122070312,204.9900054931641,180018600,187.44749908447267,,62.60569164228404,18.608659704600484,19.744289675346195,0.0
2023-02-22,200.8600006103516,201.9900054931641,191.77999877929688,197.92999267578125,191828500,190.2959991455078,,60.67624764287917,17.54162085202924,19.303755910682806,0.0
2023-02-23,202.07000732421875,205.13999938964844,196.3300018310547,203.91000366210935,146360000,193.1779998779297,,58.075839924963375,16.602241991980975,18.76345312694244,0.0
2023-02-24,196.8800048828125,197.6699981689453,192.8000030517578,196.3300018310547,142228100,195.00849990844728,,53.87989460254158,15.263044775910998,18.063371456736157,0.0
2023-02-27,207.6300048828125,209.4199981689453,201.25999450683597,202.02999877929688,161028300,196.49500045776367,,56.7815376649356,14.8974282131677,17.430182808022465,0.0
2023-02-28,205.7100067138672,211.22999572753903,203.75,210.58999633789065,153144900,198.4475006103516,,54.69607637119285,14.288042981436805,16.801754842705332,0.0
2023-03-01,202.7700042724609,207.1999969482422,198.5200042724609,206.2100067138672,156852800,199.92500076293945,,50.79382643098112,13.413247599638764,16.12405339409202,0.0
2023-03-02,190.8999938964844,193.75,186.00999450683597,186.7400054931641,181500700,200.3995002746582,,41.71209180529883,11.628113665392704,15.224865448352157,0.0
2023-03-03,197.7899932861328,200.47999572753903,192.8800048828125,194.8000030517578,154193300,200.8754997253418,,50.47110208590989,10.64661992274577,14.30921634323088,0.0
2023-03-06,193.80999755859372,198.6000061035156,192.3000030517578,198.5399932861328,128100100,201.0669998168945,,49.5732640409428,9.43882180511048,13.335137435606802,0.0
2023-03-07,187.7100067138672,194.1999969482422,186.1000061035156,191.3800048828125,148125800,200.7145004272461,,37.86342993847481,7.898367351485177,12.24778341878248,0.0
2023-03-08,182.0,186.5,180.0,185.0399932861328,151897800,199.9740005493164,,31.980777959126726,6.145949596097154,11.027416654245416,0.0
2023-03-09,172.9199981689453,185.17999267578125,172.50999450683594,180.25,170023800,198.55550079345704,,33.136445413704976,3.9786027801837065,9.617653879433076,0.0
2023-03-10,173.44000244140625,178.2899932861328,168.44000244140625,175.1300048828125,191488900,196.8615005493164,,28.365812447411244,2.276680655203592,8.149459234587178,0.0
2023-03-13,174.47999572753906,177.35000610351562,163.91000366210938,167.4600067138672,167790300,195.74100036621093,,33.80959565838022,1.0002832336120375,6.71962403439215,0.0
2023-03-14,183.25999450683597,183.8000030517578,177.13999938964844,177.30999755859375,143717900,195.1720001220703,,38.41800239626012,0.6892562875954695,5.513550485032814,0.0
2023-03-15,180.4499969482422,182.33999633789065,176.02999877929688,180.8000030517578,145995600,193.7319999694824,170.38359954833984,36.06599003241952,0.2135600854713573,4.453552405120523,0.0
2023-03-16,184.1300048828125,185.80999755859372,178.83999633789062,180.3699951171875,121136800,192.22649993896485,171.90419967651368,41.61956173761224,0.1319917841663596,3.5892402809296904,0.0
2023-03-17,180.1300048828125,186.22000122070312,177.3300018310547,184.5200042724609,133197100,191.13100051879883,173.23399978637696,30.16445679861306,-0.2525075035702002,2.8208907240297125,0.0
2023-03-20,183.25,186.44000244140625,176.35000610351562,178.0800018310547,129684400,189.87800064086915,174.69219985961914,34.07543579613895,-0.3019873065104548,2.1963151179216798,0.0
2023-03-21,197.5800018310547,198.0,188.0399932861328,188.27999877929688,153391400,189.8885009765625,176.38259994506836,46.83188730962841,0.8058219661021155,1.9182164875577667,0.0
2023-03-22,191.1499938964844,200.66000366210935,190.9499969482422,199.3000030517578,150376400,189.40300064086915,177.81019989013672,50.16346279325828,1.1516454417034936,1.7649022783869122,0.0
2023-03-23,192.22000122070312,199.30999755859372,188.6499938964844,195.25999450683597,144193900,188.91050033569337,179.27759994506837,46.05803868107926,1.4948223052410583,1.7108862837577414,0.0
2023-03-24,190.41000366210935,192.3600006103516,187.1499938964844,191.6499938964844,116312400,188.5870002746582,180.6213999938965,47.51752821917393,1.6022707856149625,1.6891631841291856,0.0
2023-03-27,191.80999755859372,197.38999938964844,189.94000244140625,194.4199981689453,120851600,187.79599990844727,181.9863999938965,53.21416583749752,1.7798749966176215,1.707305546626873,0.0
2023-03-28,189.19000244140625,192.3500061035156,185.42999267578125,192.0,98654600,186.96999969482425,183.32220001220705,55.92354766202877,1.6897376597458449,1.7037919692506671,0.0
2023-03-29,193.8800048828125,195.2899932861328,189.44000244140625,193.1300048828125,123660000,186.5254997253418,184.57,68.61456978483483,1.9739922183801752,1.757832019076569,0.0
2023-03-30,195.27999877929688,197.3300018310547,194.4199981689453,195.5800018310547,110252200,186.74449996948243,185.9,69.09758581268673,2.2858835683872485,1.8634423289387048,0.0
2023-03-31,207.4600067138672,207.7899932861328,197.1999969482422,197.52999877929688,170222100,187.22800064086917,187.5058001708984,74.13642231463655,3.4758174975791576,2.185917362666796,0.0
2023-04-03,194.7700042724609,202.69000244140625,192.1999969482422,199.91000366210935,169545900,187.2760009765625,188.7328002929688,57.967609037055006,3.3561835721605746,2.419970604565552,0.0
2023-04-04,192.5800018310547,198.7400054931641,190.32000732421875,197.32000732421875,126463800,187.51950073242188,189.70940032958984,58.46948903417278,3.049505133020631,2.545877510256568,0.0
2023-04-05,185.5200042724609,190.67999267578125,183.75999450683597,190.5200042724609,133882500,187.6955009460449,190.54200042724608,50.92678976385403,2.2112871189573866,2.4789594319967314,0.0
2023-04-06,185.05999755859372,186.38999938964844,179.74000549316406,183.0800018310547,123857900,188.30250091552733,191.35460052490237,53.44995929566552,1.4926680581839094,2.281701157234167,0.0
2023-04-10,184.50999450683597,185.1000061035156,176.11000061035156,179.94000244140625,142154600,188.8560005187988,191.83940032958984,50.91462989140079,0.8687620770025433,1.9991133411878423,0.0
2023-04-11,186.7899932861328,189.19000244140625,185.6499938964844,186.69000244140625,115770900,189.4715003967285,192.0172003173828,40.5067699277094,0.5519266715536162,1.709676007260997,0.0
2023-04-12,180.5399932861328,191.5800018310547,180.30999755859372,190.7400054931641,150256300,189.33550033569333,192.29480010986327,40.635481998537415,-0.2011714571776508,1.3275065143732676,0.0
2023-04-13,185.8999938964844,186.5,180.94000244140625,182.9600067138672,112933000,189.60800018310547,192.5483999633789,44.81456590825096,-0.3613346551336178,0.9897382804718904,0.0
2023-04-14,185.0,186.27999877929688,182.00999450683597,183.9499969482422,96438700,189.65149993896483,192.62019989013672,45.49391656494988,-0.5544952531932097,0.6808915737388705,0.0
2023-04-17,187.0399932861328,189.69000244140625,182.69000244140625,186.32000732421875,116662200,189.99699935913085,192.59559967041017,46.06889367362589,-0.5367783627142728,0.4373575864482419,0.0
2023-04-18,184.30999755859372,187.69000244140625,183.5800018310547,187.1499938964844,92067000,190.04999923706052,192.48219970703124,45.98551745572365,-0.7345579126815949,0.2029744866222745,0.0
2023-04-19,180.58999633789065,183.5,177.64999389648438,179.10000610351562,125732700,189.20049896240235,192.19879974365236,38.8898101593282,-1.1778946043339715,-0.0731993315689746,0.0
2023-04-20,162.99000549316406,169.6999969482422,160.55999755859375,166.1699981689453,210970800,187.79249954223636,191.52239990234372,28.759376648008555,-2.915802739488953,-0.6417200131529703,0.0
2023-04-21,165.0800018310547,166.0,161.32000732421875,164.8000030517578,123539000,186.4354995727539,190.79820007324216,17.854963690924265,-4.077459801451141,-1.3288679708126043,0.0
2023-04-24,162.5500030517578,165.64999389648438,158.61000061035156,164.64999389648438,140006600,185.04249954223636,189.90279998779295,21.10830953023381,-5.142946464283369,-2.0916836695067578,0.0
2023-04-25,160.6699981689453,163.47000122070312,158.75,159.82000732421875,121999300,183.4854995727539,189.1783999633789,21.22631722331225,-6.069092285196405,-2.887165392644687,0.0
2023-04-26,153.75,160.6699981689453,153.13999938964844,160.2899932861328,153364100,181.7134994506836,188.36059997558596,21.28004480253365,-7.277564308959256,-3.765245175907601,0.0
2023-04-27,160.19000244140625,160.47999572753906,152.3699951171875,152.63999938964844,127015200,180.02899932861328,187.37940002441405,29.71120571613514,-7.627705280297135,-4.537737196785508,0.0
2023-04-28,164.30999755859375,165.0,157.32000732421875,160.89999389648438,122515800,178.48049926757812,186.38079986572265,34.427993938827896,-7.486446256694506,-5.127479008767308,0.0
2023-05-01,161.8300018310547,163.27999877929688,158.8300018310547,163.1699981689453,109015000,176.1989990234375,185.5766000366211,30.81770358157217,-7.488292022659124,-5.599641611545671,0.0
2023-05-02,160.30999755859375,165.49000549316406,158.92999267578125,161.8800048828125,128259700,174.47599868774415,184.6166000366211,33.23387589360574,-7.525655376444149,-5.984844364525367,0.0
2023-05-03,160.61000061035156,165.0,159.91000366210938,160.00999450683594,119728000,172.87749862670898,183.8814001464844,27.121399226376,-7.445234337515046,-6.276922359123303,0.0
2023-05-04,161.1999969482422,162.9499969482422,159.64999389648438,162.7100067138672,95108500,171.66149826049804,183.08820007324215,28.347877220000683,-7.250315190744402,-6.471600925447523,0.0
2023-05-05,170.05999755859375,170.7899932861328,163.50999450683594,163.97000122070312,107607300,170.91149826049804,182.44799987792967,36.257688364466325,-6.3081954095058,-6.438919822259178,0.0
2023-05-08,171.7899932861328,173.8000030517578,169.19000244140625,173.72000122070312,112249400,170.2754981994629,181.9461996459961,39.70055308731981,-5.360173751814216,-6.223170608170187,0.0
2023-05-09,169.14999389648438,169.82000732421875,166.55999755859375,168.9499969482422,88965000,169.39349822998048,181.17659942626952,40.4187554856258,-4.7669353815513205,-5.931923562846414,0.0
2023-05-10,168.5399932861328,174.42999267578125,166.67999267578125,172.5500030517578,119840700,168.79349822998046,180.43319915771485,56.4972944314519,-4.296484452039465,-5.604835740685024,0.0
2023-05-11,172.0800018310547,173.57000732421875,166.7899932861328,168.6999969482422,103889900,168.10249862670898,179.81939910888673,57.92572398041512,-3.5965409116357137,-5.203176774875162,0.0
2023-05-12,167.97999572753906,177.3800048828125,167.22999572753906,176.07000732421875,157849600,167.25149841308593,179.3609991455078,55.93701221436909,-3.3342318906694857,-4.829387798034027,0.0
2023-05-15,166.35000610351562,169.75999450683594,164.5500030517578,167.66000366210938,105592500,166.21699905395508,178.73219940185547,56.24451238803762,-3.22074984264745,-4.507660206956712,0.0
2023-05-16,166.52000427246094,169.52000427246094,164.35000610351562,165.64999389648438,98288800,165.32749938964844,178.18639953613285,66.48593555534632,-3.081574596758202,-4.22244308491701,0.0
2023-05-17,173.86000061035156,174.5,167.19000244140625,168.41000366210938,125473600,164.9909996032715,177.9093994140625,67.247037279892,-2.3518897293294003,-3.848332413799488,0.0
2023-05-18,176.88999938964844,177.05999755859375,172.4499969482422,174.22000122070312,109520300,165.6859992980957,177.80719940185546,66.32071097892631,-1.511687839641212,-3.381003498967833,0.0
2023-05-19,180.13999938964844,181.9499969482422,176.30999755859375,177.1699981689453,136196700,166.4389991760254,177.95159942626952,73.28923772038102,-0.5769235347328845,-2.820187506120844,0.0
2023-05-22,188.8699951171875,189.32000732421875,180.11000061035156,180.6999969482422,132001400,167.75499877929687,178.26019927978516,80.69647925991575,0.8584262041839565,-2.0844647640598835,0.0
2023-05-23,185.7700042724609,192.9600067138672,185.25999450683597,186.1999969482422,156952100,169.00999908447267,178.4859994506836,75.50690946261935,1.7259126136798102,-1.3223892885119448,0.0
2023-05-24,182.8999938964844,184.22000122070312,178.22000122070312,182.22999572753903,137605100,170.46749877929688,178.47879943847656,71.02713255661351,2.156951991541092,-0.6265210325013374,0.0
2023-05-25,184.47000122070312,186.77999877929688,180.5800018310547,186.5399932861328,96870700,171.6814987182617,178.55919952392577,66.2604428527153,2.5953230058539134,0.0178477751697127,0.0
2023-05-26,193.1699981689453,198.6000061035156,184.52999877929688,184.6199951171875,162061500,173.1244987487793,178.73999938964843,70.84633911052684,3.603216599766739,0.734921540089118,0.0
2023-05-30,201.16000366210935,204.47999572753903,197.52999877929688,200.1000061035156,128818700,175.09099884033202,179.16059936523436,78.26241127107885,4.989193881064608,1.585776008284216,0.0
2023-05-31,203.92999267578125,203.9499969482422,195.1199951171875,199.77999877929688,150711700,177.2719985961914,179.57419921875,80.09865915225075,6.239184391649985,2.51645768495737,0.0
2023-06-01,207.5200042724609,209.8000030517578,199.3699951171875,202.58999633789065,148029900,179.61749877929688,179.77299926757811,80.11557159002089,7.43380256131212,3.4999266602283203,0.0
2023-06-02,213.97000122070312,217.25,209.75,210.1499938964844,164398400,182.25599899291996,180.2293994140625,87.57968224107495,8.799570940123004,4.559855516207257,0.0
2023-06-05,217.6100006103516,221.2899932861328,214.5200042724609,217.8000030517578,151143100,184.6334991455078,180.73719940185543,90.55379508073034,10.059707701726012,5.6598259533110085,0.0
2023-06-06,221.30999755859372,221.91000366210935,212.52999877929688,216.13999938964844,146911600,187.1094993591309,181.35519927978515,91.05349677365656,11.227510246411782,6.773362811931163,0.0
2023-06-07,224.57000732421875,230.8300018310547,223.1999969482422,228.0,185710800,189.8805000305176,182.01039947509764,90.47086935628866,12.274564184418722,7.873603086428675,0.0
2023-06-08,234.8600006103516,235.22999572753903,223.00999450683597,224.22000122070312,164489700,193.1965003967285,182.92379943847652,91.4604478501282,13.775878680788963,9.054058205300734,0.0
2023-06-09,244.3999938964844,252.4199981689453,242.0200042724609,249.07000732421875,200242400,196.8125,183.93419921875,92.1653524149638,15.55615726708632,10.354478017657852,0.0
2023-06-12,249.8300018310547,250.97000122070312,244.58999633789065,247.94000244140625,150337900,200.90500030517575,185.0251992797852,91.81069894245512,17.206847307916576,11.724951875709598,0.0
2023-06-13,258.7099914550781,259.67999267578125,251.33999633789065,253.50999450683597,162384300,205.52299957275392,186.05019897460937,96.3523003475505,19.01240879358409,13.182443259284495,0.0
2023-06-14,256.7900085449219,261.57000732421875,250.5,260.1700134277344,170575500,210.03649978637696,187.29059906005855,97.52993259669202,20.057195836033827,14.557393774634363,0.0
2023-06-15,255.8999938964844,258.95001220703125,247.2899932861328,248.3999938964844,160171200,214.1384994506836,188.5569989013672,96.35302011189911,20.57619083082952,15.761153185873397,0.0
2023-06-16,260.5400085449219,263.6000061035156,257.2099914550781,258.9200134277344,167915600,218.32099990844728,190.0573989868164,96.15016119041542,21.11846795448122,16.83261613959496,0.0
2023-06-20,274.45001220703125,274.75,261.1199951171875,261.5,165611200,223.0365005493164,191.8451992797852,96.43898437690348,22.412292569083377,17.948551425492646,0.0
2023-06-21,259.4599914550781,276.989990234375,257.7799987792969,275.1300048828125,211797100,226.56600036621091,193.34419921875,80.46745155717281,21.97477694995109,18.75379653038433,0.0
2023-06-22,264.6099853515625,265.0,248.25,250.7700042724609,166875900,230.507999420166,194.9005990600586,80.79618630765526,21.792394972858148,19.3615162188791,0.0
2023-06-23,256.6000061035156,262.45001220703125,252.8000030517578,259.2900085449219,177460800,234.1930000305176,196.42179931640624,72.61538720573607,20.762184025458424,19.641649780194964,0.0
2023-06-26,241.0500030517578,258.3699951171875,240.6999969482422,250.07000732421875,179990600,237.02200012207032,197.5247994995117,61.03994048267562,18.47797652663797,19.408915129483567,0.0
2023-06-27,250.2100067138672,250.38999938964844,240.8500061035156,243.2400054931641,164968200,239.8740005493164,198.82899963378907,62.94571155204508,17.208492578651914,18.96883061931724,0.0
2023-06-28,256.239990234375,259.8800048828125,248.88999938964844,249.6999969482422,159770800,242.62799987792968,200.21299957275392,63.8429877190675,16.498798796781358,18.474824254810063,0.0
2023-06-29,257.5,260.739990234375,253.6100006103516,258.0299987792969,131283400,245.30650024414064,201.67679962158203,60.74411506192801,15.855264005430854,17.95091220493422,0.0
2023-06-30,261.7699890136719,264.45001220703125,259.8900146484375,260.6000061035156,112620800,248.0189994812012,203.3003994750977,58.67718840679576,15.511009215515486,17.46293160705047,0.0
2023-07-03,279.82000732421875,284.25,275.1099853515625,276.489990234375,119685900,251.3114997863769,205.6369995117188,63.304056297902015,16.504417787044076,17.271228843049194,0.0
2023-07-05,282.4800109863281,283.8500061035156,277.6000061035156,278.82000732421875,131530900,254.55500030517575,207.9849996948242,61.16067935915677,17.30683883707613,17.278350841854582,0.0
2023-07-06,276.5400085449219,279.9700012207031,272.8800048828125,278.0899963378906,120332100,257.3165008544922,210.2647998046875,58.93583965284369,17.264441016708957,17.27556887682546,0.0
2023-07-07,274.42999267578125,280.7799987792969,273.7699890136719,278.42999267578125,113879200,259.8095001220703,212.53999969482425,58.292308196560114,16.866157230373517,17.193686547535073,0.0
2023-07-10,269.6099853515625,277.5199890136719,265.1000061035156,276.4700012207031,119425400,261.54699935913084,214.85719940185547,54.05235190620954,15.97740260005483,16.950429758039025,0.0
2023-07-11,269.7900085449219,270.8999938964844,266.3699951171875,268.6499938964844,91972400,262.8165000915527,217.04919952392575,47.62680733714539,15.11336703218072,16.583017212867365,0.0
2023-07-12,271.989990234375,276.5199890136719,271.4599914550781,276.3299865722656,95672100,263.92449951171875,219.2027993774414,57.33692272503092,14.439681100586938,16.15434999041128,0.0
2023-07-13,277.8999938964844,279.45001220703125,270.6000061035156,274.5899963378906,112681500,264.8839996337891,221.52419921875,57.7132935453658,14.21876300072492,15.76723259247401,0.0
2023-07-14,281.3800048828125,285.29998779296875,276.3099975585937,277.010009765625,120062400,266.1134994506836,223.9455993652344,65.18009172466449,14.161249548167175,15.446035983612644,0.0
2023-07-17,290.3800048828125,292.2300109863281,283.57000732421875,286.6300048828125,131569600,267.8375,226.5409994506836,82.85597904463827,14.672756107580142,15.291380008406144,0.0
2023-07-18,293.3399963378906,295.260009765625,286.010009765625,290.1499938964844,112120300,269.4774993896484,229.18379943847657,81.3125918501232,15.142422888635508,15.261588584452015,0.0
2023-07-19,291.260009765625,299.2900085449219,289.5199890136719,296.0400085449219,142355400,270.3179992675781,231.6077996826172,76.97165420956142,15.171907359325644,15.243652339426742,0.0
2023-07-20,262.8999938964844,280.92999267578125,261.20001220703125,279.5599975585937,175158300,270.48999938964846,233.42999969482423,52.9341398388824,12.759771050683357,14.746876081678066,0.0
2023-07-21,260.0199890136719,268.0,255.8000030517578,268.0,161796100,270.260499572754,235.247399597168,49.03453672780953,10.494766190859709,13.896454103514394,0.0
2023-07-24,269.0599975585937,269.8500061035156,254.1199951171875,255.8500061035156,136508500,270.8834991455078,237.2577996826172,43.40847686655505,9.32173154140918,12.981509591093351,0.0
2023-07-25,265.2799987792969,272.8999938964844,265.0,272.3800048828125,112757300,272.0949989318848,239.12179962158203,39.60599374600274,7.994918377349791,11.98419134834464,0.0
2023-07-26,264.3500061035156,268.0400085449219,261.75,263.25,95856200,272.8019989013672,241.04919982910155,42.15875727996772,6.79009476325399,10.945372031326512,0.0
2023-07-27,255.7100067138672,269.1300048828125,255.3000030517578,268.3099975585937,103697300,272.7754997253418,242.8363998413086,38.89153785766737,5.079533920406448,9.7722044091425,0.0
2023-07-28,266.44000244140625,267.25,258.2300109863281,259.8599853515625,111446000,273.2224998474121,244.8347998046875,48.24221889869364,4.537418572561421,8.725247241826285,0.0
2023-07-31,267.42999267578125,269.0799865722656,263.7799987792969,267.4800109863281,84582200,273.5055000305176,246.7061996459961,48.70300265125291,4.1399494318630445,7.808187679833637,0.0
2023-08-01,261.07000732421875,266.4700012207031,260.25,266.260009765625,83166000,272.5680000305176,248.3897998046875,44.26109694577179,3.274013815728381,6.901352907012586,0.0
2023-08-02,254.1100006103516,259.5199890136719,250.4900054931641,255.57000732421875,101752900,271.1494995117188,249.8691998291016,37.63385151462418,2.0030493208901703,5.921692189788104,0.0
2023-08-03,259.32000732421875,260.489990234375,252.0,252.0399932861328,97569100,270.2884994506836,251.27820007324215,38.73570189506963,1.4000657158308627,5.017366894996656,0.0
2023-08-04,253.8600006103516,264.7699890136719,253.1100006103516,260.9700012207031,99539900,269.25999984741213,252.64,30.65267626223327,0.4761314074465304,4.10911979748663,0.0
2023-08-07,251.4499969482422,253.6499938964844,242.75999450683597,251.4499969482422,111097900,268.3520004272461,254.0110000610352,27.677715777372924,-0.4454257520251303,3.1982106875842784,0.0
2023-08-08,249.6999969482422,250.9199981689453,245.00999450683597,247.4499969482422,96642200,267.3474998474121,255.31559997558597,27.775397842260706,-1.3019685322148575,2.298174843624452,0.0
2023-08-09,242.19000244140625,251.1000061035156,241.8999938964844,250.8699951171875,101596300,265.85750045776365,256.2960000610352,35.74673558501131,-2.5572996906613525,1.3270799367672907,0.0
2023-08-10,245.33999633789065,251.8000030517578,243.0,245.3999938964844,109498600,264.229500579834,257.1795999145508,39.93417710076244,-3.260396672737045,0.4095846148664237,0.0
2023-08-11,242.6499938964844,243.7899932861328,238.0200042724609,241.7700042724609,99038600,262.2930000305176,257.95399993896484,30.16372775761965,-3.9886877033332553,-0.4700698487735121,0.0
2023-08-14,239.75999450683597,240.66000366210935,233.75,235.6999969482422,98595300,259.7619995117187,258.5987997436524,30.572462662069512,-4.744372220457933,-1.3249303231103964,0.0
2023-08-15,232.9600067138672,240.5,232.6100006103516,238.72999572753903,88197600,256.7430000305176,258.9785998535156,28.06428271188132,-5.824814988351335,-2.224907256158584,0.0
2023-08-16,225.6000061035156,233.97000122070312,225.3800048828125,228.0200042724609,112484500,253.4599998474121,259.1383999633789,28.57548608500845,-7.192058630251978,-3.218337530977263,0.0
2023-08-17,219.22000122070312,226.7400054931641,218.8300018310547,226.05999755859372,120718400,251.27600021362304,259.0966000366211,14.183849012020945,-8.690246390139237,-4.312719302809658,0.0
2023-08-18,215.4900054931641,217.5800018310547,212.3600006103516,214.1199951171875,136276600,249.04950103759765,258.915,12.17594235705883,-10.062555588941308,-5.462686560035988,0.0
2023-08-21,231.27999877929688,232.1300048828125,220.5800018310547,221.5500030517578,135702700,247.1605010986328,258.8433999633789,30.92584841724008,-9.763453011457216,-6.322839850320234,0.0
2023-08-22,233.19000244140625,240.82000732421875,229.5500030517578,240.25,130442800,245.55600128173828,258.6192001342773,35.67907989326368,-9.265483998941503,-6.911368680044489,0.0
2023-08-23,236.8600006103516,238.97999572753903,229.2899932861328,229.33999633789065,101077600,244.18150100708007,258.3598001098633,34.293698246818124,-8.476984388776117,-7.224491821790815,0.0
2023-08-24,230.0399932861328,238.9199981689453,228.17999267578125,238.66000366210935,99777400,242.89800033569333,257.7864001464844,33.65357389980046,-8.306656396546828,-7.440924736742018,0.0
2023-08-25,238.58999633789065,239.0,230.3500061035156,231.30999755859372,106612200,241.5055000305176,257.4223999023437,41.86075753528402,-7.396494262933004,-7.432038641980215,0.0
2023-08-28,238.82000732421875,244.3800048828125,235.3500061035156,242.5800018310547,107673700,240.07500076293945,257.08080017089844,42.97883955602988,-6.580765284549187,-7.26178397049401,0.0
2023-08-29,257.17999267578125,257.4800109863281,237.7700042724609,238.5800018310547,134047600,239.8805000305176,257.01359985351564,58.4852216195636,-4.402052691849775,-6.689837714765163,0.0
2023-08-30,256.8999938964844,260.510009765625,250.58999633789065,254.1999969482422,121988400,240.0199996948242,256.6625994873047,56.76339732883676,-2.667254378632037,-5.885321047538538,0.0
2023-08-31,258.0799865722656,261.17999267578125,255.0500030517578,255.97999572753903,108861700,239.95799865722657,256.63499938964844,59.1899916862756,-1.1835553798534877,-4.944967914001528,0.0
2023-09-01,245.00999450683597,259.0799865722656,242.00999450683597,257.260009765625,132541600,239.5154983520508,256.2429995727539,52.788697243042606,-1.050245783410503,-4.166023487883323,0.0
2023-09-05,256.489990234375,258.0,244.8600006103516,245.0,129469600,239.76749801635745,256.2407992553711,61.906683400222775,-0.0180491950157204,-3.336428629309803,0.0
2023-09-06,251.9199981689453,255.38999938964844,245.05999755859372,255.13999938964844,116959800,239.87849807739255,256.45819915771483,63.70547763979745,0.4262997530087489,-2.5838829528460927,0.0
2023-09-07,251.4900054931641,252.80999755859372,243.2700042724609,245.07000732421875,115312900,240.34349822998047,256.4837991333008,67.9138548068086,0.7352768663216409,-1.920050989012546,0.0
2023-09-08,248.5,256.5199890136719,246.6699981689453,251.22000122070312,118367700,240.50149841308595,256.3289993286133,68.47643854658664,0.7304547719830623,-1.3899498368134244,0.0
2023-09-11,273.5799865722656,274.8500061035156,260.6099853515625,264.2699890136719,174667900,242.047998046875,256.6505990600586,71.44595567677597,2.719035196462812,-0.5681528301581771,0.0
2023-09-12,267.4800109863281,278.3900146484375,266.6000061035156,270.760009765625,135999900,243.4339988708496,256.7647994995117,66.67640779892166,3.759445907402551,0.2973669173539685,0.0
2023-09-13,271.29998779296875,274.9800109863281,268.1000061035156,270.07000732421875,111673700,245.3509979248047,256.5943991088867,66.72494928182411,4.836467310436007,1.2051869959703765,0.0
2023-09-14,276.0400085449219,276.7099914550781,270.4200134277344,271.32000732421875,107709800,247.872998046875,256.4655990600586,72.79938928498879,6.003292374957766,2.1648080717678546,0.0
2023-09-15,274.3900146484375,278.9800109863281,271.0,277.54998779296875,133692300,250.63149871826167,256.4225991821289,69.04663173064496,6.717434523510747,3.0753333621164334,0.0
2023-09-18,265.2799987792969,271.44000244140625,263.760009765625,271.1600036621094,101543300,253.1209983825684,256.2395993041992,62.862148028460936,6.473670729841501,3.755000835661448,0.0
2023-09-19,266.5,267.8500061035156,261.20001220703125,264.3500061035156,103704000,254.88199844360352,256.17739959716795,55.436312311957366,6.306235709902126,4.265247810509584,0.0
2023-09-20,262.5899963378906,273.92999267578125,262.4599914550781,267.0400085449219,122514600,256.35199813842775,256.03339935302733,53.184110766410086,5.791279368414905,4.5704541220906485,0.0
2023-09-21,255.6999969482422,260.8599853515625,254.2100067138672,257.8500061035156,119951500,257.29399795532225,255.7075994873047,48.74816388005552,4.772196478691853,4.61080259341089,0.0
2023-09-22,244.8800048828125,257.7900085449219,244.47999572753903,257.3999938964844,127524100,258.03599853515624,255.04719970703124,49.92996999700611,3.0562524376074407,4.2998925622502,0.0
2023-09-25,246.9900054931641,247.1000061035156,238.30999755859372,243.3800048828125,104636600,258.45599899291994,254.35939971923827,44.30729286009362,1.8453418850182288,3.808982426803806,0.0
2023-09-26,244.1199951171875,249.5500030517578,241.66000366210935,242.97999572753903,101993600,258.7209983825684,253.43419952392577,45.22877083453505,0.6466465572990217,3.176515252902849,0.0
2023-09-27,240.5,245.3300018310547,234.5800018310547,244.25999450683597,136597200,257.8869987487793,252.377399597168,43.52996089990408,-0.5886459345335595,2.4234830154155675,0.0
2023-09-28,246.3800048828125,247.5500030517578,238.6499938964844,240.0200042724609,117058900,257.3609992980957,251.47979949951173,48.792988113709455,-1.0806992530437185,1.7226465617237103,0.0
2023-09-29,250.22000122070312,254.7700042724609,246.3500061035156,250.0,128522700,256.9680000305176,251.2261996459961,32.45720181528749,-1.1475709570813135,1.1486030579627056,0.0
2023-10-02,251.6000061035156,254.27999877929688,242.6199951171875,244.80999755859372,123810400,257.2975006103516,251.05779998779295,37.16456449315723,-1.0767997264922826,0.7035225010717079,0.0
2023-10-03,246.52999877929688,250.0200042724609,244.4499969482422,248.6100006103516,101985300,256.7995010375977,250.60720001220704,30.375557908887373,-1.413525987917268,0.2801128032739127,0.0
2023-10-04,261.1600036621094,261.8599853515625,247.6000061035156,248.13999938964844,129721600,257.26150131225586,250.5248001098633,39.80822009435362,-0.4941683845596003,0.1252565657072101,0.0
2023-10-05,260.04998779296875,263.6000061035156,256.25,260.0,119159200,257.6895004272461,250.43879974365237,40.104874090864485,0.1432093081060941,0.1288471141869869,0.0
2023-10-06,260.5299987792969,261.6499938964844,250.6499938964844,253.97999572753903,118121800,258.29100036621094,250.5351995849609,46.27918184456462,0.6792387550229648,0.2389254423541825,0.0
2023-10-09,259.6700134277344,261.3599853515625,252.0500030517578,255.30999755859372,101377900,257.5955017089844,250.3997998046875,44.6195185466197,1.0228614132517748,0.395712636533701,0.0
2023-10-10,263.6199951171875,268.94000244140625,257.6499938964844,257.75,122656000,257.40250091552736,250.3235998535156,50.81089483618247,1.5955231587349772,0.6356747409739563,0.0
2023-10-11,262.989990234375,268.6000061035156,260.8999938964844,266.20001220703125,103706300,256.9870010375977,250.36199951171875,56.366804666496265,1.975750368575973,0.9036898664943596,0.0
2023-10-12,258.8699951171875,265.4100036621094,256.6300048828125,262.9200134277344,111508100,256.1285003662109,250.45719940185543,63.83776970013094,1.9224729268401008,1.107446478563508,0.0
2023-10-13,251.1199951171875,259.6000061035156,250.22000122070312,258.8999938964844,102073800,254.96499938964843,250.29319915771484,53.675020753738856,1.2405891998181175,1.1340750228144298,0.0
2023-10-16,253.9199981689453,255.3999938964844,248.47999572753903,250.0500030517578,88917200,254.3969993591309,250.29439910888672,58.7312911972954,0.9155741106981736,1.0903748403911786,0.0
2023-10-17,254.8500061035156,257.17999267578125,247.0800018310547,250.1000061035156,93562900,253.81449966430665,250.36239929199215,63.42878520900505,0.7246874332542745,1.0172373589637975,0.0
2023-10-18,242.67999267578125,254.6300048828125,242.0800018310547,252.6999969482422,125147800,252.8189994812012,250.22199920654296,46.902201740911416,-0.4039534841436136,0.7329991903423155,0.0
2023-10-19,220.1100006103516,230.6100006103516,216.77999877929688,225.9499969482422,170772700,251.03949966430665,249.78039916992188,30.80943908944448,-3.0840680601546357,-0.0304142597570746,0.0
2023-10-20,211.9900054931641,218.8600006103516,210.4199981689453,217.00999450683597,138010100,249.3949996948242,249.11339935302732,26.751970665302053,-5.796475750877335,-1.1836265579811267,0.0
2023-10-23,212.0800018310547,216.97999572753903,202.50999450683597,210.0,150683400,247.64949951171877,248.50199951171876,28.525125255795388,-7.848345592712917,-2.516570364927485,0.0
2023-10-24,216.5200042724609,222.0500030517578,214.1100006103516,216.5,118231100,246.2694999694824,248.03719970703125,18.123395697074045,-9.012307859876898,-3.815717863917368,0.0
2023-10-25,212.4199981689453,220.1000061035156,212.1999969482422,215.8800048828125,107065100,244.8654998779297,247.6263995361328,17.381185311852178,-10.148605759959622,-5.082295443125819,0.0
2023-10-26,205.75999450683597,214.8000030517578,204.8800048828125,211.32000732421875,115112600,242.8344993591309,247.2295993041992,15.418605166485392,-11.454496364010822,-6.35673562730282,0.0
2023-10-27,207.3000030517578,212.41000366210935,205.7700042724609,210.6000061035156,94881200,240.6884994506836,246.99119934082032,17.215472910637985,-12.22424477255845,-7.530237456353946,0.0
2023-10-30,197.3600006103516,210.8800048828125,194.6699981689453,209.27999877929688,136448200,237.97649917602536,246.62859924316408,11.413946840928858,-13.480951044979378,-8.720380174079033,0.0
2023-10-31,200.83999633789065,202.8000030517578,194.07000732421875,196.1199951171875,118068300,235.69199905395507,246.01979919433597,14.97013949808212,-14.03431440784189,-9.783167020831604,0.0
2023-11-01,205.66000366210935,205.9900054931641,197.8500061035156,204.0399932861328,121661700,232.91699905395507,245.46919921875,20.243836755423946,-13.923423986410825,-10.61121841394745,0.0
2023-11-02,218.50999450683597,219.1999969482422,211.4499969482422,212.97000122070312,125987600,230.83999938964843,245.1021990966797,32.74786161471883,-12.65280203344352,-11.019535137846663,0.0
2023-11-03,219.9600067138672,226.3699951171875,218.3999938964844,221.1499938964844,119534800,228.8114997863769,244.9005993652344,31.773304532297644,-11.397438537726517,-11.095115817822634,0.0
2023-11-06,219.2700042724609,226.32000732421875,215.0,223.97999572753903,117335800,226.79149932861327,244.51419952392575,30.854503418693525,-10.33904922971027,-10.943902500200162,0.0
2023-11-07,222.17999267578125,223.1199951171875,215.72000122070312,219.97999572753903,116900100,224.71949920654296,244.18139923095703,37.74802826760771,-9.15986708749864,-10.587095417659858,0.0
2023-11-08,222.1100006103516,224.1499938964844,217.63999938964844,223.1499938964844,106584800,222.6754997253418,243.47999938964844,51.635055493987046,-8.137203897680564,-10.097117113664002,0.0
2023-11-09,209.97999572753903,220.8000030517578,206.67999267578125,219.75,142110500,220.2309997558594,242.54159942626956,48.45787221767734,-8.210876102603777,-9.719868911451956,0.0
2023-11-10,214.6499938964844,215.3800048828125,205.69000244140625,210.02999877929688,130994000,218.40749969482425,241.6729995727539,51.84228781591976,-7.802489786971307,-9.336393086555828,0.0
2023-11-13,223.7100067138672,225.3999938964844,211.6100006103516,215.6000061035156,140447600,216.89700012207032,241.24699981689452,54.83393839119852,-6.670875670636463,-8.803289603371955,0.0
2023-11-14,237.41000366210935,238.13999938964844,230.72000122070312,235.02999877929688,149771600,216.025,240.8654000854492,64.88031474857893,-4.615384789652353,-7.965708640628035,0.0
2023-11-15,242.83999633789065,246.6999969482422,236.4499969482422,239.2899932861328,150354000,216.03300018310543,240.6838000488281,72.40754131574128,-2.5191986746919213,-6.876406647440812,0.0
2023-11-16,233.58999633789065,240.8800048828125,230.9600067138672,239.4900054931641,136816800,216.7069999694824,240.32579986572264,64.5328878790215,-1.5860705370483856,-5.818339425362328,0.0
2023-11-17,234.3000030517578,237.38999938964844,226.5399932861328,232.0,142532800,217.8224998474121,240.04179992675785,72.74070542120984,-0.7802736481924057,-4.810726269928344,0.0
2023-11-20,235.6000061035156,237.1000061035156,231.0200042724609,234.0399932861328,116320100,218.99850006103517,239.2822003173828,71.98887019721751,-0.0363553448380571,-3.8558520849102864,0.0
2023-11-21,241.1999969482422,243.6199951171875,233.33999633789065,235.0399932861328,122288000,220.2324996948242,238.75660003662108,72.2625888367667,0.993623853037036,-2.8859568973208223,0.0
2023-11-22,234.2100067138672,244.00999450683597,231.3999938964844,242.0399932861328,117950600,221.3220001220703,238.01480041503908,60.61385480051545,1.2316582047207874,-2.0624338769125004,0.0
2023-11-24,235.4499969482422,238.75,232.3300018310547,233.75,65125200,222.80650024414064,237.20300018310547,60.50169264006747,1.503032963856498,-1.349340508758701,0.0
2023-11-27,236.0800018310547,238.3300018310547,232.1000061035156,236.88999938964844,112031800,224.24550018310543,236.4367999267578,61.40589222640084,1.7487767348697505,-0.7297170600330107,0.0
2023-11-28,246.72000122070312,247.0,234.00999450683597,236.67999267578125,148549900,226.71350021362304,236.06559997558597,65.07001577978764,2.770156828884893,-0.0297422822494299,0.0
2023-11-29,244.13999938964844,252.75,242.75999450683597,249.2100067138672,135401300,228.87850036621091,235.6183999633789,63.12403234943557,3.333002547600273,0.6428066837205106,0.0
2023-11-30,240.0800018310547,245.22000122070312,236.91000366210935,245.13999938964844,132353200,230.5995002746582,235.1682000732422,69.83918528590624,3.412121153912807,1.19666957775897,0.0
2023-12-01,238.8300018310547,240.19000244140625,231.8999938964844,233.13999938964844,121331700,231.61550064086916,234.83080017089844,66.68968264282947,3.335508994711404,1.6244374611494568,0.0
2023-12-04,235.5800018310547,239.3699951171875,233.2899932861328,235.75,104099800,232.39650039672853,234.64480010986327,58.90739883233463,2.9782144654828078,1.8951928620161271,0.0
2023-12-05,238.72000122070312,246.66000366210935,233.6999969482422,233.8699951171875,137971100,233.36900024414064,234.47940002441408,51.16818093496929,2.914827370070725,2.099119763627047,0.0
2023-12-06,239.3699951171875,246.57000732421875,239.1699981689453,242.9199981689453,126436200,234.2285003662109,234.38440002441405,46.61727168331678,2.883799074865493,2.2560556258747364,0.0
2023-12-07,242.63999938964844,244.0800018310547,236.97999572753903,241.5500030517578,107142300,235.25500030517577,234.42720001220704,59.986765159028565,3.087480391526469,2.422340579005083,0.0
2023-12-08,243.83999633789065,245.2700042724609,239.2700042724609,240.2700042724609,103126800,236.94800033569337,234.3763998413086,60.41484607770592,3.3076010612314235,2.599392675450352,0.0
2023-12-11,239.7400054931641,243.44000244140625,237.4499969482422,242.7400054931641,97913900,238.2025009155273,234.16679992675785,54.25926210822007,3.1153020192701604,2.702574544214313,0.0
2023-12-12,237.00999450683597,238.9900054931641,233.8699951171875,238.5500030517578,95328300,238.86750030517575,233.87499969482425,45.41875767444344,2.711359705214278,2.7043315764143063,0.0
2023-12-13,239.2899932861328,240.3000030517578,228.1999969482422,234.19000244140625,146286300,238.96149978637692,233.73019958496093,56.1920867050604,2.5458622426333197,2.672637709658109,0.0
2023-12-14,251.0500030517578,253.8800048828125,240.7899932861328,241.22000122070312,160829200,239.37200012207032,233.5279995727539,65.13388001276599,3.325306750488608,2.803171517824209,0.0
2023-12-15,253.5,254.1300048828125,248.3000030517578,251.2100067138672,135932800,240.36750030517575,233.3969998168945,66.32308655330668,4.093528765329154,3.061242967325198,0.0
2023-12-18,252.0800018310547,258.739990234375,251.3600006103516,253.77999877929688,116416500,241.25650024414065,233.22799987792968,56.071591169537456,4.5354860026207575,3.356091574384311,0.0
2023-12-19,257.2200012207031,258.3399963378906,253.00999450683597,253.47999572753903,106737400,242.3375,233.17899963378903,64.00428553084416,5.240090786537792,3.732891416815008,0.0
2023-12-20,247.13999938964844,259.8399963378906,247.0,256.4100036621094,125097000,242.6345001220703,232.84939971923828,56.69574866760558,4.928312727168816,3.971975678885769,0.0
2023-12-21,254.5,254.8000030517578,248.5500030517578,251.8999938964844,109594200,243.64899978637692,232.6795999145508,63.31803304540572,5.215001615643757,4.220580866237366,0.0
2023-12-22,252.5399932861328,258.2200012207031,251.3699951171875,256.760009765625,93370100,244.50349960327148,232.5529998779297,64.73756424787229,5.2238313873809545,4.421230970466084,0.0
2023-12-26,256.6099853515625,257.9700012207031,252.91000366210935,254.4900054931641,86892400,245.52999877929688,232.6627996826172,65.29842975659531,5.4958901894044345,4.636162814253754,0.0
2023-12-27,261.44000244140625,263.3399963378906,257.5199890136719,258.3500061035156,106494400,246.26599884033203,232.8131997680664,67.6137260365256,6.031710953833084,4.91527244216962,0.0
2023-12-28,253.17999267578125,265.1300048828125,252.7100067138672,263.6600036621094,113619900,246.71799850463867,232.7797994995117,57.79123937451625,5.723857942337503,5.076989542203197,0.0
2023-12-29,248.47999572753903,255.19000244140625,247.42999267578125,255.1000061035156,100891600,247.13799819946288,232.8957995605469,53.2611733476212,5.042504881136892,5.070092609989937,0.0
2024-01-02,248.4199981689453,251.25,244.41000366210935,250.0800018310547,104654200,247.61749801635744,233.46199951171877,56.467949283542254,4.4464306845689805,4.945360224905746,0.0
2024-01-03,238.4499969482422,245.67999267578125,236.32000732421875,244.97999572753903,121082600,247.7609977722168,233.99119934082032,50.96852429459428,3.1334216789446145,4.58297251571352,0.0
2024-01-04,237.92999267578125,242.6999969482422,237.72999572753903,239.25,102629300,247.72149734497071,234.50819915771484,49.06310278023926,2.027520588085963,4.071882130188008,0.0
2024-01-05,237.4900054931641,240.1199951171875,234.8999938964844,236.8600006103516,92488900,247.62749786376952,234.9275991821289,38.93242295383806,1.1028695241208766,3.4780796089745825,0.0
2024-01-08,240.4499969482422,241.25,235.3000030517578,236.13999938964844,85166600,247.5179977416992,235.48819915771483,39.436617978691054,0.6019841681530806,2.902860520810282,0.0
2024-01-09,234.9600067138672,238.9600067138672,232.0399932861328,238.1100006103516,96705700,247.0739982604981,236.07219940185547,36.99878791811611,-0.2352555359103405,2.2752373094661573,0.0
2024-01-10,233.94000244140625,235.5,231.2899932861328,235.1000061035156,91628500,246.78399810791012,236.60499938964844,31.14063648828322,-0.969899456430852,1.6262099562867554,0.0
2024-01-11,227.22000122070312,230.92999267578125,225.3699951171875,230.57000732421875,105873600,246.29449844360352,237.20219940185547,32.933517854168755,-2.0704906658243374,0.8868698318645369,0.0
2024-01-12,218.88999938964844,225.33999633789065,217.1499938964844,220.0800018310547,123043800,245.2744987487793,237.56319946289065,19.989887484115613,-3.573683461235845,-0.0052408267555394,0.0
2024-01-16,219.91000366210935,223.4900054931641,212.17999267578125,215.1000061035156,115355000,243.71749877929688,237.84819946289065,22.05858026622262,-4.6293050146954045,-0.9300536643435126,0.0
2024-01-17,215.5500030517578,215.6699981689453,212.00999450683597,214.8600006103516,103164400,241.81999893188475,237.78899963378908,15.013653077903813,-5.75140964213827,-1.894324859902464,0.0
2024-01-18,211.8800048828125,217.4499969482422,208.7400054931641,216.8800048828125,108595400,239.80999908447265,237.627399597168,6.919326299928642,-6.857771701137409,-2.8870142281494533,0.0
2024-01-19,212.19000244140625,213.19000244140625,207.55999755859372,209.9900054931641,102260300,237.55849914550785,237.48579956054687,8.654418586611285,-7.621699187688961,-3.833951220057355,0.0
2024-01-22,208.8000030517578,217.8000030517578,206.2700042724609,212.25999450683597,117952500,235.6414993286133,237.2181997680664,8.889339268222813,-8.403788204672082,-4.7479186169803,0.0
2024-01-23,209.13999938964844,215.6499938964844,207.75,211.3000030517578,106605900,233.3734992980957,236.95879974365235,9.538507869565263,-8.893644128862206,-5.577063719356682,0.0
2024-01-24,207.8300018310547,212.72999572753903,206.7700042724609,211.8800048828125,123369900,231.13799972534176,236.91579986572265,11.609810933227834,-9.280583542758135,-6.317767684036973,0.0
2024-01-25,182.6300048828125,193.0,180.05999755859375,189.6999969482422,198076800,227.4390007019043,236.2754000854492,7.171610885553818,-11.488235734214328,-7.351861294072444,0.0
2024-01-26,183.25,186.77999877929688,182.1000061035156,185.5,107343200,223.529500579834,235.4661999511719,8.109340084222694,-13.037499399263766,-8.48898891511071,0.0
2024-01-29,190.92999267578125,191.47999572753903,183.6699981689453,185.6300048828125,125013100,220.417000579834,234.5365997314453,14.353569505609356,-13.490085482937983,-9.489208228676166,0.0
2024-01-30,191.58999633789065,196.3600006103516,190.6100006103516,195.3300018310547,109982300,217.5725006103516,233.5115997314453,16.447456801187826,-13.638292686754513,-10.319025120291837,0.0
2024-01-31,187.2899932861328,193.97000122070312,185.8500061035156,187.0,103221400,214.51600036621093,232.58559967041012,15.653057634013251,-13.94200748946605,-11.043621594126678,0.0
2024-02-01,188.8600006103516,189.8800048828125,184.27999877929688,188.5,91843300,212.0365005493164,231.67679962158203,19.43913004471877,-13.895834656730074,-11.614064206647358,0.0
2024-02-02,187.91000366210935,188.69000244140625,182.0,185.0399932861328,110612700,209.5355010986328,230.7229995727539,22.029612195791955,-13.777085502660212,-12.04666846584993,0.0
2024-02-05,181.05999755859372,184.67999267578125,175.00999450683594,184.25999450683597,134294400,206.7140007019043,229.52019958496092,18.26497996489057,-14.073483826074948,-12.452031537894934,0.0
2024-02-06,185.1000061035156,186.4900054931641,177.11000061035156,177.2100067138672,122676000,203.946501159668,228.5379995727539,24.99589649082931,-13.823043268744328,-12.726233884064811,0.0
2024-02-07,187.5800018310547,189.7899932861328,182.67999267578125,188.17999267578125,111535200,201.5775009155273,227.58059967041012,29.64823760977319,-13.271467181245782,-12.835280543501009,0.0
2024-02-08,189.55999755859372,191.6199951171875,185.5800018310547,189.0,83034000,199.3585006713867,226.65019958496092,31.56264731681993,-12.53013050558144,-12.774250535917094,0.0
2024-02-09,193.57000732421875,194.1199951171875,189.47999572753903,190.17999267578125,84476300,197.6760009765625,225.5871997070313,37.715765141189934,-11.486630843850604,-12.516726597503798,0.0
2024-02-12,188.1300048828125,194.72999572753903,187.27999877929688,192.1100006103516,95498600,196.13800125122071,224.4669998168945,34.34193555283592,-10.972132661537216,-12.20780781031048,0.0
2024-02-13,184.0200042724609,187.25999450683597,182.1100006103516,183.9900054931641,86759500,194.34350128173827,223.34579986572265,32.96609488611256,-10.771860542755178,-11.92061835679942,0.0
2024-02-14,188.7100067138672,188.88999938964844,183.3500061035156,185.3000030517578,81203000,193.00150146484376,222.3433999633789,56.15633794155991,-10.118064693195493,-11.560107624078636,0.0
2024-02-15,200.4499969482422,200.8800048828125,188.8600006103516,189.16000366210935,120831800,192.43000106811525,221.64079986572267,64.21486992579187,-8.554002459679253,-10.95888659119876,0.0
2024-02-16,199.9499969482422,203.1699981689453,197.3999938964844,202.05999755859372,111346700,191.81800079345703,220.86539978027344,58.45836501514861,-7.271002106244254,-10.22130969420786,0.0
2024-02-20,193.75999450683597,198.6000061035156,189.1300048828125,196.1300048828125,104545800,191.06600036621091,219.9531997680664,51.84366812340298,-6.676731344819103,-9.51239402433011,0.0
2024-02-21,194.7700042724609,199.44000244140625,191.9499969482422,193.3600006103516,103500300,190.3475006103516,218.99579986572263,56.73146796836851,-6.0544759083271344,-8.820810401129515,0.0
2024-02-22,197.41000366210935,198.32000732421875,191.3600006103516,194.0,92739500,189.8265007019043,218.06720001220705,57.54900230511909,-5.287358724342056,-8.114120065772024,0.0
2024-02-23,191.97000122070312,197.57000732421875,191.5,195.30999755859372,78841900,190.2935005187988,217.1117999267578,53.32133168828744,-5.060046496040371,-7.503305351825694,0.0
2024-02-26,199.3999938964844,201.77999877929688,192.0,192.2899932861328,111747100,191.10100021362305,216.3595999145508,64.86223072075876,-4.231582553906463,-6.848960792241848,0.0
2024-02-27,199.72999572753903,205.6000061035156,198.25999450683597,204.0399932861328,108645400,191.5410003662109,215.5683999633789,62.61423369389751,-3.507953022362358,-6.18075923826595,0.0
2024-02-28,202.0399932861328,205.3000030517578,198.44000244140625,200.4199981689453,99806200,192.06350021362303,214.5881997680664,62.50431479020355,-2.71675682605266,-5.487958755823292,0.0
2024-02-29,201.8800048828125,205.27999877929688,198.4499969482422,204.17999267578125,85907000,192.79300079345705,213.55579986572263,61.00000653948103,-2.078676182188275,-4.806102241096289,0.0
2024-03-01,202.63999938964844,204.5200042724609,198.5,200.5200042724609,82243100,193.48200073242188,212.5669998168945,58.59715136404935,-1.4944404899293602,-4.143769890862903,0.0
2024-03-04,188.13999938964844,199.75,186.72000122070312,198.72999572753903,134334900,193.49350051879884,211.18539978027343,50.00808486466431,-2.176370469043576,-3.750290006499038,0.0
2024-03-05,180.7400054931641,184.58999633789065,177.57000732421875,183.0500030517578,119660800,193.47750091552732,209.85739990234376,47.480798763920426,-3.2761570544618053,-3.655463416091592,0.0
2024-03-06,176.5399932861328,181.5800018310547,173.6999969482422,179.99000549316406,107920900,193.0495002746582,208.2981997680664,40.581940731364014,-4.435521796823736,-3.811475092238021,0.0
2024-03-07,178.64999389648438,180.0399932861328,173.6999969482422,174.35000610351562,102129000,192.60299987792968,206.82039978027345,30.17460463275522,-5.124989602727965,-4.07417799433601,0.0
2024-03-08,175.33999633789062,182.72999572753903,174.6999969482422,181.5,85544600,191.89199981689453,205.195,28.70738581980686,-5.870811881512509,-4.43350477177131,0.0
2024-03-11,177.77000427246094,182.8699951171875,174.8000030517578,175.4499969482422,85391500,191.10199966430665,203.5216000366211,35.20267388891557,-6.194394949808043,-4.785682807378657,0.0
2024-03-12,177.5399932861328,179.42999267578125,172.41000366210938,177.77000427246094,87391700,190.57249908447267,202.0088000488281,33.82158592833039,-6.3956715070708015,-5.107680547317086,0.0
2024-03-13,169.47999572753906,176.0500030517578,169.14999389648438,173.0500030517578,106524500,189.84549865722656,200.42880004882807,26.197367644240032,-7.12344443829474,-5.510833325512617,0.0
2024-03-14,162.5,171.1699981689453,160.50999450683594,167.77000427246094,126325700,188.5349983215332,198.7104000854492,25.52731655618129,-8.16926682776625,-6.042520025963344,0.0
2024-03-15,163.57000732421875,165.17999267578125,160.75999450683594,163.16000366210938,97146800,186.69099884033204,197.21280029296875,16.731678262589412,-8.810189576243374,-6.59605393601935,0.0
2024-03-18,173.8000030517578,174.72000122070312,165.89999389648438,170.02000427246094,108214400,185.3834991455078,195.93020050048827,29.662750842524503,-8.395867972696806,-6.956016743354842,0.0
2024-03-19,171.32000732421875,172.82000732421875,167.4199981689453,172.36000061035156,77271400,184.26149978637696,194.60680053710936,25.96997274568216,-8.173412039662594,-7.199495802616393,0.0
2024-03-20,175.66000366210938,176.25,170.82000732421875,173.0,83846700,183.30599975585935,193.31100067138672,30.748899507551187,-7.559768372414737,-7.271550316576063,0.0
2024-03-21,172.82000732421875,178.17999267578125,171.8000030517578,176.38999938964844,73178000,182.07649993896484,192.06820068359372,28.75463900400864,-7.219394627338147,-7.26111917872848,0.0
2024-03-22,170.8300018310547,171.1999969482422,166.3000030517578,166.69000244140625,75580600,181.0194999694824,190.80600067138676,34.99220259391416,-7.0291946142417885,-7.214734265831142,0.0
2024-03-25,172.6300048828125,175.24000549316406,168.72999572753906,168.75999450683594,74228600,179.68100051879884,189.7142007446289,42.21240916746008,-6.656482741000559,-7.103083960865026,0.0
2024-03-26,177.6699981689453,184.25,177.3800048828125,178.5800018310547,113186200,178.5780006408691,188.88980072021485,51.06785560820301,-5.88656391445619,-6.859779951583259,0.0
2024-03-27,179.8300018310547,181.91000366210935,176.0,181.41000366210935,81804000,177.46750106811524,188.08820068359373,51.1140556882344,-5.04395982472235,-6.496615926211078,0.0
2024-03-28,175.7899932861328,179.57000732421875,175.3000030517578,177.4499969482422,77654800,176.16300048828126,187.29300048828125,50.4190694727975,-4.6485987856400754,-6.127012498096877,0.0
2024-04-01,175.22000122070312,176.75,170.2100067138672,176.1699981689453,81562100,174.792000579834,186.55980041503904,47.54003187182029,-4.33133695356554,-5.76787738919061,0.0
2024-04-02,166.6300048828125,167.69000244140625,163.42999267578125,164.75,116650600,173.71650085449218,185.6486004638672,40.93704043313777,-4.718651898939271,-5.558032291140342,0.0
2024-04-03,168.3800048828125,168.82000732421875,163.27999877929688,164.02000427246094,82950100,173.0985008239746,184.8402005004883,48.97922136548063,-4.828728828802554,-5.412171598672785,0.0
2024-04-04,171.11000061035156,177.19000244140625,168.00999450683594,170.07000732421875,123162000,172.82700119018554,184.07960052490236,58.67419142697532,-4.642165751953854,-5.258170429328999,0.0
2024-04-05,164.89999389648438,170.86000061035156,160.50999450683594,169.0800018310547,143157600,172.13950119018554,183.22100036621092,51.21415632558702,-4.938481076304498,-5.1942325587240985,0.0
2024-04-08,172.97999572753906,174.5,167.7899932861328,169.33999633789062,104423300,172.02150115966796,183.02800018310543,49.22082155044623,-4.4697994199560185,-5.049345930970483,0.0
2024-04-09,176.8800048828125,179.22000122070312,171.9199981689453,172.91000366210938,102951700,171.97700119018555,182.9006002807617,55.14433445543582,-3.740548965473636,-4.787586537871113,0.0
2024-04-10,171.75999450683594,174.92999267578125,170.00999450683594,173.0399932861328,84532400,171.6880012512207,182.5172003173828,46.4428971646554,-3.5350054318063826,-4.537070316658167,0.0
2024-04-11,174.60000610351562,175.8800048828125,168.50999450683594,172.5500030517578,94516000,171.94400177001953,182.1774005126953,51.62349284073253,-3.107128456898238,-4.251081944706181,0.0
2024-04-12,171.0500030517578,173.80999755859375,170.36000061035156,172.33999633789062,64722700,172.37150192260742,181.8526007080078,50.19510560710079,-3.0196794640831115,-4.004801448581567,0.0
2024-04-15,161.47999572753906,170.69000244140625,161.3800048828125,170.24000549316406,100245300,172.26700134277343,181.3050006103516,41.309429259798144,-3.680172382025063,-3.9398756352702655,0.0
2024-04-16,157.11000061035156,158.19000244140625,153.75,156.74000549316406,97000000,171.43250122070313,180.6890005493164,33.80593563621993,-4.504316901076891,-4.052763888431592,0.0
2024-04-17,155.4499969482422,158.3300018310547,153.77999877929688,157.63999938964844,82439700,170.6390007019043,180.1768005371094,30.644657973669027,-5.23110487165809,-4.288432085076892,0.0
2024-04-18,149.92999267578125,152.1999969482422,148.6999969482422,151.25,96098800,169.35250015258788,179.47340026855468,29.941059824786777,-6.181254136763812,-4.666996495414276,0.0
2024-04-19,147.0500030517578,150.94000244140625,146.22000122070312,148.97000122070312,87074500,168.06399993896486,178.66280029296874,28.905209307193743,-7.084974196107623,-5.150592035552946,0.0
2024-04-22,142.0500030517578,144.44000244140625,138.8000030517578,140.55999755859375,107097600,166.625,177.71260040283204,30.547652048620392,-8.111136929825904,-5.7427010144075386,0.0
2024-04-23,144.67999267578125,147.25999450683594,141.11000061035156,143.3300018310547,124545100,165.22749938964844,176.73480010986327,31.50171571978529,-8.612876230625233,-6.316736057651077,0.0
2024-04-24,162.1300048828125,167.97000122070312,157.50999450683594,162.83999633789062,181178000,164.4504997253418,176.2148001098633,44.300589839604605,-7.515800620939899,-6.556548970308842,0.0
2024-04-25,170.17999267578125,170.8800048828125,158.36000061035156,158.9600067138672,126427500,163.96799926757814,175.93799987792968,53.27461988366077,-5.928454030198139,-6.430929982286703,0.0
2024-04-26,168.2899932861328,172.1199951171875,166.3699951171875,168.85000610351562,109815700,163.59299926757814,175.529599609375,46.84938802906037,-4.768014868760474,-6.098346959581457,0.0
2024-04-29,194.0500030517578,198.8699951171875,184.5399932861328,188.4199981689453,243869700,164.53449935913085,175.40159973144532,58.91577210737152,-1.7495729818434145,-5.228592164033849,0.0
2024-04-30,183.27999877929688,190.9499969482422,182.83999633789065,186.97999572753903,127031800,165.36699905395508,175.0681997680664,55.65038369246765,-0.2239043459440495,-4.227654600415889,0.0
2024-05-01,179.99000549316406,185.8600006103516,179.00999450683594,182.0,92829700,165.94749908447267,174.79279998779296,52.63209269546756,0.7115220934986155,-3.239819261632988,0.0
2024-05-02,180.00999450683594,184.6000061035156,176.02000427246094,182.8600006103516,89148000,166.3924987792969,174.49759979248046,54.531657284398186,1.4378921073320612,-2.304276987839978,0.0
2024-05-03,181.19000244140625,184.77999877929688,178.4199981689453,182.1000061035156,75491500,167.20699920654295,174.1731997680664,60.89311914017799,2.0847308752604192,-1.4264754152198988,0.0
2024-05-06,184.75999450683597,187.55999755859372,182.1999969482422,183.8000030517578,84390300,167.7959991455078,174.02899963378906,65.41764200188817,2.8525414607626374,-0.5706720400233916,0.0
2024-05-07,177.80999755859375,183.25999450683597,177.39999389648438,182.3999938964844,75045900,167.84249877929688,173.59719970703125,61.77338153714984,2.867179154834673,0.1168981989482213,0.0
2024-05-08,174.72000122070312,176.05999755859375,170.14999389648438,171.58999633789062,79969500,167.99049911499023,173.09699981689454,63.39566467525632,2.5994775929814864,0.6134140777548744,0.0
2024-05-09,171.97000122070312,175.6199951171875,171.3699951171875,175.00999450683594,65950300,167.8589988708496,172.49559997558595,63.48485061163153,2.1407430064243727,0.918879863488774,0.0
2024-05-10,168.47000122070312,173.05999755859375,167.75,173.0500030517578,72627200,167.72999877929686,171.82739990234376,64.53245565339947,1.4777373559146554,1.0306513619739504,0.0
2024-05-13,171.88999938964844,175.39999389648438,169.0,170.0,67018900,168.25049896240233,171.21239990234375,64.8380469612639,1.2142685394378532,1.067374797466731,0.0
2024-05-14,177.5500030517578,179.49000549316406,174.07000732421875,174.5,86407400,169.27249908447266,171.00059997558594,59.6495633865354,1.4455195475580354,1.143003747484992,0.0
2024-05-15,173.99000549316406,180.0,173.11000061035156,179.89999389648438,79663000,170.19949951171876,170.86559997558595,52.52619904740303,1.3262375458548945,1.1796505071589725,0.0
2024-05-16,174.83999633789062,175.7899932861328,171.42999267578125,174.10000610351562,59812200,171.44499969482422,170.8316000366211,54.40366063311374,1.2854747054006452,1.200815346807307,0.0
2024-05-17,177.4600067138672,179.6300048828125,172.75,173.5500030517578,77445800,172.9654998779297,170.80780029296875,33.80831284133474,1.447892399363127,1.2502307573184712,0.0
2024-05-20,174.9499969482422,177.75,173.52000427246094,177.55999755859375,61727400,174.6104995727539,170.8000003051758,40.30718576631852,1.3584138318552164,1.2718673722258202,0.0
2024-05-21,186.6000061035156,186.8800048828125,174.7100067138672,175.50999450683594,115266500,176.7065002441406,170.97660034179688,56.43873015250168,2.2021745012442864,1.4579287980295137,0.0
2024-05-22,180.11000061035156,183.8000030517578,178.1199951171875,182.8500061035156,88313500,177.6055000305176,171.02800048828124,50.086510442763455,2.320423311125808,1.6304277006487724,0.0
2024-05-23,173.74000549316406,181.8999938964844,173.25999450683594,181.8000030517578,71975500,177.78350067138672,171.11320068359376,44.08636585287273,1.878477060959625,1.6800375727109431,0.0
2024-05-24,179.24000549316406,180.0800018310547,173.72999572753906,174.83999633789062,65584500,178.33100128173828,171.44800079345703,45.748623019143054,1.9495621691091003,1.7339424919905746,0.0
2024-05-28,176.75,178.25,173.16000366210938,176.39999389648438,59736600,177.46600112915038,171.71160064697267,49.123389701153975,1.7844054803799736,1.7440350896684544,0.0
2024-05-29,176.19000244140625,178.14999389648438,173.92999267578125,174.19000244140625,54782600,177.11150131225585,171.75940063476563,51.26877320227936,1.5900019391758349,1.7132284595699303,0.0
2024-05-30,178.7899932861328,182.6699981689453,175.3800048828125,178.5800018310547,77618400,177.0515007019043,171.90880035400392,55.90168778856151,1.6269784692740927,1.6959784615107631,0.0
2024-05-31,178.0800018310547,180.32000732421875,173.82000732421875,178.5,67314600,176.95500106811522,171.9572003173828,58.73795203707172,1.5807701249941886,1.6729367942074482,0.0
2024-06-03,176.2899932861328,182.63999938964844,174.49000549316406,178.1300048828125,68568900,176.71000061035156,172.0266000366211,54.12293158539801,1.383759827459215,1.6151014008578015,0.0
2024-06-04,174.77000427246094,177.75999450683594,174.0,174.77999877929688,60056300,176.21050109863282,172.10540008544922,47.175946047998536,1.092385002630806,1.5105581212124026,0.0
2024-06-05,175.0,176.14999389648438,172.1300048828125,175.35000610351562,57953800,176.07000122070312,172.15279998779295,51.10045164553191,0.8699982890489366,1.3824461547797096,0.0
2024-06-06,177.94000244140625,179.72999572753906,172.72999572753906,174.60000610351562,69887000,176.2310012817383,172.1582000732422,53.23051833439447,0.920379283260246,1.290032780475817,0.0
2024-06-07,177.47999572753906,179.35000610351562,175.5800018310547,176.1300048828125,56244900,176.5065010070801,172.11119995117187,50.0218125387131,0.9126672270972732,1.2145596698001082,0.0
2024-06-10,173.7899932861328,178.57000732421875,173.1699981689453,176.05999755859375,50774600,176.77250061035156,172.07119995117188,48.76595355094747,0.6018650826169676,1.0920207523634802,0.0
2024-06-11,170.66000366210938,174.75,167.41000366210938,173.9199981689453,64761900,176.71100082397462,171.98,29.287928102833504,0.1018144856505784,0.8939794990208999,0.0
2024-06-12,177.2899932861328,180.5500030517578,169.8000030517578,171.1199951171875,90389400,176.69800033569337,172.1931997680664,46.349029118158136,0.2377647345516607,0.7627365461270521,0.0
2024-06-13,182.47000122070312,191.0800018310547,181.22999572753903,188.38999938964844,118984100,177.12200012207032,172.47499969482422,61.66176996352645,0.754788898875205,0.7611470166766827,0.0
2024-06-14,178.00999450683594,186.0,176.9199981689453,185.8000030517578,82038200,177.28050003051757,172.6129995727539,48.30995943567195,0.7954792168387144,0.768013456709089,0.0
2024-06-17,187.44000244140625,188.80999755859372,177.0,177.9199981689453,109786100,177.77949981689454,173.06379974365234,62.33557091412606,1.5705451505725705,0.9285197954817854,0.0
2024-06-18,184.8600006103516,187.1999969482422,182.3699951171875,186.55999755859372,68982300,178.275,173.30139984130858,59.55898557800204,1.9540804779371967,1.1336319319728676,0.0
2024-06-20,181.57000732421875,185.2100067138672,179.66000366210938,184.67999267578125,55893100,178.02350006103515,173.39519989013672,53.01912949987688,1.9698527887685489,1.300876103332004,0.0
2024-06-21,183.00999450683597,183.9499969482422,180.69000244140625,182.3000030517578,61937300,178.1684997558594,173.62019989013672,55.27046593312231,2.074632319927616,1.4556273466511265,0.0
2024-06-24,182.5800018310547,188.8000030517578,182.5500030517578,184.97000122070312,61992100,178.6104995727539,173.7797998046875,56.9258007760784,2.098780601600424,1.584257997640986,0.0
2024-06-25,187.3500061035156,187.97000122070312,182.00999450683597,184.3999938964844,62905700,179.0159996032715,174.10579986572264,62.92643323995973,2.4742956291860025,1.7622655239499896,0.0
2024-06-26,196.3699951171875,197.75999450683597,186.3600006103516,186.5399932861328,95737100,179.99699935913085,174.80359985351564,68.59878322738498,3.459848741585148,2.101782167477021,0.0
2024-06-27,197.4199981689453,198.72000122070312,194.0500030517578,195.1699981689453,72746500,181.05849914550785,175.6097998046875,67.53059929215235,4.276338189997205,2.536693371981058,0.0
2024-06-28,197.8800048828125,203.1999969482422,195.25999450683597,199.5500030517578,95438100,182.01299972534176,176.4583999633789,68.35854540521079,4.9040003938194445,3.0101547763487355,0.0
2024-07-01,209.8600006103516,213.22999572753903,200.8500061035156,201.0200042724609,135691400,183.60199966430665,177.65700012207031,78.24590533763877,6.295541661189617,3.667232153316912,0.0
2024-07-02,231.25999450683597,231.3000030517578,218.05999755859372,218.88999938964844,205047900,186.3504997253418,179.3411999511719,86.89722705072545,9.021158501598762,4.738017422973282,0.0
2024-07-03,246.38999938964844,248.3500061035156,234.25,234.55999755859372,166561500,189.9314994812012,181.4279998779297,88.12624686977594,12.26076002246731,6.242565942872088,0.0
2024-07-05,251.5200042724609,252.3699951171875,242.4600067138672,249.80999755859372,154501200,193.75749969482425,183.56480010986328,88.11969145468989,15.068416759982227,8.007736106294116,0.0
2024-07-08,252.94000244140625,259.44000244140625,244.57000732421875,247.7100067138672,157219600,197.50749969482425,185.3810000610352,92.8024803163676,17.20970418023049,9.848129721081392,0.0
2024-07-09,262.3299865722656,265.6099853515625,250.3000030517578,251.0,160210900,201.7499992370605,187.22399993896485,92.79918768580798,19.440287597641912,11.766561296393498,0.0
2024-07-10,263.260009765625,267.5899963378906,257.8599853515625,262.79998779296875,128519400,206.2235000610352,189.1234002685547,95.66637140974426,21.040543833572485,13.621357803829296,0.0
2024-07-11,241.02999877929688,271.0,239.6499938964844,263.29998779296875,221707300,209.7419998168945,190.06300018310543,78.37373169870023,20.281193354738942,14.953324914011226,0.0
2024-07-12,248.22999572753903,251.83999633789065,233.08999633789065,235.8000030517578,155955800,213.28899993896485,191.3620001220703,79.500631526638,20.029494663720754,15.968558863953136,0.0
2024-07-15,252.63999938964844,265.6000061035156,251.72999572753903,255.97000122070312,146912900,216.7974998474121,192.815,80.58853720308522,19.95583364906031,16.76601382097457,0.0
2024-07-16,256.5599975585937,258.6199951171875,245.8000030517578,255.30999755859372,126332500,220.725,194.3460000610352,80.44338140202575,19.983411526845487,17.409493362148755,0.0
2024-07-17,248.5,258.4700012207031,246.17999267578125,252.72999572753903,115584800,223.7779998779297,195.69220001220705,73.12571853435509,19.1343241725518,17.754459524229365,0.0
2024-07-18,249.22999572753903,257.1400146484375,247.1999969482422,251.08999633789065,110869000,226.99649963378903,196.9816000366211,73.04919957553989,18.309263093492348,17.86542023808196,0.0
2024-07-19,239.1999969482422,249.44000244140625,236.8300018310547,247.7899932861328,87403900,229.87799911499025,198.20940002441407,66.93997613593584,16.654081284558913,17.62315244737735,0.0
2024-07-22,251.50999450683597,253.2100067138672,243.75,244.2100067138672,101225400,233.30299911499023,199.74519989013672,67.02918921670724,16.149490427139227,17.328420043329725,0.0
2024-07-23,246.3800048828125,255.75999450683597,245.6300048828125,253.6000061035156,111928200,236.4929992675781,201.2333999633789,57.13073465698022,15.16088599132263,16.894913232928307,0.0
2024-07-24,215.9900054931641,225.9900054931641,214.7100067138672,225.4199981689453,167942900,237.92499923706052,202.1838000488281,37.46702085980157,11.789291271308343,15.873788840604316,0.0
2024-07-25,220.25,226.0,216.22999572753903,216.8000030517578,100636500,239.1189994812012,203.15100006103515,37.01519504855352,9.353206180431556,14.569672308569764,0.0
2024-07-26,219.8000030517578,222.27999877929688,215.3300018310547,221.19000244140625,94604100,240.2379997253418,203.99600006103515,36.12692441980121,7.302106068569373,13.116159060569688,0.0
2024-07-29,232.1000061035156,234.2700042724609,224.6999969482422,224.8999938964844,129201800,241.94899978637696,205.1582000732422,37.64610585994839,6.5931007421102095,11.811547396877792,0.0
2024-07-30,222.6199951171875,232.41000366210935,220.0,232.25,100560300,242.58699951171877,206.11380004882807,34.47669345172943,5.206236994640449,10.490485316430323,0.0
2024-07-31,232.07000732421875,234.67999267578125,226.7899932861328,227.8999938964844,67497000,242.62750015258788,207.2060000610352,46.20725032785987,4.814179625022575,9.355224178148775,0.0
2024-08-01,216.8600006103516,231.8699951171875,214.3300018310547,227.69000244140625,83861900,241.15100021362304,208.04420013427733,37.5644200813544,3.238815855412099,8.131942513601441,0.0
2024-08-02,207.6699981689453,216.1300048828125,205.77999877929688,214.8800048828125,82880100,238.9584999084473,208.46559997558597,32.8240776248182,1.2345413014978135,6.752462271180716,0.0
2024-08-05,198.8800048828125,203.8800048828125,182.0,185.22000122070312,100308800,236.2555000305176,208.84100006103515,28.75976093889315,-1.0510241672888867,5.191764983486795,0.0
2024-08-06,200.63999938964844,202.8999938964844,192.6699981689453,200.75,73783900,233.1710006713867,209.37899993896485,31.518380371643687,-2.689333458046093,3.6155452951802176,0.0
2024-08-07,191.75999450683597,203.4900054931641,191.47999572753903,200.7700042724609,71159800,229.59599990844723,209.62939971923828,29.121558097147144,-4.650637896350361,1.9623086568741024,0.0
2024-08-08,198.83999633789065,200.6999969482422,192.0399932861328,195.6999969482422,65033900,227.48649978637692,210.0711996459961,35.01633567249303,-5.569487234466436,0.4559494786059948,0.0
2024-08-09,200.0,200.8800048828125,195.1100006103516,197.0500030517578,58648300,225.075,210.547399597168,29.150818160291507,-6.133377594879505,-0.8619159360911053,0.0
2024-08-12,197.4900054931641,199.25999450683597,194.6699981689453,199.0200042724609,64044900,222.31750030517577,210.92139984130856,29.782486254661336,-6.705503477858116,-2.030633444444508,0.0
2024-08-13,207.8300018310547,208.4900054931641,197.05999755859372,198.47000122070312,76247400,219.88100051879883,211.51639984130856,45.954787637205776,-6.252491245512687,-2.875005004658144,0.0
2024-08-14,201.3800048828125,208.44000244140625,198.75,207.38999938964844,70250000,217.52500076293944,212.01820007324216,40.84425435989651,-6.340843341449244,-3.568172672016364,0.0
2024-08-15,214.13999938964844,215.8800048828125,204.82000732421875,205.0200042724609,89848500,215.77050094604493,212.80559997558595,47.546808736343344,-5.31991344636478,-3.918520826886048,0.0
2024-08-16,216.1199951171875,219.8000030517578,210.8000030517578,211.1499938964844,88765100,214.6165008544922,213.62799987792968,42.39336934198075,-4.30146542555346,-3.99510974661953,0.0
2024-08-19,222.72000122070312,222.97999572753903,214.08999633789065,217.07000732421875,76435200,213.17700119018556,214.52359985351563,50.048945820248,-2.92802030212394,-3.781691857720413,0.0
2024-08-20,221.1000061035156,228.22000122070312,219.55999755859372,224.8800048828125,74001200,211.9130012512207,215.39600006103515,44.185305426552205,-1.94782193497187,-3.414917873170704,0.0
2024-08-21,223.2700042724609,224.66000366210935,218.8600006103516,222.6699981689453,70146000,212.2770011901856,216.3856002807617,53.9426776938931,-0.984557583299022,-2.928845815196368,0.0
2024-08-22,210.66000366210935,224.8000030517578,210.32000732421875,223.82000732421875,79514500,211.79750137329103,217.1856002807617,51.76484850275229,-1.2245692358534654,-2.587990499327787,0.0
2024-08-23,220.32000732421875,221.47999572753903,214.2100067138672,214.4600067138672,81525200,211.8235015869141,218.04620056152345,62.52629458132822,-0.6280587656825389,-2.196004152598738,0.0
2024-08-26,213.2100067138672,219.08999633789065,211.00999450683597,218.75,59301200,210.87900161743164,218.66100067138672,56.91191484477415,-0.7207294287312607,-1.9009492078252423,0.0
2024-08-27,209.2100067138672,215.66000366210935,206.94000244140625,213.25,62821400,210.20850219726563,219.28500091552732,60.13946233729571,-1.1042095273736263,-1.7416012717349194,0.0
2024-08-28,205.75,211.83999633789065,202.58999633789065,209.72000122070312,64116400,208.8925018310547,219.6512008666992,54.19143775087318,-1.668085245337835,-1.7268980664555025,0.0
2024-08-29,206.27999877929688,214.88999938964844,205.97000122070312,209.8000030517578,62308800,208.36350173950197,220.0796008300781,53.83863063353457,-2.0485795918862664,-1.7912343715416554,0.0
2024-08-30,214.1100006103516,214.57000732421875,207.02999877929688,208.6300048828125,63370600,208.68550186157228,220.7304006958008,59.538565225371904,-1.6987265310991972,-1.772732803453164,0.0
2024-09-03,210.6000061035156,219.8999938964844,209.63999938964844,215.25999450683597,76714200,209.27150192260743,221.2822009277344,51.72499969117531,-1.6852659850894156,-1.7552394397804143,0.0
2024-09-04,219.41000366210935,222.22000122070312,210.57000732421875,210.58999633789065,80651800,210.2100021362305,222.01880096435548,60.90744108334641,-0.9527228348510164,-1.594736118794535,0.0
2024-09-05,230.1699981689453,235.0,222.25,223.4900054931641,119355000,212.13050231933596,222.8752008056641,59.938003715085,0.4904113641414653,-1.1777066222073351,0.0
2024-09-06,210.72999572753903,233.6000061035156,210.50999450683597,232.6000061035156,112177000,212.7250022888184,223.1624008178711,47.2530836020198,0.0647139023380134,-0.9292225172982654,0.0
2024-09-09,216.2700042724609,219.8699951171875,213.6699981689453,216.1999969482422,67443500,213.53850250244145,223.5394009399414,46.67697231044787,0.1723907731429221,-0.708899859210028,0.0
2024-09-10,226.1699981689453,226.3999938964844,218.63999938964844,220.07000732421875,78891100,214.97250213623047,224.10520080566403,52.40671792333288,1.0445315294971635,-0.3582135814685897,0.0
2024-09-11,228.1300048828125,228.47000122070312,216.8000030517578,224.5500030517578,83548600,215.98750228881835,224.4706008911133,52.3116438977551,1.8722830106017057,0.0878857369454693,0.0
2024-09-12,229.80999755859372,231.4499969482422,223.8300018310547,224.66000366210935,71894900,217.40900192260744,224.44160095214843,60.16561917407169,2.633486202006935,0.5970058299577626,0.0
2024-09-13,230.2899932861328,232.6699981689453,226.32000732421875,228.0,59515100,218.21650161743165,224.11960083007813,55.86400812031128,3.2381494874755674,1.1252345614613235,0.0
2024-09-16,226.77999877929688,229.9600067138672,223.52999877929688,229.3000030517578,54323000,218.7495018005371,223.62480072021484,58.33435327259932,3.394986978537048,1.5791850448764686,0.0
2024-09-17,227.8699951171875,234.57000732421875,226.5500030517578,229.4499969482422,66761600,219.0070014953613,223.1234005737305,61.885345242318365,3.5661273192455667,1.9765734997502884,0.0
2024-09-18,227.1999969482422,235.67999267578125,226.8800048828125,230.08999633789065,78010200,219.31200103759767,222.42080078125,64.16589862122659,3.606124856816479,2.3024837711635264,0.0
2024-09-19,243.9199981689453,244.2400054931641,232.1300048828125,234.0,102694600,220.34450073242184,222.0340005493164,70.47878571225769,4.930155790105431,2.8280181749519078,0.0
2024-09-20,238.25,243.9900054931641,235.9199981689453,241.5200042724609,99879100,221.7240005493164,221.97840057373048,63.44996998061109,5.459010305101373,3.3542166009818004,0.0
2024-09-23,250.0,250.0,241.9199981689453,242.6100006103516,86927200,223.20800018310547,222.01380065917968,70.1061450043107,6.7484660042565565,4.033066481636752,0.0
2024-09-24,254.2700042724609,257.19000244140625,249.0500030517578,254.0800018310547,88491000,225.2610000610352,222.04640075683596,68.65368439221952,8.02244484436926,4.830942154183253,0.0
2024-09-25,257.0199890136719,257.04998779296875,252.27999877929688,252.5399932861328,65034300,227.6514991760254,222.0556005859375,65.71461895258915,9.1485245435357,5.694458632053743,0.0
2024-09-26,254.22000122070312,261.75,251.52999877929688,260.6000061035156,67142200,230.07499923706052,222.1700006103516,81.61072033102208,9.70316317855992,6.496199541354978,0.0
2024-09-27,260.4599914550781,260.70001220703125,254.1199951171875,257.3800048828125,70988100,232.7839988708496,222.39460052490236,81.79595805355754,10.52490875827479,7.3019413847389405,0.0
2024-09-30,261.6300048828125,264.8599853515625,255.7700042724609,259.0400085449219,80705700,235.15999908447264,222.84320068359372,79.18040464946327,11.142118944500057,8.069976896691164,0.0
2024-10-01,258.0199890136719,263.9800109863281,248.52999877929688,262.6700134277344,87397600,237.53099822998047,222.9734005737305,73.9464805261485,11.210733990363307,8.698128315425594,0.0
2024-10-02,249.0200042724609,251.16000366210935,241.5,247.5500030517578,93983900,239.0114982604981,223.02620056152344,63.77457070000304,10.418787064144055,9.042260065169286,0.0
2024-10-03,240.66000366210935,249.7899932861328,237.80999755859372,244.47999572753903,80729200,239.53599853515624,223.51960052490236,56.680849357099646,9.012688573953994,9.036345766926228,0.0
2024-10-04,250.0800018310547,250.9600067138672,244.5800018310547,246.69000244140625,86573200,241.50349884033204,224.11620056152344,63.9487609994583,8.559788601396662,8.941034333820316,0.0
2024-10-07,240.8300018310547,249.8300018310547,240.6999969482422,249.0,68113300,242.7314987182617,224.53680053710937,57.06806822983856,7.369513254220465,8.626730117900346,0.0
2024-10-08,244.5,246.2100067138672,240.55999755859372,243.55999755859372,56303200,243.64799880981445,224.78480041503903,59.13604096860135,6.645741673707988,8.230532429061874,0.0
2024-10-09,241.0500030517578,247.42999267578125,239.50999450683597,243.82000732421875,66289500,244.2939987182617,225.1534005737305,48.23731970031961,5.7277357879913495,7.7299731008477695,0.0
2024-10-10,238.7700042724609,242.7899932861328,232.33999633789065,241.80999755859372,83087100,244.74199905395508,225.2874005126953,50.333250735314685,4.761346820628518,7.13624784480392,0.0
2024-10-11,217.8000030517578,223.33999633789065,214.3800048828125,220.1300048828125,142628900,244.11749954223632,225.30620056152344,31.545159224739947,2.2771234944547984,6.164422974734096,0.0
2024-10-14,219.16000366210935,221.91000366210935,213.7400054931641,220.1300048828125,86291900,243.73649978637692,225.53600067138672,29.1829642157481,0.4133346295381273,5.014205305694903,0.0
2024-10-15,219.57000732421875,224.25999450683597,217.1199951171875,220.00999450683597,62988800,243.3215003967285,225.94980072021485,27.16185745211133,-1.0189023329438385,3.807583777967155,0.0
2024-10-16,221.3300018310547,222.82000732421875,218.92999267578125,221.3999938964844,49632800,243.02800064086915,226.36360076904296,29.684990346153043,-1.989015464452024,2.6482639294833192,0.0
2024-10-17,220.88999938964844,222.0800018310547,217.8999938964844,221.58999633789065,50791800,241.8765007019043,226.94620086669923,23.67266317714548,-2.7615086771765505,1.5663094081513451,0.0
2024-10-18,220.6999969482422,222.27999877929688,219.22999572753903,220.7100067138672,49611900,240.9990005493164,227.38340087890623,22.40797563366561,-3.350425107803062,0.5829625049604639,0.0
2024-10-21,218.8500061035156,220.47999572753903,215.72999572753903,218.8999938964844,47329000,239.44150085449215,227.76040100097657,22.95263262149507,-3.921223004223066,-0.3178745968762421,0.0
2024-10-22,217.97000122070312,218.22000122070312,215.25999450683597,217.30999755859372,43268700,237.6265007019043,228.1700009155273,25.85160499740229,-4.393942850996183,-1.1330882477002304,0.0
2024-10-23,213.6499938964844,218.72000122070312,212.1100006103516,217.1300048828125,80938900,235.45800094604493,228.28640075683597,27.58505413641079,-5.058849949391487,-1.9182405880384816,0.0
2024-10-24,260.4800109863281,262.1199951171875,242.6499938964844,244.67999267578125,204491900,235.77100143432617,229.46840087890624,55.32459919124996,-1.7864099885525206,-1.8918744681412896,0.0
2024-10-25,269.19000244140625,269.489990234375,255.32000732421875,256.010009765625,161611900,236.20750198364257,230.5694009399414,64.60049298829495,1.4926395553994212,-1.2149716634331478,0.0
2024-10-28,262.510009765625,273.5400085449219,262.239990234375,270.0,107653600,236.2515022277832,231.49720123291016,58.993313136608286,3.511808419910267,-0.2696156467644648,0.0
2024-10-29,259.5199890136719,264.9800109863281,255.50999450683597,264.510009765625,80521800,236.3265022277832,232.23320098876957,59.265566693075215,4.815237545283878,0.7473549916452038,0.0
2024-10-30,257.54998779296875,263.3500061035156,255.82000732421875,258.0400085449219,53993600,236.75300140380855,232.96220062255856,59.45047183828269,5.624417104021575,1.722767414120478,0.0
2024-10-31,249.8500061035156,259.75,249.25,257.989990234375,66575300,237.2125015258789,233.4938006591797,68.61424017568254,5.5800502177882265,2.494223974854028,0.0
2024-11-01,248.97999572753903,254.0,246.6300048828125,252.0399932861328,57544800,237.15750122070312,234.26020050048828,67.41821531750307,5.412296983848961,3.077838576653015,0.0
2024-11-04,242.83999633789065,248.8999938964844,238.8800048828125,244.55999755859372,68802400,237.2580009460449,234.71060028076167,62.739507642257735,4.729387268239719,3.408148314970356,0.0
2024-11-05,251.44000244140625,255.27999877929688,246.2100067138672,247.33999633789065,69282500,237.60500106811523,235.4752001953125,65.33563808283016,4.8264882654845565,3.691816305073196,0.0
2024-11-06,288.5299987792969,289.5899963378906,275.6199951171875,284.6700134277344,165228700,239.9790008544922,237.0616000366211,75.08529448880745,7.806307976713413,4.51471463940124,0.0
2024-11-07,296.9100036621094,299.75,285.5199890136719,288.8900146484375,117309200,242.8860008239746,238.88480010986328,76.64498754575315,10.720454202923747,5.755862552105742,0.0
2024-11-08,321.2200012207031,328.7099914550781,297.6600036621094,299.1400146484375,204782800,248.05700073242187,241.1836001586914,80.93309224690998,14.820705846903223,7.568831211065239,0.0
2024-11-11,350.0,358.6400146484375,336.0,346.29998779296875,210521600,254.5990005493164,243.9014001464844,84.1392101350478,20.16009714185202,10.087084397222595,0.0
2024-11-12,328.489990234375,345.8399963378906,323.3099975585937,342.739990234375,155726000,260.04499969482424,246.2591998291016,77.27013227229108,22.397738008251,12.549215119428276,0.0
2024-11-13,330.239990234375,344.6000061035156,322.5,335.8500061035156,125405600,265.49049911499026,248.47579956054688,71.07806823079387,24.03523170120451,14.846418435783525,0.0
2024-11-14,311.17999267578125,329.9800109863281,310.3699951171875,327.69000244140625,120726100,270.0049987792969,250.0959994506836,61.94050678301402,23.52380693515545,16.58189613565791,0.0
2024-11-15,320.7200012207031,324.67999267578125,309.2200012207031,310.57000732421875,114440300,275.0059989929199,252.29579956054687,66.28797938283422,23.61606676664752,17.988730261855835,0.0
2024-11-18,338.739990234375,348.54998779296875,330.010009765625,340.7300109863281,126085600,281.00049819946287,254.7451992797852,70.44703714678606,24.85671314549808,19.362326838584284,0.0
2024-11-19,346.0,347.3800048828125,332.75,335.760009765625,88852500,287.40199813842776,257.14179931640626,72.22250335829821,26.124608231080455,20.71478311708352,0.0
2024-11-20,342.0299987792969,346.6000061035156,334.29998779296875,345.0,66340700,293.82099838256835,259.41979919433595,73.6020019578255,26.503561739431237,21.872538841553062,0.0
2024-11-21,339.6400146484375,347.989990234375,335.2799987792969,343.8099975585937,58011700,297.7789985656738,261.6163995361328,73.03354103532588,26.307773739928905,22.75958582122823,0.0
2024-11-22,352.5599975585937,361.5299987792969,337.70001220703125,341.0899963378906,89140700,301.9474983215332,264.06179962158205,76.9476393696871,26.8852288016426,23.58471441731111,0.0
2024-11-25,338.5899963378906,361.9299926757813,338.20001220703125,360.1400146484375,95890900,305.75149765014646,266.2979995727539,70.85427172374892,25.916850432938983,24.051141620436685,0.0
2024-11-26,338.2300109863281,346.9599914550781,335.6600036621094,341.0,62295900,309.6869987487793,268.50519989013674,64.42922444015066,24.834083928753785,24.207730082100102,0.0
2024-11-27,332.8900146484375,342.54998779296875,326.5899963378906,341.79998779296875,57896400,313.4540000915528,270.61900024414064,60.633650264291525,23.276770476255532,24.021538160931197,0.0
2024-11-29,345.1600036621094,345.45001220703125,334.6499938964844,336.0799865722656,37167600,318.2194999694824,272.643800354004,57.61741425109561,22.77019329973342,23.77126918869164,0.0
2024-12-02,357.0899963378906,360.0,351.1499938964844,352.3800048828125,77986500,323.625,275.0206002807617,52.52690818684536,23.065493294546517,23.630114009862616,0.0
2024-12-03,351.4200134277344,355.69000244140625,348.20001220703125,351.79998779296875,58267200,329.0540008544922,277.0490005493164,59.21255034667942,22.58169273588851,23.4204297550678,0.0
2024-12-04,357.92999267578125,358.1000061035156,348.6000061035156,353.0,50810900,334.3785003662109,279.1222003173828,60.71512417482493,22.464620070278272,23.229267818109896,0.0
2024-12-05,369.489990234375,375.4299926757813,359.5,359.8699951171875,81403600,338.42649993896487,281.37160034179686,73.95450066320812,23.039054452946917,23.1912251450773,0.0
2024-12-06,389.2200012207031,389.489990234375,370.7999877929688,377.4200134277344,81455800,343.04199981689453,284.07160034179685,75.9666606202176,24.800460564169896,23.513072228895822,0.0
2024-12-09,389.7900085449219,404.7999877929688,378.010009765625,397.6099853515625,96359200,346.47050018310546,286.65820068359375,72.30233888267456,25.943323935701983,23.99912257025705,0.0
2024-12-10,400.989990234375,409.7300109863281,390.8500061035156,392.6799926757813,97563600,349.0199996948242,289.445400390625,73.22410682064236,27.43652512867413,24.686603081940472,0.0
2024-12-11,424.7699890136719,424.8800048828125,402.3800048828125,409.7000122070313,104287600,353.83399963378906,292.780400390625,79.93489725372493,30.19072510979362,25.787427487511103,0.0
2024-12-12,418.1000061035156,429.2999877929688,415.0,424.8399963378906,87752200,358.2270004272461,296.1620004272461,77.53370740670852,31.472441841657822,26.92443035834045,0.0
2024-12-13,436.2300109863281,436.2999877929688,415.7099914550781,420.0,89000200,364.4795013427735,300.07340057373045,78.3262454842987,33.56424375224117,28.2523930371206,0.0
2024-12-16,463.0199890136719,463.1900024414063,436.1499938964844,441.0899963378906,114083800,371.59450073242186,304.3322003173828,88.76084970914071,36.95771365300209,29.99345716029689,0.0
2024-12-17,479.8599853515625,483.989990234375,457.510009765625,475.8999938964844,131223000,378.6505004882813,309.112799987793,90.01075073216194,40.53860614746981,32.10248695773148,0.0
2024-12-18,440.1300048828125,488.5400085449219,427.010009765625,466.5,149340800,383.35700073242185,313.02540008544923,75.36665003488056,39.7128271111842,33.62455498842202,0.0
2024-12-19,436.1700134277344,456.3599853515625,420.0199890136719,451.8800048828125,118566100,388.0640014648437,316.92780029296875,72.40854414524134,38.297384649174376,34.55912092057249,0.0
2024-12-20,421.05999755859375,447.0799865722656,417.6400146484375,425.510009765625,132216200,392.13500061035154,320.5736001586914,65.50788596763405,35.54662493411644,34.75662172328128,0.0
2024-12-23,430.6000061035156,434.510009765625,415.4100036621094,431.0,72698100,396.0370010375976,324.82960021972656,68.84161848367734,33.74740789104061,34.55477895683315,0.0
2024-12-24,462.2799987792969,462.7799987792969,435.1400146484375,435.8999938964844,59551800,402.221501159668,329.69200012207034,72.17476930228491,34.480357966573024,34.539894758781124,0.0
2024-12-26,454.1300048828125,465.3299865722656,451.0199890136719,465.1600036621094,76366400,408.01650085449216,334.38320007324216,68.25082696760646,34.011526085671505,34.4342210241592,0.0
2024-12-27,431.6600036621094,450.0,426.5,449.5199890136719,82666800,412.95500030517576,338.5898001098633,59.04441530244565,31.46413319173905,33.84020345767517,0.0
2024-12-30,417.4100036621094,427.0,415.75,419.3999938964844,64941000,416.56750030517577,342.5202001953125,55.56182103592152,27.97299479117379,32.666761724374894,0.0
2024-12-31,403.8399963378906,427.9299926757813,402.5400085449219,423.7900085449219,76825100,418.9050003051758,346.1830001831055,50.56847780843158,23.83648412337249,30.90070620417441,0.0
2025-01-02,379.2799987792969,392.7300109863281,373.0400085449219,390.1000061035156,109710700,420.2979995727539,349.39160003662107,40.95446429351641,18.36478525790392,28.393522014920315,0.0
2025-01-03,410.4400024414063,411.8800048828125,379.4500122070313,381.4800109863281,95423300,422.9235000610352,353.24100006103515,48.612016300374215,16.35425469808513,25.98566855155328,0.0
2025-01-06,411.0499877929688,426.4299926757813,401.7000122070313,423.2000122070313,85516500,425.00149993896486,357.18899993896486,45.12808067638927,14.641339219741042,23.716802685190835,0.0
2025-01-07,394.3599853515625,414.3299865722656,390.0,405.8299865722656,75699500,425.2584991455078,359.86659942626954,36.17509462084621,11.801062348564528,21.333654617865573,0.0
2025-01-08,394.9400024414063,402.5,387.3999938964844,392.9500122070313,73038800,425.515998840332,362.38159942626953,31.703011332508,9.487558330182251,18.96443536032891,0.0
2025-01-10,394.739990234375,399.2799987792969,377.2900085449219,391.3999938964844,62287300,425.203498840332,365.0261990356445,38.21222465549839,7.550908244220011,16.681729937107132,0.0
2025-01-13,403.30999755859375,403.7900085449219,380.0700073242188,383.2099914550781,67580500,424.1304992675781,367.901999206543,41.66581912835909,6.631186872315936,14.671621324148894,0.0
2025-01-14,396.3599853515625,422.6400146484375,394.5400085449219,414.3399963378906,84565000,423.04349822998046,370.67819915771486,43.46491512794998,5.280621440521713,12.79342134742346,0.0
2025-01-15,428.2200012207031,429.7999877929688,405.6600036621094,409.8999938964844,81375500,422.6429977416992,374.24559906005857,49.436818662368495,6.703847836050045,11.575506645148776,0.0
2025-01-16,413.8200073242188,424.0,409.1300048828125,423.489990234375,68335200,420.18299865722656,377.5423992919922,37.51160216614664,6.593796663185401,10.579164648756102,0.0
2025-01-17,426.5,439.739990234375,419.75,421.5,94991400,417.5149993896485,381.2155993652344,43.0420553795153,7.443940639628011,9.952119846930485,0.0
2025-01-21,424.0700073242188,433.2000122070313,406.30999755859375,432.6400146484375,87320900,416.7119995117188,384.6681994628906,47.87407018511417,7.831331055700218,9.527962088684433,0.0
2025-01-22,415.1099853515625,428.0,414.5899963378906,416.80999755859375,60963300,415.6589981079102,387.1997991943359,49.33609932920196,7.330836539924292,9.088536978932405,0.0
2025-01-23,412.3800048828125,420.7300109863281,408.9500122070313,416.05999755859375,50690600,415.2249984741211,389.50919921875,52.6296362492668,6.637392690570891,8.598308121260104,0.0
2025-01-24,406.5799865722656,418.8800048828125,405.7799987792969,414.4500122070313,56427100,414.0239974975586,391.2163989257813,59.50423935359366,5.555776901312186,7.989801877270521,0.0
2025-01-27,397.1499938964844,406.6900024414063,389.0,394.7999877929688,58125500,410.767497253418,392.1593988037109,44.54836179327823,3.892793298539402,7.170400161524298,0.0
2025-01-28,398.0899963378906,400.5899963378906,386.5,396.9100036621094,48910700,407.9654968261719,393.55139892578126,44.69809161610994,2.6205095503989355,6.260422039299226,0.0
2025-01-29,389.1000061035156,398.5899963378906,384.4800109863281,395.2099914550781,68033600,405.8374969482422,394.72859924316407,47.70346797534398,0.8766924691945519,5.183676125278292,0.0
2025-01-30,400.2799987792969,412.5,384.4100036621094,410.7799987792969,98092900,404.9809967041016,396.5105993652344,52.133949506004114,0.3923144854734346,4.225403797317321,0.0
2025-01-31,404.6000061035156,419.989990234375,401.3399963378906,401.5299987792969,83283600,405.0189971923828,398.1881994628906,53.81461400724498,0.3529612137154458,3.450915280596946,0.0
2025-02-03,383.6799926757813,389.1700134277344,374.3599853515625,386.6799926757813,93732100,405.238996887207,399.0869995117188,43.0680128682897,-1.35072645171158,2.490586934135241,0.0
2025-02-04,392.2099914550781,394.0,381.3999938964844,382.6300048828125,57072200,404.3274963378906,400.0111993408203,48.550676291380285,-1.9896758430656971,1.5945343786950534,0.0
2025-02-05,378.1700134277344,388.3900146484375,375.5299987792969,387.510009765625,57223300,402.6834976196289,400.733999633789,30.03590046227993,-3.587601096671733,0.5581072836216963,0.0
2025-02-06,374.3200073242188,375.3999938964844,363.1799926757813,373.0299987792969,77918200,401.6814987182617,401.4275994873047,32.79616541805099,-5.105775487707092,-0.5746692706440615,0.0
2025-02-07,361.6199951171875,380.5499877929688,360.3399963378906,370.1900024414063,70298300,400.0154983520508,401.6087994384766,21.74708206575445,-7.250149269418728,-1.909765270398995,0.0
2025-02-10,350.7300109863281,362.7000122070313,350.510009765625,356.2099914550781,77514900,397.8149993896485,401.8515997314453,20.254705927930686,-9.716308097216595,-3.471073835762516,0.0
2025-02-11,328.5,349.3699951171875,325.1000061035156,345.79998779296875,118543400,394.0744995117187,401.6569995117188,18.286344527955265,-13.311090868933777,-5.439077242396768,0.0
2025-02-12,336.510009765625,346.3999938964844,329.1199951171875,329.94000244140625,105382700,391.0820007324219,401.7293994140625,23.25319538348261,-15.336847636195955,-7.418631321156606,0.0
2025-02-13,355.94000244140625,358.69000244140625,342.8500061035156,345.0,89441500,387.468000793457,401.9449993896485,33.71285638932628,-15.19922919041369,-8.974750895008022,0.0
2025-02-14,355.8399963378906,362.0,347.5,360.6199951171875,68277300,384.5690002441406,401.9199993896484,35.86532670284865,-14.926175576586502,-10.16503583132372,0.0
2025-02-18,354.1099853515625,359.1000061035156,350.0199890136719,355.010009765625,51631700,380.9494995117187,401.973798828125,35.032668470330435,-14.680152390000671,-11.06805914305911,0.0
2025-02-19,360.55999755859375,367.3399963378906,353.6700134277344,354.0,67094400,377.7739990234375,402.0263989257812,40.11635907077612,-13.805573108895317,-11.615561936226351,0.0
2025-02-20,354.3999938964844,362.2999877929688,348.0,361.510009765625,45965400,374.7384994506836,401.7245989990234,33.53903931852274,-13.454429256472224,-11.983335400275523,0.0
2025-02-21,337.79998779296875,354.9800109863281,334.4200134277344,353.44000244140625,74058600,371.0094985961914,400.6961987304687,27.97414982387596,-14.35020673355541,-12.456709666931502,0.0
2025-02-24,330.5299987792969,342.3999938964844,324.70001220703125,338.1400146484375,76052300,367.20699920654295,399.51099853515626,30.741363177260027,-15.468433718303231,-13.059054477205848,0.0
2025-02-25,302.79998779296875,328.8900146484375,297.25,327.0199890136719,134228800,362.4894989013672,397.5471984863281,21.559900466005004,-18.380339682832076,-14.123311518331096,0.0
2025-02-26,290.79998779296875,309.0,288.0400085449219,303.7099914550781,100118300,357.12499847412107,394.8677984619141,21.84337908444151,-21.409549886575974,-15.580559191980072,0.0
2025-02-27,281.95001220703125,297.2300109863281,280.8800048828125,291.1600036621094,101748200,351.7674987792969,392.1447985839844,21.161417097768293,-24.244860208198475,-17.313419395223754,0.0
2025-02-28,292.9800109863281,293.8800048828125,273.6000061035156,279.5,115697000,346.4024993896484,389.2797985839844,28.344277078331075,-25.310076538093316,-18.912750823797666,0.0
2025-03-03,284.6499938964844,303.94000244140625,277.29998779296875,300.3399963378906,115551400,340.4049987792969,385.7123986816407,28.80964646436969,-26.52071660386065,-20.434343979810265,0.0
2025-03-04,272.0400085449219,284.3500061035156,261.8399963378906,270.92999267578125,126706600,334.822999572754,381.5559991455078,30.704038144673333,-28.172918146636505,-21.98205881317552,0.0
2025-03-05,279.1000061035156,279.54998779296875,267.7099914550781,272.9200134277344,94042900,329.1675003051758,378.33539916992186,30.25111756059266,-28.58312846012996,-23.302272742566405,0.0
2025-03-06,263.45001220703125,272.6499938964844,260.0199890136719,272.0599975585937,98451600,323.43150024414064,374.8809991455078,17.334186109577004,-29.82721721076166,-24.607261636205457,0.0
2025-03-07,262.6700134277344,266.25,250.72999572753903,259.32000732421875,102369600,317.84900054931643,371.7131994628906,17.25132410890818,-30.524241436975277,-25.79065759635942,0.0
2025-03-10,222.1499938964844,253.3699951171875,220.0,252.5399932861328,189076900,310.87550048828126,367.54419921875,13.555019546319071,-33.95485466585234,-27.423497010258004,0.0
2025-03-11,230.5800018310547,237.05999755859372,217.0200042724609,225.30999755859372,174896400,304.8680000305176,362.9101992797852,14.490221644285796,-35.58322787699143,-29.05544318360469,0.0
2025-03-12,248.08999633789065,251.83999633789065,241.1000061035156,247.22000122070312,142215700,300.8474998474121,358.7893991088867,22.65267267859464,-35.056703305378505,-30.25569520795945,0.0
2025-03-13,240.67999267578125,248.2899932861328,232.6000061035156,248.1300048828125,114813500,296.0559989929199,354.96979888916013,23.77686603346288,-34.835788866985354,-31.17171393976464,0.0
2025-03-14,249.97999572753903,251.5800018310547,240.72999572753903,247.30999755859372,100242300,290.7579986572265,351.62119873046873,28.486726092886983,-33.523838122041525,-31.642138776220012,0.0
2025-03-17,238.00999450683597,245.3999938964844,232.8000030517578,245.05999755859372,111900600,284.86649856567385,348.30459869384765,31.10528012849956,-33.06879033523802,-31.92746908802362,0.0
2025-03-18,225.30999755859372,230.1000061035156,222.27999877929688,228.16000366210935,111477600,278.4264991760254,345.2251986694336,30.978799722248368,-33.34852427210086,-32.21168012483907,0.0
2025-03-19,235.8600006103516,241.41000366210935,229.1999969482422,231.6100006103516,111993800,272.1914993286133,341.7335986328125,36.7443181095078,-32.34605318976372,-32.238554737824,0.0
2025-03-20,236.25999450683597,238.0,230.0500030517578,233.3500061035156,99028300,266.28449935913085,338.2377987670898,32.62467505429434,-31.160117037332583,-32.02286719772572,0.0
2025-03-21,248.7100067138672,249.5200042724609,234.5500030517578,234.9900054931641,132728700,261.83000030517576,335.3247991943359,39.26138858253482,-28.882700365353173,-31.39483383125121,0.0
2025-03-24,278.3900146484375,278.6400146484375,256.3299865722656,258.0799865722656,169079900,259.22300109863284,332.9937994384766,51.72170840154182,-24.401616010869645,-29.9961902671749,0.0
2025-03-25,288.1400146484375,288.20001220703125,271.2799987792969,283.6000061035156,150361500,258.49000244140626,330.86179992675784,52.41582222755768,-19.834936063500837,-27.96393942644009,0.0
2025-03-26,272.0599975585937,284.8999938964844,266.510009765625,282.6600036621094,153629800,257.5530029296875,328.23679992675784,52.295628060930994,-17.31375016246153,-25.83390157364438,0.0
2025-03-27,273.1300048828125,291.8500061035156,271.82000732421875,272.4800109863281,162572100,257.1120025634765,325.77220031738284,52.78457769354657,-15.055797659573273,-23.67828079083016,0.0
2025-03-28,263.54998779296875,276.1000061035156,260.57000732421875,275.5799865722656,123809400,255.6405014038086,322.47880004882813,63.19479108267716,-13.879388399126128,-21.718502312489356,0.0
2025-03-31,259.1600036621094,260.5599975585937,243.3600006103516,249.30999755859372,134008900,254.36600189208983,319.38559997558593,59.349644712113225,-13.149728728028151,-20.004747595597117,0.0
2025-04-01,268.4599914550781,277.45001220703125,259.25,263.79998779296875,146486900,254.18700103759767,316.2247998046875,57.04210403489001,-11.68632421900486,-18.341062920278663,0.0
2025-04-02,282.760009765625,284.989990234375,251.2700042724609,254.6000061035156,212787800,254.37000122070316,313.39859985351563,63.88595670219329,-9.265862539367449,-16.52602284409642,0.0
2025-04-03,267.2799987792969,276.29998779296875,261.510009765625,265.2900085449219,136174300,254.5615005493164,310.44200012207034,55.48509723870204,-8.498768224721914,-14.92057192022152,0.0
2025-04-04,239.42999267578125,261.0,236.0,255.3800048828125,181229400,253.39949951171877,306.9829998779297,50.40903262318778,-10.022569254556744,-13.940971387088569,0.0
2025-04-07,233.2899932861328,252.0,214.25,223.77999877929688,183453800,253.9564994812012,303.517200012207,52.388933243691866,-11.592013667937124,-13.47117984325828,0.0
2025-04-08,221.8600006103516,250.44000244140625,217.8000030517578,245.0,171603500,253.520499420166,300.0114001464844,45.83085306145372,-13.601326926996194,-13.497209260005862,0.0
2025-04-09,272.20001220703125,274.69000244140625,223.8800048828125,224.69000244140625,219433400,254.72600021362305,297.4936004638672,58.24917501770583,-11.00484690940712,-12.998736789886117,0.0
2025-04-10,252.3999938964844,262.489990234375,239.3300018310547,260.0,181722600,255.3120002746582,294.75960021972656,50.81930500742747,-10.42464497271385,-12.483918426451662,0.0
2025-04-11,252.30999755859372,257.739990234375,241.3600006103516,251.83999633789065,128948100,255.42850036621093,291.8002001953125,43.33333125306288,-9.858450627925947,-11.95882486674652,0.0
2025-04-14,252.3500061035156,261.79998779296875,245.92999267578125,258.3599853515625,100135200,256.14550094604493,288.7552001953125,40.37334069252826,-9.299312489503734,-11.426922391297964,0.0
2025-04-15,254.1100006103516,258.75,247.5399932861328,249.91000366210935,79594300,257.5855010986328,286.1638003540039,44.76890150004247,-8.614867805129023,-10.864511474064177,0.0
2025-04-16,241.5500030517578,251.97000122070312,233.88999938964844,247.6100006103516,112378700,257.8700012207031,283.1506005859375,41.3744143026149,-8.982383965291604,-10.488085972309664,0.0
2025-04-17,241.3699951171875,244.33999633789065,237.67999267578125,243.47000122070312,83404800,258.1255012512207,280.41460021972654,43.613961675018615,-9.182320234099336,-10.2269328246676,0.0
2025-04-21,227.5,232.2100067138672,222.7899932861328,230.25999450683597,97768000,257.0650009155273,277.4782000732422,41.356340544360535,-10.340761989845705,-10.24969865770322,0.0
2025-04-22,237.97000122070312,242.7899932861328,229.8500061035156,230.9600067138672,120858500,255.04400024414065,275.0052001953125,41.7286146868468,-10.29531583796873,-10.258822093756322,0.0
2025-04-23,250.7400054931641,259.45001220703125,244.42999267578125,254.8600006103516,150381900,253.17399978637692,273.0054000854492,41.24083694412561,-9.123694542393366,-10.031796583483732,0.0
2025-04-24,259.510009765625,259.5400085449219,249.1999969482422,250.5,94464200,252.5465003967285,271.6256002807617,47.79349481918855,-7.402182422502477,-9.50587375128748,0.0
2025-04-25,284.95001220703125,286.8500061035156,259.6300048828125,261.69000244140625,167560700,253.13750076293945,270.59440032958986,63.10607237476127,-3.939662106207976,-8.392631422271581,0.0
2025-04-28,285.8800048828125,294.8599853515625,272.4200134277344,288.9800109863281,151731800,254.25400161743164,269.19320037841794,65.60997418280343,-1.1077774044196644,-6.935660618701198,0.0
2025-04-29,292.0299987792969,293.32000732421875,279.4700012207031,285.5,108906600,255.89750137329105,267.9170004272461,71.50211001793518,1.6141577286602455,-5.22569694922891,0.0
2025-04-30,282.1600036621094,284.45001220703125,270.7799987792969,279.8999938964844,128961100,256.5825019836426,266.47800079345706,54.05867582077851,2.9409829919111417,-3.5923609610008995,0.0
2025-05-01,280.5199890136719,290.8699951171875,279.8099975585937,280.010009765625,99659000,256.4705009460449,264.8772006225586,63.44939392515166,3.81617559951826,-2.110653648897068,0.0
2025-05-02,287.2099914550781,294.7799987792969,279.8099975585937,284.8999938964844,114454700,257.467000579834,263.5334005737305,65.7009129461074,4.992054041265476,-0.690112110864559,0.0
2025-05-05,280.260009765625,284.8500061035156,274.3999938964844,284.57000732421875,94618900,259.5085014343261,262.3826010131836,61.82126495051266,5.302022326196322,0.5083147765476174,0.0
2025-05-06,275.3500061035156,277.7300109863281,271.3500061035156,273.1099853515625,76715800,261.6115020751953,261.279001159668,58.76237872441305,5.092771860418964,1.4252061933218867,0.0
2025-05-07,276.2200012207031,277.9200134277344,271.0,276.8800048828125,71592600,264.3295021057129,260.74740142822264,65.8296045603313,4.940193221532354,2.1282035989639803,0.0
2025-05-08,284.82000732421875,289.79998779296875,279.4100036621094,279.6300048828125,97539400,264.96050186157225,260.6278018188477,68.42195154140563,5.450393427567917,2.792641564684768,0.0
2025-05-09,298.260009765625,307.0400085449219,290.0,290.2099914550781,132387800,267.2535026550293,260.95400177001954,80.11064245345744,6.860147135000659,3.606142678747946,0.0
2025-05-12,318.3800048828125,322.2099914550781,311.5,321.989990234375,112826700,270.55700302124023,261.4620016479492,81.62013665827344,9.491490566012716,4.783212256200899,0.0
2025-05-13,334.07000732421875,337.5899963378906,316.79998779296875,320.0,136992600,274.6430030822754,262.4504019165039,82.0327542532396,12.696543413943346,6.365878487749389,0.0
2025-05-14,347.67999267578125,350.0,337.0,342.5,136997300,279.3215026855469,263.9632015991211,82.67734062021431,16.148631588783473,8.322429107956207,0.0
2025-05-15,342.82000732421875,346.1400146484375,334.7200012207031,340.3399963378906,97882600,284.38500289916993,265.2376016235352,75.30832561918703,18.281537947422123,10.31425087584939,0.0
2025-05-16,349.9800109863281,351.6199951171875,342.3299865722656,346.239990234375,95895700,289.815503692627,266.9682015991211,76.58428318983707,20.31545019635371,12.314490739950257,0.0
2025-05-19,342.0899963378906,343.0,333.3699951171875,336.29998779296875,88869900,295.5450035095215,268.55660125732425,70.46606809288325,21.048053209215595,14.061203233803326,0.0
2025-05-20,343.82000732421875,354.989990234375,341.6300048828125,347.8699951171875,131715500,300.83750381469724,270.9900015258789,77.00595728982744,21.52017264886615,15.552997116815892,0.0
2025-05-21,334.6199951171875,347.3500061035156,332.20001220703125,344.42999267578125,102354800,305.03150329589846,273.07080139160155,72.22313734840559,20.910918556306516,16.624581404714014,0.0
2025-05-22,341.0400085449219,347.2699890136719,331.3900146484375,331.8999938964844,97113400,309.1080032348633,274.9298016357422,72.16138809359762,20.707419485928824,17.441149020956978,0.0
2025-05-23,339.3399963378906,343.17999267578125,333.2099914550781,337.9200134277344,84654800,311.82750244140624,276.9030017089844,75.4216716220507,20.176387394491652,17.988196695663916,0.0
2025-05-27,362.8900146484375,363.7900085449219,347.32000732421875,347.3500061035156,120146400,315.6780029296875,279.1612020874024,82.4606835128877,21.409040209227044,18.67236539837654,0.0
2025-05-28,356.8999938964844,365.0,355.9100036621094,364.8399963378906,91404300,318.9215026855469,281.5390020751953,78.82250100954775,21.652979759542237,19.26848827060968,0.0
2025-05-29,358.42999267578125,367.7099914550781,356.0,365.2900085449219,88087800,322.7350021362305,284.20140197753904,77.69581737872778,21.719394070422084,19.75866943057216,0.0
2025-05-30,346.4599914550781,363.6799926757813,345.2900085449219,355.5199890136719,123474900,326.0320022583008,286.4134017944336,68.33813513135067,20.569041720081884,19.920743888474107,0.0
2025-06-02,342.69000244140625,348.0199890136719,333.3299865722656,343.5,81873800,328.8060028076172,288.542001953125,60.56312814670069,19.13262361294028,19.76311983336734,0.0
2025-06-03,344.2699890136719,355.3999938964844,343.0400085449219,346.6000061035156,99324500,332.00650177001955,290.4532015991211,55.05149385220444,17.91522802920167,19.39354147253421,0.0
2025-06-04,332.04998779296875,345.6000061035156,327.3299865722656,345.1000061035156,98912100,334.8415008544922,291.5264010620117,42.151253313194665,15.782451015456388,18.671323381118647,0.0
2025-06-05,284.70001220703125,324.54998779296875,273.2099914550781,322.489990234375,287499800,335.26550140380857,291.4576010131836,29.54386486514356,10.15440885235654,16.967940475366227,0.0
2025-06-06,295.1400146484375,305.5,291.1400146484375,298.8299865722656,164747700,335.7815017700196,291.9192013549805,31.13390164793597,6.4620750577624335,14.86676739184547,0.0
2025-06-09,308.5799865722656,309.8299865722656,281.8500061035156,285.9599914550781,140908900,336.2975006103516,292.62820098876955,38.89588226109567,4.567713576630808,12.806956628802538,0.0
2025-06-10,326.0899963378906,327.8299865722656,310.6700134277344,314.94000244140625,151256500,336.6830001831055,293.87900115966795,44.68110351055573,4.428283410875167,11.131221985217064,0.0
2025-06-11,326.42999267578125,335.5,322.5,334.3999938964844,122611400,336.3009994506836,295.2244009399414,47.40510659397059,4.295700699292922,9.764117728032238,0.0
2025-06-12,319.1099853515625,332.5599975585937,316.8599853515625,323.0799865722656,105127500,334.8724990844727,296.2374008178711,43.09116490011074,3.5589392931378825,8.523082041053367,0.0
2025-06-13,325.3099975585937,332.989990234375,313.29998779296875,313.9700012207031,128964300,333.9969985961914,297.0884005737305,45.70185665282677,3.435734728840714,7.505612578610838,0.0
2025-06-16,329.1300048828125,332.04998779296875,326.4100036621094,331.2900085449219,83925900,332.9544982910156,298.3254006958008,38.23528911304182,3.6047831931741134,6.725446701523493,0.0
2025-06-17,316.3500061035156,327.260009765625,314.739990234375,326.0899963378906,88282700,331.66749877929686,299.86380096435545,36.50761995318484,2.6766613387544,5.915689628969675,0.0
2025-06-18,322.04998779296875,329.32000732421875,315.45001220703125,317.3099975585937,95137700,330.5789978027344,301.63900085449217,38.22195717262159,2.3736964726126644,5.207290997698273,0.0
2025-06-20,322.1600036621094,332.3599853515625,317.7799987792969,327.95001220703125,108688000,329.9559982299805,303.64500091552736,41.47846988266417,2.118056359383388,4.589444070035296,0.0
2025-06-23,348.67999267578125,357.5400085449219,327.4800109863281,327.5400085449219,190716800,330.33799743652344,305.1746005249024,51.81152598637165,4.009185806127618,4.473392417253761,0.0
2025-06-24,340.4700012207031,356.260009765625,340.44000244140625,356.1700134277344,114736200,330.3944976806641,306.9360006713867,48.89509518022341,4.790223110651709,4.536758555933351,0.0
2025-06-25,327.54998779296875,343.0,320.3999938964844,342.70001220703125,119845100,328.62749633789065,308.44080047607423,48.69686067996979,4.316901145765598,4.492787073899801,0.0
2025-06-26,325.7799987792969,331.04998779296875,323.6099853515625,324.6099853515625,80440900,327.0714965820313,309.90940032958986,66.16304332425506,3.7556736890431353,4.345364396928468,0.0
2025-06-27,323.6300048828125,329.3399963378906,317.5,324.510009765625,89067000,325.3314971923828,311.29980041503904,61.99174825498201,3.1016563828995345,4.096622794122681,0.0
2025-06-30,317.6600036621094,325.5799865722656,316.6000061035156,319.8999938964844,76695100,323.8914978027344,312.8220004272461,54.07834014212659,2.077663736458589,3.692830982589864,0.0
2025-07-01,300.7099914550781,305.8900146484375,293.2099914550781,298.4599914550781,145085700,321.792497253418,314.0088003540039,38.54279403887823,-0.1004245100199909,2.9341798840678925,0.0
2025-07-02,315.6499938964844,316.8299865722656,303.82000732421875,312.6300048828125,119483700,320.3614974975586,315.7718002319336,45.7003839284171,-0.6139643999975988,2.2245510272547944,0.0
2025-07-03,315.3500061035156,318.45001220703125,312.760009765625,317.989990234375,58042300,319.526498413086,317.3194003295898,48.41136582541748,-1.0332443724960854,1.5729919473046183,0.0
2025-07-07,293.94000244140625,296.1499938964844,288.7699890136719,291.3699951171875,131177900,319.9884979248047,318.1834002685547,38.25533583506659,-3.0578857328555955,0.6468164112725755,0.0
2025-07-08,297.8099975585937,304.04998779296875,294.3500061035156,297.0,103246700,320.1219970703125,318.94940002441405,38.27843823067456,-4.300577949055537,-0.3426624607930471,0.0
2025-07-09,295.8800048828125,300.1499938964844,293.54998779296875,297.54998779296875,75586800,319.4869979858398,319.1679998779297,41.661911890074045,-5.379147301137152,-1.349959428861868,0.0
2025-07-10,309.8699951171875,310.4800109863281,300.0,300.04998779296875,104365300,318.6759979248047,319.6477996826172,45.352566117937045,-5.046868828360516,-2.0893413087615977,0.0
2025-07-11,313.510009765625,314.0899963378906,305.6499938964844,307.8900146484375,79236400,318.0299987792969,320.07739990234376,46.78606101384959,-4.438650977980842,-2.559203242605447,0.0
2025-07-14,316.8999938964844,322.6000061035156,312.6700134277344,317.7300109863281,78043400,317.919499206543,320.77219970703123,35.74120298548743,-3.6411180194896247,-2.7755861979822827,0.0
2025-07-15,310.7799987792969,321.20001220703125,310.5,319.67999267578125,77556300,317.1929992675781,321.37739990234377,36.42432141282325,-3.462980776236691,-2.913065113633164,0.0
2025-07-16,321.6700134277344,323.5,312.6199951171875,312.79998779296875,97284800,316.8199996948242,322.06660034179686,47.26054060940193,-2.415231274368409,-2.8134983457802134,0.0
2025-07-17,319.4100036621094,324.3399963378906,317.0599975585937,323.1499938964844,73922900,316.9729995727539,322.84960021972654,47.04573079424964,-1.7471065886882684,-2.600219994361825,0.0
2025-07-18,329.6499938964844,330.8999938964844,321.4200134277344,321.6600036621094,94255000,317.3529998779297,323.93559997558594,52.5970618337774,-0.3868717126788965,-2.157550338025239,0.0
2025-07-21,328.489990234375,338.0,326.8800048828125,334.3999938964844,75768800,317.669499206543,324.9809997558594,54.8744202580245,0.590712262290424,-1.6078978179621066,0.0
2025-07-22,332.1099853515625,335.4100036621094,321.54998779296875,329.739990234375,77370400,316.840998840332,325.92679931640623,66.05973842159531,1.6386684085829302,-0.9585845726530992,0.0
2025-07-23,332.5599975585937,336.20001220703125,328.6700134277344,330.8999938964844,92553800,316.4454986572265,326.6127990722656,60.15372036336703,2.476940797166833,-0.2714794986891128,0.0
2025-07-24,305.29998779296875,310.1499938964844,300.4100036621094,310.0,156966000,315.33299865722654,326.35119873046875,45.44134205348424,0.9308919944159016,-0.0310052000681099,0.0
2025-07-25,316.0599975585937,323.6300048828125,308.010009765625,308.739990234375,148227000,314.8469985961914,325.9909985351562,61.10664356345222,0.5673400989837774,0.0886638597422675,0.0
2025-07-28,325.5899963378906,330.489990234375,315.69000244140625,318.45001220703125,112673800,314.9449981689453,325.54919860839846,63.198400466289016,1.036268401492464,0.2781847680923068,0.0
2025-07-29,321.20001220703125,326.25,318.25,325.54998779296875,87358900,315.1219985961914,325.1167987060547,61.754876719765925,1.041654879896612,0.4308787904531678,0.0
2025-07-30,319.0400085449219,324.45001220703125,311.6199951171875,322.17999267578125,83931900,316.0384994506836,324.49799865722656,54.78252371740737,0.8616963599606606,0.5170423043546664,0.0
2025-07-31,308.2699890136719,321.3699951171875,306.1000061035156,319.6099853515625,85270900,315.669499206543,323.8215985107422,47.456301359513255,-0.1482635411709907,0.383981135249535,0.0
2025-08-01,302.6300048828125,309.3099975585937,297.82000732421875,306.2099914550781,89121400,315.0334991455078,322.99779846191404,43.220909797604,-1.387766316984596,0.0296316448027088,0.0
2025-08-04,309.260009765625,312.1199951171875,303.0,309.0799865722656,78683900,315.79949951171875,322.4905987548828,49.28139729826045,-1.814182446221196,-0.3391311734020721,0.0
2025-08-05,308.7200012207031,312.45001220703125,305.5,308.95001220703125,57961300,316.3449996948242,321.8441986083984,43.21349566721554,-2.170672318053107,-0.7054394023322792,0.0
2025-08-06,319.9100036621094,320.4700012207031,306.92999267578125,307.8900146484375,78523600,317.54649963378904,321.4555987548828,50.23960124176152,-1.5325867258086987,-0.8708688670275632,0.0
2025-08-07,322.2699890136719,322.3999938964844,316.1600036621094,319.7900085449219,66658700,318.16649932861327,320.6431982421875,46.174578477234576,-0.8269358009819143,-0.8620822538184335,0.0
2025-08-08,329.6499938964844,335.1499938964844,320.9800109863281,321.42999267578125,91200300,318.97349853515624,320.0981982421875,50.56486336194381,0.3240667182490142,-0.624852459404944,0.0
2025-08-11,339.0299987792969,346.6400146484375,334.1499938964844,335.0,105320200,320.0799987792969,319.7101983642578,53.1907097586146,1.970418748546024,-0.1057982178147504,0.0
2025-08-12,340.8399963378906,345.260009765625,332.94000244140625,345.0,80522100,321.58299865722654,319.59779846191407,53.77049061862567,3.3822280504780338,0.5918070358438063,0.0
2025-08-13,339.3800048828125,348.9800109863281,338.20001220703125,341.5,67838900,322.46849822998047,319.5315985107422,70.28572445824032,4.333335985199369,1.3401128257149189,0.0
2025-08-14,335.5799865722656,340.4700012207031,330.3999938964844,335.760009765625,75000700,323.2769973754883,319.35779846191406,62.66873497443202,4.725987909450851,2.017287842462105,0.0
2025-08-15,330.5599975585937,339.29998779296875,327.0199890136719,337.6600036621094,74319800,323.32249755859374,319.32799865722654,53.42616938118699,4.579308807309872,2.5296920354316583,0.0
2025-08-18,335.1600036621094,336.2699890136719,329.5899963378906,329.6199951171875,56956600,323.65599822998047,320.33719848632813,59.59581212018233,4.779155481328246,2.979584724610976,0.0
2025-08-19,329.3099975585937,340.54998779296875,327.8500061035156,335.7900085449219,75956000,323.51599884033203,321.0205981445313,56.7185567821234,4.414600046944486,3.2665877890776778,0.0
2025-08-20,323.8999938964844,331.3699951171875,314.6000061035156,329.2200012207031,77481800,323.08299865722654,321.3269982910156,60.99620323064622,3.647103616225479,3.3426909545072383,0.0
2025-08-21,320.1099853515625,324.8999938964844,318.67999267578125,322.0799865722656,55744400,323.82349853515626,321.20739807128905,62.62638865497871,2.701889450497731,3.2145306537053373,0.0
2025-08-22,340.010009765625,340.25,319.69000244140625,321.6600036621094,94016300,325.0209991455078,321.47899841308595,68.63861127902942,3.5180126135080627,3.2752270456658827,0.0
2025-08-25,346.6000061035156,349.5299987792969,335.0299987792969,338.8999938964844,86670000,326.0714996337891,322.028798828125,71.39145480615453,4.6430317497893725,3.5487879864905807,0.0
2025-08-26,351.6700134277344,351.8999938964844,343.7200012207031,344.92999267578125,76651600,327.5949996948242,322.5559991455078,69.267163814362,5.8759899849926,4.014228386190984,0.0
2025-08-27,349.6000061035156,355.3900146484375,349.1600036621094,351.94000244140625,65519000,329.1229995727539,322.96539916992185,66.638253472937,6.609891266083139,4.533360962169415,0.0
2025-08-28,345.9800109863281,353.54998779296875,340.260009765625,350.9100036621094,67903200,331.00850067138674,323.5579992675781,60.41853093616508,6.820784211821945,4.990845612099921,0.0
2025-08-29,333.8699951171875,348.75,331.70001220703125,347.2300109863281,81145700,332.5705001831055,323.7943994140625,46.81874266929622,5.942242841152279,5.181125057910393,0.0
2025-09-02,329.3599853515625,333.3299865722656,325.6000061035156,328.2300109863281,58392000,333.5754989624023,323.9383990478516,43.15035792569523,4.826436226519036,5.110187291632122,0.0
2025-09-03,334.0899963378906,343.3299865722656,328.510009765625,335.20001220703125,88733300,334.84399871826173,323.64659912109374,46.96221285311868,4.274549456396471,4.943059724584992,0.0
2025-09-04,338.5299987792969,338.8900146484375,331.4800109863281,336.1499938964844,60711000,335.7749984741211,323.6077990722656,51.68168362511326,4.147634951410907,4.783974769950175,0.0
2025-09-05,350.8399963378906,355.8699951171875,344.67999267578125,348.0,108989800,337.20349884033203,324.07359924316404,60.67367328169336,4.982928122248381,4.823765440409817,0.0
2025-09-08,346.3999938964844,358.44000244140625,344.8399963378906,354.6400146484375,75208300,338.040998840332,324.48599914550783,55.92575907739436,5.226386359091521,4.904289624146158,0.0
2025-09-09,346.9700012207031,350.7699890136719,343.82000732421875,348.44000244140625,53816000,338.43799896240233,324.95279907226563,59.8593044275319,5.403040703175918,5.00403983995211,0.0
2025-09-10,347.7900085449219,356.3299865722656,346.07000732421875,350.54998779296875,72121700,338.7854995727539,325.5553991699219,64.05789606005101,5.545285680066627,5.112289007975013,0.0
2025-09-11,368.80999755859375,368.989990234375,347.6000061035156,350.1700134277344,103756000,340.25699920654296,326.9173992919922,73.82582059976852,7.270345276384262,5.543900261656864,0.0
2025-09-12,395.9400024414063,396.6900024414063,370.239990234375,370.9400024414063,168156400,343.275,328.5231994628906,75.5551335209621,10.703251671257703,6.575770543577033,0.0
2025-09-15,410.0400085449219,425.7000122070313,402.4299926757813,423.1300048828125,163823700,347.2490005493164,330.4169995117188,77.12500769854682,14.395663132236564,8.13974906130894,0.0
2025-09-16,421.6199951171875,423.25,411.4299926757813,414.5,104285700,351.57200012207034,332.9705993652344,78.3312910006425,18.048284566036216,10.121456162254397,0.0
2025-09-17,425.8599853515625,428.30999755859375,409.6700134277344,415.75,106133500,356.3994995117188,335.53159912109373,80.35343244944448,21.042579388239176,12.305680807451353,0.0
2025-09-18,416.8500061035156,432.2200012207031,416.55999755859375,428.8699951171875,90454500,361.0470001220703,337.9509991455078,77.0475497421811,22.429990612192285,14.33054276839954,0.0
2025-09-19,426.0700073242188,429.4700012207031,421.7200012207031,421.8200073242188,93131000,366.3450012207031,340.2749993896484,85.98189811149254,23.9968799521298,16.263810205145592,0.0
2025-09-22,434.2099914550781,444.9800109863281,429.1300048828125,431.1099853515625,97108800,371.0550003051758,342.6889990234375,89.7912828805265,25.60037455138433,18.13112307439334,0.0
2025-09-23,425.8500061035156,440.9700012207031,423.7200012207031,439.8800048828125,83422700,375.01750030517576,344.8679992675781,83.88980936086183,25.89803816034652,19.684506091583977,0.0
2025-09-24,442.7900085449219,444.2099914550781,429.0299987792969,429.8299865722656,93133600,379.57350006103513,347.5081994628906,85.25157200256722,27.18745527767584,21.18509592880235,0.0
2025-09-25,423.3900146484375,435.3500061035156,419.0799865722656,435.239990234375,96746400,383.2630004882813,349.5425994873047,73.40777128250875,26.34027595304127,22.216131933650136,0.0
2025-09-26,440.3999938964844,440.4700012207031,421.0199890136719,428.2999877929688,101628200,387.983999633789,351.9623992919922,78.05301616700194,26.733278804490453,23.1195613078182,0.0
2025-09-29,443.2099914550781,450.9800109863281,439.5,444.3500061035156,79491500,393.4509994506836,354.23359924316406,78.34257357260412,26.960693620932545,23.887787770441072,0.0
2025-09-30,444.7200012207031,445.0,433.1199951171875,441.5199890136719,74358000,399.2190002441406,356.5581994628906,78.43023524344437,26.952079870150044,24.500646190382867,0.0
2025-10-01,459.4599914550781,462.2900085449219,440.75,443.7999877929688,98122300,405.4875,359.1051995849609,77.60522659578916,27.81402467247688,25.16332188680167,0.0
2025-10-02,436.0,470.75,435.5700073242188,470.5400085449219,137009000,410.3610000610352,361.173999633789,62.478203073965446,26.30091629984946,25.390840769411227,0.0
2025-10-03,429.8299865722656,446.7699890136719,416.5799865722656,443.2900085449219,133188200,414.3104995727539,363.664599609375,56.48469440203389,24.323512186890756,25.17737505290713,0.0
2025-10-06,453.25,453.5499877929688,436.6900024414063,440.75,85324900,419.6529998779297,366.4083996582031,59.61808004394919,24.36533610758977,25.01496726384366,0.0
2025-10-07,433.0899963378906,452.6799926757813,432.4500122070313,447.8200073242188,102296100,423.95899963378906,368.5583996582032,52.00443947559499,22.512231068338565,24.51442002474264,0.0
2025-10-08,438.6900024414063,441.3299865722656,425.2300109863281,437.5700073242188,71192100,428.5039993286133,370.90819946289065,56.17158353209546,21.250542637657645,23.86164454732565,0.0
2025-10-09,435.5400085449219,436.3500061035156,426.1799926757813,431.80999755859375,69339900,431.8404998779297,373.2381994628906,52.77111347301256,19.76858731546548,23.04303310095361,0.0
2025-10-10,413.489990234375,443.1300048828125,411.4500122070313,436.5400085449219,112107900,432.7179992675781,375.3425994873047,44.39333224440289,16.623252342360047,21.759076949234903,0.0
2025-10-13,435.8999938964844,436.8900146484375,419.7000122070313,423.5299987792969,79552800,434.01099853515626,378.0079992675781,52.52728132805711,15.7572123867065,20.558704036729225,0.0
2025-10-14,429.239990234375,434.2000122070313,417.8599853515625,426.7900085449219,72669400,434.3919982910156,380.4075988769531,46.40678414355028,14.3678393385851,19.320531097100403,0.0
2025-10-15,435.1499938964844,440.510009765625,426.3299865722656,434.8999938964844,71558200,434.8564987182617,382.93619873046873,53.358841929046726,13.587016423916566,18.17382816246364,0.0
2025-10-16,428.75,439.3500061035156,421.30999755859375,434.7300109863281,77189900,435.4514984130859,385.11299865722657,46.45789271213701,12.309881961434884,17.001038922257887,0.0
2025-10-17,439.30999755859375,441.4599914550781,423.6000061035156,425.5,89331600,436.1134979248047,387.453798828125,48.86759787199315,12.011387450359166,16.00310862787814,0.0
2025-10-20,447.4299926757813,449.7999877929688,440.6099853515625,443.8699951171875,63719000,436.77449798583984,389.80939880371096,50.75778508740115,12.28839121940183,15.26016514618288,0.0
2025-10-21,442.6000061035156,449.2999877929688,442.0499877929688,445.760009765625,54412200,437.6119979858398,391.8807989501953,45.008886052547325,11.980080243862515,14.604148165718808,0.0
2025-10-22,438.9700012207031,445.5400085449219,429.0,443.4500122070313,84023500,437.4209976196289,393.8433990478516,50.99617644957436,11.312427890678748,13.945804110710796,0.0
2025-10-23,448.9800109863281,449.3999938964844,413.8999938964844,420.0,126709800,438.70049743652345,396.0353991699219,56.261859961249804,11.458941180562649,13.448431524681167,0.0
2025-10-24,433.7200012207031,451.6799926757813,430.1700134277344,446.8299865722656,94727800,438.3664978027344,397.9981994628906,43.25388785430163,10.22582185451796,12.803909590648528,0.0
2025-10-27,452.4200134277344,460.1600036621094,438.6900024414063,439.9800109863281,105867500,438.8269989013672,400.4353997802734,56.7450665853376,10.634908007556476,12.370109274030115,0.0
2025-10-28,460.5499877929688,467.0,451.6000061035156,454.7799987792969,80185700,439.6184982299805,402.9431994628906,57.49553705033036,11.482766532576193,12.192640725739334,0.0
2025-10-29,461.510009765625,465.7000122070313,452.6499938964844,462.5,67983500,439.7209991455078,405.5871997070312,59.04058860262333,12.092768365865368,12.17266625376454,0.0
2025-10-30,440.1000061035156,455.05999755859375,439.6099853515625,451.0499877929688,72447900,439.9259994506836,407.9111999511719,59.30485069139944,10.724960183962196,11.883125039804073,0.0
2025-10-31,456.55999755859375,458.0,443.6900024414063,446.75,83135800,441.2625,410.6402001953125,57.53794599163974,10.844141579925063,11.675328347828271,0.0
2025-11-03,468.3699951171875,474.0700073242188,453.7999877929688,455.989990234375,84595200,442.01849975585935,413.20739990234375,63.7597595509351,11.756045423830244,11.691471763028666,0.0
2025-11-04,444.260009765625,460.2200012207031,443.6000061035156,454.4599914550781,87756600,442.5770004272461,415.1605999755859,52.8399578435359,10.413224299997864,11.435822270422506,0.0
2025-11-05,462.0700073242188,466.3299865722656,440.7099914550781,452.0499877929688,85573000,443.7460006713867,417.3685998535156,59.697325288629166,10.66322779112818,11.281303374563642,0.0
2025-11-06,445.9100036621094,467.4500122070313,435.0899963378906,461.9599914550781,109622900,444.2645004272461,419.2947998046875,51.86020471549927,9.448464105536344,10.914735520758184,0.0
2025-11-07,429.5199890136719,439.3599853515625,421.8800048828125,437.9200134277344,103471500,445.0660003662109,420.9655993652344,45.17692616824196,7.081585814607138,10.148105579527977,0.0
2025-11-10,445.2300109863281,449.6700134277344,433.3599853515625,439.6000061035156,76515900,445.5325012207031,423.1927996826172,50.66904203242206,6.399713284608367,9.398427120544053,0.0
2025-11-11,439.6199951171875,442.489990234375,432.3599853515625,439.3999938964844,60533200,446.0515014648437,425.3979998779297,50.16370163215885,5.345028830978606,8.587747462630963,0.0
2025-11-12,430.6000061035156,442.3299865722656,426.55999755859375,442.1499938964844,58513500,445.8240020751953,427.3282000732422,45.34777734933088,3.738253809739547,7.61784873205268,0.0
2025-11-13,401.989990234375,424.5,396.3399963378906,423.1300048828125,118948000,444.4860015869141,428.5973999023437,42.47711978027464,0.1545028398944055,6.125179553621026,0.0
2025-11-14,404.3500061035156,412.1900024414063,382.7799987792969,386.2999877929688,105506700,442.73800201416014,429.66760009765625,37.64585061433571,-2.466776600934793,4.406788322709862,0.0
2025-11-17,408.9200134277344,423.9599914550781,398.739990234375,398.739990234375,102214300,440.8125030517578,430.9180004882812,36.48359802715183,-4.127815161465151,2.69986762587486,0.0
2025-11-18,401.25,408.8999938964844,393.7099914550781,405.3800048828125,80688600,438.745002746582,432.0036004638672,34.75974015148569,-5.994010943449666,0.9610919120099546,0.0
2025-11-19,403.989990234375,411.7799987792969,398.5,406.1799926757813,72047700,436.9960021972656,433.1276000976562,39.91509696568133,-7.1692476092885045,-0.6649759922497372,0.0
2025-11-20,395.2300109863281,428.9400024414063,394.739990234375,414.6300048828125,113548800,434.3085021972656,433.65600036621095,32.101800755698605,-8.707118012746776,-2.273404396349145,0.0
2025-11-21,391.0899963378906,402.7999877929688,383.760009765625,402.3200073242188,100460600,432.177001953125,433.55900024414063,26.39008669517285,-10.143033394673523,-3.847330196014021,0.0
2025-11-24,417.7799987792969,421.7200012207031,401.0899963378906,402.1700134277344,96806400,430.4450012207032,433.71380004882815,42.03561177856042,-9.023331195504795,-4.882530395912175,0.0
2025-11-25,419.3999938964844,420.4800109863281,405.9500122070313,414.4200134277344,71915600,428.3875015258789,433.6694000244141,35.781409242235,-7.914011272898904,-5.488826571309521,0.0
2025-11-26,426.5799865722656,426.9400024414063,416.8900146484375,423.9500122070313,63463000,426.64100036621096,433.6838000488281,43.14878864288891,-6.381934866260508,-5.667448230299718,0.0
2025-11-28,430.1700134277344,432.9299926757813,426.2000122070313,426.5899963378906,36252900,426.1445007324219,433.9502001953125,50.2533811513925,-4.822477592061773,-5.498454102652129,0.0
2025-12-01,430.1400146484375,433.6600036621094,425.2900085449219,425.3200073242188,57463600,424.82350158691406,434.0316003417969,43.29869941894929,-3.548116637780936,-5.108386609677891,0.0
2025-12-02,429.239990234375,436.7999877929688,422.1199951171875,430.80999755859375,69336600,422.8670013427735,433.9322003173828,45.18909967541854,-2.581048132411752,-4.602918914224663,0.0
2025-12-03,446.739990234375,447.9200134277344,431.1099853515625,432.1000061035156,87483000,422.9910003662109,434.35,56.93536157772313,-0.3979483275508642,-3.761924796889903,0.0
2025-12-04,454.5299987792969,454.6300048828125,445.3900146484375,449.9400024414063,71906500,422.61399993896487,434.5847998046875,77.49632105976477,1.9384177092148889,-2.6218562956689446,0.0
2025-12-05,455.0,458.8699951171875,451.6600036621094,453.0299987792969,56427500,423.06849975585936,435.2169995117188,77.0421592029263,3.78430666492261,-1.3406237035506336,0.0
2025-12-08,439.5799865722656,449.75,435.25,447.4500122070313,69165800,423.5714996337891,435.2005993652344,64.6698350416353,3.957303417581784,-0.2810382793241502,0.0
2025-12-09,445.1700134277344,452.3900146484375,435.7000122070313,437.5400085449219,62367400,423.56849975585936,435.2397998046875,71.44111574711249,4.493672777308518,0.6739039320023834,0.0
2025-12-10,451.4500122070313,456.8800048828125,443.6099853515625,446.0700073242188,63257500,424.1600006103516,435.37440002441406,72.39523631231819,5.363663799063204,1.6118559054145476,0.0
2025-12-11,446.8900146484375,449.2699890136719,440.3299865722656,448.9500122070313,55979500,424.9745010375976,435.12300048828126,75.38323124329916,5.620395833666294,2.413563891064897,0.0
2025-12-12,458.9599914550781,463.010009765625,441.6700134277344,448.0899963378906,95656700,427.8230010986328,435.5822003173828,80.93716648805172,6.720336223316167,3.2749183575151517,0.0
2025-12-15,475.30999755859375,481.7699890136719,467.6600036621094,469.4400024414063,114542200,431.3710006713867,436.4918005371094,78.9531755922203,8.80980184485145,4.381895054982412,0.0
2025-12-16,489.8800048828125,491.5,465.8299865722656,472.2099914550781,107608100,435.4190002441407,437.2244006347656,81.38021424248657,11.508730744056436,5.807262192797217,0.0
2025-12-17,467.260009765625,495.2799987792969,466.2000122070313,488.2200012207031,106490400,438.71950073242186,437.9078009033203,65.92296741329648,11.687678496261242,6.983345453490022,0.0
2025-12-18,483.3699951171875,490.8599853515625,473.1199951171875,478.1600036621094,95168400,442.6885009765625,438.801400756836,68.96476772074053,12.979813845876665,8.18263913196735,0.0
2025-12-19,481.2000122070313,490.489990234375,474.7200012207031,488.1199951171875,103305400,446.9870010375977,439.7146008300781,67.92836685551558,13.671148444954667,9.280340994564812,0.0
2025-12-22,488.7300109863281,498.8299865722656,485.3299865722656,489.8800048828125,86916100,451.8690017700195,441.2194012451172,69.95907576972262,14.657679461441717,10.355808687940195,0.0
2025-12-23,485.55999755859375,491.9700012207031,482.8399963378906,489.3999938964844,58223600,455.2580017089844,442.21260131835936,64.40980096740941,15.010684976289497,11.286783945610056,0.0
2025-12-24,485.3999938964844,490.8999938964844,476.7999877929688,488.4800109863281,41285400,458.5580017089844,443.3358013916016,62.14684557246573,15.103430486656862,12.050113253819418,0.0
2025-12-26,475.1900024414063,489.0899963378906,473.8200073242188,485.2300109863281,58780700,460.9885025024414,444.1366015625,57.3788475994816,14.189503229284242,12.477991248912383,0.0
2025-12-29,459.6400146484375,469.3999938964844,459.0,469.0,66263000,462.4620025634766,444.7544018554688,57.32438739191874,12.07130474809412,12.396653948748732,0.0
2025-12-30,454.4299926757813,463.1199951171875,453.8299865722656,461.0899963378906,59238500,463.6765014648437,445.0568017578125,53.3904443039539,9.858568518595462,11.88903686271808,0.0
2025-12-31,449.7200012207031,456.5499877929688,449.2999877929688,456.1000061035156,49078000,464.7005020141602,445.10260192871095,49.359207532931485,7.63686909429714,11.038603309033892,0.0
