Date,Close,High,Low,Open,Volume,SMA_20,SMA_50,RSI,MACD,MACD_Signal
2023-01-03,122.87674713134766,128.6045053870652,121.99252821247748,127.99538262842435,112117500,,,,0.0,0.0
2023-01-04,124.14411926269531,126.40378887161263,122.88656686996354,124.66482384759799,89113600,,,,0.10110091076278138,0.020220182152556276
2023-01-05,122.82762908935547,125.5294047177782,122.57219388132161,124.90062844390272,80962700,,,,0.07413971977473466,0.031004089676991954
2023-01-06,127.3469467163086,128.0051956310965,122.69989736764362,123.80025946812165,87754700,,,,0.412686748703166,0.10734062148222677
2023-01-09,127.86766815185547,131.07050999919576,127.61223293955845,128.18206378964481,70790800,,,,0.7147661964405359,0.2288257364738886
2023-01-10,128.43748474121094,128.95818934117645,125.87325369613974,127.97572556898378,63896200,,,,0.9887480991298929,0.3808102090050895
2023-01-11,131.1490936279297,131.1687321095965,128.17222961380043,128.94836939344688,69458900,,,,1.4084491808141735,0.5863380033669063
2023-01-12,131.0705108642578,131.90559617413024,129.13505580606935,131.53227009080283,71379600,,,,1.71495540120479,0.8120614829344831
2023-01-13,132.39683532714844,132.55403315564018,129.35120610397337,129.71471296505177,57809700,,,,2.0413556119271163,1.0579203087330098
2023-01-17,133.55612182617188,134.88243886666353,131.77786487384603,132.4655864864573,63646600,,,,2.366297656011426,1.3195957781886931
2023-01-18,132.83888244628906,136.17925199814462,132.66203123948165,134.420649114414,69672800,,,,2.5366998465026427,1.5630165918514831
2023-01-19,132.89788818359375,133.86069855178562,131.42419241972087,131.7287538123279,58280400,,,,2.646004586228031,1.7796141907267928
2023-01-20,135.45225524902344,135.59963378756996,131.8662690124696,132.9076780568954,80223600,,,,2.9052554777140642,2.0047424481242473
2023-01-23,138.63546752929688,140.80671912517695,135.4817521326256,135.6978953680963,81760300,,,89.42963596164867,3.329195412458944,2.2696330409911867
2023-01-24,140.03053283691406,140.64948968940584,137.83964325138285,137.84946249034775,66435100,,,90.11941354214733,3.7346897971264355,2.5626443922182367
2023-01-25,139.3722686767578,139.93226506012797,136.37575209022467,138.41927791003738,65799300,,,86.6602333196438,3.9573131592651407,2.8415781456276177
2023-01-26,141.43551635742188,141.72042430582104,139.4116280346841,140.65936144448216,54105100,,,93.24185602696024,4.25122514504767,3.1235075455116283
2023-01-27,143.37091064453125,144.64811636457318,140.57089828761406,140.64949717713105,70555800,,,92.31948121136115,4.587441485643296,3.4162943335379623
2023-01-30,140.49234008789062,142.99762607371383,140.34497649686972,142.41797596075202,64015300,,,79.64931996569815,4.568950750986005,3.646825617027571
2023-01-31,141.75967407226562,141.8088002532181,139.78492752410364,140.19756045993424,65874500,133.39794464111327,,80.29491184081867,4.603493761036702,3.838159245829398
2023-02-01,142.87966918945312,144.03898399261212,138.84175832526216,141.44528077834974,77663600,134.39809074401856,,78.75720543292448,4.667440245370187,4.004015445737556
2023-02-02,148.17518615722656,148.52885870656533,145.57164829200897,146.2888426135127,118339000,135.59964408874512,,83.39084287622381,5.086784967045077,4.22056934999906
2023-02-03,151.79063415527344,154.6201342687517,145.23760339877686,145.43409313083382,154357300,137.04779434204102,,84.7534865814057,5.64577414806422,4.505610309612092
2023-02-06,149.0692596435547,150.4152455277008,148.1359218347776,149.89454080308164,69858300,138.13390998840333,,76.32554875696223,5.802299623448505,4.764948172379375
2023-02-07,151.93800354003906,152.50783427872634,147.99832954313612,147.99832954313612,83322600,139.3374267578125,,80.20527462938402,6.087656137233267,5.029489765350154
2023-02-08,149.2559051513672,151.86926257026718,148.51905726950346,151.18154087876943,64120100,140.37834777832032,,73.88824540535674,6.027894490108082,5.229170710301739
2023-02-09,148.22430419921875,151.62363543992853,147.782198500911,151.0832773681269,56007100,141.23210830688475,,69.51965586896304,5.830085779053945,5.349353724052181
2023-02-10,148.5883331298828,148.9130429093008,146.82704494780745,147.06320160940942,57450700,142.107999420166,,66.64543469151624,5.637707065100869,5.407024392261919
2023-02-13,151.38284301757812,151.78625678187208,148.49982115470684,148.52933886882354,62199000,143.0572998046875,,68.13692484189596,5.645659493186258,5.454751412446787
2023-02-14,150.7432403564453,151.3041068890254,148.4407688328002,149.68055772689488,61707600,143.91665573120116,,68.17757830032198,5.536529593582316,5.471107048673892
2023-02-15,152.83909606933594,153.00636811059493,150.42838780610393,150.6546952720313,65573800,144.91666641235352,,68.21071991976362,5.555125374766163,5.487910713892346
2023-02-16,151.2451171875,153.8230981335769,150.8908895372368,151.04831237083192,68167900,145.83402786254882,,62.713186391940724,5.379233436404576,5.4661752583947925
2023-02-17,150.1036834716797,150.54646418705764,148.43094798353164,149.90689371085574,59144100,146.56659927368165,,66.44003263530053,5.089070015213622,5.390754209758559
2023-02-21,146.09893798828125,148.87372305726493,146.03006833094608,147.79135689260553,58867200,146.93977279663085,,56.78668866067559,4.484272025403044,5.209457772887456
2023-02-22,146.5220489501953,147.54536466728035,144.80011234851025,146.4826819914061,51011300,147.26434860229492,,55.823698611087394,3.9930770727935396,4.966181632868673
2023-02-23,147.0041961669922,147.92912460701393,144.87884561858363,147.68313363952294,48394200,147.64594497680665,,47.78713445705757,3.6011944568719514,4.6931841976693285
2023-02-24,144.3573455810547,144.8296440334222,143.38321594733068,144.75092512234477,55469600,147.7920364379883,,35.419253189729176,3.0419798881763143,4.362943335770726
2023-02-27,145.54791259765625,146.77786725557394,145.0854484451516,145.34128862301924,44998500,147.90088653564453,,42.65139043239853,2.6641563853866614,4.023185945693913
2023-02-28,145.046142578125,146.6893607214016,144.47544163386908,144.6919149235558,50547000,148.12857666015626,,34.04092933721441,2.2977528259690985,3.6780993217489506
2023-03-01,142.97976684570312,144.8689754008769,142.68457472462396,144.47539591550134,55479000,148.18958129882813,,35.04012814236488,1.8196602030302813,3.3064114980052173
2023-03-02,143.57015991210938,144.3573339453376,141.59238308918532,142.0646965175798,52238100,148.22410583496094,,38.66798037755813,1.4714462250789495,2.9394184434199637
2023-03-03,148.60806274414062,148.68678165578146,144.96739941181147,145.66600535471582,70732300,148.24574966430663,,50.0391317058821,1.5837443745374742,2.668283629643466
2023-03-06,151.36314392089844,153.79353555974586,150.99908214162087,151.32377696340643,87558000,148.2243751525879,,49.96086761736229,1.8734574416376688,2.5093183920423066
2023-03-07,149.16893005371094,151.55995507278075,148.70646582947896,151.2352451910372,56182000,148.2293586730957,,47.0545479875666,1.9040536678620015,2.388265447206246
2023-03-08,150.4185333251953,151.00891757952724,149.39521763366128,150.35949790258118,47204800,148.15338516235352,,45.323157730879174,2.006009904733247,2.3118143387116463
2023-03-09,148.17510986328125,152.06176399701366,147.82088228318355,151.09748364556307,53833600,148.0993453979492,,44.213563997759,1.884067080194967,2.2262648870083104
2023-03-10,146.1186065673828,148.51948035027368,145.24287949222287,147.8011910673905,68572400,147.99406051635742,,42.739273743886514,1.6030054353118999,2.1016129966690285
2023-03-13,148.0570526123047,150.68423448355665,145.33146834316847,145.43970497520198,84457100,147.9674964904785,,53.858142816855846,1.5191664472028492,1.9851236867757929
2023-03-14,150.14303588867188,150.94004418166887,147.6929755826584,148.85404568502526,73695900,147.9055061340332,,56.695794971346665,1.6025714164890985,1.9086132327184542
2023-03-15,150.53662109375,150.7924462663543,147.51584514285557,148.76548332238644,77167900,147.89517517089843,142.35819549560546,56.55349411546894,1.6810513783977967,1.8631008618543228
2023-03-16,153.35076904296875,153.9509875803486,149.20827470890512,149.71994010489203,76161100,147.92075881958007,142.96767593383788,66.58202064477649,1.9478716820713657,1.8800550258977315
2023-03-17,152.51437377929688,154.22647602550626,151.80591871287191,153.5770563789343,98944600,147.9842216491699,143.53508102416993,63.014696743546445,2.0679999709577714,1.9176440149097396
2023-03-20,154.87591552734375,155.28919358755078,151.6780327765039,152.5832927983786,73641400,148.22283325195312,144.1760467529297,67.17075115839214,2.3269357216849755,1.9995023562647867
2023-03-21,156.72573852539062,156.8438093660786,154.0296725549558,154.79717806171172,73938300,148.7541732788086,144.76362258911132,74.19465387251542,2.6508520536181663,2.129772295735463
2023-03-22,155.29901123046875,159.53989288471735,155.27932775015748,156.7454392443716,75701800,149.19302139282226,145.3122494506836,70.05385876501569,2.760610511764469,2.255939938941264
2023-03-23,156.38137817382812,158.95937384680835,155.15142327717084,156.28299079055427,67622100,149.66188049316406,145.87112731933593,65.36966952760694,2.901486319050008,2.3850492149630127
2023-03-24,157.68020629882812,157.76875944157217,155.31869907440637,156.31249715364865,59196500,150.32802352905273,146.4017495727539,63.2535485684394,3.082403952176321,2.5245201624056746
2023-03-27,155.74180603027344,158.19188156427322,155.33837722493854,157.37518971960662,52390300,150.83771820068358,146.89517547607423,63.93989367416971,3.034391205115071,2.6264943709475537
2023-03-28,155.12191772460938,155.94845889069038,153.47869965551462,155.43679340961148,45992200,151.3415069580078,147.34967712402343,60.24878424091614,2.91274464437177,2.683744425632397
2023-03-29,158.19183349609375,158.4673421052655,156.79460697412472,156.81427543614188,51305700,152.10211029052735,147.8423913574219,71.06783366432215,3.029137404541757,2.752823021414269
2023-03-30,159.75637817382812,159.8646148025582,158.68386113447403,158.9396863414281,49501700,152.9114212036133,148.38074127197265,79.28999939045053,3.210615211963784,2.844381459524172
2023-03-31,162.255615234375,162.3540176143248,159.31357325147573,159.8350728342002,68749800,153.593798828125,148.96789581298827,79.777134778354,3.51557980993681,2.9786211296066996
2023-04-03,163.50531005859375,163.6233809441775,161.5865830973556,161.6357843043823,56976200,154.20090713500977,149.5289569091797,79.04198686442982,3.8141393548967812,3.145724774664716
2023-04-04,162.9739227294922,164.16451047380076,162.46225736922722,163.92836877990578,46278300,154.89115676879882,150.01572601318358,76.87066532251418,3.962197680337141,3.309019355799201
2023-04-05,161.13392639160156,162.40324825832465,159.20536551321473,162.09822184489292,51511700,155.42692642211915,150.43779388427734,67.5543465916326,3.8862642082967227,3.4244683262987055
2023-04-06,162.0194854736328,162.31467762112032,159.40213812085784,159.8252353547828,45390100,156.11914520263673,150.89073822021484,71.3906514302511,3.8531271503267988,3.5102000911043243
2023-04-10,159.43165588378906,159.43165588378906,157.51292944566782,158.8314373555464,47716900,156.78479766845703,151.2506610107422,60.1490376999707,3.576818238478779,3.523523720579216
2023-04-11,158.22137451171875,159.7563555644006,157.93601661540757,159.74652133194326,47644200,157.29301376342772,151.54767028808592,53.42962511983988,3.2230287737206993,3.4634247312075126
2023-04-12,157.53262329101562,159.46118408911326,157.2177476424543,158.6346580327857,50133100,157.66249313354493,151.88847595214844,55.301290863709646,2.8541705056778426,3.3415738861015787
2023-04-13,162.90504455566406,163.14120127307194,158.83143501847854,159.03807402297244,68445600,158.28091430664062,152.3113833618164,62.86377430452546,2.961222043215315,3.265503517524326
2023-04-14,162.5606689453125,163.65286938363687,161.19295983913122,161.9506011686896,49386500,158.7414093017578,152.7050033569336,60.00001250603417,2.9838766516486714,3.2091781443491953
2023-04-17,162.58033752441406,162.7377753387549,161.39958394505072,162.44258319038994,41516200,159.24470748901368,152.99310638427735,65.20785459204795,2.9691906998749573,3.161180655454348
2023-04-18,163.8004608154297,164.7253892225956,162.99360326395418,163.43639900098648,49923000,159.69093475341796,153.23330291748047,68.79791964537728,3.0211794537529215,3.133180415114063
2023-04-19,164.94187927246094,165.4633789570219,162.885383237049,163.14122346923992,47720200,160.10174179077148,153.5507553100586,65.95356573307185,3.118535312152659,3.1302513945217822
2023-04-20,163.97756958007812,165.17800667808302,162.90505258707114,163.42655222639002,52456400,160.53566970825196,153.7915466308594,60.26801356399247,3.082347415926421,3.12067059880271
2023-04-21,162.37371826171875,163.78077935638615,161.85221862385353,162.4032359760057,58337300,160.83528671264648,154.0539028930664,50.30036882497579,2.8909260539891477,3.074721689839998
2023-04-24,162.6787567138672,162.94443117624493,161.26184626664974,162.35404681853836,41949600,161.08521423339843,154.34299194335938,47.791737022291755,2.7323405779534085,3.0062454674626804
2023-04-25,161.1437530517578,163.64301445601814,161.1043860925183,162.54097982284455,48714100,161.35531158447264,154.5941003417969,45.35928746092178,2.454504478920029,2.8958972697541503
2023-04-26,161.13392639160156,162.62955575633885,160.18932943478703,160.44515464932056,45498800,161.65591201782226,154.78912200927735,50.0,2.208071169420805,2.758332049687481
2023-04-27,165.7093505859375,165.85693915334915,162.5409858833323,162.5409858833323,64902300,162.03178787231445,155.08844421386718,58.54993469607688,2.3548245387981126,2.6776305475096076
2023-04-28,166.958984375,167.12627144742981,165.18786139778672,165.7880799666726,55275900,162.39191818237305,155.37084197998047,68.59506188289556,2.542652528875948,2.650634943782876
2023-05-01,166.87045288085938,167.71666253016707,165.93569007402044,166.56542643996343,52472900,162.62266006469727,155.68334869384765,72.61980203393293,2.653772771952788,2.651262509416859
2023-05-02,165.8372344970703,167.61822139630092,164.85327080237903,167.36238122666072,48425700,162.7392562866211,155.99801971435548,71.33452552964798,2.6281683873722272,2.6466436850079327
2023-05-03,164.7647247314453,168.17908009941613,164.47938185396285,166.7818533947913,65136000,162.82879638671875,156.37133544921875,56.132323254685936,2.4926010006296337,2.6158351481322732
2023-05-04,163.13136291503906,164.36131774887434,161.67510059572527,162.24580144031648,81235400,162.9286682128906,156.70352172851562,51.73442973567812,2.2276848575638155,2.538205090018582
2023-05-05,170.78662109375,171.50491053581004,168.02166992672903,168.23814318555767,113453200,163.36702499389648,157.17917022705078,67.03431333733266,2.6054186189043946,2.551647795795745
2023-05-08,170.7177276611328,171.06212101363838,169.35001851271124,169.71408033203093,55962800,163.93132858276368,157.70637786865234,65.07931333624278,2.866176720841054,2.614553580804807
2023-05-09,169.0154266357422,170.75703134462844,168.84815463052053,170.27489880431088,45326900,164.47103118896484,158.17572814941406,58.66816891896279,2.9020153032862765,2.672045925301101
2023-05-10,170.77674865722656,171.23921282792068,169.14336520388548,170.24541483030967,53724500,165.13323745727538,158.6903402709961,63.993435263038556,3.037526886080741,2.745142117457029
2023-05-11,170.9636993408203,171.7902252766967,169.4090348343318,171.0621017201797,49514700,165.5361701965332,159.25001892089844,68.7740489633392,3.1239946834163277,2.8209126306488885
2023-05-12,170.03750610351562,171.50563041723674,168.49053896760506,171.07208510437357,45533100,165.91001205444337,159.77936584472656,65.65796078293863,3.082254668855313,2.8731810382901735
2023-05-15,169.54483032226562,170.66809989196608,168.95362948142878,170.61883064941935,37266700,166.25823669433595,160.19810119628906,68.70555683526955,2.9751251971894987,2.8935698700700385
2023-05-16,169.54483032226562,170.5991199454283,169.27878844040285,169.46600254116325,42110300,166.54545516967772,160.5617349243164,68.73563515311287,2.8572872897910315,2.886313354014237
2023-05-17,170.15574645996094,170.39221479568312,167.91905489711874,169.19013234108013,57951600,166.80614852905273,160.9814712524414,62.02914249340128,2.781136515323027,2.865277986275995
2023-05-18,172.48109436035156,172.6683084617715,170.04734111161662,170.4611756877155,65496700,167.2313247680664,161.42272247314452,64.11764201045627,2.875278202419736,2.8672780295047433
2023-05-19,172.5895233154297,173.80146880445517,172.37275062180032,173.80146880445517,55809500,167.74211502075195,161.9110107421875,64.60632428257327,2.9249188345681603,2.8788061905174267
2023-05-22,171.6436004638672,172.14612580242743,170.9046067635048,171.42682777563832,43570900,168.19035720825195,162.42151062011717,64.8956942054424,2.855020426188645,2.8740490376516705
2023-05-23,169.04232788085938,170.83562631420236,168.7664381272472,170.58929510312979,50747300,168.58528594970704,162.84121612548827,60.17563817113868,2.560211946606529,2.8112816194426427
2023-05-24,169.3181915283203,169.88968165407772,168.0175707525213,168.57919800904358,45143500,168.99449920654297,163.22471923828124,65.73348151298461,2.3220666544623327,2.713438626446581
2023-05-25,170.4513397216797,171.3479738482291,169.17041449607095,169.8798495430277,56058300,169.2315986633301,163.62301361083985,48.72412155249201,2.199416875136336,2.6106342761845323
2023-05-26,172.85552978515625,173.19055165787438,170.56958397024448,170.77650880236848,54835000,169.52642593383788,164.0131088256836,56.907485068614854,2.270046404942974,2.5425167019362207
2023-05-30,174.69810485839844,176.36330631715728,173.9788219031772,174.36309800636275,55964400,169.91780853271484,164.45678344726562,68.19644064682821,2.4464995021733102,2.523313261983639
2023-05-31,174.64883422851562,176.71802248155805,174.16601962684186,174.72766202276017,99625300,170.3583885192871,164.85224182128906,63.92560455082749,2.5529354739480254,2.5292377043765164
2023-06-01,177.44711303710938,177.47667157389162,174.33348352725068,175.09218771933737,68901800,170.9925079345703,165.26666931152343,69.62995268265594,2.8304567189134673,2.5894815072839066
2023-06-02,178.2945098876953,179.11233123154489,176.62930866038764,178.37333767160567,61996900,171.75066528320312,165.72657928466796,75.11974249445039,3.083230585882859,2.688231323003697
2023-06-05,176.9446563720703,182.23584654381537,175.42724752914353,179.94990047733975,121946500,172.05856704711914,166.13784484863282,71.3960992835833,3.138455636126565,2.778276185628271
2023-06-06,176.5800323486328,177.47666632929963,174.8261406871695,177.32887364975582,64848400,172.35168228149413,166.5158413696289,69.92174908721671,3.116870432754098,2.8459950350534364
2023-06-07,175.21044921875,178.55069942371495,174.71778685793004,175.8213457350109,61944600,172.66143341064452,166.90521423339842,63.72385335924003,2.9551845629673608,2.8678329406362213
2023-06-08,177.92010498046875,178.18613184931536,174.85574427470908,175.28927455408018,50214900,173.01860122680665,167.36117797851563,64.46540446610248,3.010985158081013,2.8964633841251795
2023-06-09,178.3043670654297,179.55571862854532,177.97920810525306,178.83643579626113,48900000,173.3856346130371,167.76342864990235,64.9792266257545,3.0510437375762933,2.9273794548154024
2023-06-12,181.09283447265625,181.19137296447727,178.31422641468646,178.60982685528654,54274900,173.93840103149415,168.1901577758789,72.58589361380862,3.270100779779227,2.9959237198081676
2023-06-13,180.619873046875,181.44754220802452,179.76264534674598,180.1173628493618,54929100,174.4921531677246,168.5574429321289,80.80751646459807,3.366731445206085,3.0700852648877515
2023-06-14,181.25050354003906,181.684048880549,179.34883379218707,180.67901332162722,57462900,175.0774368286133,168.91234680175782,81.1631651098288,3.454378627599681,3.146943937430138
2023-06-15,183.28024291992188,183.78276814166122,181.08297303806762,181.26033930305263,65433200,175.73366165161133,169.31847320556642,82.00586399520648,3.6455984660171907,3.2466748431475483
2023-06-16,182.20626831054688,184.245897953939,181.56581317602513,183.98970387223915,101256200,176.21992034912108,169.73992004394532,74.98691144306845,3.668196108861224,3.3309790962902834
2023-06-20,182.2949676513672,183.3689832973111,181.70378168910554,181.70378168910554,49799100,176.70519256591797,170.1454296875,72.39984882842026,3.651173741025417,3.3950180252373103
2023-06-21,181.26036071777344,182.68907870149724,179.91045548906328,182.1865534203878,49515700,177.18603057861327,170.58200378417968,68.42396642557371,3.513695563647701,3.4187535329193888
2023-06-22,184.25575256347656,184.30502181445038,180.9746189088309,181.04359886716716,51245300,177.94670181274415,171.10269134521485,68.76708111368231,3.6048912634945225,3.455981079034416
2023-06-23,183.94044494628906,184.80753566864925,182.29495416898448,182.82703803401998,53117000,178.67781448364258,171.63084777832032,66.03252156520865,3.610106759570442,3.486806215141621
2023-06-26,182.5511474609375,185.29034946556595,182.51172604562308,184.08825189117624,48088700,179.28280487060547,172.02376983642577,65.8849296211848,3.462225006843255,3.481889973481948
2023-06-27,185.30018615722656,185.6253451571229,182.94526040179295,183.1620330683905,50730800,179.905037689209,172.47856018066406,71.76597663605506,3.526204213306869,3.4907528214469328
2023-06-28,186.47274780273438,187.11320300977505,184.84696764032918,185.1721116449177,51216800,180.49376983642577,172.95640838623046,78.39054374249932,3.629683389940766,3.5185389351456995
2023-06-29,186.80770874023438,187.28067542760266,186.16725369069167,186.30519854912527,46347300,181.10171356201172,173.41655334472657,75.45147397601228,3.696113436278523,3.5540538353722644
2023-06-30,191.12347412109375,191.6259844129726,188.4532369978983,188.8178174385461,85213200,181.78553161621093,173.94018524169923,79.96322152610693,4.050316398278056,3.653306347953423
2023-07-03,189.6356201171875,191.0347795474039,188.9458807202263,190.93624105216273,31458200,182.35258712768555,174.4533462524414,71.26045250518354,4.162979181319031,3.755240914626545
2023-07-05,188.52218627929688,190.14796610334872,187.82259909124357,188.75866963191964,46920300,182.93146362304688,174.97631561279297,69.05892934425795,4.114985452401811,3.8271898221815985
2023-07-06,188.99514770507812,189.20207252866174,186.42344937265386,187.05405664400223,45094300,183.55221939086914,175.5026434326172,68.82180743166822,4.068218223513014,3.8753955024478817
2023-07-07,187.88172912597656,189.84253092683244,187.4481988352347,188.60102706839623,46815000,184.18578338623047,176.03740295410157,61.70428461978531,3.896396055269946,3.879595613012295
2023-07-10,185.8421173095703,187.20187038994513,184.29515010539157,186.48257243692333,59922200,184.58188400268554,176.53156677246093,58.81507284636893,3.5546700970155314,3.814610509812942
2023-07-11,185.3199005126953,186.52199803845542,183.86162393721375,186.3840531601648,46638100,184.93266067504882,176.92377777099608,57.18292059010663,3.204768703224886,3.692642148495331
2023-07-12,186.98509216308594,188.88676181703667,185.70416691161034,186.89640150427806,60750200,185.2272735595703,177.32429992675782,63.19852527299336,3.0269436550927082,3.5595024498148065
2023-07-13,187.74375915527344,188.38422922243208,186.99491780606402,187.70435278315148,41342300,185.58346786499024,177.7417660522461,58.966465677252735,2.913647395618426,3.4303314389755304
2023-07-14,187.89158630371094,188.37438582770977,186.8471444335954,187.4383302857117,41616200,185.91552200317383,178.18285308837892,60.24524458779569,2.8034710401151415,3.304959359203453
2023-07-17,191.14315795898438,191.46831693797242,188.9951421376018,189.08381775872684,50520200,186.30866775512695,178.71042175292968,70.3168071908348,2.944586779214262,3.232884843205615
2023-07-18,190.88697814941406,191.47817907078496,189.5962050071137,190.5125649317522,48288200,186.74270324707032,179.26553405761717,64.97621057729435,3.0011550027682006,3.1865388751181323
2023-07-19,192.2368927001953,195.32094939257118,189.8228346836756,190.26624291356026,80507300,187.23979949951172,179.6945394897461,65.30609433434765,3.1189591306546163,3.1730229262254293
2023-07-20,190.2957763671875,193.58675746858663,189.6750169550875,192.22700448393437,59581200,187.69157028198242,180.08610046386718,58.534237901672256,3.020865231286905,3.1425913872377245
2023-07-21,189.12326049804688,192.10879369152832,188.42367321559357,191.25156585425083,71951700,187.93494567871093,180.48825714111328,44.2165219539743,2.816051192576907,3.0772833483055613
2023-07-24,189.92135620117188,192.04966138875844,189.4286937985748,190.57167418096722,45377800,188.23399124145507,180.8711492919922,50.860509743804656,2.687158355744856,2.9992583497934207
2023-07-25,190.77857971191406,191.58655325087184,190.08885537064708,190.49284214012596,37283200,188.6453628540039,181.26744689941407,56.90175816892797,2.62393355445991,2.9241933907267184
2023-07-26,191.64569091796875,192.76896069007793,190.48301476563847,190.82786945588313,47471900,188.962638092041,181.69961059570312,57.91648285140313,2.613667341349725,2.86208818085132
2023-07-27,190.38446044921875,194.30604897209747,189.72429463258098,193.1433729163405,47460200,189.15822372436523,182.11640319824218,57.40958418074399,2.475227651618411,2.784716075004739
2023-07-28,192.9561767578125,193.74443968391378,191.2909752730755,191.81319626670884,48291400,189.46564712524415,182.58463012695313,70.41855168940373,2.5437069432367707,2.7365142486511456
2023-07-31,193.56707763671875,193.60649905306556,192.39453857567588,193.1828015190956,38824100,189.58782730102538,183.05285675048827,73.55089861584489,2.617103530221044,2.7126321049651256
2023-08-01,192.73941040039062,193.8429695122176,192.41425136889904,193.36016991822595,35175100,189.74301681518554,183.45802307128906,67.25770387855013,2.5787587002569126,2.6858574240234834
2023-08-02,189.75387573242188,192.31571151477112,189.03459274742033,192.17776662675897,50389300,189.8046012878418,183.8013101196289,55.3181611560072,2.2811665813273407,2.604919255484255
2023-08-03,188.36453247070312,189.54691917513858,187.89158079590146,188.7586713954234,61235200,189.77307052612304,184.1357287597656,51.174139311752455,1.9111833609310906,2.466172076573622
2023-08-04,179.31927490234375,184.6301752435833,179.25029494609427,182.79747042079737,115956800,189.3449478149414,184.34126770019532,27.203726998972698,0.8779715917950455,2.1485319796179065
2023-08-07,176.22535705566406,180.44254624962392,174.74736976708382,179.4572213905704,97576100,188.8641098022461,184.47941101074218,24.520622919729405,-0.18833844406427147,1.6811578948814712
2023-08-08,177.16140747070312,177.62451134366992,174.97398514494694,177.05302113799038,67823000,188.4561851501465,184.61361236572264,23.419044590408447,-0.9469495394031924,1.1555364080245385
2023-08-09,175.5750274658203,178.27480777933516,174.41233639065635,178.2156906972674,60378500,187.88568191528321,184.66800231933593,23.71571288376586,-1.6570603462331235,0.5930170571730061
2023-08-10,175.3582305908203,178.09743193733033,174.99366527850802,176.8460654118823,54686900,187.26640548706055,184.68120483398437,24.5537122151095,-2.2118254259861203,0.03204856054118088
2023-08-11,175.41746520996094,176.23639103718068,174.19402209160106,174.95375100085724,52036700,186.64269943237304,184.6965774536133,22.434830017196944,-2.616539174966732,-0.4976689865604017
2023-08-14,177.06515502929688,177.29208151781367,174.943837241764,175.59503330985302,43675600,185.93879928588868,184.68893829345703,24.697387143437112,-2.772364842568976,-0.9526081577621166
2023-08-15,175.08197021484375,177.08487915778778,174.68731413890805,176.49289504388423,43622600,185.14854888916017,184.6246875,20.647214957395306,-3.0210593554608067,-1.3662983973018545
2023-08-16,174.21376037597656,176.15745776554937,174.14468726786023,174.7662850202376,46964900,184.2473922729492,184.57006958007813,20.938883968113373,-3.2507363614770384,-1.7431859901368916
2023-08-17,171.67803955078125,175.1411945839284,171.1649745274817,174.7761369036864,66062900,183.3165054321289,184.4720297241211,11.710533252497555,-3.595917029038361,-2.1137321979171855
2023-08-18,172.1614990234375,172.76335939467492,169.6652621694116,170.0007213782545,61172200,182.46841735839843,184.41105072021483,11.303723221142391,-3.7868120439353277,-2.4483481671208143
2023-08-21,173.4934539794922,173.77959243029935,171.4214870063081,172.73374028357344,46311900,181.64702224731445,184.3225177001953,15.83081076658759,-3.786966295078912,-2.716071792712434
2023-08-22,174.86492919921875,175.30892111024494,173.89801113995804,174.69719959083847,42038900,180.8513397216797,184.2537289428711,21.959153833509404,-3.6345254054259613,-2.8997625152551394
2023-08-23,178.7030029296875,179.12727253692543,175.95024126986627,176.13770818549477,52722800,180.20420532226564,184.20593231201173,33.340700304255904,-3.167501443233988,-2.953310300850909
2023-08-24,174.02626037597656,178.6832744289853,173.66118769058747,178.25900483655056,54945800,179.38629531860352,184.07406005859374,39.2544602835425,-3.1385760760777828,-2.990363455896284
2023-08-25,176.2265167236328,176.7593040006282,173.4737548580186,175.0129348306344,51449600,178.54981231689453,183.97358032226563,50.00244292554477,-2.9046274777682584,-2.973216260270679
2023-08-28,177.78543090820312,178.1800870283186,176.1673167274641,177.6867593505913,43820700,177.76072998046874,183.86368408203126,51.280936547034074,-2.5638754218874453,-2.8913480925940322
2023-08-29,181.6630096435547,182.43259974524452,177.10466595582741,177.30199404892278,53003900,177.20690994262696,183.8528189086914,61.4224088570892,-1.9583639642104913,-2.704751266917324
2023-08-30,185.1458740234375,185.34321714142652,182.27471834075723,182.47204640358012,60813900,176.97650985717775,183.9098370361328,66.35889321934393,-1.1838075273024629,-2.400562518994352
2023-08-31,185.36294555664062,186.59626480914432,184.97815055206615,185.33334709899387,60794500,176.8264305114746,183.99188873291016,66.53545604317266,-0.5461543843149741,-2.0296808920584763
2023-09-01,186.93170166015625,187.3855546233135,185.76744069021527,186.9613001118768,45766500,177.20705184936523,184.04540771484375,66.44738984099335,0.08479833009317872,-1.6067850476281453
2023-09-05,187.1685333251953,187.44479564304942,185.1064270757959,185.7674844117445,45280000,177.75421066284179,184.1099694824219,71.39373019924321,0.597060694090203,-1.1660158992844756
2023-09-06,180.46913146972656,186.32986658571798,179.04834537431464,185.88585963952747,81755800,177.91959686279296,184.06832916259765,59.17772301343955,0.4571765213543415,-0.8413774151567122
2023-09-07,175.19053649902344,175.8318715643951,171.22417743783686,172.84229174782251,112488800,177.90037231445314,183.8661361694336,54.769566109238276,-0.07871382841057084,-0.6888446978074839
2023-09-08,175.80223083496094,177.83475336123297,175.4174358773743,175.96997548136457,65551300,177.92257232666014,183.6527258300781,54.92653729875134,-0.4488777870016065,-0.6408513156463085
2023-09-11,176.96653747558594,177.8939960879197,174.97348907813478,177.66706953016848,58953100,178.0000259399414,183.45590240478515,54.72110054750263,-0.6408977058820255,-0.6408605936934519
2023-09-12,173.9473419189453,177.72623373133553,172.487096210491,177.09477490699047,90370200,177.84413528442383,183.1123797607422,48.80616636365044,-1.0248844935017587,-0.7176653736551133
2023-09-13,171.88523864746094,174.93400012779577,171.65829707262085,174.15453395453247,84267900,177.68429870605468,182.75737213134767,40.69991511866112,-1.4785475140800486,-0.8698418017401004
2023-09-14,173.3948211669922,173.75001770449512,171.26364194197464,171.67803539320033,60895800,177.64335174560546,182.45482482910157,49.05719183419043,-1.6967094230710416,-1.0352153260062886
2023-09-15,172.674560546875,174.14468255030425,171.5004532372104,174.12494522635322,109259500,177.69317779541015,182.1284130859375,44.451309364275055,-1.905754963365979,-1.2093232534782268
2023-09-18,175.59506225585938,176.98624997924455,173.8190795297471,174.12494029407293,67257600,177.86485595703124,181.88267974853517,46.71793361605302,-1.8148445812465184,-1.3304275190318853
2023-09-19,176.68040466308594,177.23292932503867,174.76629061620125,175.1510856525732,51826900,178.02420349121093,181.69944549560546,41.852233337425425,-1.6363564877702572,-1.3916133127795598
2023-09-20,173.1481475830078,177.30195805066697,173.0593371622532,176.86782730089922,58436200,177.9383644104004,181.4560104370117,30.412451005157195,-1.7596429452777613,-1.4652192392792003
2023-09-21,171.6089630126953,173.94734650075085,171.53990496478352,172.22069958579337,63149100,177.5836624145508,181.14848785400392,28.474432177748483,-1.9589659424350145,-1.5639685799103633
2023-09-22,172.4574432373047,174.7168919118195,171.72732807772584,172.33904943957026,56725400,177.50522155761718,180.84276153564454,26.824676368565306,-2.025121253430598,-1.6561991146144104
2023-09-25,173.7303009033203,174.60842368932387,171.82604797435675,171.8753837600089,46172700,177.38041076660156,180.55953582763672,29.174418923609963,-1.952335529389643,-1.715426397569457
2023-09-26,169.66525268554688,172.86200623492672,169.36925308333926,172.48708745695123,64588900,176.97440185546876,180.12997772216798,31.768319280170445,-2.197338189984606,-1.811808756052487
2023-09-27,168.15565490722656,170.730825832551,166.79408083596385,170.31643241476104,66921800,176.29903411865234,179.67535125732422,36.398357788702775,-2.4846747047898248,-1.9463819457999545
2023-09-28,168.41220092773438,169.73431545858824,165.38316183381656,167.0802102082604,56294400,175.46235046386718,179.198857421875,35.51273606606709,-2.661015314983757,-2.089308619636715
2023-09-29,168.92527770996094,170.76045735672912,168.06687727418498,169.7244661753788,51861100,174.6404670715332,178.77144744873047,33.82302923440939,-2.727919749858529,-2.217030845681078
2023-10-02,171.4313507080078,171.97401410977108,168.64897565996583,168.9351141150612,52164500,173.86544952392578,178.41760925292968,44.83176467490719,-2.5493356947184225,-2.283491815488547
2023-10-03,170.09938049316406,171.31297744317223,168.54047825044546,169.96124934298015,49594600,173.01199188232422,178.02116973876954,46.21812950607359,-2.4866211878045306,-2.324117689951744
2023-10-04,171.34259033203125,171.88525384459265,168.68848474300435,168.80687858022958,53020300,172.55566482543946,177.63244995117188,45.60444839822759,-2.309974892531528,-2.321289130467701
2023-10-05,172.57589721679688,173.10868450108188,170.3756448658088,171.47083294671847,48527900,172.42493286132813,177.25105407714844,49.7932232485376,-2.0468688425496566,-2.266405072884092
2023-10-06,175.12147521972656,175.61480292776608,170.8689777300858,171.48071432556827,57266700,172.3908950805664,176.9457943725586,48.99161831663257,-1.6143394317313096,-2.1359919446535356
2023-10-09,176.6014862060547,176.66068313153215,173.45405252336897,174.450569230968,42390800,172.37264251708984,176.61870056152344,49.83474095356898,-1.1390025276881204,-1.9365940612604526
2023-10-10,176.0094757080078,177.32172934204314,175.57534487507363,175.7233522345748,43698000,172.47574920654296,176.26754852294923,56.83320166398955,-0.8008333972684056,-1.7094419284620432
2023-10-11,177.400634765625,177.4499705441094,175.22999600880442,175.82198018511957,47551100,172.75151901245118,175.96077301025392,63.92970465119864,-0.41578411502402446,-1.4507103657744396
2023-10-12,178.2985076904297,179.90674578858014,176.6507798893927,177.6670488234186,56743100,172.99670333862304,175.73166564941405,64.01520144106146,-0.037743855845008056,-1.1681170637885534
2023-10-13,176.46331787109375,179.50220314362676,175.7627859383901,178.9990143278533,51427100,173.18614120483397,175.49364135742186,56.38535970789575,0.11247475314704047,-0.9119987004014347
2023-10-16,176.33505249023438,176.69024903281087,174.15453745424634,174.39134016768617,52517000,173.22314071655273,175.4339569091797,69.09599899345747,0.218653635757164,-0.685868233169715
2023-10-17,174.78599548339844,176.03905203817294,172.467364361049,174.29266779074965,57549400,173.12842025756837,175.40516967773436,68.94023004137397,0.17577894055301613,-0.5135387984251688
2023-10-18,173.4934539794922,175.21023951884263,172.7731998689447,173.2369290366687,54764400,173.14568557739258,175.33181060791014,63.70398841804027,0.03707575236862226,-0.4034158882664106
2023-10-19,173.11856079101562,175.46679037407037,172.85215962113486,173.69080766680926,59302900,173.2211654663086,175.28268127441407,61.39408609239123,-0.10192336169839677,-0.34311738295280786
2023-10-20,170.57298278808594,173.07908076842247,170.33618008275127,172.97054807703984,64244000,173.12694244384767,175.18697631835937,47.67261937269037,-0.4127303332188319,-0.3570399730060127
2023-10-23,170.69140625,171.68792291287053,167.6623665542272,168.62929981085605,55980100,172.97499771118163,175.09245513916017,51.7182981324098,-0.6420897033090114,-0.4140499190666125
2023-10-24,171.12550354003906,171.35243005141567,169.1620540054936,170.74070856198063,43816600,173.04801025390626,174.973662109375,49.33887500476315,-0.7798411102618843,-0.48720815730566686
2023-10-25,168.81675720214844,170.7505934954682,168.37275019582236,169.58634726553433,57157000,173.08106536865233,174.8483578491211,39.25556217502915,-1.0630524206092673,-0.602377009966387
2023-10-26,164.66290283203125,169.09299056011605,163.45918215856796,168.0964590692853,70625300,172.8936004638672,174.6573406982422,22.623974616746906,-1.6041886685476925,-0.802739341682648
2023-10-27,165.97520446777344,166.70533502385422,164.6037538005945,164.68268805437373,58499100,172.7460968017578,174.54328399658203,21.938610219702824,-1.9051894312488002,-1.0232293595958786
2023-10-30,168.01751708984375,168.88577853365425,166.61646843152695,166.76447575317525,51131000,172.5754051208496,174.46040435791016,30.396772225569933,-1.9563851537554626,-1.2098605184277953
2023-10-31,168.49111938476562,168.619374328328,165.65940861123508,167.09007075196132,44846000,172.4949920654297,174.36035766601563,27.11605208454175,-1.9364205349990584,-1.355172521742048
2023-11-01,171.64845275878906,171.9049777602895,167.84982318964867,168.71808481806195,56934900,172.5102851867676,174.29602813720703,34.69576808760486,-1.6468442194131114,-1.413506861276261
2023-11-02,175.2003936767578,175.40758286457637,173.11855033416663,173.17774724497193,77334800,172.64151000976562,174.22597595214845,47.306387773154285,-1.117855018937604,-1.3543764928085298
2023-11-03,174.2926788330078,174.46042350768224,171.0367278993792,171.91485064572058,79829200,172.60007019042968,174.23130432128906,45.78412146860446,-0.7630760030358488,-1.2361163948539935
2023-11-06,176.8382568359375,177.035584920202,173.85856813665714,174.02629776104038,63841300,172.61190872192384,174.24353912353516,54.0688925770248,-0.27335316124904807,-1.0435637481330045
2023-11-07,179.39369201660156,180.00541354681909,176.58171810512866,176.7889073081916,70530000,172.7811195373535,174.27570434570313,61.14017073924006,0.3173003407308954,-0.7713909303602245
2023-11-08,180.4493865966797,181.00191115396063,179.1667317000403,179.91659936077735,49340300,172.93355712890624,174.25143188476562,63.4943310288187,0.8606620499153621,-0.4449803343051072
2023-11-09,179.97579956054688,181.66297171772456,179.38380034968415,180.51846299464347,53763500,173.0174217224121,174.14803039550782,68.73771162759017,1.2387856533750323,-0.1082271367690793
2023-11-10,184.15487670898438,184.32284238950194,181.31944959381738,181.75415237279827,66133400,173.40199966430663,174.1238690185547,73.09242077030743,1.8542928000820496,0.2842768506011465
2023-11-13,182.57411193847656,183.7892925333636,181.9912220269046,183.58183039704093,43627500,173.71395263671874,174.0367172241211,68.89337562436859,2.18929530882815,0.6652805422465473
2023-11-14,185.18234252929688,185.8442707665973,184.05607409829287,185.43920547847273,60108400,174.23376998901367,173.99699340820314,76.7434008915672,2.634876406300606,1.059199715057359
2023-11-15,185.7454376220703,187.21749618530262,185.51821216432265,185.5873762590713,53790500,174.84636917114258,174.10251953125,89.03209148040945,2.998870590851567,1.4471338902162008
2023-11-16,187.42501831054688,188.65996251273407,186.37777296409004,187.286705162902,54412900,175.56169204711915,174.34720916748046,89.17924903245802,3.383859701009527,1.8344790523748662
2023-11-17,187.40521240234375,188.08690385906573,186.29870747259162,187.95846486721982,50922700,176.40330352783204,174.57926879882814,88.2378574627189,3.645346883515799,2.196652618603053
2023-11-20,189.14404296875,189.59850904887813,187.592960955599,187.6028350817968,46505100,177.32593536376953,174.8228189086914,88.79697308453005,3.947383474725342,2.546798789827511
2023-11-21,188.3437957763672,189.21320125507725,187.45464204586924,189.10452557023848,38134500,178.18684997558594,175.11074798583985,84.40979044906646,4.075200019731028,2.8524790358082144
2023-11-22,189.00567626953125,190.60615861015532,188.53146207138292,189.18351601571032,39617700,179.19629592895507,175.45315673828125,82.3013367626509,4.181699745104936,3.118323177667559
2023-11-24,187.68185424804688,188.60064536615056,186.970525284031,188.57100791556658,24048300,180.34724349975585,175.73889739990236,80.72937496454193,4.111880967030373,3.3170347355401217
2023-11-27,187.50404357910156,188.37344913120532,186.62476390027032,187.63248260157215,40552600,181.42368545532227,176.03548706054687,77.4638546122057,3.996136275950363,3.4528550436221703
2023-11-28,188.106689453125,188.77850691885152,187.11873411970524,187.4941619704054,38415400,182.42814407348632,176.2857196044922,74.94406298843867,3.9079874136194803,3.5438815176216325
2023-11-29,187.0890655517578,189.77630481775705,186.69388951411068,188.60063575450744,43014200,183.35804138183593,176.49389282226562,69.04997478320561,3.713211470503353,3.5777475081979766
2023-11-30,187.66207885742188,188.02763251612237,185.92328320995222,187.55340318726755,48794400,184.1587226867676,176.78417144775392,71.92768315149067,3.5640038987644402,3.5749987863112698
2023-12-01,188.9365692138672,189.25270705783993,186.95076949469112,188.0375263099119,45704800,184.84553146362305,177.13072357177734,66.35119806064553,3.5081566969331277,3.561630368435641
2023-12-04,187.1483612060547,187.76090372984268,185.1922139752508,187.69173962433385,43389500,185.4883155822754,177.42454193115233,65.42302737453852,3.2817737011779116,3.5056590349840957
2023-12-05,191.09027099609375,192.05846275973386,187.8892910892655,187.9189436108549,66628400,186.2009162902832,177.7717413330078,68.27612966081853,3.3814633179405575,3.4808198915753885
2023-12-06,190.00357055664062,192.41416882595195,189.79609331061306,192.1079050949125,41089700,186.73141021728514,178.17850769042968,62.759162413780174,3.3343441698872027,3.4515247472377513
2023-12-07,191.93003845214844,192.65124144270368,191.2582211558107,191.29774780118257,47477700,187.3054428100586,178.65399536132813,63.30212813505011,3.4131075849299464,3.4438413147761904
2023-12-08,193.35272216796875,193.62934842275146,191.33728508312288,191.86090014217592,53406400,187.9742889404297,179.1528057861328,66.2178265609267,3.5494114391749747,3.464955339655947
2023-12-11,190.85317993164062,191.15945870925907,189.11438419177532,190.78403090604945,60943700,188.3092041015625,179.5913638305664,54.474872637318384,3.4163593922903317,3.455236150182824
2023-12-12,192.36477661132812,192.3746507369947,189.4107849369075,190.75440470261375,52696900,188.7987373352051,180.01003234863282,60.1496884443633,3.393766675962212,3.4429422553387017
2023-12-13,195.57565307617188,195.61516465825315,192.5031112505093,192.74021089300243,70404200,189.31840286254882,180.51955780029297,64.69307555073867,3.593528719613289,3.4730595481936195
2023-12-14,195.72381591796875,197.21562292408947,193.79730618821,195.63490356313392,66831600,189.81732177734375,181.0071823120117,68.98324840112781,3.720904807066006,3.522628599968097
2023-12-15,195.19032287597656,196.01031245444227,194.62718115642724,195.1507962246044,128538400,190.20558700561523,181.45947082519533,67.8440157678912,3.7357395638906894,3.565250792752616
2023-12-18,193.53053283691406,194.2616250715381,192.04860011875655,193.72812085100188,55751900,190.51185302734376,181.82765197753906,62.00254329373422,3.572384802572941,3.566677594716681
2023-12-19,194.5679168701172,194.5777909959987,193.53056080250687,193.79731295132126,40714100,190.7830467224121,182.18698059082033,66.53565461940607,3.4864436468949123,3.5506308051523274
2023-12-20,192.4833221435547,195.2989855460905,192.4833221435547,194.5283816611859,52242800,190.9900230407715,182.51645751953126,59.99184120067168,3.213086824265872,3.4831220089750365
2023-12-21,192.33509826660156,194.7061996333918,191.16931844438724,193.73800782299358,46482500,191.156494140625,182.8151467895508,57.38822427327201,2.950477872486033,3.376593181677236
2023-12-22,191.26812744140625,193.05632389177538,190.64571085868127,192.82908334808235,37149600,191.33580780029297,183.0745391845703,59.24610129743288,2.625991957002043,3.226472936742198
2023-12-26,190.72474670410156,191.55462542072405,190.50739536284337,191.2779991818499,28919300,191.49684295654296,183.35976776123047,49.03197336805379,2.2984926543506674,3.040876880263892
2023-12-27,190.8235321044922,191.16932243864449,188.78834689776542,190.17149315937536,48087700,191.63268508911133,183.64953735351563,52.29142556459461,2.0235915499757766,2.8374198142062688
2023-12-28,191.24838256835938,192.31537606668746,190.84331729052167,191.80163510638113,34049900,191.8406509399414,183.97878509521485,47.92055537505225,1.819043524577694,2.633744556280554
2023-12-29,190.21102905273438,192.0585006042798,189.4206618129017,191.56452296375952,42672100,191.96809844970704,184.3131365966797,40.1852791103857,1.5553034119842835,2.4180563274213003
2024-01-02,183.4040069580078,186.17028459685415,181.6750853181039,184.89581391743906,82488700,191.69147033691405,184.51884552001954,31.663560444381346,0.7879348556781451,2.0920320330726696
2024-01-03,182.03076171875,183.6411336613478,181.22063114701328,182.00112426612563,58414500,191.43559036254882,184.7480010986328,24.3879582371503,0.06819423144418124,1.6872644727469719
2024-01-04,179.71893310546875,180.88471299934187,178.70134046081682,179.95603270422265,71983600,190.86702346801758,184.9285516357422,8.867316016630625,-0.68090163682362,1.2136312508328537
2024-01-05,178.9977264404297,180.55869755734878,177.99989705667167,179.79798286255345,62379700,190.31673126220704,185.08599609375,7.864821293898132,-1.3175727019160774,0.7073904602830676
2024-01-08,183.324951171875,183.3644778190013,179.3138557634904,179.89674567111302,59144500,189.88647689819337,185.37615997314452,24.906011580018756,-1.456182273461053,0.2746759135342435
2024-01-09,182.9100341796875,182.9199083051763,180.52905841182087,181.7047275700206,42841800,189.3643424987793,185.74110260009766,26.290341590765564,-1.5812836377410235,-0.09651599672080993
2024-01-10,183.9473876953125,184.1548498527509,181.70472508990332,182.12955368013527,46792900,189.0190528869629,186.10054626464844,26.290241155683276,-1.5785253533778416,-0.3929178680522163
2024-01-11,183.35459899902344,184.7970202008086,181.40832608034748,184.293153408918,49128400,188.56854400634765,186.40728790283202,28.166330910046426,-1.6056633986277689,-0.6354669741673269
2024-01-12,183.68064880371094,184.49077939116623,182.95944565085554,183.81896194364214,40477800,187.97379379272462,186.71107849121094,29.4752673167865,-1.5826175704738148,-0.8248970934286245
2024-01-16,181.41824340820312,182.04064501968628,178.75075193755313,179.96594785640553,65603000,187.25851516723634,186.9064743041992,27.89365756233741,-1.72700297802362,-1.0053182703476238
2024-01-17,180.47967529296875,180.72666412936158,178.1283518215105,179.08666971271487,47317400,186.52298278808593,187.01205993652343,27.4074876660316,-1.8953160332677044,-1.18331782293164
2024-01-18,186.35800170898438,186.86185345428623,183.59172402252184,183.8485869578717,78005800,186.16435623168945,187.25336639404296,42.15283382626206,-1.5366598691953754,-1.253986232184387
2024-01-19,189.25270080566406,189.63800274105876,186.5457131326349,187.0495648712278,68903000,185.8985954284668,187.5016552734375,46.77314219254316,-1.0072334894127266,-1.2046356836300551
2024-01-22,191.5546417236328,192.97729968749402,189.94426985134535,189.98379650311966,60133900,185.8521614074707,187.74487426757813,52.087160366826346,-0.3973316828571569,-1.0431748834754755
2024-01-23,192.82913208007812,193.39227390676612,191.4954013050335,192.67107066951962,42355600,185.87686309814453,187.9924691772461,67.6798149828407,0.18670835564617505,-0.7971982356511454
2024-01-24,192.15728759765625,194.0146482092326,191.999211146671,193.06620457832125,53631300,185.92132110595702,188.2360989379883,69.50887119627397,0.5885674201989559,-0.5200451044811252
2024-01-25,191.83126831054688,193.90598035718745,190.78403816176663,192.86862433386716,54822100,185.9766471862793,188.38962677001953,75.26789647787436,0.8706997080398367,-0.24189614197693285
2024-01-26,190.1023406982422,192.41415228379137,189.6281264159501,191.93006387634745,44594000,185.9405876159668,188.54019134521485,72.23096558035873,0.9439008680955396,-0.004736739962438369
2024-01-29,189.420654296875,189.88499446653958,187.29655655692048,189.69728055859,47145600,185.84920120239258,188.62495758056642,64.2890254126952,0.9361159572825954,0.1834337994865684
2024-01-30,185.7751007080078,189.4898221386195,185.21197404804863,188.6401800108733,55859400,185.62740478515624,188.62555084228515,55.8326349226861,0.6285352883624569,0.2724540972617461
2024-01-31,182.178955078125,184.84644650359252,182.12956937209933,184.78715652135838,55467800,185.5661521911621,188.52062957763673,46.73954875372757,0.09351847143025793,0.23666697209544846
2024-02-01,184.60931396484375,184.6982263171025,181.6059367135455,181.77388729281213,64885400,185.6950798034668,188.46471160888672,52.16651288620545,-0.13284520296849678,0.16276453708265942
2024-02-02,183.61146545410156,185.0736348136651,177.09095561888776,177.69360884630905,102551700,185.88970642089845,188.35406005859375,49.883249886442876,-0.3882822056709472,0.052555188531938093
2024-02-05,185.41941833496094,186.97051518171523,183.60158444736317,185.88375846902116,69668800,186.210791015625,188.29557250976563,56.857347731738614,-0.4397618816151976,-0.04590822549748905
2024-02-06,187.01991271972656,187.02978684421677,184.5203873987695,184.60929974417922,43490800,186.3955390930176,188.25585723876952,60.96020612156079,-0.3474086639079701,-0.10620831317958526
2024-02-07,187.12860107421875,188.74884702540382,186.33823388644547,188.3437817688575,53439000,186.60646743774413,188.24479217529296,51.60096929303996,-0.26242278513046813,-0.13745120756976184
2024-02-08,186.05172729492188,187.25701874915856,185.09340956143063,187.10883150171134,40962000,186.7116844177246,188.21574584960936,42.80642123751542,-0.27875229514751254,-0.165711425085312
2024-02-09,186.81344604492188,187.9411516715375,185.97260641439556,186.61559077121817,45155200,186.88462677001954,188.1898809814453,38.55259405861804,-0.22760551758085512,-0.17809024358442063
2024-02-12,185.13174438476562,186.63535673641036,184.77562606711913,186.3880527684402,41781900,186.95718154907226,188.15073455810546,31.77340542227965,-0.3190922998692258,-0.20629065484138168
2024-02-13,183.04452514648438,184.20192116931864,181.5310258479947,183.76666370675508,56529500,187.03849563598632,188.05838348388673,29.777448794666682,-0.553635418392588,-0.275759607551623
2024-02-14,182.1641082763672,183.5292310959524,180.472557481369,183.3215042025078,54630500,187.12271728515626,187.92293426513672,29.062346945047935,-0.8013177211949767,-0.3808712302802938
2024-02-15,181.8772430419922,182.50045391335385,179.39431647047905,181.57058851615943,65434500,186.89867935180663,187.81751190185548,30.99870984116241,-1.0091228179139762,-0.5065215478070303
2024-02-16,180.3439483642578,182.8565652037317,179.7108507918506,181.44197861733377,49752500,186.45324172973633,187.60258544921874,29.825177837273543,-1.282747209089564,-0.6617666800635371
2024-02-20,179.60205078125,180.46266385305907,178.0588762686663,179.82956623009554,53665600,185.8556121826172,187.39455505371095,34.24557244185313,-1.5416898047053564,-0.837751304991901
2024-02-21,180.35385131835938,180.91769653606136,178.71174929095213,179.9779444437335,41371400,185.23184814453126,187.16303131103516,44.5509958634765,-1.6670232506781701,-1.003605694129155
2024-02-22,182.38172912597656,182.9653779737103,180.49233824441416,181.50132758611662,52292200,184.74307022094726,186.9436114501953,43.18558426682028,-1.5844535242580378,-1.1197752601549316
2024-02-23,180.55169677734375,183.04451006700117,180.2648157032703,183.0148347964746,45119700,184.1790916442871,186.73758178710938,41.093327624298105,-1.6476911792414057,-1.2253584439722265
2024-02-26,179.2063751220703,180.78911167382452,178.70186529911302,180.27473021897956,40867400,183.63429336547853,186.4744137573242,31.413881184828668,-1.78577834947248,-1.3374424250722772
2024-02-27,180.66049194335938,181.9365737231629,177.62359209867634,179.14699293032547,54318900,183.19628524780273,186.17611053466797,30.807919402388492,-1.757617629870083,-1.4214774660318383
2024-02-28,179.4635467529297,181.14521076395337,178.1874648834917,180.54178846123017,48953900,182.88070755004884,185.8509051513672,28.293445129196996,-1.811007364690255,-1.4993834457635216
2024-02-29,178.80078125,180.6011615069905,177.59393659501978,179.31517776545977,136682600,182.71179885864257,185.52311431884766,28.97298158358187,-1.8850688510117095,-1.5765205268131592
2024-03-01,177.72254943847656,178.58316252471684,175.46713817545924,177.61373507516265,73563100,182.36746063232422,185.2069546508789,24.11252849320377,-2.007624760006024,-1.6627413734517322
2024-03-04,173.21168518066406,174.99226146882492,171.9157998591467,174.2503496506797,81510100,181.84747161865235,184.77983001708984,20.766470203012446,-2.440606455596253,-1.8183143898806367
2024-03-05,168.28543090820312,170.18472392770593,167.79082287934597,168.91852858137074,95132400,180.99077224731445,184.2958721923828,18.22815113021815,-3.145001498598617,-2.083651811624233
2024-03-06,167.29617309570312,169.39332087872134,166.8609157238647,169.21525418377138,68587700,180.00458526611328,183.79509368896484,18.143131868670793,-3.739952637006752,-2.4149119767007368
2024-03-07,167.17747497558594,168.88881413208614,166.67298033709926,167.32585131213037,71765100,179.00702896118165,183.31328063964844,18.274829150574064,-4.1729306993357795,-2.766515721227745
2024-03-08,168.88885498046875,171.8268279085278,167.118164861082,167.1775154100546,76267000,178.14888534545898,182.87656280517578,25.46610482448314,-4.3280834178726195,-3.07882926055672
2024-03-11,170.88706970214844,172.49949666610803,170.19462149789052,171.07502316349817,60139500,177.35256652832032,182.47783355712892,32.287891652985394,-4.240917183454087,-3.3112468451361936
2024-03-12,171.3618621826172,172.15323790323208,169.16580172767317,171.28272310113206,59825400,176.6640724182129,182.08010314941407,31.516792366074142,-4.0864198254711255,-3.46628144120318
2024-03-13,169.28453063964844,171.3223130850131,168.91851047344855,170.90684419661972,52488700,175.9760726928711,181.66157318115233,23.13307724860836,-4.084519057539239,-3.5899289644703924
2024-03-14,171.13436889648438,172.43023944819464,170.19461671040915,171.0453430786352,72913500,175.42458572387696,181.4161804199219,30.69746028926255,-3.8889171811779306,-3.6497266078119
2024-03-15,170.75843811035156,170.75843811035156,168.4535633292171,169.32407812222547,121752700,174.86864547729493,181.1907339477539,31.967826071096354,-3.7213384839917296,-3.6640489830478664
2024-03-18,171.84658813476562,175.79356502758816,171.64874797271588,173.67664359575858,75604200,174.44377746582032,181.03328704833984,30.888078921525818,-3.4608322265963807,-3.62340563175757
2024-03-19,174.18113708496094,174.70542030322298,171.16402557801365,172.45989598897214,55215200,174.17273178100587,180.93695526123048,39.08424280108922,-3.0310603739024202,-3.5049365801865404
2024-03-20,176.7432098388672,176.7432098388672,173.2018149693641,173.82502584048726,53423100,173.99219970703126,180.80532043457032,46.057622533985814,-2.4554206642277165,-3.295033396994776
2024-03-21,169.52191162109375,175.57592275278003,168.9976284397713,175.1406653733646,106181300,173.3492088317871,180.53755798339844,37.28134964603692,-2.552496867305223,-3.1465260910568653
2024-03-22,170.42210388183594,171.18380430580046,168.22604350725265,169.90770741812418,71160100,172.8427291870117,180.2670523071289,45.127872752992545,-2.52765522934601,-3.0227519187146945
2024-03-25,169.00755310058594,170.085794876263,167.6226416976105,168.73057383883838,54288300,172.3327880859375,179.98011138916016,51.43755934773535,-2.5922288775477966,-2.936647310481315
2024-03-26,167.87982177734375,169.5713723598813,167.7512188918725,168.16668772081567,57388400,171.69375457763672,179.6640948486328,51.15552349292548,-2.7032411704141452,-2.8899660824678812
2024-03-27,171.44100952148438,171.72789059246503,168.27552158079686,168.5722893771007,60273300,171.29262771606446,179.46455017089843,57.428480125229896,-2.4753270935499074,-2.8070382846842867
2024-03-28,169.6307373046875,170.37264922530974,168.67119667981044,169.89782982249778,65672700,170.83412551879883,179.2475714111328,51.288164045651136,-2.4129622575341045,-2.72822307925425
2024-04-01,168.1963653564453,169.40320986933065,167.65229363436822,169.34385933496506,46240500,170.35781631469726,178.88433868408202,45.234700550742346,-2.451025606868285,-2.672783584777057
2024-04-02,167.01919555664062,167.51380346702695,166.41577330219988,167.25661278755086,49329500,170.0481918334961,178.43966857910155,42.49573239126892,-2.546820686737078,-2.6475910051690614
2024-04-03,167.8204803466797,168.83937157047524,166.7620271262386,166.9697540235435,47691700,170.02494430541992,177.9649853515625,47.3533542899449,-2.5289300602296123,-2.623858816181172
2024-04-04,166.99945068359375,170.0660111961713,166.99945068359375,168.45358430225178,53704400,170.01010818481444,177.44839172363282,42.236292480561076,-2.551588715602662,-2.60940479606547
2024-04-05,167.75123596191406,168.5524984345705,167.12802510796487,167.7611226870966,42104800,170.03879623413087,176.96027069091798,44.432271355296116,-2.4802918140989902,-2.5835821996721746
2024-04-08,166.63340759277344,167.37531948329715,166.425680716199,167.20715459942008,37425500,169.9260238647461,176.4563134765625,40.35857583332535,-2.4853384783896217,-2.5639334554156643
2024-04-09,167.84024047851562,168.24582257310013,166.5344834909376,166.8806999592474,42373800,169.77368240356446,176.01107147216797,37.762481587343295,-2.36469790279304,-2.5240863448911397
2024-04-10,165.97064208984375,167.2665125006067,165.30786924976792,166.97964653177021,49709300,169.50412139892578,175.54207122802734,28.638686014333445,-2.392372560863066,-2.497743588085525
2024-04-11,173.15235900878906,173.56784300454478,166.3465633103838,166.5246149420751,91070300,169.6975128173828,175.28961639404298,57.2102636212388,-1.813890985351236,-2.360973067538667
2024-04-12,174.64610290527344,176.43658160486194,172.3313408879349,172.38078961681583,101670900,169.87309951782225,175.13895935058594,58.19585931819204,-1.2208345001411658,-2.132945354059167
2024-04-15,170.82769775390625,174.72521085075485,170.63974431610336,173.46890241983837,73531800,169.8765625,174.8633270263672,53.23030444505707,-1.0468785822065456,-1.915731999688643
2024-04-16,167.5533905029297,171.88614579113815,166.45536027289515,169.8978273072319,73711200,169.6619026184082,174.54216552734374,49.461681582630476,-1.1598563920825882,-1.7645568781674323
2024-04-17,166.1882781982422,168.80969440593617,166.1882781982422,167.78091646807817,50901200,169.26225967407225,174.15754272460939,40.66129925739203,-1.3440518811960942,-1.680455878773165
2024-04-18,165.23861694335938,166.8213684176903,164.75391081370103,166.21794611620325,43122900,168.68703002929686,173.72191680908202,41.94486141474384,-1.5488042091680256,-1.654125544852137
2024-04-19,163.2206268310547,164.60552308162337,162.31054999578998,164.41758473594675,68149400,168.37196578979493,173.24375732421876,41.06576304175575,-1.8525517775445053,-1.6938107913906109
2024-04-22,164.0515594482422,165.45624419964858,162.99310629576294,163.73501821268977,48116400,168.05343856811524,172.80375396728516,44.604342892653925,-2.003133717465033,-1.7556753766054953
2024-04-23,165.1001434326172,165.24853488832454,163.14149999003314,163.56687071664174,49537800,167.8580680847168,172.36948791503906,45.09805538966445,-2.0146355609003024,-1.8074674134644568
2024-04-24,167.19729614257812,167.47427542099652,164.4176015378687,164.74402954196006,48251800,167.8239418029785,172.01079895019532,50.34083489038922,-1.8333939336131095,-1.8126527174941875
2024-04-25,168.05789184570312,168.77012851479734,166.33665071301928,167.70177351115603,50558300,167.65478591918946,171.71106628417968,50.52631303277508,-1.6018506204338223,-1.7704922980821145
2024-04-26,167.47427368164062,169.49226770262163,167.35555749623813,168.04802077933093,44838400,167.5469627380371,171.41726959228515,51.47013549672797,-1.448743768546933,-1.7061425921750784
2024-04-29,171.6289520263672,174.1316669492416,171.2332717193323,171.50034913417457,68169400,167.7185920715332,171.21230377197264,56.005040134855044,-0.9808510249702351,-1.5610842787341097
2024-04-30,168.49314880371094,173.10289859543835,168.1667057400835,171.46079655206535,65934800,167.79228973388672,170.97528778076173,53.84384299198238,-0.8532401464827899,-1.4195154522838458
2024-05-01,167.47427368164062,170.84750390177777,167.28632022447192,167.75125295718234,50383100,167.77497940063478,170.73273223876953,39.34671591566901,-0.8248143665625207,-1.3005752351395807
2024-05-02,171.16404724121094,171.54984088638673,169.04712555589578,170.649650682897,94214900,167.98320922851562,170.54893615722656,43.96429784312253,-0.4988029517126904,-1.1402207784542027
2024-05-03,181.40243530273438,184.98339240032777,180.69019857365393,184.63716076188317,163224100,168.66576919555663,170.52935028076172,64.9930467756856,0.5790409702622981,-0.7963684287109025
2024-05-06,179.75042724609375,182.21356516877455,178.47433028646978,180.38352481626606,78569700,169.32162017822264,170.51332489013672,68.12706052460067,1.2851227055219283,-0.3800702018643364
2024-05-07,180.4329833984375,182.90602327557747,179.36464345444207,181.4716631656838,77305800,169.95125732421874,170.53785705566406,71.60867494063952,1.8781242970887035,0.07156869792627157
2024-05-08,180.76930236816406,181.09574539643793,179.49320552179933,180.878116710922,45057100,170.69119033813476,170.54003326416014,74.00617290065479,2.348152421432985,0.5268854426276143
2024-05-09,182.57957458496094,182.6686003878229,180.14609698041687,180.59124108896245,48983000,171.16255111694335,170.60235382080077,80.11701098325119,2.8340576823425465,0.9883198905706008
2024-05-10,181.32159423828125,183.34232534295325,180.41028294678514,183.15411695720846,50759500,171.49632568359374,170.6527700805664,76.51494528612628,3.0821040251167062,1.407076717479822
2024-05-13,184.52105712890625,185.33332156582821,182.87672798687535,183.68899242379732,72044800,172.18099365234374,170.788740234375,77.96993290832415,3.4965464442048244,1.8249706628248226
2024-05-14,185.66021728515625,186.52201273815805,184.53098214319476,185.7394637127145,52393600,173.0863349914551,171.03771087646484,77.3447860347432,3.8722785349382036,2.234432237247499
2024-05-15,187.92860412597656,188.84981551266446,185.60078753373725,186.13569714479723,70400000,174.1733512878418,171.4305743408203,78.25170313308801,4.303480934809727,2.6482419767599445
2024-05-16,188.04747009277344,189.29558246787192,187.86917696187996,188.6715262803227,52845200,175.3137939453125,171.84560028076172,79.64221407795486,4.601757240495573,3.0389450295070706
2024-05-17,188.07716369628906,189.0082902438942,187.3936765447615,187.72056236134898,41282900,176.5566207885742,172.2635940551758,76.89589955736977,4.785376545339062,3.388231332673469
2024-05-20,189.23611450195312,190.10781001398533,187.22528381236822,187.54226949481966,44361300,177.81584854125975,172.67053924560548,86.26304768256085,4.967155534539046,3.7040161730465844
2024-05-21,190.5337677001953,190.91016932460286,189.11726241831752,189.28565540299905,42309400,179.08752975463867,173.0634732055664,89.92367823865543,5.156485703891235,3.994510079215515
2024-05-22,189.09744262695312,190.99932654838926,188.47340160760692,190.45451683728567,34648500,180.18253707885742,173.41818481445313,83.67644471544669,5.131479298493815,4.221903923071175
2024-05-23,185.1154022216797,189.1964945447871,184.86776283091424,189.17667916140735,51005900,181.03541259765626,173.73480224609375,59.11395733313757,4.735753344004024,4.324673807257745
2024-05-24,188.1861572265625,188.78049792280623,186.26447277204775,187.03712172304932,36327000,182.07100677490234,174.0758380126953,69.35828607364807,4.616703455901501,4.383079736986496
2024-05-28,188.196044921875,191.1776178733189,187.31444925751387,189.70168159973719,52280100,182.89936141967775,174.42459014892577,68.38215634443816,4.47160750837142,4.400785291263482
2024-05-29,188.49322509765625,190.43472491238563,187.7205912720781,187.8196530916493,53068000,183.899365234375,174.7575228881836,68.32344272727339,4.3306765377663226,4.386763540564051
2024-05-30,189.48377990722656,190.36537567482878,188.8300232981759,188.9587855239753,49889100,184.9998405456543,175.0635757446289,67.04161632352985,4.249926713266348,4.359396175104511
2024-05-31,190.43470764160156,190.7516933437122,188.11680637508078,189.63235836586054,75158300,185.96337356567383,175.3374057006836,72.84006140276404,4.2140864510781455,4.330334230299238
2024-06-03,192.19789123535156,193.14883318833753,190.7021546904014,191.07855630297723,50080500,186.50314636230468,175.79092529296875,70.73299788593964,4.278635518653459,4.3199944879700825
2024-06-04,192.51487731933594,193.47571940906454,191.2073340206378,192.80213237542046,47471400,187.1413688659668,176.23278076171874,69.3728690909185,4.305735409992934,4.317142672374652
2024-06-05,194.02052307128906,195.04079624688396,193.02996541617088,193.5549597642067,54156800,187.82074584960938,176.7330401611328,67.99292613544179,4.3980078018250595,4.333315698264734
2024-06-06,192.64366149902344,194.64459232913165,192.33659102362645,193.84224299284628,41181800,188.41446380615236,177.2283169555664,62.63617142665369,4.310346128101685,4.328721784232124
2024-06-07,195.03089904785156,195.08042995429523,192.3068654552658,192.8120444256859,53103900,189.0370300292969,177.70011474609376,66.92384936244044,4.382979480183906,4.339573323422481
2024-06-10,191.2965087890625,195.43704806418344,190.33566655763516,195.04081589339742,97010200,189.53577575683593,178.13343017578126,54.45594151935627,4.092037390884116,4.290066136914808
2024-06-11,205.1940155029297,205.2039307530545,191.80168667352532,191.82148694435384,172373300,190.5694236755371,178.87338317871092,70.52136090549325,4.926091418996123,4.417271193331071
2024-06-12,211.05813598632812,218.12080209568063,204.94638168818946,205.41194501546696,198134300,191.8393196105957,179.75416198730468,77.35016487450838,5.991207845178366,4.73205852370053
2024-06-13,212.21707153320312,214.70336573665497,209.60200000148347,212.71235034689784,97862700,193.05374298095703,180.64209381103515,86.30578677613174,6.849875597690925,5.1556219384986095
2024-06-14,210.4835968017578,213.13828400218216,209.3048308005582,211.83075578674166,70122700,194.17554931640626,181.51177673339845,80.97994561652484,7.306276842903799,5.585752919379648
2024-06-17,214.62411499023438,216.88258512602053,210.71141546378874,211.35527186274084,93728300,195.5028968811035,182.44923431396484,82.93831219462471,7.910891499141002,6.050780635331919
2024-06-18,212.2665557861328,216.56558673747068,210.9887432871188,215.53539849380434,79943300,196.6544189453125,183.36189727783204,78.1822108690092,8.106372430063573,6.4618989942782505
2024-06-20,207.70013427734375,212.21709015086526,206.8779846754286,211.91000456307782,86172500,197.51273727416992,184.1590951538086,69.90694406138498,7.8028737521073595,6.730093945844073
2024-06-21,205.5308074951172,209.88925500861833,205.1543907600995,208.40341856791886,241805100,198.33440551757812,184.95029846191406,66.06919640536805,7.303116540287647,6.844698464732788
2024-06-24,206.17465209960938,210.69159220230495,204.63928484253907,205.75861973380415,80727000,199.38736801147462,185.61074432373047,65.24089262901201,6.879703291040357,6.851699429994303
2024-06-25,207.09588623046875,209.38407188516823,206.64022308060072,207.1751175381149,55549700,200.3328544616699,186.25973999023438,65.69299000759045,6.543056849322085,6.78997091385986
2024-06-26,211.23643493652344,212.83123347896796,208.65107866870252,209.5029589171147,66213200,201.48487396240233,187.0679147338867,67.53434254646453,6.535037945902502,6.738984320268389
2024-06-27,212.07843017578125,213.70294435668097,210.3449540327298,212.6628556479076,49772700,202.66413421630858,187.95841552734376,70.01227751906755,6.52144967375213,6.695477390965138
2024-06-28,208.63125610351562,214.02980761283354,208.3142855019514,213.73263728250333,82542700,203.62150802612305,188.80727508544922,63.70532610143054,6.161496831701413,6.588681279112394
2024-07-01,214.703369140625,215.4561875080808,209.91897391071575,210.0873668962765,60402900,204.8349411010742,189.79657012939452,72.52618866647792,6.293651094232217,6.529675242136358
2024-07-02,218.1901397705078,218.29910171758146,213.068958487467,214.10903193760322,58046200,206.13455352783203,190.8959603881836,65.64138351520405,6.603615183849769,6.544463230479041
2024-07-03,219.45803833007812,219.45803833007812,216.96182895702523,217.92267103394255,37369800,207.48171157836913,192.0040899658203,61.367251834879816,6.872352572959187,6.61004109897507
2024-07-05,224.2028045654297,224.3117665065084,219.55708698216947,219.55708698216947,60412400,208.99082565307617,193.18614318847656,64.78491861017093,7.383084271828409,6.764649733545738
2024-07-08,225.66885375976562,225.69856928044194,221.14199799041046,224.9457357840812,59085900,210.64208526611327,194.3555743408203,68.85607454961125,7.816042270526765,6.974928240941944
2024-07-09,226.52072143554688,227.23392416937492,224.23253562897796,225.77780318070188,48076100,212.21657638549806,195.5248309326172,66.08624712279882,8.134137927170116,7.206770178187579
2024-07-10,230.78012084960938,230.87918266211804,227.08534498663496,227.1348758928893,62627700,214.19075698852538,196.79094787597657,73.80895847372116,8.630442592304007,7.491504661010865
2024-07-11,225.4211883544922,230.19566787410835,223.63818174593294,229.20511032654306,64710600,215.2021156311035,197.86679260253905,72.33450477107347,8.493439466034232,7.691891622015539
2024-07-12,228.3631591796875,230.44333633793113,226.52072130415218,226.75846058686048,53046500,216.06736679077147,199.0641928100586,78.22672438999085,8.523996632749771,7.8583126241623855
2024-07-15,232.1867218017578,234.99000194235262,230.88909361652622,234.2470836578572,62631300,217.06584930419922,200.35844177246094,79.81375051985668,8.755811412617959,8.0378123818535
2024-07-16,232.60276794433594,234.03907359612094,230.13627381333595,232.78106107648213,43234300,218.17180786132812,201.58721618652345,79.57724623326125,8.87084021833158,8.204417949149116
2024-07-17,226.71885681152344,229.27449755440023,224.50000206743292,227.28346685481674,57345900,218.77654495239258,202.4935446166992,67.25543228713522,8.39049847753148,8.241634054825589
2024-07-18,222.06320190429688,228.26410233218343,220.17124832102243,228.10560948409145,66034600,219.2663772583008,203.3398001098633,60.256335504467344,7.547152864903268,8.102737816841126
2024-07-19,222.1920166015625,224.65851095266947,221.17174328178174,222.69721075048184,49151500,219.99097137451173,204.17498077392577,64.94866724573987,6.810680376558736,7.844326328784648
2024-07-22,221.8452911376953,225.62921338494564,220.98349573063444,224.86647978572938,48201800,220.80669555664062,204.9965005493164,59.0102131136117,6.128398414196141,7.501140745866947
2024-07-23,222.8853759765625,224.7971601400939,220.57737479075328,222.25141967209163,39960300,221.6422317504883,205.80261657714843,56.3132308932167,5.606977451751106,7.12230808704378
2024-07-24,216.47647094726562,222.67737176080064,215.07979609138368,221.88492258576645,61777600,222.11126098632812,206.50571411132813,46.477911058782475,4.623307892492704,6.622508048133565
2024-07-25,215.43638610839844,218.76466037633443,212.59347540961954,216.86277641061952,51391200,222.32125854492188,207.12402069091797,38.651006743227924,3.7169696137054586,6.041400361247945
2024-07-26,215.90194702148438,217.41749898154802,213.9703475571551,216.6349499920164,41601300,222.51243438720704,207.72885528564453,37.01952169970035,3.0016556548596043,5.433451419970277
2024-07-29,216.17929077148438,217.22927938341869,213.7127969665886,214.91137828370984,36311800,222.88983612060548,208.2938690185547,36.042821980368316,2.42914187622128,4.832589511220478
2024-07-30,216.73403930664062,218.2495914590453,214.07933666984098,217.12035622559256,41643800,222.99136962890626,208.86760040283204,28.936572935906625,1.9971621108479383,4.26550403114597
2024-07-31,219.9830322265625,221.70660788092644,218.5467267386139,219.34907597117163,50036300,223.08101425170898,209.5057177734375,41.294048846836134,1.8951356659383976,3.7914303581044555
2024-08-01,216.29815673828125,222.36036437427163,214.97081319041698,222.2514024343897,62501000,222.92302017211915,210.04695861816407,31.133878047313956,1.4996532480302562,3.333074936089616
2024-08-02,217.7839813232422,223.4697870434651,215.6542886583774,217.08067881945357,105568600,222.60207901000976,210.591962890625,25.70188969113353,1.2912396026229658,2.9247078693962862
2024-08-05,207.29400634765625,211.4840610296135,194.14930192882554,197.21012147966275,119548600,221.6833366394043,210.95589416503907,18.13421770252289,0.27643045671442223,2.3950523868599136
2024-08-06,205.2732391357422,208.00718767754023,199.1714160471065,203.3614702980554,69660500,220.62096252441407,211.3590509033203,20.088424156727072,-0.6829989418191929,1.7794421211240925
2024-08-07,207.83883666992188,211.62275945732517,204.4412156900116,204.94639470682978,63516400,219.4738983154297,211.7521044921875,28.93204796274064,-1.222242126640964,1.1791052715710812
2024-08-08,211.29583740234375,212.1774330540979,206.85814362500793,211.0977289070064,47161100,218.76763076782225,212.21410034179686,35.30977165192347,-1.3550252799503824,0.6722791612667887
2024-08-09,214.1981964111328,214.7330909034816,209.96851092003678,210.09728825409005,42201600,218.05938262939452,212.72819976806642,40.35483640019615,-1.2120885671133124,0.2954056155907685
2024-08-12,215.7254180908203,217.68898821235913,213.81143620679725,214.27753840147545,38028100,217.23631744384767,213.25303253173828,41.0788806161121,-0.9644584892504042,0.04343279462253394
2024-08-13,219.4344024658203,220.04925425523973,217.19314118814535,217.19314118814535,44155300,216.57789916992186,213.83302642822267,53.95135446065564,-0.46358194261421204,-0.05797015282481527
2024-08-14,219.8806610107422,221.17979111862692,217.8774142480331,218.7402072098891,41960600,216.23598937988282,214.38668182373047,56.03259581815139,-0.030275340468250533,-0.05243119035350232
2024-08-15,222.8557891845703,223.4805677293667,220.91204211865187,222.73678951211636,46414000,216.27561874389647,214.99350006103515,58.8369913116793,0.5468870692730547,0.0674324615718091
2024-08-16,224.17474365234375,224.94827173921567,221.7946444270254,222.0624088054674,44340200,216.37475509643554,215.59658447265625,59.89862406499667,1.0980632501831167,0.2735586192940706
2024-08-19,224.01605224609375,224.11522871504155,221.18968933533225,223.84746435464618,40687800,216.48329315185546,216.22403228759765,59.10464868709331,1.504723755523628,0.5197916465399821
2024-08-20,224.6309051513672,225.28543353253482,223.57970115675508,223.8970537532744,30299000,216.5705696105957,216.81603240966797,56.220970960238056,1.8552326594957265,0.7868798491311311
2024-08-21,224.52183532714844,226.08872985229075,223.1830436738614,224.64085012661386,34765500,216.97283782958985,217.48053894042968,62.172160637730364,2.1000049184023624,1.0495048629853774
2024-08-22,222.66732788085938,226.44571820828537,222.04254943445835,225.90027790842765,43695300,217.3343849182129,217.8300051879883,57.149980808869294,2.1199084597973012,1.2635855823477622
2024-08-23,224.9581756591797,226.32673228874265,222.46900358067504,223.78797197411373,38677300,217.78719635009764,218.1080059814453,84.03469210754554,2.2940895932371177,1.4696863845256334
2024-08-26,225.29534912109375,225.39452559231563,222.0326490158817,224.87883517993083,30602200,218.2429992675781,218.36957153320313,91.25438035538335,2.431309850378426,1.6620110776961918
2024-08-27,226.13827514648438,226.95147973754254,223.0243250094966,224.12511711921985,35934600,218.7132110595703,218.68266510009767,90.58609407340525,2.578353326228239,1.8452795274026013
2024-08-28,224.611083984375,227.95312221094204,223.80779089178384,226.02921369079436,38052200,218.94461364746093,218.88240447998047,82.29635002997846,2.5423481695750354,1.984693255837088
2024-08-29,227.88369750976562,230.98773644426686,226.98125820388418,228.19113851748892,51906300,219.52389068603514,219.19474731445314,82.60871778277894,2.746229559754539,2.1370005166205783
2024-08-30,227.1002655029297,228.4886453526855,225.59287085733376,228.28039594132485,52990800,219.98970489501954,219.58274993896484,78.09904333994226,2.812173627757204,2.2720351388479036
2024-09-03,220.9219512939453,227.10026429068756,219.335218503661,226.65400042223428,50190600,220.67110214233398,219.8905728149414,53.2751021285745,2.3389346714556325,2.2854150453694495
2024-09-04,219.01788330078125,219.94016096302124,215.67582978550038,219.82116129878526,43840200,221.35833435058595,220.14743743896486,48.21502419091598,1.7896174193833474,2.1862555201722293
2024-09-05,220.53517150878906,223.60944526365165,219.6823053430495,219.79139340374425,36615400,221.9931510925293,220.41622314453124,44.890742435420385,1.4598833903999378,2.0409810942177713
2024-09-06,218.98812866210938,223.37145940933704,217.94683622588397,222.09215251756703,48423000,222.37776565551758,220.57125701904297,38.694282981188955,1.0614970905735106,1.8450842934889193
2024-09-09,219.077392578125,219.4344067184307,214.91223769602945,218.98814282610013,67180000,222.6217254638672,220.71123626708984,39.202090322649525,0.7443950074791417,1.624946436286964
2024-09-10,218.2840118408203,219.6426417511051,214.9320468059923,217.10388142289187,51591000,222.7496551513672,220.90429138183595,36.23061461213335,0.4241804390307209,1.3847932368357154
2024-09-11,220.81283569335938,221.23926118740866,216.08240296027674,219.62279381512946,44587100,222.81857681274414,221.02648071289062,42.717991703999466,0.37019565211238614,1.1818737198910496
2024-09-12,220.9219512939453,221.69547936785247,217.9964268983011,220.6541869199912,37455600,222.8706413269043,221.08111694335938,46.321105408362605,0.33238550340985284,1.0119760765948103
2024-09-13,220.6541748046875,222.18139254741286,220.06907298412548,221.72521710949164,36766600,222.76056060791015,221.10503967285158,40.08222066107043,0.27761321108488346,0.8651035034928249
2024-09-16,214.52545166015625,215.41797935337752,212.14535259122513,214.7436126542421,59357400,222.2780960083008,220.9114926147461,30.411216364284286,-0.257364228460915,0.640609957102077
2024-09-17,214.99154663085938,215.1006346980314,212.72055067344832,213.96018092212807,45519300,221.82687072753907,220.69794647216796,29.444038615870696,-0.6363918061861682,0.385209604444428
2024-09-18,218.85919189453125,220.86243852013078,215.7353147340035,215.745241460142,59894900,221.53828506469728,220.54471588134766,40.23566651297487,-0.617568299824029,0.1846540235907366
2024-09-19,226.9713134765625,227.9134444812765,222.76649775953877,223.12351184232415,66781300,221.66075897216797,220.46853973388673,48.66972615856676,0.05133808691604713,0.1579908362557987
2024-09-20,226.30690002441406,231.15633305592988,225.7317097608303,228.06222073119503,318679900,221.8427375793457,220.48625396728517,48.83922894475521,0.521823350009214,0.23075733900648177
2024-09-23,224.5912322998047,227.54650632766106,223.93670395169437,225.45401003818398,54146000,221.82439041137695,220.4108154296875,56.17486524018472,0.7476280726916116,0.33413148574350776
2024-09-24,225.48379516601562,227.44738051700955,223.85740076750545,226.75317542181838,43556100,221.83381271362305,220.27675689697264,61.26468596049291,0.9872222228363228,0.4647496331620708
2024-09-25,224.4920654296875,225.40443143928672,222.16156973744518,223.06400902085235,42308700,221.7515022277832,220.11454284667968,57.02215350120638,1.0845756979966268,0.5887148461289821
2024-09-26,225.63253784179688,226.60440369502516,223.54004142995942,225.41436171300208,36636700,221.8025749206543,220.09281646728516,61.964237631814655,1.2394678074443561,0.7188654383920569
2024-09-27,225.9003143310547,227.61597365379234,225.41438891191032,226.5647695239617,34026000,221.70340576171876,220.1695587158203,62.20719862363356,1.3680581224516857,0.8487039752039827
2024-09-30,231.0670623779297,231.0670623779297,227.7448474882838,228.1316114938428,54541900,221.90174560546876,220.34705963134766,69.77595979797007,1.865377351653109,1.052038650493808
2024-10-01,224.3334197998047,227.74486962890148,221.88390914906273,227.6159583693189,63285000,222.07231903076172,220.39682220458985,54.81948423111132,1.69660038993311,1.1809509983816684
2024-10-02,224.89869689941406,225.4837987967651,221.16989422947793,224.01608068964856,32880600,222.36635971069336,220.43708862304686,55.376792195295856,1.5901265801221314,1.262786114729761
2024-10-03,223.79791259765625,224.92845491979037,221.46741651957464,223.27231051741362,34044200,222.5294967651367,220.5835174560547,54.15688116486613,1.4007739748009271,1.2903836867439944
2024-10-04,224.9185028076172,226.1085447535635,222.27065455992025,226.00936828631617,37245100,222.8260154724121,220.77315979003907,65.84039669888922,1.3258493694344509,1.2974768232820857
2024-10-07,219.8509063720703,223.81772316941647,219.49389225502094,222.63759275105315,39505400,222.86469116210938,220.85213897705077,56.49524965663977,0.8477856539107336,1.2075385894078154
2024-10-08,223.8970489501953,224.10529834651464,221.39795026893304,222.4392426471427,31855700,223.1453430175781,221.006494140625,56.70185794523801,0.7863421433774818,1.1232993002017488
2024-10-09,227.63575744628906,227.84402197002447,222.96483950692257,223.36151510273743,33591100,223.48648910522462,221.22452850341796,51.00030368618053,1.0274860291908112,1.1041366459995614
2024-10-10,227.1399383544922,227.59612897487835,225.28545621996582,225.89039642732237,28183500,223.79738845825196,221.36766662597657,51.26051700730534,1.1651546614175459,1.1163402490831584
2024-10-11,225.66229248046875,227.5068628874906,225.4540279414576,227.39777482080956,31759200,224.04779434204102,221.55494934082031,51.63244014603191,1.1418617005743386,1.1214445393813945
2024-10-14,229.3811798095703,229.8076053434174,226.70358155060512,226.80274288926017,39882100,224.79058074951172,221.78689331054687,55.46896645935814,1.4072629375562826,1.1786082190163722
2024-10-15,231.9100341796875,235.51983687729248,230.44230106244424,231.67201972311165,64751400,225.63650512695312,222.2792138671875,59.97871837313786,1.8008931677075282,1.3030652087546035
2024-10-16,229.857177734375,230.1943535005289,227.93326933706737,229.67867825777722,34082200,226.1864044189453,222.77089263916017,55.546865045370076,1.9250092934967427,1.4274540257030313
2024-10-17,230.22413635253906,231.91004568892726,228.6076687095473,231.49351658619665,32993800,226.34904556274415,223.2185986328125,55.66234166920444,2.0295868967065473,1.5478805999037346
2024-10-18,233.0504608154297,234.22066437649204,232.0686683201459,234.22066437649204,46431500,226.68622360229492,223.65369110107423,52.767011123902435,2.3138535014267916,1.7010751802083461
2024-10-21,234.51821899414062,234.8851598599691,232.5050605584077,232.5050605584077,36254500,227.1825729370117,224.06009155273438,66.65587003315349,2.627286923923265,1.8863175289513299
2024-10-22,233.90335083007812,234.26036494372266,230.67040061866737,231.94969236544068,38846600,227.60355072021486,224.42365020751953,64.70205449931514,2.793864516222669,2.0678269264055977
2024-10-23,228.8456573486328,233.18932661738793,225.87054472777703,232.13812257917175,52287000,227.82123031616212,224.61187530517577,57.29849917110897,2.4890723861285835,2.1520760183501952
2024-10-24,228.65724182128906,228.90516786821388,226.51515714412935,228.07212485007065,31109500,227.97246551513672,224.78740692138672,55.555575710029515,2.206879337450488,2.1630366821702536
2024-10-25,229.4902801513672,231.28526239164006,227.6655479946858,227.83413589840254,38802300,228.15196380615234,224.92009674072267,66.3857062968116,2.0270914955869443,2.135847644853592
2024-10-28,231.46376037597656,232.78272881287972,230.62082086290692,231.38443735420992,36087100,228.1717987060547,225.06587707519532,63.837507813197604,2.020559939445235,2.112790103771921
2024-10-29,231.73150634765625,232.38603471678388,230.39271482775456,231.1662428522856,35417200,228.54170303344728,225.22018615722655,58.579156936959166,2.013774952295023,2.0929870734765412
2024-10-30,228.19114685058594,231.53318522639518,227.64570650368097,230.68031899274527,47070900,228.70632553100586,225.29139099121093,51.95283843586972,1.703088236644163,2.0150073061100655
2024-10-31,224.03590393066406,227.92338265648337,223.50037517792762,227.43744214117888,64370100,228.71822509765624,225.28167236328125,47.25202423669918,1.108791936050494,1.8337642320981513
2024-11-01,221.06076049804688,223.48052087870693,218.44266232747447,219.13685215826953,65276700,228.52533798217775,225.249541015625,35.57923254193969,0.39320599154694946,1.5456525839879112
2024-11-04,220.16822814941406,220.94175615916865,217.88732075932978,219.15670083339904,44944500,228.54120407104492,225.1537420654297,28.425647067135515,-0.24311840864220358,1.1878983854618883
2024-11-05,221.5963134765625,222.0921656056809,219.30547906118858,219.9600075033543,28111300,228.4261672973633,225.07976135253907,34.46484486194136,-0.6249712498310203,0.8253244584033066
2024-11-06,220.8723602294922,224.19457534628128,219.35505401685137,220.76327216240406,54561100,228.08799743652344,224.9744430541992,32.64631530305054,-0.9747727804451927,0.46530501063360674
2024-11-07,225.5928497314453,225.98954046008802,222.70700223311508,222.76650205936048,42137700,228.0106430053711,224.99407836914062,37.070180636832134,-0.861162021876595,0.20001160413156643
2024-11-08,225.3248291015625,227.01257809039103,224.77878865400953,225.53330763226646,38328800,227.99376983642577,224.94290100097658,33.368850042564844,-0.7837174946482719,0.003265784375598768
2024-11-11,222.61448669433594,224.07389700260043,219.90415975706793,223.3789433198207,42005600,227.65543518066406,224.85318542480468,31.017256270003898,-0.9303199802208155,-0.1834513685436841
2024-11-12,222.61448669433594,223.96468891324545,221.75075962779928,222.93218846295187,40398300,227.19065780639647,224.8870361328125,37.37446064918731,-1.0345775403677067,-0.3536766029084886
2024-11-13,223.49807739257812,225.0170530189228,221.15507983350162,222.39607398240116,48566200,226.87270278930663,224.97664001464844,39.832966578280605,-1.0339848888809513,-0.48973826010298116
2024-11-14,226.57574462890625,227.22105551450989,223.3789425502784,223.398802697962,44923900,226.690283203125,225.09745147705078,44.72322827140952,-0.7762253409277662,-0.5470356762679383
2024-11-15,223.37893676757812,225.28510187679902,222.65420045885568,224.76884409236825,47923700,226.20670700073242,225.18526763916014,35.9833063235659,-0.8204471160455853,-0.6017179642234677
2024-11-18,226.37718200683594,228.08479108540536,223.54770942404784,223.62713486361545,44633700,225.79965515136718,225.33126342773437,41.52004612849765,-0.6065677228660604,-0.6026879159519862
2024-11-19,226.6352996826172,228.50175961033486,225.02697621656037,225.34466282087314,36211800,225.43625259399414,225.49828918457033,47.25001051837803,-0.41149536122020436,-0.5644494050056299
2024-11-20,227.35012817382812,228.27342054954684,224.26253412411586,226.41689814964724,35169600,225.3614761352539,225.62903503417968,56.66904319321652,-0.19694812859509625,-0.4909491497235232
2024-11-21,226.87356567382812,228.50174921258224,224.08381355701644,227.2309725554499,42108300,225.27229232788085,225.74806732177734,63.004478794002786,-0.06462752607009747,-0.4056848249928381
2024-11-22,228.21385192871094,229.05773399756174,226.41689485035167,226.41689485035167,38168300,225.20847091674804,225.89926086425783,67.64623593730757,0.14669637972866667,-0.29520858404853717
2024-11-25,231.19219970703125,231.569466708358,228.08476121597957,229.79237007092468,90152800,225.19489288330078,226.23259582519532,69.706296353397,0.5481807853375642,-0.1265307101713169
2024-11-26,233.366455078125,233.87279036398945,231.6489234928732,231.6489234928732,45986200,225.27664031982422,226.60009399414062,74.21565072761138,1.0299318930062782,0.10476181046420213
2024-11-27,233.23736572265625,233.99189975911068,232.12543996222107,232.78068842055708,33498400,225.52895126342773,226.88765747070312,68.0242803290048,1.385337377575354,0.3608769238864325
2024-11-29,235.62008666992188,236.0966241243161,232.28429419145726,233.1182385238603,28481400,226.10816040039063,227.06063293457032,72.073064129038,1.8380762529874346,0.656316789706633
2024-12-02,237.86383056640625,239.0551819380818,235.45134517492735,235.5605532676808,48137100,226.94831390380858,227.29177154541014,83.36214269547469,2.350827577283553,0.995218947222017
2024-12-03,240.90174865722656,241.01095673492534,237.17876666593097,238.0822139315433,38861000,227.98498992919923,227.6179818725586,85.3142550696282,2.968106809235877,1.389796519624789
2024-12-04,241.25918579101562,242.35126670496282,239.5118714775545,241.12019505186365,44383900,228.96813354492187,227.9334896850586,85.00963673943748,3.4464190636405476,1.8011210284279409
2024-12-05,241.28897094726562,242.77816394602775,240.38553870781277,242.23213863223197,40033900,229.98896408081055,228.26942779541017,82.96247475458793,3.7842657248420153,2.197749967710756
2024-12-06,241.09039306640625,242.86750503393802,240.33587413565135,241.15989600483465,36870600,230.7638412475586,228.57858489990235,95.83730205741816,3.989993896542785,2.5561987534771617
2024-12-09,244.97222900390625,245.45870413211114,240.0082527322972,240.08767817050534,44649200,231.74621124267577,228.96002319335938,96.0193556621807,4.415369047202461,2.928032812222222
2024-12-10,245.98486328125,246.42169557945553,243.57236314301568,245.11119868483894,36914800,232.91473007202148,229.2583792114258,96.16266413300279,4.779102523009328,3.2982467543796434
2024-12-11,244.714111328125,248.9930565140259,244.48575750906295,246.17352158557497,45205800,234.01971130371095,229.66599304199218,90.35517873835587,4.908245659953394,3.6202465354943936
2024-12-12,246.1735076904297,246.9478867446912,243.90992066775823,245.11120954102955,32777500,235.15348281860352,230.0914892578125,92.89489801939703,5.069910839908744,3.9101793963772637
2024-12-13,246.34231567382812,247.4939467696469,244.46593306347833,246.03455153835694,33155300,236.1418113708496,230.54237731933594,92.50458830474214,5.152260995644497,4.15859571623071
2024-12-16,249.23129272460938,249.56885459541954,245.86571770543418,246.20327957624434,51694800,237.43442916870117,231.02863311767578,92.47304410807362,5.388524831161959,4.40458153921696
2024-12-17,251.65374755859375,252.00123197197036,247.98040799068028,248.27824960945253,51356400,238.69825744628906,231.66468994140624,92.56000068182593,5.705468394678235,4.6647589103092155
2024-12-18,246.26287841796875,252.4479889260113,245.95511429725673,250.34326772719038,56774100,239.67963638305665,232.11200653076173,74.35047523419405,5.458725575449648,4.823552243337303
2024-12-19,247.9903106689453,250.18439476471843,245.30976661195103,245.71681628677703,60882300,240.7116455078125,232.51909759521484,73.70626507785657,5.341001716297768,4.927042137929396
2024-12-20,252.656494140625,253.1628143156686,243.91989202858784,246.25295201238012,147495300,242.00079193115235,233.0294287109375,75.94015301033055,5.560132967223865,5.0536603037882895
2024-12-23,253.4308624267578,253.80811434244586,251.6239676953758,252.93446477293034,40858800,243.2616424560547,233.5848001098633,73.8654225339013,5.730226625763777,5.188973568183387
2024-12-24,256.33978271484375,256.34969006633503,253.4507293352449,253.64930053302467,23234700,244.5190216064453,234.12397216796876,76.18068749066225,6.030239781495482,5.357226810845806
2024-12-26,257.15380859375,258.2260444048055,255.77383898408218,256.32980188696064,27237100,245.70838928222656,234.62884765625,76.81208604062721,6.26150867981346,5.538083184639337
2024-12-27,253.74853515625,256.836144148833,251.2367643772991,255.97238682838486,42355300,246.73394775390625,235.1066748046875,69.30069630702282,6.099700292543332,5.650406606220137
2024-12-30,250.38296508789062,251.67360197393796,248.9434149702759,250.4127477342041,35557500,247.4720916748047,235.50985137939452,58.38206747484183,5.634936561536165,5.647312597283342
2024-12-31,248.6157989501953,251.4551941340452,247.63292614272083,250.6212497119267,39480700,248.00969009399415,235.82115814208984,53.98262180741887,5.065619113876352,5.5309739006019445
2025-01-02,242.09312438964844,247.30529937932678,240.07775127221439,247.13651085819407,55740700,248.06925888061522,235.97265625,46.576747897548564,4.041517512003793,5.233082622882314
2025-01-03,241.6066436767578,242.42072787413275,240.14723350152744,241.6066436767578,40244100,248.08663177490234,236.12672210693358,43.87970860857815,3.1542939492576636,4.817324888157384
2025-01-06,243.23486328125,245.5480782886853,241.44782860288205,242.54983205880436,45045600,248.18392639160157,236.41450622558594,45.99230932720389,2.5531158677008534,4.364483084066078
2025-01-07,240.46495056152344,243.78088314896328,239.61114601786818,241.22939201717418,40856000,248.15265426635742,236.65066040039062,38.659192865831244,1.8320503632812688,3.8579965399091165
2025-01-08,240.95140075683594,241.95413364050106,238.32049944087447,240.17702168463396,37628900,247.9516128540039,236.8798828125,35.42452616498598,1.2850400792363814,3.3434052477745695
2025-01-10,235.1435546875,238.42970445265777,231.32128701842691,238.28077607985776,61710900,247.4095474243164,236.95347869873046,35.0267076411223,0.37852247704066144,2.750428693627788
2025-01-13,232.71121215820312,232.9792711307645,228.06493742769467,231.84748509521594,49630700,246.8094024658203,236.97307281494142,29.808479893595006,-0.5300587803163239,2.0943311988389657
2025-01-14,231.59927368164062,234.41880854341963,230.7951119565212,233.05868390458076,39435300,246.08069076538087,237.0412353515625,19.287499799701948,-1.3245712817284243,1.4105507027254878
2025-01-15,236.15621948242188,237.2383779015073,232.74100113522098,232.94949481929564,39832000,245.57138595581054,237.28364166259766,27.308284830873106,-1.5684407128952103,0.8147524196013483
2025-01-16,226.61541748046875,236.29517027818645,226.38707883563703,235.6399369865453,71759100,244.44059219360352,237.3947348022461,16.748032039066302,-2.502722156695711,0.15125750434193652
2025-01-17,228.32305908203125,230.6164138035219,226.833866130533,230.44764042021458,68488300,243.2740577697754,237.55783142089842,18.379891409487712,-3.069965870583445,-0.49298717064313985
2025-01-21,221.03594970703125,222.80312416686704,217.79944241349193,222.38615194982364,98070400,242.01271133422853,237.54662414550782,16.93768124614067,-4.060710088067225,-1.206531754127957
2025-01-22,222.2173614501953,222.5052654056773,218.2064601780486,218.2064601780486,64126500,240.72406387329102,237.57352416992188,20.218412602529128,-4.6964146198255605,-1.9045083272674779
2025-01-23,222.048583984375,225.39429904989126,220.69838187044374,223.12080464680741,60234800,239.19366836547852,237.50263885498046,20.925742549457382,-5.154417060843258,-2.5544900739826337
2025-01-24,221.1749267578125,224.00439930767484,219.81480209957203,223.160517277336,54697900,237.58087158203125,237.41964080810547,23.878071562416764,-5.5242045405590545,-3.148432967297918
2025-01-27,228.20391845703125,230.47741293083342,222.36627749626697,222.4059977899183,94863400,236.17407836914063,237.53142944335937,35.613851017475426,-5.190252891503405,-3.556796952139016
2025-01-28,236.54339599609375,238.4594987479956,229.147074251248,229.18679454547646,75707600,235.1435577392578,237.81000762939453,43.72203754763602,-4.204204213013213,-3.686278404313856
2025-01-29,237.63548278808594,238.13188043636077,232.32402189200354,232.43322998057818,45486100,234.3379051208496,238.09275573730469,47.259089855593444,-3.2966297582763673,-3.6083486751063587
2025-01-30,235.87823486328125,239.05517683623282,235.50098294542886,236.95045561956258,55658300,233.61266860961913,238.2788055419922,45.20370287554224,-2.6881780426318755,-3.424314548611462
2025-01-31,234.29966735839844,245.40904807772534,231.7581140684966,245.40904807772534,100959800,232.8968620300293,238.4972201538086,49.132820180727144,-2.3067619633269487,-3.2008040315545596
2025-02-03,226.36724853515625,230.15973381299622,224.0738938399255,228.33299411580026,73063300,232.11056823730468,238.497021484375,44.142996327662445,-2.614429363294505,-3.083529097902549
2025-02-04,231.1227569580078,231.45038123633566,225.01705656002386,225.61273982041166,45067300,231.58637390136718,238.5867706298828,49.58779289354896,-2.44632845645134,-2.9560889696123076
2025-02-05,230.7951202392578,230.99367626573292,226.625383087866,226.88350440739822,39620300,230.9643867492676,238.6556704711914,44.99629861819827,-2.312883342255674,-2.827447844140981
2025-02-06,231.53968811035156,232.11551112022605,228.76978113438386,229.6235855767699,29925300,230.51812362670898,238.74899291992188,55.49889397457249,-2.1225789543256326,-2.6864740661779116
2025-02-07,225.989990234375,232.31409120281862,225.62264568638093,230.9241838961893,39707200,229.77005310058593,238.70451568603517,47.600570464764324,-2.392002082614198,-2.627579669465169
2025-02-10,226.25833129882812,229.1803610121675,225.81108525741098,228.16660736242451,33115600,229.32579193115234,238.6058383178711,56.27714408963126,-2.5544231713441548,-2.6129483698409666
2025-02-11,231.1979522705078,233.79199753404617,226.7354100570617,226.80497424991785,53718400,229.25012893676757,238.56246826171875,59.899982842667264,-2.2585220873222625,-2.542063113337226
2025-02-12,235.42196655273438,235.51142789245534,229.26980470124647,229.78663009476247,45243300,229.44126358032227,238.60616027832032,63.53257032956649,-1.663994205961444,-2.3664493318620696
2025-02-13,240.05349731445312,240.85854326211725,234.12993999243653,235.46174477414044,53614100,229.63612747192383,238.69482849121093,67.75312595959858,-0.8097662699893533,-2.0551127194875263
2025-02-14,243.10472106933594,244.04891051069433,239.51678905976664,239.77519417214083,40896200,230.4605926513672,238.79964630126952,65.14557315601287,0.11213120183117553,-1.6216639352237858
2025-02-18,242.97552490234375,243.6811760890431,240.3615975750387,242.65747382373942,48822500,231.1932159423828,238.84112182617187,57.84757019764135,0.8228314504566185,-1.1327648580877052
2025-02-19,243.37306213378906,244.50609250836237,241.6735241546838,243.16435439309654,32204200,232.3100715637207,238.88339935302736,57.12086252242207,1.4019832597176958,-0.625815234526625
2025-02-20,244.32717895507812,245.2713683243621,242.79658488378954,243.44262036367402,32316900,233.41556243896486,238.94416351318358,60.699205679964074,1.9158695432049342,-0.11747827898031316
2025-02-21,244.0489044189453,247.1697083342209,243.72091995824803,244.44645306890683,53197400,234.51557846069335,239.00333374023438,62.76623377661338,2.274455192135008,0.3609084152427511
2025-02-24,245.58944702148438,247.33868242018207,242.92582237394555,243.43269920852308,51326400,235.73630447387694,239.01567810058594,80.23136940198934,2.652370934466404,0.8192009190874817
2025-02-25,245.52980041503906,248.47171215983582,243.41283173998391,246.48393846255715,48013300,236.60259857177735,239.0065768432617,76.5852367437041,2.9134741835342197,1.2380555719768294
2025-02-26,238.890625,243.48237703128345,237.66814851741972,242.83635669602367,44433600,236.71996002197267,238.89010711669923,62.116303468586956,2.555219440338817,1.501488345649227
2025-02-27,235.849365234375,240.97782529617328,235.61082691795045,237.94646720738686,41153600,236.63065414428712,238.68362426757812,56.03525607192416,2.0028085982374364,1.601752396166869
2025-02-28,240.36160278320312,240.61007450668035,228.79275994472408,235.50149647860906,56833400,236.8548225402832,238.56401000976564,70.72825691772326,1.9071346250077,1.6628288419350352
2025-03-03,236.57489013671875,242.53821134874983,234.66662916873,240.31189930334125,47184000,236.9685836791992,238.31088195800783,63.50862218471304,1.508368712643687,1.6319368160767658
2025-03-04,234.4877166748047,238.60242278275774,233.24535811530478,236.25684921580154,53798100,237.37460708618164,237.96756134033203,54.6554181277963,1.0122577220901974,1.5080009972794521
2025-03-05,234.29888916015625,235.1039350742086,227.82867612475383,233.98083809185871,47227600,237.53341369628907,237.72828155517578,48.20580076153887,0.5969679109770141,1.3257943800189647
2025-03-06,233.89138793945312,236.4059203890797,231.73465535282332,233.00682927336524,45170400,237.68822708129883,237.44630310058594,38.61963473716722,0.23228812784387287,1.1070931295839463
2025-03-07,237.6085205078125,239.8944479764648,233.3248557337566,233.67272217403436,46273600,237.99166870117188,237.1453436279297,40.0931281543518,0.24044658665039265,0.9337638209972356
2025-03-10,226.08935546875,234.71630041445476,222.84929009717774,234.10008031193473,72071200,237.99663696289062,236.59851348876953,28.42260384389509,-0.6748093428896595,0.6120491882198567
2025-03-11,219.48995971679688,224.4593937721428,216.1206840338927,222.4418047589131,76137400,237.65821838378906,235.8615170288086,23.65708088297417,-1.9106475887775503,0.1075098328203753
2025-03-12,215.65357971191406,220.39442456790263,213.5962416730392,218.7942660196618,62547500,236.88099975585936,235.03151245117186,20.263884559208662,-3.1631591768139913,-0.546623969106498
2025-03-13,208.398193359375,215.51442704761877,207.14590135231947,214.62986833256545,61368300,235.5298110961914,234.12450561523437,17.702152107000146,-4.687201535428926,-1.3747394823709838
2025-03-14,212.18490600585938,212.64208545758027,208.2988048386841,209.9585940343847,60107600,234.13638153076172,233.36054443359376,20.920563672435804,-5.525762470972609,-2.204944080091309
2025-03-17,212.69178771972656,213.9043309003415,208.68642489319868,212.00600336087763,48073400,232.61573486328126,232.64206420898438,21.634609047835212,-6.0793479963354,-2.979824863340127
2025-03-18,211.38978576660156,213.83473880015984,210.19712464056028,212.85080057479257,42432400,231.03644790649415,232.02799743652344,23.832035554729572,-6.547651934161422,-3.6933902775043865
2025-03-19,213.92420959472656,217.4226803637017,212.443312738742,212.91044076829724,54385400,229.56400527954102,231.4743487548828,28.934296518769017,-6.637763352902169,-4.282264892583943
2025-03-20,212.79119873046875,216.16047483161037,210.92268644075222,212.68187056105958,48862900,227.98720626831056,230.8654754638672,21.67077241090388,-6.723102073532715,-4.770432328773698
2025-03-21,216.9356689453125,217.50217651661012,209.98839498228966,210.26668206389348,94127800,226.6315444946289,230.39488983154297,29.96752658542917,-6.382733338101502,-5.092892530639259
2025-03-24,219.38063049316406,220.1260455978378,217.24377992596973,219.64898417718916,44299500,225.32110366821288,229.96347442626953,34.70207254686608,-5.848285306945286,-5.243971085900465
2025-03-25,222.3821563720703,222.7300227946097,218.73459388406312,219.4203781558929,34493600,224.16372146606446,229.70824645996095,38.58308810308004,-5.123473129152927,-5.219871494550958
2025-03-26,220.17575073242188,223.64442126802376,219.12223310716143,222.1436424317859,34466100,223.22797775268555,229.45753723144531,37.297478793990535,-4.67322274881289,-5.110541745403345
2025-03-27,222.48158264160156,223.61461307047793,219.21168633594712,220.03661426059983,37094800,222.55958862304686,229.27518341064453,35.614369044858506,-4.083265372614051,-4.905086470845486
2025-03-28,216.5679168701172,222.44179120535847,216.34926057176412,220.31487416588553,39818600,221.3699043273926,228.88341735839845,39.86456788579392,-4.0462605340283915,-4.733321283482067
2025-03-31,220.77207946777344,224.24073468961828,214.90813825561798,215.683368745432,65299300,220.57976379394532,228.76655059814453,51.43813363885721,-3.635782113852997,-4.513813449556253
2025-04-01,221.8256072998047,222.31260214779184,217.5618242432653,218.46626491168394,36412700,219.9466583251953,228.6366015625,57.38405020329002,-3.1887066913444073,-4.248792097913885
2025-04-02,222.52130126953125,223.81335706264446,219.6688511830836,219.9670202377264,35905900,219.35777893066407,228.66630859375,70.04228582515391,-2.7465984317786365,-3.9483533646868354
2025-04-03,201.94786071777344,206.22157697816277,200.0197179050274,204.28348559152053,103419000,217.76060256958007,228.26091857910157,40.16047246510381,-4.010103190586392,-3.960703329866747
2025-04-04,187.2283935546875,198.65809134675584,186.19474282689396,192.70470416765195,125910900,215.24159622192383,227.5645147705078,30.777292363139907,-6.1285318984957655,-4.394269043592551
2025-04-07,180.35072326660156,192.96313526897592,173.55252535537636,176.1167553732534,160466300,212.9546646118164,226.7480307006836,28.38753972035005,-8.267074733673837,-5.168830181608809
2025-04-08,171.36595153808594,189.17640027021665,168.17558356470508,185.55865310846366,120859500,210.54846420288087,225.61127136230468,22.809215334088805,-10.565093506145928,-6.248082846516233
2025-04-09,197.6343994140625,199.38363475051753,170.83920418374143,170.89883496621582,184395900,209.6475051879883,224.83309143066407,42.6703710962404,-10.1496469189035,-7.028395660993688
2025-04-10,189.25592041015625,193.58926741380884,181.88128226075605,187.9141823452429,121880000,208.69039154052734,223.86550018310547,37.14101570962097,-10.376857781986416,-7.698088085192234
2025-04-11,196.93865966796875,198.32016168749274,184.92257212057936,184.96233608452022,87435900,207.9280792236328,223.0867086791992,40.058119923885755,-9.823749112473877,-8.123220290648563
2025-04-14,201.28196716308594,211.63826622013798,199.9302804535287,210.14743595954587,101352900,207.3575881958008,222.42635467529297,40.76235418606733,-8.931975635467836,-8.284971359612417
2025-04-15,200.90428161621094,202.26590170954893,198.57859009217825,200.6259945192588,51343900,206.83331298828125,221.91709533691406,41.425672140812395,-8.161632577330977,-8.26030360315613
2025-04-16,193.08238220214844,199.4730666932086,191.19398828729797,197.1473753495745,59732400,205.79122161865234,221.15628784179688,37.53161254116425,-8.089046572478537,-8.226052197020612
2025-04-17,195.77581787109375,197.61451451967758,193.2314700862815,195.99447418061752,52164700,204.9404525756836,220.4559017944336,40.934315131897854,-7.725133363490471,-8.125868430314585
2025-04-21,191.97918701171875,192.6152739871965,188.64966000796989,192.08851517151226,46742500,203.6926284790039,219.66469177246094,37.40106815479231,-7.654845608894533,-8.031663866030573
2025-04-22,198.5189666748047,200.3576482646354,194.77200897005906,194.92108593270402,52976400,202.64954528808593,219.11527130126953,40.26890627385113,-6.990850322524551,-7.823501157329369
2025-04-23,203.34925842285156,206.72846769395255,201.56025903470575,204.7406939661261,52929200,201.697900390625,218.65708984375,42.26235160504325,-6.005635866720695,-7.4599280992076356
2025-04-24,207.09619140625,207.55338601533765,201.69939326414854,203.63746952607698,47311000,201.0439224243164,218.17505462646486,52.40437917816653,-4.866403267438358,-6.94122313285378
2025-04-25,208.00062561035156,208.46775361357263,204.9394524859384,205.10841141990002,38222300,200.31987457275392,217.62662780761718,61.13834341105707,-3.846235929582946,-6.3222256921996145
2025-04-28,208.85537719726562,210.2070638884643,206.1917677806294,208.71623364812058,38743100,199.93424758911132,217.00266540527343,66.3399917953706,-2.934942465018395,-5.64476904676337
2025-04-29,209.91885375976562,210.94255602883885,207.096203506044,207.41425458581946,36827600,199.39158630371094,216.33894805908204,74.30755865468703,-2.1026837289348066,-4.936351983197658
2025-04-30,211.20094299316406,212.2743425468257,205.40658118436113,208.02050829648644,52286500,198.8603530883789,215.70345642089845,62.48854873050685,-1.324392031288454,-4.213959992815817
2025-05-01,212.0159454345703,213.2483553954001,207.62295230903422,207.80185982414434,57365700,198.33508529663087,215.07631408691407,74.3409936588784,-0.6345121072506288,-3.4980704157027795
2025-05-02,204.09466552734375,205.72463931330321,200.92416412992952,204.83013207172814,101010600,198.4424255371094,214.27166381835937,57.61423067006711,-0.718673958712003,-2.9421911243046246
2025-05-05,197.6741485595703,202.85230555244996,196.99831280299983,201.85841873478097,69018500,198.9647132873535,213.34416870117187,46.323669806022515,-1.2886007063321756,-2.6114730407101345
2025-05-06,197.2964630126953,199.42338015596502,195.81558138809015,196.9983091053983,51216500,199.8120002746582,212.37830902099608,46.323669806022515,-1.750568364687524,-2.4392921055056123
2025-05-07,195.05026245117188,198.22076341125427,192.06860238822404,197.9524097592469,68536700,200.9962158203125,211.36871826171875,52.262320963398906,-2.271743431102408,-2.4057823706249715
2025-05-08,196.28269958496094,198.82704723676696,193.4898650803139,196.51128929096475,50478900,200.92863082885742,210.51655975341797,50.602978243120454,-2.5558685872094884,-2.435799613941875
2025-05-09,197.31634521484375,199.31405222350435,196.3323918231404,197.7834732241415,36453900,201.3316520690918,209.74589935302734,56.79572038413026,-2.6668909973060693,-2.482017890614714
2025-05-12,209.77610778808594,210.25380995429242,205.75554659425106,209.9552498967622,63775800,201.97352447509766,209.134189453125,62.455756829200595,-1.7295412729087616,-2.3315225670735233
2025-05-13,211.90582275390625,212.37356332026266,207.99473291206186,209.41784747983854,51909300,202.50471725463868,208.64080810546875,60.06940591253907,-0.8055487989946073,-2.02632781345774
2025-05-14,211.30873107910156,212.91098786371114,209.56714827780408,211.40824098508043,49325800,203.0249397277832,208.17722839355469,55.354275946147126,-0.12007427298937046,-1.645077105364066
2025-05-15,210.43295288085938,211.93569971673273,208.53213606160298,209.93535780893234,45029500,203.89246826171876,207.69990966796874,53.09382136284573,0.34848413781580234,-1.2463648567280925
2025-05-16,210.24388122558594,211.54759317457453,208.76105751069144,211.33859654598928,54737900,204.61587142944336,207.2269595336914,51.79654396722364,0.6965343374525617,-0.8577850178919617
2025-05-19,207.7758026123047,208.47243269467637,203.2775387890809,206.90999202317107,46140500,205.40570220947265,206.63030517578125,47.32442051368413,0.7644017630321116,-0.5333476617071471
2025-05-20,205.8650360107422,207.46729276724128,204.04383620537516,206.67113760639387,42496600,205.77300567626952,206.2258187866211,43.44113046316129,0.6564372904922209,-0.2953906712672735
2025-05-21,201.11798095703125,206.04416933851562,199.74462882701684,204.1831685508297,59211800,205.66144180297852,205.85837921142578,37.78503923891252,0.18568651951119364,-0.19917523311158006
2025-05-22,200.39149475097656,201.77480849030061,198.7394754118135,199.7446272097534,46742400,205.32620697021486,205.55313751220703,45.05112800537361,-0.24320471088014983,-0.20798112866529403
2025-05-23,194.3307647705078,196.74906929623725,192.52947321472183,192.73845462081462,78432900,204.64271392822266,205.2717889404297,45.488559564224076,-1.0599360754591487,-0.378372118024065
2025-05-27,199.24700927734375,199.77445879612063,196.48036693049403,197.34619261173145,56288500,204.16229553222655,205.01303100585938,52.344797554371254,-1.295567228638589,-0.5618111401469699
2025-05-28,199.4560089111328,201.75489573800118,198.9385057789635,199.6251894151235,45339700,203.63915328979493,204.7483154296875,55.56901833213557,-1.4487418966263306,-0.7391972914428421
2025-05-29,198.98826599121094,202.8297005493605,197.55518975609246,202.60081106845576,51396800,203.02851943969728,204.50028503417968,53.48734844926753,-1.5895534859936618,-0.9092685303530061
2025-05-30,199.88394165039062,200.98860329086406,195.83351057352263,198.4110493394953,70819900,202.4219192504883,204.21947967529297,53.32132469279671,-1.6103114765207636,-1.0494771195865578
2025-06-02,200.7298583984375,201.15779807678393,199.15745607510846,199.31669015009302,35423300,202.25367889404296,203.97825286865233,33.27206722605614,-1.5407431931691065,-1.1477303343030676
2025-06-03,202.29229736328125,202.78989241693247,199.99341064507593,200.38153417950807,46381600,202.4845863342285,203.68538543701172,31.842139544428022,-1.3440407951348448,-1.186992426469423
2025-06-04,201.844482421875,205.24803106286797,201.12794426741362,201.93404589483336,43604000,202.7119873046875,203.33466247558593,32.022716482782656,-1.210335654734365,-1.1916610721224115
2025-06-05,199.66500854492188,203.76518718349973,199.18730633012683,202.52119947175674,55126100,202.942724609375,202.88031951904296,30.51156291251732,-1.2656490801634277,-1.2064586737306147
2025-06-06,202.93917846679688,204.7106157617459,201.07817770068002,202.0236053289331,46607700,203.2755485534668,202.53558807373048,38.10758105345267,-1.033375113952161,-1.171841961774924
2025-06-09,200.48104858398438,205.0091667110405,199.05793398755327,203.4069099948636,72862600,203.43378372192382,202.09557739257812,38.11992964435011,-1.0357078648206368,-1.1446151423840667
2025-06-10,201.6951904296875,203.36711781582227,199.60530017876516,199.63515466910712,54672600,203.0297378540039,201.79812286376952,43.051420126738634,-0.9288779598345229,-1.101467705874158
2025-06-11,197.82391357421875,203.51640292967522,197.45569804682734,202.5212126953003,60989900,202.32564239501954,201.33915954589844,44.34577221539496,-1.1434136186453543,-1.1098568884283972
2025-06-12,198.2418670654297,198.71955406677787,196.410720905765,198.12244911144163,43904600,201.67229919433595,200.86748474121094,46.2706891275597,-1.2651257381453433,-1.1409106583717865
2025-06-13,195.50511169433594,199.40625545491926,194.7587190445596,198.769334334526,51447300,200.92590713500977,200.32716094970704,52.30293592761979,-1.5643835167793156,-1.2256052300532922
2025-06-16,197.4656219482422,197.73432753277095,195.61456771612566,196.35101387226533,43020700,200.28699417114257,200.2375161743164,46.048561953417405,-1.6246230266023076,-1.3054087893630952
2025-06-17,194.69900512695312,197.4357781067605,194.27108064091922,196.25149936947125,38856200,199.633154296875,200.38692840576172,40.52337489505205,-1.8740037789982864,-1.4191277872901336
2025-06-18,195.6344757080078,196.6197193940347,194.13174409281177,194.9975546383106,45394700,199.1216262817383,200.69260345458986,43.44100563647258,-1.9734069571275654,-1.52998362125762
2025-06-20,200.03323364257812,200.72986375748766,195.9131467510872,197.28651411005004,96813500,199.06738891601563,201.2659490966797,50.256785229495236,-1.6778999029654074,-1.5595668775991776
2025-06-23,200.53082275390625,201.3269779408771,198.00304635957568,200.6602023375907,55814300,199.0743553161621,201.32387756347657,49.65350274615809,-1.3875621974849253,-1.5251659415763272
2025-06-24,199.3365936279297,202.46149014710028,199.23706853700068,201.61557243039425,54064000,199.32464675903321,201.52549102783203,44.787649982374795,-1.239543102699372,-1.4680413738009364
2025-06-25,200.59051513671875,202.6903668657116,199.65503400834336,200.4810436177515,39525700,199.39182205200194,201.59852813720704,47.84977634324874,-1.009419952491612,-1.3763170895390717
2025-06-26,200.03323364257812,201.66534499125092,198.5006473897771,200.461158146952,50799100,199.42068328857422,201.57355346679688,50.668605359925344,-0.8620761796108241,-1.2734689075534222
2025-06-27,200.1128387451172,202.24254507531293,199.03803155248616,200.91894034324127,73188600,199.47691192626954,201.557724609375,44.19457742245468,-0.7304614071556728,-1.1648674074738723
2025-06-30,204.1831512451172,206.39247448465787,198.30157410241034,201.03834688076608,91912800,199.69187240600587,201.77973999023436,57.131930469402675,-0.2943227802217905,-0.9907584820234561
2025-07-01,206.82041931152344,209.17901505124104,205.1484920031366,205.6759415551798,78788900,199.99640045166015,202.00063201904297,59.3602773357708,0.2611157365504937,-0.7403836383086662
2025-07-02,211.41819763183594,212.3138626915596,207.13887695509675,207.90517762155153,67941800,200.45269546508788,202.3894122314453,74.18563198389425,1.0600870246841794,-0.3802895057100971
2025-07-03,212.5228729248047,213.61757304735917,210.79123648824356,211.12959751601144,34955800,200.9866149902344,202.66949035644532,74.80136016349098,1.7621031624082661,0.04818902791357549
2025-07-07,208.940185546875,215.18997897032483,207.7957228576545,211.65705062020388,50229000,201.45037384033202,202.78130889892577,72.66627571538677,2.0062364348938786,0.43979850930963615
2025-07-08,208.9998779296875,210.41304612040562,207.4473837253886,209.08945658408672,42848900,201.75340881347657,202.81938262939454,70.79301908621835,2.17940763407546,0.787720334262801
2025-07-09,210.1244354248047,210.3135239719546,206.22329208627588,208.52217876921287,48749400,202.23557815551757,202.86185882568358,79.55762432861525,2.3799548110039552,1.1061672296110319
2025-07-10,211.3883514404297,212.45319704499605,209.0197939340788,209.49748097232364,44443600,202.7202362060547,202.9125183105469,79.81173589896108,2.6107818846473663,1.4070901606182988
2025-07-11,210.1443634033203,211.10969909895366,208.8506131239295,209.55720483784353,39765800,203.33625869750978,202.91702850341798,71.72800895033573,2.6626412939758097,1.658200387289801
2025-07-14,207.61656188964844,209.89555581124029,206.54175471753558,208.92025854176603,38840100,203.80499343872071,202.84534088134765,64.004702303079,2.471280410803729,1.8208163919925866
2025-07-15,208.10423278808594,210.8708604550018,207.915144211828,208.2137043224775,42296300,204.4349494934082,202.76710662841796,67.82681374976266,2.332093575022242,1.9230718285985178
2025-07-16,209.149169921875,211.37838618562168,207.63647661047767,209.28849593835915,47490500,205.01912689208984,202.8681967163086,67.55105106044772,2.2798243032447942,1.9944223235277732
2025-07-17,209.00982666015625,210.7812638030366,208.58188702565155,209.55718424596662,48068100,205.73466796875,203.0949102783203,68.72914703410336,2.2017759890569835,2.0358930566336153
2025-07-18,210.16424560546875,210.77131219576944,208.69136845628208,209.85573909301036,48974600,206.46115646362304,203.35226593017578,70.0714643083709,2.207625960882865,2.070239637483465
2025-07-21,211.45799255371094,214.74212298846783,210.61209006251647,211.07983063398711,51377400,207.0323944091797,203.68042053222655,66.33879234595892,2.2902560262942018,2.1142429152456126
2025-07-22,213.36875915527344,213.91611676733493,211.20919838168209,212.1148250502387,46404100,207.67429122924804,204.0221417236328,65.20325468229012,2.4813207235212076,2.1876584769007317
2025-07-23,213.11997985839844,214.11517007989065,211.38835859165647,213.96589762082587,46989300,208.36346054077148,204.33821441650392,54.95078864241286,2.5828924857173376,2.266705278664053
2025-07-24,212.73184204101562,214.65256693634578,212.50295255730364,212.87116805528336,46022600,208.97052688598632,204.3973291015625,50.63437609724599,2.6020742685502682,2.3337790766412962
2025-07-25,212.8512725830078,214.2047317845148,212.37357038101962,213.6673206036272,40268800,209.6114288330078,204.41623809814453,65.03433090226984,2.5969766855891123,2.3864185984308595
2025-07-28,213.0204620361328,213.81661722083774,212.03521828670327,213.00055398053098,37858000,210.2568099975586,204.45047271728515,65.32622162247053,2.576884271431908,2.424511733031069
2025-07-29,210.2538299560547,213.7767964509494,209.80599741985404,213.14982178903043,51411700,210.56034393310546,204.44689025878907,50.43836522853924,2.311076153992701,2.4018246172233955
2025-07-30,208.04449462890625,211.36842593737322,206.72088996610802,210.88077731884883,45512500,210.6215476989746,204.40290252685546,39.35360754924508,1.900241606779332,2.301508015134583
2025-07-31,206.57162475585938,208.83069544134486,206.16359315375274,207.48719786288635,80698400,210.37921905517578,204.37881896972655,38.78828449638907,1.439213620009781,2.129049136109623
2025-08-01,201.40660095214844,212.5527283441607,200.530828701964,209.8557561748323,104434500,209.82340545654296,204.28965026855468,33.27984210638756,0.6495833711620094,1.8331559831201003
2025-08-04,202.37191772460938,206.88012777005082,200.70993685491413,203.5263267271778,75109300,209.4949920654297,204.31472900390625,34.9529169086576,0.10052986036745892,1.4866307585695722
2025-08-05,201.94398498535156,204.35234334482283,201.18764593221573,202.42167200915333,44155100,209.1421974182129,204.34577880859376,30.453543330554382,-0.3649229932199489,1.116320008211668
2025-08-06,212.2243194580078,214.34407953630614,204.60115854716602,204.64097466073486,108483100,209.24719161987304,204.70364990234376,55.62526669048523,0.094648295870428,0.9119856657434201
2025-08-07,218.9716796875,219.78774287041324,215.5382768294147,217.8272171299369,90224800,209.62635803222656,205.09814331054687,62.88961102764235,0.991883617073114,0.927965256009359
2025-08-08,228.24688720703125,229.88894502591432,218.19545972697713,219.76786212559261,113854000,210.5314842224121,205.67396087646483,69.91739259353659,2.4234448404615136,1.22706117289979
2025-08-11,226.34388732910156,228.71513292468896,223.9327956372812,227.08116933177635,61806100,211.46785049438478,206.22107330322265,65.39579344088483,3.3656145284612933,1.6547718440120907
2025-08-12,228.80479431152344,229.95057099439725,226.23430307406312,227.17083074525974,55626200,212.50287857055665,206.79949035644532,67.68272249795807,4.2617387495265575,2.176165225114984
2025-08-13,232.47125244140625,234.1351043372746,229.58191650034667,230.2195756343437,69878500,213.6689826965332,207.4343182373047,70.72205096792672,5.207744542778869,2.7824810886477613
2025-08-14,231.92327880859375,234.25466305951576,230.0003892485326,233.1985666998313,51916300,214.81465530395508,208.02693786621094,69.84288612252298,5.845856660313103,3.3951562029808295
2025-08-15,230.7376708984375,233.41777326838445,228.4959516198378,233.13880497436926,56038700,215.84332656860352,208.60480163574218,68.05153802216404,6.184604193635863,3.9530458011118363
2025-08-18,230.0402374267578,232.26202593201924,229.26310933608104,230.8472538899505,37476200,216.77243881225587,209.2123062133789,71.04723772473595,6.32388914429734,4.427214469748937
2025-08-19,229.71145629882812,232.0129522601839,228.50591803460907,230.42880766374827,39402600,217.5895736694336,209.74775177001953,74.00813590959199,6.3347208630229375,4.808715748403737
2025-08-20,225.17819213867188,229.6217843388592,224.93908515924198,229.13358225147155,42263900,218.19248428344727,210.24169464111327,69.30758692847547,5.909388790980444,5.028850356919079
2025-08-21,224.072265625,225.6863136691638,222.95639256938466,225.43723377620466,30621200,218.75950546264647,210.68923614501952,75.68317962908338,5.420585892523377,5.107197464039938
2025-08-22,226.9217529296875,228.2468598588307,224.58041092619504,225.33760837029214,42477800,219.46302947998046,211.2711929321289,76.67899273370057,5.203157128664344,5.12638939696482
2025-08-25,226.323974609375,228.45609804536198,225.3973894325087,225.6464693442017,30983100,220.1282051086426,211.8328350830078,76.3969718687519,4.925825699762214,5.086276657524299
2025-08-26,228.46604919433594,228.6453946309622,223.86305742355088,226.03502689374838,54575100,221.03881607055663,212.49205383300782,71.34751824255376,4.823286220080661,5.033678570035572
2025-08-27,229.64170837402344,230.05018785299507,227.41990473660533,227.76862267507164,31259500,222.1186767578125,213.13557556152344,66.43081875536026,4.7817675740365075,4.98329637083576
2025-08-28,231.70408630371094,232.55096405412047,228.4959359400532,229.9704999102399,38074700,223.37529983520508,213.8756771850586,56.8441148484345,4.859265819258582,4.958490260520324
2025-08-29,231.28562927246094,232.52107103838586,230.51845893056873,231.65426265633033,39418400,224.8692512512207,214.58870025634766,60.39395763877032,4.831226381321386,4.933037484680536
2025-09-02,228.87454223632812,230.00038826150748,226.1346633063032,228.4062708029861,44075600,226.19438247680665,215.16552642822265,50.14700878450653,4.561864022433269,4.858802792231083
2025-09-03,237.5923309326172,237.9709372370204,233.49745685978084,236.33697373754433,66427800,227.97679977416993,215.90675659179686,58.89888864318165,4.994274218194278,4.8858970774237225
2025-09-04,238.8975067138672,239.0170601981439,235.8687018920251,237.57239985348932,47549400,229.3104591369629,216.69797485351563,61.8083568908154,5.380258915734203,4.984769445085819
2025-09-05,238.80784606933594,240.43185187342493,237.61226559630578,239.1167027112504,54870400,230.3022674560547,217.46232147216796,64.19059056738536,5.614202671043813,5.110656090277418
2025-09-08,237.0045166015625,239.2661511981365,235.47017586985078,238.41928864081726,48999500,230.74014892578126,218.20174713134764,61.78754114821933,5.589657078246944,5.206456287871323
2025-09-09,233.48751831054688,237.90120710535396,232.5011563745861,236.12775932745953,66313900,231.09733047485352,218.86924072265626,55.76866772466446,5.22616813670686,5.210398657638431
2025-09-10,225.955322265625,231.56460664903227,225.118417424808,231.33545739080094,83440800,230.9548568725586,219.3046841430664,51.087564649557756,4.280966938051137,5.024512313720973
2025-09-11,229.1833953857422,229.60184779162614,225.81583028738913,226.04499474029723,50208600,230.79046401977538,219.7519436645508,56.75179708346586,3.7491488468282057,4.76943962034242
2025-09-12,233.2085418701172,233.6469097348115,228.17712472443904,228.37638560886936,55824200,230.85472717285157,220.1877505493164,58.05465681626684,3.6108512146028033,4.537721939194498
2025-09-15,235.828857421875,237.31337916896246,234.16500543557729,236.12775635652346,42699500,231.10928649902343,220.6538702392578,61.57767019163286,3.670377088474112,4.364252969050421
2025-09-16,237.2735137939453,240.33222235518573,235.45026224943368,236.30708253667353,63421100,231.4709503173828,221.2205368041992,60.91358541966195,3.7904297533706313,4.249488325914463
2025-09-17,238.11044311523438,239.21635855568803,236.85507060288438,238.09051246512186,46508000,231.89089965820312,221.80274810791016,60.58269288192266,3.9080559209750447,4.18120184492658
2025-09-18,237.0045166015625,240.31228984200703,235.77903252032195,239.08682096339746,44249600,232.48221588134766,222.34034973144531,56.785725029761004,3.8674548669138176,4.118452449324028
2025-09-19,244.59645080566406,245.3935094903633,239.32592704772566,240.342162048153,163741300,233.50842514038087,223.00451171875,64.39654643166699,4.397195745490308,4.174201108557284
2025-09-22,255.13751220703125,255.69547916115815,247.2068166293636,247.38616206443075,105517400,234.91921310424806,223.9043746948242,74.156880423884,5.603006793538299,4.459962245553488
2025-09-23,253.4936065673828,256.3929004583055,252.64674396870498,254.93828225227924,60275200,236.27769470214844,224.8219155883789,66.81418185221159,6.352740848036575,4.838517966050105
2025-09-24,251.38140869140625,254.79879299943292,250.11607847800005,254.2807025242173,42303700,237.42346267700196,225.68745910644532,62.97909847105396,6.699248999226143,5.210664172685313
2025-09-25,255.9246368408203,256.2235509944071,250.78363873545524,252.27811828759639,55202100,238.73760910034179,226.6229684448242,66.28746608247998,7.256807784878049,5.6198928951238605
2025-09-26,254.51980590820312,256.6519291955366,252.84598111295833,253.16481067495934,46076300,239.8783950805664,227.53316802978514,66.79401977801524,7.498876641862324,5.995689644471553
2025-09-29,253.4936065673828,254.06151607705354,252.07883445903423,253.6231329894407,40127700,240.9887939453125,228.39975524902343,70.14443988636556,7.521212389897244,6.300794193556691
2025-09-30,253.69287109375,254.97811672142575,252.17846100632588,253.92202035086734,37704300,242.2297103881836,229.24445281982423,82.76836484091424,7.46889583117445,6.534414521080243
2025-10-01,254.5098419189453,257.83756097799323,253.9917514638179,254.10134722927504,48713900,243.0755859375,230.06727447509766,81.72740861945705,7.407962914171577,6.709124199698509
2025-10-02,256.18365478515625,257.229778167004,253.21461153357077,255.63566078088252,42630200,243.93989334106445,230.92854797363282,80.58354420455206,7.409325752979072,6.849164510354623
2025-10-03,257.07037353515625,258.2858846694617,253.01536064819075,253.73271197999827,49155600,244.85301971435547,231.81531860351564,79.64403747870529,7.396692142324241,6.958670036748547
2025-10-06,255.7452850341797,258.1165305885388,254.1113214696764,257.0404883747525,44664100,245.79005813598633,232.67319885253906,75.86498211236477,7.196796160766638,7.006295261552166
2025-10-07,255.5360870361328,256.4526841311554,254.48993311029045,255.86485915808862,31955800,246.89248657226562,233.52351135253906,74.83676776024619,6.941479569550921,6.993332123151918
2025-10-08,257.1102294921875,257.56852798749276,255.16739414069707,255.5758888188916,36496900,248.45023193359376,234.46063934326173,78.27922788673268,6.787912640511024,6.952248226623739
2025-10-09,253.10501098632812,257.0504430809132,252.20832947523735,256.86113993459566,38322000,249.64631271362305,235.36184967041015,63.31049898049843,6.270736930505109,6.815945967400014
2025-10-10,244.3673095703125,255.436420799504,243.10197943699816,254.00171816056968,61999100,250.20425109863282,236.11776336669922,32.14398831044906,5.0970562820091345,6.472168030321838
2025-10-13,246.74850463867188,248.77103211910116,244.6562274921306,248.46217548947354,38142900,250.75023345947267,237.02460144042968,39.084100287190985,4.309372687848565,6.039608961827184
2025-10-14,246.8581085205078,247.93413549962378,243.79940008876653,245.69241642712313,35478000,251.22946319580078,237.91432525634767,42.172372108792885,3.651875336127347,5.562062236687217
2025-10-15,248.42233276367188,250.89321639065437,246.559219921403,248.57178982967116,33893600,251.74505767822265,238.84389221191407,35.52470660556283,3.2199066915140975,5.093631127652594
2025-10-16,246.53929138183594,248.1234359576197,244.22783772705108,247.33635013275978,39777000,252.22179641723633,239.53019165039063,34.8810251316595,2.694561498562223,4.61381720183452
2025-10-17,251.36148071289062,252.4474806979352,246.3599669580113,247.1072067041429,49147000,252.56004791259767,240.17798767089843,46.46863034989954,2.636935080367124,4.218440777541041
2025-10-20,261.2748107910156,263.406949073437,254.68915362058422,254.9481912125226,90483000,252.86691284179688,240.83854614257814,59.50059769503099,3.352542592795544,4.045261140591942
2025-10-21,261.8028869628906,264.3136317818121,260.86634411857244,260.9161783410852,46695900,253.28237686157226,241.5477261352539,59.20524260692813,3.9171238701719915,4.019633686507952
2025-10-22,257.4988098144531,261.882609922878,254.4899051977633,261.6833338430701,45015300,253.5882469177246,242.1216064453125,51.556624730448725,3.9714748549058356,4.010001920187529
2025-10-23,258.6246643066406,259.66084534801524,257.06046542540827,258.9833552231903,32754900,253.72324829101564,242.6446746826172,51.82931165643378,4.058610316909949,4.019723599532013
2025-10-24,261.85272216796875,263.15789839957887,258.22610426270086,260.2287163700197,38253700,254.08989410400392,243.24326354980468,56.87992780714194,4.338135761071442,4.0834060318399
2025-10-27,267.8206481933594,268.1295048126629,263.6759553344934,263.9051197703755,44888200,254.80624618530274,243.98492309570312,62.2491273565026,4.98377360383796,4.2634795462395125
2025-10-28,268.00994873046875,268.896687690681,267.16307106420925,267.9999758056659,41534800,255.52210006713867,244.74431732177734,61.17695324895275,5.447920975303759,4.500367832052362
2025-10-29,268.7073974609375,270.4110953948544,266.1269030442272,268.28892986747474,51086700,256.23197784423826,245.52423614501953,67.1635763261294,5.805121567055977,4.761318579053086
2025-10-30,270.401123046875,273.1310593223432,267.49188695276854,270.98894793982623,69886500,256.9428512573242,246.4286947631836,83.89108938425417,6.153936361557044,5.039842135553878
2025-10-31,269.3749084472656,276.29934139392066,268.1693703205502,275.97053891965146,86167100,257.5580780029297,247.3347476196289,80.53242790253304,6.275230704156741,5.286919849274451
2025-11-03,268.0597839355469,269.8531775103368,265.2701011373342,269.42476736726525,50194600,258.17380294799807,248.1575082397461,77.70838526471545,6.193839066180033,5.468303692655567
2025-11-04,269.0461730957031,270.49081837885313,266.6350661079627,267.3424445625432,49274800,258.84930725097655,249.01195220947267,77.3665429412103,6.1381719430349335,5.6022773427314405
2025-11-05,269.1457824707031,270.70003856307255,265.94757476828966,267.6213843438783,43683100,259.45108489990236,249.825546875,81.48771108325501,6.032553469709967,5.688332568127146
2025-11-06,268.7771301269531,272.3937751745226,266.90407480138714,266.90407480138714,51204000,260.2346908569336,250.60825531005858,77.6933080991896,5.851648741310555,5.720995802763829
2025-11-07,267.48193359375,271.2878818962731,265.7881780523408,268.80702532983145,48227400,261.39042205810546,251.32381225585937,63.596813160220385,5.539908290584663,5.684778300327997
2025-11-10,268.6985778808594,272.98692304032335,266.733924572705,268.2298525605972,41312400,262.48792572021483,252.07207122802734,64.66280950119011,5.329588583824318,5.613740357027261
2025-11-11,274.5028076171875,275.16101963639426,269.0675899882029,269.07757258136417,46208300,263.87016067504885,252.98463653564454,83.98845390406639,5.567087612094326,5.604409808040675
2025-11-12,272.7276916503906,274.9815668240292,270.96250711171905,274.2535373864602,48398000,265.08542861938474,253.68734375,77.47667507782901,5.548115062964939,5.593150859025528
2025-11-13,272.20904541015625,275.9488654308047,271.3513641926929,273.3658696206449,49602800,266.3689163208008,254.35357452392577,72.55864412548327,5.428650658437846,5.560250818907991
2025-11-14,271.6705322265625,275.21088338895913,268.8681625557137,270.31420819279356,47431300,267.3843688964844,255.01082824707032,60.984095860187054,5.230229909095044,5.494246636945402
2025-11-17,266.73394775390625,269.7557213346742,265.00866346949266,268.09027174019775,45018300,267.6573257446289,255.60541687011718,47.135426657824205,4.62136668704369,5.31967064696506
2025-11-18,266.7139892578125,269.97510130800674,264.59974924229334,269.25705465795,45677300,267.902880859375,256.2699462890625,45.38447623839053,4.0900798189442185,5.073752481360891
2025-11-19,267.83099365234375,271.47107967039307,264.77930243197466,264.80921977983166,40424500,268.4194900512695,257.1074597167969,43.885851020888204,3.7163245911486342,4.80226690331844
2025-11-20,265.5272521972656,274.68232536305425,265.1981613886433,270.09480618650156,45823600,268.7646194458008,257.83433685302737,41.3711920457283,3.197370896702523,4.481287701995257
2025-11-21,270.75299072265625,272.5879921198442,264.9488130991126,265.2280517805383,59030800,269.20963287353516,258.5852258300781,55.13852610691041,3.171213999698125,4.219272961535831
2025-11-24,275.1710205078125,276.24807542504453,270.164627965921,270.164627965921,65585800,269.5771514892578,259.3720690917969,60.33287786755522,3.4670169379014624,4.0688217568089575
2025-11-25,276.2181396484375,279.6188865292943,274.5028075356392,274.52274228722064,46914200,269.98756103515626,260.15096160888675,61.56174074425148,3.7427920837470765,4.003615822196582
2025-11-26,276.7966003417969,278.7712367451818,275.8791146523587,276.2082055022192,33431400,270.3920211791992,260.924684753418,63.02074146012745,3.9623473435379992,3.9953621264648658
2025-11-28,278.0930480957031,278.242634823177,275.2407959413455,276.50736791500816,20135600,270.7766174316406,261.74645538330077,67.22794166466,4.192628950881954,4.034815491348283
2025-12-01,282.3315124511719,282.65065109438723,275.3904143522869,277.2553332443013,46587700,271.42444763183596,262.50115661621095,70.15629653025313,4.663380882987894,4.160528569676205
2025-12-02,285.4131164550781,286.619823290159,281.86278279875575,282.231773534172,53669500,272.2921142578125,263.1066687011719,67.54326821632391,5.224885640556465,4.3733999838522575
2025-12-03,283.378662109375,287.8365294074879,282.5309633672564,285.4231155973949,43538700,273.0087387084961,263.7043698120117,66.98461116199304,5.442975509757105,4.587315089033227
2025-12-04,279.9380187988281,283.95707766942763,277.83373081751637,283.3287830094401,43989100,273.54835052490233,264.27550201416017,61.27436272515293,5.277348157323615,4.725321702691305
2025-12-05,278.0232238769531,280.37683325787106,277.2951945750906,279.77845592816414,47265800,274.01065521240236,264.7174737548828,58.90904484288427,4.934695244614204,4.767196411075885
2025-12-08,277.1356506347656,278.9108174051644,275.4003533668138,277.374989388386,38211800,274.49334106445315,265.16979064941404,66.45628963278328,4.539195578646115,4.72159624458993
2025-12-09,276.4275817871094,279.2698514894354,276.16830825817004,277.40493251311347,32193300,274.8797912597656,265.6284701538086,65.04017865158877,4.121118318845049,4.601500659440955
2025-12-10,278.0232238769531,278.9905919368044,275.68957968235776,276.9960211276047,33038300,275.0558120727539,266.11507720947264,65.55078862355693,3.87388828692184,4.455978184937132
2025-12-11,277.2752685546875,278.8310314000742,273.0667227973629,278.34237127554803,33248000,275.28319091796874,266.5703857421875,68.81790443005984,3.576376717263713,4.280057891402449
2025-12-12,277.5245666503906,278.4620173164318,276.06853855760204,277.14559334691864,39532900,275.5489669799805,266.9972039794922,62.903865501259034,3.322414204883728,4.088529154098705
2025-12-15,273.3658752441406,279.3894873363706,272.0993337942639,279.3894873363706,50409100,275.63373413085935,267.3231140136719,46.52578977477631,2.7538309937753525,3.8215895220340346
2025-12-16,273.8645324707031,274.752131096348,271.0522107383373,272.07941349564567,37648600,275.9902633666992,267.68549896240233,45.37251819540029,2.316756051649577,3.520622827957143
2025-12-17,271.10205078125,275.41033087528734,270.9026119684932,274.2634587890498,50138700,276.2096664428711,267.9968182373047,39.689307212771624,1.7275477308636482,3.162007808538444
2025-12-18,271.4511413574219,272.88723490520505,266.22537510199504,272.8672697170699,51630700,276.390673828125,268.28363647460935,37.54677640477983,1.2740778077674122,2.7844218083842383
2025-12-19,272.9271240234375,273.8545921928022,269.1673383776201,271.4112306527045,144632000,276.7606674194336,268.6800787353516,30.329611128061828,1.0220179062457646,2.4319410279565434
2025-12-22,270.23443603515625,273.13654030849926,269.7756932559407,272.1192896847017,36571800,276.73473968505857,269.1974212646484,17.72693826542067,0.5980868287092562,2.065170188107086
2025-12-23,271.62066650390625,271.7603010837797,268.8282792538215,270.1048034873943,29642000,276.5572219848633,269.69486450195313,24.291368845852034,0.36971377881644685,1.7260789062489583
2025-12-24,273.06671142578125,274.6823088952694,271.46109654935304,271.60070067851706,17910600,276.39965057373047,270.2190365600586,33.540359049260715,0.30192977305205204,1.4412490796095772
2025-12-26,272.6578674316406,274.6225212124231,272.1193247047194,273.4158142002898,21521800,276.19271392822264,270.703747253418,36.14837715441851,0.21276751517928005,1.1955527667235177
2025-12-29,273.0168762207031,273.61522314661676,271.6107000753325,271.9497734782625,23715200,275.9389053344727,271.2332989501953,39.06830648009253,0.16912522206820313,0.9902672577924548
2025-12-30,272.33868408203125,273.3359694836473,271.54086793463244,272.06942798009953,22139600,275.43926391601565,271.6528430175781,39.13036423846432,0.07890439193533894,0.8079946846210316
2025-12-31,271.12200927734375,272.9370761103812,271.0123224859311,272.3187639976345,27293600,274.7247085571289,271.8497869873047,31.27706326615433,-0.08973731856474387,0.6284482839838766
