Date,Close,High,Low,Open,Volume,SMA_20,SMA_50,RSI,MACD,MACD_Signal
2023-01-02,64.31986236572266,64.76119950912705,63.290078951038275,63.32206174225757,559916,,,,0.0,0.0
2023-01-03,64.08321380615234,64.53734118437097,63.64827415266433,64.53734118437097,303162,,,,-0.018877947771983372,-0.0037755895543966746
2023-01-04,64.84434509277344,65.56071761764812,63.96167572453475,63.96167572453475,602703,,,,0.027263796328256262,0.0024322876221339125
2023-01-05,65.2025375366211,65.23451544838517,64.57571093140096,64.92110458571955,351326,,,,0.09167779310884328,0.020281388719475785
2023-01-06,65.43280029296875,65.554324166089,64.6076940391523,65.40081750115932,289156,,,,0.15946837749618226,0.048118786474817085
2023-01-09,64.90191650390625,65.49036277991213,64.76120002923336,65.2409126220425,67408,,,,0.16841365129329233,0.07217775943851215
2023-01-10,64.281494140625,65.36884084577436,63.96168571206468,65.2089366314942,417149,,,,0.12401043054445893,0.0825442936597015
2023-01-11,65.18972778320312,65.336841759823,64.53732094749009,64.60128163649917,566551,,,,0.16026004468713495,0.0980874438651882
2023-01-12,64.94669342041016,65.07461483429027,64.76120395436159,64.88273271347009,304643,,,,0.16744705765660228,0.11195936662347102
2023-01-13,64.6012954711914,64.92110386461314,63.968076218585225,64.79318245919997,364037,,,,0.14361656693823477,0.11829080668642378
2023-01-16,64.5245361328125,64.85074204243745,64.28148352400895,64.6012918997503,228308,,,,0.11718604645413677,0.11806985463996639
2023-01-17,63.85932159423828,64.6012792227065,63.641854283755414,64.6012792227065,410251,,,,0.04207737295266156,0.10287135830250542
2023-01-18,64.4925537109375,64.60128737990873,63.6546525067949,64.42859301624196,354890,,,,0.03326627484115363,0.08895034161023507
2023-01-19,64.38381958007812,65.17694292436697,63.840141479345895,63.840141479345895,238794,,,50.5592477007668,0.017309942236906295,0.07462226173556932
2023-01-20,64.65885925292969,65.06821848988987,64.5373353806012,64.92110448036946,633870,,,52.82818548792613,0.026551764472614536,0.06500816228297837
2023-01-23,63.98726272583008,64.86993211814587,63.961677469255726,64.85714192980305,347130,,,49.25366314224048,-0.02008472755548496,0.04798958431528571
2023-01-24,64.15996551513672,64.59490517411614,63.73782092606546,64.59490517411614,499649,,,44.140291238036006,-0.04261754321622391,0.02986815880898379
2023-01-25,64.4733657836914,64.92109552501208,64.12157464416218,64.58849698572932,138870,,,43.7085199018894,-0.03478519738804664,0.016937487569577702
2023-01-26,67.44119262695312,67.79937645040981,64.74840665729235,64.74840665729235,1870634,,,61.769103042019225,0.2084973880923826,0.055249467674138686
2023-01-27,67.49236297607422,68.39422501159518,66.59050582044222,67.79938118898681,920823,64.8638563156128,,66.08420528057057,0.4008093289189816,0.12436143992310728
2023-01-30,65.78459930419922,69.71824434165593,65.24092589769639,67.79299604438417,689686,64.93709316253663,,58.222580408209595,0.4106815898851863,0.18162546991552309
2023-01-31,66.23233032226562,66.39223454334315,65.08101797855164,65.24092219962915,709916,65.04454898834229,,56.00604929622653,0.44945256969154457,0.2351908898707274
2023-02-01,65.90611267089844,66.32825720222574,65.88052741447122,66.23231859048455,133364,65.09763736724854,,55.474395675961816,0.4486836663573541,0.27788944516805275
2023-02-02,65.56072235107422,66.26429985886405,65.40081815021793,65.88692828718993,446220,65.1155466079712,,55.47444397525586,0.4154155408946565,0.3053946643133735
2023-02-03,65.52873992919922,65.88053112502631,65.36883572743945,65.72062692326654,125970,65.12034358978272,,55.75936871546514,0.382065385685749,0.3207288085878486
2023-02-06,66.67366027832031,67.47957889020266,65.4008240902675,65.72063252102676,618037,65.20893077850342,,65.29913019819801,0.4429150026378892,0.3451660473978567
2023-02-07,66.54571533203125,66.8271482131689,66.32824313845553,66.52652761375144,192571,65.32214183807373,,61.81006782038263,0.4753353050743243,0.3711998989331503
2023-02-08,65.93170166015625,66.5521307439489,65.88053114440471,66.52014795163194,331684,65.35924053192139,,58.41450577780801,0.4463377527587227,0.3862274696982648
2023-02-09,67.1917495727539,67.28768819281328,65.95728890246895,66.4561892463342,505940,65.47149333953857,,62.43721284993721,0.5190490452228573,0.41279178480318335
2023-02-10,65.65665435791016,67.22371330011697,65.24090253246098,66.52653344873401,1102803,65.52426128387451,,57.55640179203832,0.4476437552830248,0.4197621788991517
2023-02-13,65.36244201660156,66.34745246911021,65.24091326366363,65.69504060373579,409993,65.56615657806397,,55.38371675974791,0.3631281561057449,0.4084353743404704
2023-02-14,64.78038787841797,65.56072114502389,64.76120015545042,65.56072114502389,554522,65.61220989227294,,51.34230560885077,0.24634234907635744,0.3760167692876478
2023-02-15,64.95947265625,65.24090557519746,64.85713651837985,65.2025301334822,710986,65.63555583953857,,35.65086434304811,0.16632214238093468,0.33407784390630524
2023-02-16,65.22172546386719,66.34105485678077,64.98506549260546,64.98506549260546,993314,65.67745113372803,,37.184154387669246,0.1226532911060616,0.2917929333462565
2023-02-17,65.70143127441406,66.26429223995171,65.22171872700144,65.24090644811581,2901535,65.72957973480224,,49.45503991841346,0.12530917552285814,0.25849618178157685
2023-02-20,65.32406616210938,66.16196754147116,65.24091772960628,66.16196754147116,139470,65.79641990661621,,43.99319031789953,0.09585877201288895,0.2259686998278393
2023-02-21,65.24730682373047,65.85494079163087,65.234511755838,65.56071766865573,353216,65.8507869720459,,45.494315128177035,0.06556943432654805,0.19388884672758105
2023-02-22,65.47117614746094,65.84215506325229,65.08740704279938,65.52873931721015,399293,65.90067749023437,,49.3772265596397,0.058949763282114986,0.16690103003848786
2023-02-23,65.24090576171875,65.52873133518275,64.92109740014169,65.25369594903096,527576,65.79066314697266,,48.05190915690994,0.03472247156949493,0.14046531834468928
2023-02-24,65.20892333984375,65.56071449150963,64.96587074043991,65.52873170321696,274055,65.67649116516114,,38.32815357379091,0.012793973222642308,0.1149310493202799
2023-02-27,65.2025375366211,65.29847615180219,65.06182106117032,65.20893019104058,304563,65.64738807678222,,39.08535534451996,-0.005041683268842689,0.09093650280245538
2023-02-28,65.11299896240234,65.49037057129475,65.0810161671212,65.24092038374805,347798,65.59142150878907,,42.72732817805369,-0.026100711417583966,0.06752905995844752
2023-03-01,65.24090576171875,65.24090576171875,64.7931760074662,65.11298436904326,394690,65.55816116333008,,28.307002645228835,-0.03209911459244097,0.04760342504826982
2023-03-02,65.06181335449219,65.55431608034327,64.86353373341929,65.43279222221229,258105,65.53321571350098,,40.52945735115845,-0.05071949013962751,0.027938842010690364
2023-03-03,65.49675750732422,65.87412905514852,64.69723655357242,64.9211014446452,1006487,65.53161659240723,,52.0467360344126,-0.030033703916316767,0.016344332825288937
2023-03-06,65.2025375366211,65.81656907322449,65.11299157585948,65.25370317142139,117859,65.45806045532227,,57.051393150978214,-0.03695516588956593,0.005684433082317963
2023-03-07,65.10660552978516,65.55433541259633,64.92111604122347,65.24092449462852,511632,65.38610496520997,,52.527860867376766,-0.04960951794225821,-0.0053743571225972715
2023-03-08,65.22172546386719,65.46477808956843,65.10659424540052,65.10659424540052,552180,65.35060615539551,,50.0,-0.04977518913433698,-0.014254523524945214
2023-03-09,65.35604095458984,65.52873533322703,65.08740308564816,65.24090974220218,116228,65.25882072448731,,42.85705269602042,-0.03862312383819244,-0.01912824358759466
2023-03-10,65.56710815429688,65.63746638047635,65.08099810429906,65.24090227654548,343370,65.25434341430665,65.26751960754395,55.39756553799442,-0.01260833169121156,-0.01782426120831804
2023-03-13,65.93809509277344,66.13637962367812,65.56072351440312,65.56072351440312,552989,65.28312606811524,65.29988426208496,63.5681125453679,0.037511712310291045,-0.006757066504596223
2023-03-14,65.70783233642578,65.88692424962781,65.56071833350205,65.8805267156167,169961,65.32949829101562,65.33237663269043,54.636635685009516,0.057983530183335574,0.006191052832990137
2023-03-15,66.23871612548828,66.36024488250025,65.72702559890605,65.86134454512973,368360,65.39346046447754,65.36026405334472,67.48925517717257,0.11571162673062929,0.028095167612517968
2023-03-16,66.09159851074219,66.48815776398573,66.04042800068223,66.45617985511457,96461,65.43695411682128,65.37804527282715,64.8709999177361,0.14788566328530806,0.052053266747075985
2023-03-17,64.67166137695312,66.20034528839051,64.28149470032122,66.20034528839051,4809963,65.38546562194824,65.36282249450683,43.94160228046439,0.05813659677050964,0.053269932751762714
2023-03-20,64.6332778930664,65.24091188513914,64.60769263615225,65.08100768934224,2096680,65.35092620849609,65.35744972229004,44.46071280067094,-0.015904079091242806,0.03943513038316161
2023-03-21,64.91470336914062,65.10659034839583,64.63966796814876,65.10659034839583,950646,65.3342960357666,65.37011390686035,46.36234315603911,-0.05128201702726187,0.02129170090107691
2023-03-22,66.5583724975586,67.29108927584534,66.44615588298862,67.29108927584534,696266,65.38865585327149,65.39748680114747,62.57979531867464,0.05270354061207172,0.027574068843275876
2023-03-23,66.5583724975586,66.5583724975586,66.5583724975586,66.5583724975586,0,65.45452919006348,65.42972038269043,59.62772714566826,0.13357309670428208,0.04877387441547712
2023-03-24,64.37342834472656,65.02033336981653,64.32722120266305,65.02033336981653,193965,65.41275444030762,65.42516304016114,44.400971495049276,0.021112695733464193,0.04324163867907453
2023-03-27,65.22496032714844,65.35038186352116,64.5582580372314,64.68367453740365,465779,65.41387557983398,65.43917152404785,50.72524476367951,0.0006905716819147756,0.03473142527964258
2023-03-28,65.8586654663086,65.97088712990404,65.21836792612726,65.35038689527373,243918,65.4511589050293,65.47915840148926,53.66975743600067,0.03523443919068825,0.03483202806185172
2023-03-29,65.50879669189453,65.9444682623069,65.32396816003465,65.87845879181405,295826,65.46455345153808,65.4994832611084,50.858778134827574,0.03398743099853618,0.03466310864918861
2023-03-30,65.38998413085938,65.51540566260361,65.11934376407477,65.51540566260361,265738,65.48096199035645,65.51960655212402,48.99378832454661,0.02314518403039756,0.0323595237254304
2023-03-31,65.99069213867188,66.03689928336068,65.22496798531317,65.36358941937961,405197,65.50565872192382,65.54624320983886,50.29119471777681,0.06230651043036062,0.03834892106641644
2023-04-03,65.11934661865234,66.0104871884564,65.03352976213903,66.0104871884564,143440,65.50149917602539,65.56888488769532,46.957891482064596,0.022769371278585027,0.03523301110885016
2023-04-04,65.16554260253906,65.25135440816175,64.6968688280774,65.02031874979328,487635,65.50444602966309,65.58899642944336,44.15969202229118,-0.0047813500975593115,0.027230138867568265
2023-04-05,65.20515441894531,65.61442122731385,65.03352575270041,65.15234482376223,206062,65.503617477417,65.60363220214843,45.11877474473849,-0.023152267814580796,0.017153657531138455
2023-04-06,65.88506317138672,66.01048470390825,65.32397505864357,65.35037985686917,503440,65.53006858825684,65.57250961303711,57.27449446784765,0.016956141779260747,0.017114154380762914
2023-04-07,65.64081573486328,65.91145605439986,65.35036804308798,65.94446330526502,213495,65.53375396728515,65.53547866821289,55.89480938955735,0.028702751034344942,0.01943187371147932
2023-04-10,65.00712585449219,65.68043056495867,64.86190198614447,65.68043056495867,1010331,65.4872055053711,65.51992919921875,50.519330195231106,-0.012971921641963036,0.012951114640790847
2023-04-11,64.98072814941406,65.32398048244625,64.88831386605152,65.32398048244625,290473,65.4508502960205,65.49489715576172,39.1659707166591,-0.04758099013656647,0.0008446936853193851
2023-04-12,65.51538848876953,65.84544082372554,64.95430052658409,64.98070531772444,469839,65.41468391418456,65.48708267211914,43.3275739205982,-0.0315031564428665,-0.005624876340317792
2023-04-13,65.69364166259766,66.01049425093059,65.38339657002716,65.51541554404861,516931,65.39478607177735,65.48974105834961,61.36363934861156,-0.004327926361028744,-0.005365486344459982
2023-04-14,65.69364166259766,65.69364166259766,65.69364166259766,65.69364166259766,0,65.44588508605958,65.49303909301757,54.72708329165237,0.017012529416589928,-0.0008898831922499999
2023-04-17,66.11610412597656,66.66398732340579,65.52200875434212,65.52200875434212,527524,65.52002639770508,65.4818879699707,52.71207174536119,0.06723909407696738,0.012735912261593475
2023-04-18,65.99728393554688,66.83561486408682,65.96427667915859,66.46595776629916,305608,65.57415542602538,65.47091934204101,55.40946764559272,0.09634559998369241,0.029457849806013264
2023-04-19,66.22171783447266,66.33393444941005,65.68043206313902,65.85206073293757,68033,65.5573226928711,65.47671966552734,59.000014860092236,0.1359554458365011,0.05075736901211084
2023-04-20,66.6309814453125,66.83561232578768,65.91806703848275,66.50555991924058,160300,65.56095314025879,65.46550430297852,57.22789877290047,0.1980872604510182,0.08022334729989232
2023-04-21,66.6309814453125,66.6309814453125,66.6309814453125,66.6309814453125,0,65.67383079528808,65.48499084472657,71.2430872290376,0.24450862790739336,0.11308040342139254
2023-04-24,66.6309814453125,66.6309814453125,66.6309814453125,66.6309814453125,0,65.74413185119629,65.51036163330077,70.86479886680628,0.27809222203524087,0.1460827671441622
2023-04-25,66.6309814453125,66.6309814453125,66.6309814453125,66.6309814453125,0,65.78274765014649,65.54737350463867,70.53241045923973,0.3012350126250425,0.17711321624033827
2023-04-26,67.21186828613281,67.37029202269713,66.53856362858465,66.67058256968829,413647,65.8679012298584,65.59242141723632,69.66735350729778,0.3622725023819129,0.2141450734686532
2023-04-27,67.85216522216797,68.3736485587629,67.00062952338885,67.32407942819353,1423698,65.99101028442382,65.64503021240235,79.33473945007611,0.45704325418418534,0.26272470961175964
2023-04-28,67.90498352050781,68.15582153491665,67.50231918408834,67.99079533265294,637672,66.08672485351562,65.68910125732423,95.44527825104811,0.5302987985784995,0.31623952740510763
2023-05-01,67.90498352050781,67.90498352050781,67.90498352050781,67.90498352050781,0,66.2260066986084,65.74071960449218,96.24212182339372,0.5816494524648874,0.3693215124170636
2023-05-02,68.16241455078125,68.31423581556045,67.6607335552601,67.99078591406624,486320,66.3758502960205,65.79902175903321,95.88097297268705,0.6357887711445329,0.4226149641625575
2023-05-03,68.05020141601562,68.17562293960218,67.70694913593658,67.9973968595265,738401,66.51810264587402,65.8506022644043,91.80333637394672,0.6620086850444835,0.4704937083389428
2023-05-04,67.93799591064453,68.32085796590493,67.81257940276326,68.01721031262278,866028,66.62074928283691,65.90454406738282,88.28868931407003,0.6660562275855568,0.5096062121882656
2023-05-05,68.31423950195312,68.41985867984621,67.79935860022327,67.99078958300481,936593,66.75442047119141,65.966650390625,88.10104419030289,0.6916507285687317,0.5460151154643589
2023-05-08,68.83745574951172,69.18856336262272,68.3142425346713,68.7341881865489,1067823,66.94593696594238,66.03934875488281,93.17670965003236,0.7455593889326622,0.5859239701580196
2023-05-09,68.5689697265625,68.91319146741111,68.29359128340222,68.84434816972278,477404,67.1253490447998,66.10846817016602,85.21165286778019,0.7578814271143557,0.6203154615492869
2023-05-10,68.40374755859375,68.70666438369673,68.22475077535952,68.35555672300075,777927,67.26976699829102,66.17172500610351,78.69463846435028,0.7457185042892291,0.6453960700972754
2023-05-11,68.74797821044922,70.2212470919905,68.40375641097867,68.83747398744474,348438,67.4224838256836,66.24544830322266,80.83079446137026,0.7551509272461772,0.6673470415270557
2023-05-12,68.8787841796875,69.01647079852191,68.5001380992811,68.8374739921109,324991,67.58174095153808,66.31308883666992,81.53433173212773,0.7643699578525656,0.6867516247921577
2023-05-15,69.87010955810547,69.87699546182945,68.84433050426547,69.1885521567868,397048,67.76944122314453,66.4064402770996,85.55276234627347,0.8419621634965893,0.7177937325330441
2023-05-16,70.22811889648438,70.46218715196646,69.87701126085446,70.15238969561504,506638,67.98098297119141,66.50887054443359,84.80955148185325,0.9217179166952434,0.758578569365484
2023-05-17,70.978515625,71.11620746058642,70.29007220428728,70.45529715458453,1113551,68.21882286071778,66.62400634765625,85.18601204531677,1.033561417724556,0.8135751390372984
2023-05-18,70.74445343017578,71.08178926448585,70.64807176323005,71.08178926448585,155388,68.42449645996093,66.73177459716797,80.70462019249015,1.090737986548163,0.8690077085394714
2023-05-19,70.90278625488281,70.90967215974689,70.42776386739081,70.82705705859736,623447,68.63808670043946,66.83848815917969,81.34346931286993,1.1357349198019904,0.9223531507919753
2023-05-22,70.18680572509766,70.90967342897703,70.01469486726033,70.90967342897703,518258,68.81587791442871,66.92346237182618,69.31401793240192,1.1009308233108612,0.9580686852957525
2023-05-23,70.24877166748047,70.46218746046107,69.70490070085903,70.46218746046107,250964,68.99676742553712,67.01428115844726,71.17885957782066,1.0660595884345412,0.9796668659235104
2023-05-24,70.1455078125,70.35204296351492,69.97339693745658,70.35204296351492,286190,69.14344940185546,67.0924169921875,71.30169107199387,1.0183524206733523,0.9874039768734788
2023-05-25,70.13174438476562,70.32450773303553,69.80817508485231,70.22124015291742,116352,69.25742835998535,67.17321990966796,68.85745768185876,0.9682719169879306,0.9835775648963692
2023-05-26,69.89077758789062,70.32450032823648,69.7049001651758,69.87701102978117,205854,69.35671806335449,67.27760223388673,61.608612811927706,0.8987781947829632,0.966617690873688
2023-05-29,70.2625503540039,70.34516547477635,69.70491273291108,69.73933701300153,151348,69.4745964050293,67.39018768310547,68.24940355515655,0.8637461465370251,0.9460433820063554
2023-05-30,70.75133514404297,71.08179033024507,69.1816848274987,70.18681169243658,611480,69.60404243469239,67.50692031860352,73.64774199696586,0.865447503423951,0.9299242062898746
2023-05-31,69.58099365234375,72.01119869238211,69.32626763236739,70.90968999536288,2002288,69.68058204650879,67.56737274169922,57.193853549389424,0.7635572508958433,0.8966508152110684
2023-06-01,69.57408905029297,70.11795997226528,69.53278412663134,69.87700583022853,360767,69.76238670349122,67.6276870727539,56.13590489027614,0.6744764038695337,0.8522159329427615
2023-06-02,70.07666778564453,70.25566457472307,69.54656332440624,69.87701853098143,279536,69.85050811767579,67.74175186157227,51.99491287637641,0.6370891276362869,0.8091905718814667
2023-06-05,69.77375030517578,70.22123964752873,69.6704827258009,69.6704827258009,458521,69.89732284545899,67.83272766113281,45.56456718129753,0.576372469722287,0.7626269514496309
2023-06-06,70.01470184326172,70.2143510885341,69.808171944723,69.89078180317566,67129,69.96960945129395,67.91584838867188,39.552351132437174,0.5414552966771566,0.7183926204951361
2023-06-07,69.89077758789062,70.20746620088245,69.80128182916226,70.20746620088245,193458,70.0439609527588,68.0034880065918,40.51987223478976,0.49804241085236356,0.6743225785665816
2023-06-08,69.74620819091797,69.93897152745589,69.58098322422933,69.93897152745589,271645,70.09387245178223,68.09061248779297,37.11674012180012,0.4468211676601612,0.6288222963852976
2023-06-09,69.49836730957031,69.93897071724048,69.39510498934054,69.470834192447,351063,70.12485160827637,68.16076599121094,41.43849588505088,0.38182780234326685,0.5794233975768915
2023-06-12,69.42264556884766,69.65671910881237,69.18857728129043,69.18857728129043,83245,70.10247840881348,68.24683197021484,39.76122575569609,0.32051527980264893,0.527641774022043
2023-06-13,69.26429748535156,69.60163331277852,69.11972498788288,69.60163331277852,140563,70.05428733825684,68.3288070678711,39.22564010716338,0.2561940514386407,0.4733522295053626
2023-06-14,68.7755126953125,69.53279956084015,68.42440500903416,69.53279956084015,290620,69.94413719177246,68.40021423339844,35.143397752839036,0.16388895705986783,0.4114595750162637
2023-06-15,67.84610748291016,68.84434843424391,67.7428399097774,68.84434843424391,371533,69.79921989440918,68.43943511962891,30.537501034856888,0.015561883755964345,0.3322800367642038
2023-06-16,67.79792022705078,68.35555779802654,67.467465026068,67.53630832765397,382907,69.64397659301758,68.48257720947265,25.0,-0.10467012723451319,0.24489000396446042
2023-06-19,67.21273803710938,68.01822093619818,65.40213349541858,67.74284248152551,388555,69.49527320861816,68.526689453125,14.794686082010188,-0.24435737461857343,0.14704052824785366
2023-06-20,67.13011932373047,67.46745512870015,66.46921427112585,66.98554683588631,269324,69.33934059143067,68.56967727661133,18.881223203197493,-0.3576049173728535,0.04611143912371224
2023-06-21,66.62066650390625,67.46745420963704,66.4760940180315,66.9855459233879,348552,69.16309852600098,68.59178283691406,16.744355463615705,-0.4828964659284338,-0.05969014188671697
2023-06-22,66.6482162475586,67.12324396252527,66.46922471205843,66.95113308057007,167966,68.98892211914062,68.61087432861328,6.771009696783125,-0.5733585661187703,-0.16242382673312766
2023-06-23,66.66197204589844,67.46744951937889,66.46920874479946,66.9511169975469,558972,68.82748184204101,68.6302409362793,7.677764657296009,-0.6366021015442698,-0.25725948169535606
2023-06-26,68.43128204345703,68.67223620773966,66.58625333173927,66.58625333173927,696062,68.73591842651368,68.6765444946289,34.78841485581603,-0.5377556169408422,-0.31335870874445326
2023-06-27,67.7703857421875,68.67224512521693,67.70842309052186,68.47259586248379,164896,68.5868709564209,68.71200653076171,31.534908566158975,-0.5069045932993532,-0.3520678856554333
2023-06-28,67.7703857421875,67.7703857421875,67.7703857421875,67.7703857421875,0,68.49634056091308,68.74297988891601,32.34944119342927,-0.4769568728588922,-0.3770456830961251
2023-06-29,67.7703857421875,67.7703857421875,67.7703857421875,67.7703857421875,0,68.40615539550781,68.76576797485352,33.84826252403256,-0.448058153164979,-0.3912481771098959
2023-06-30,67.7703857421875,67.7703857421875,67.7703857421875,67.7703857421875,0,68.29084129333496,68.78855606079101,34.33428770252617,-0.4203106302917945,-0.39706066774627563
2023-07-03,69.79440307617188,70.84084018155527,69.1885746615444,69.1885746615444,1022901,68.29187393188477,68.8518244934082,53.712660727720404,-0.23232118110988154,-0.36411277041899687
2023-07-04,68.76861572265625,70.1179642528438,68.53454747107577,70.1179642528438,580921,68.2295696258545,68.89457717895507,49.95507538787234,-0.16421765589326753,-0.32413374751385104
2023-07-05,68.47946166992188,69.18855748837298,68.46568986141266,68.84433580932635,886747,68.15900382995605,68.91992904663086,54.50086802261088,-0.13205518699987806,-0.2857180354110565
2023-07-06,68.50012969970703,68.84435145699199,68.15590794242208,68.80992718030062,605561,68.09669990539551,68.93288833618163,55.00977570313215,-0.10370303734841002,-0.24931503579852723
2023-07-07,68.59650421142578,69.01645513167138,68.16278673338492,68.8443442709939,375410,68.05160675048828,68.94671875,60.61237983230646,-0.07262001845475652,-0.2139760323297731
2023-07-10,68.46570587158203,69.0026962284868,68.32801926872884,69.0026962284868,516440,68.003759765625,68.95793319702149,60.167741186037055,-0.057873702916452885,-0.18275556644710908
2023-07-11,68.5483169555664,69.53279134008166,68.50012612215966,68.8374619560069,1336311,67.96796073913575,68.96565124511719,65.69512102700574,-0.039070734437061105,-0.15401860004509949
2023-07-12,68.61028289794922,68.87877544732267,68.2454034247221,68.80992689422615,728448,67.95969924926757,68.97685287475586,65.88630787211488,-0.01895066134218837,-0.12700501230451727
2023-07-13,68.53455352783203,69.18857276142995,68.431285950841,68.70666440534802,699093,67.99412155151367,68.98878402709961,65.01112487875167,-0.00901219871205683,-0.1034064495860252
2023-07-14,68.6515884399414,68.844351784553,68.43128672432712,68.50701593148271,444557,68.0368049621582,68.99553100585938,52.40244937351281,0.008213167547751254,-0.0810825261592699
2023-07-17,68.61715698242188,68.82369211712488,68.03198110397224,68.7135386446415,422841,68.10702590942383,68.99112503051758,60.6954118467866,0.018868558546941472,-0.061092309218027635
2023-07-18,68.40374755859375,68.84435098470328,68.22475077535952,68.77550768420001,326459,68.17070732116699,68.9878205871582,57.59065888850282,0.009977659468319189,-0.04687831548075827
2023-07-19,68.47946166992188,68.77549252399822,68.29357902188934,68.761720715489,229697,68.26364707946777,68.98933486938476,58.34659472585738,0.008938021954620012,-0.03571504799368262
2023-07-20,68.83058166503906,69.01645909418379,68.39685890968978,68.7479665563042,481154,68.3727653503418,68.99098693847657,61.52683583951585,0.036031205599059035,-0.02136579727513429
2023-07-21,68.88565826416016,69.1885750995954,68.5758607751249,69.11284589073658,527643,68.48394966125488,68.99112442016602,32.722662698032806,0.06124102171077084,-0.0048444334779532625
2023-07-24,68.7410888671875,68.88566138544851,68.70666984040587,68.87878073153674,262019,68.4994400024414,68.96854400634766,49.21291448516579,0.06876179729094645,0.009876812675826682
2023-07-25,69.071533203125,69.70489992208634,68.83057904399914,68.84434560206059,1248274,68.56449737548829,68.94541229248047,66.53879596951563,0.10023076453207125,0.027947603047075595
2023-07-26,69.15413665771484,69.87011841601777,69.11283173494556,69.19544683289037,946895,68.63368492126465,68.90892471313477,67.65789148436534,0.13033315673064294,0.04842471378378907
2023-07-27,69.15413665771484,69.15413665771484,69.15413665771484,69.15413665771484,0,68.70287246704102,68.87711837768555,65.8823631669984,0.1524323739035367,0.0692262458077386
2023-07-28,69.15413665771484,69.15413665771484,69.15413665771484,69.15413665771484,0,68.77206001281738,68.84214538574219,71.18626557848174,0.16800945432214576,0.08898288751062004
2023-07-31,69.26429748535156,69.87012584413564,69.11972498788288,69.25741158002253,1070662,68.74555473327636,68.82369522094727,71.66670514626094,0.18708684028128175,0.10860367806475239
2023-08-01,69.52589416503906,69.69800500679496,69.3950934969407,69.5672043386966,851928,68.78341865539551,68.80923767089844,74.7209874305301,0.22076957762853056,0.13103685797750803
2023-08-02,69.45706939697266,69.94586368758956,69.18857683244234,69.53279860772813,1449047,68.83229904174804,68.79546890258788,75.0006202806977,0.23915299915024946,0.15266008621205632
2023-08-03,69.73420715332031,70.99202686240783,69.50680548581344,70.99202686240783,1052068,68.89400291442871,68.78751815795898,76.9967771516413,0.2729384296334558,0.17671575489633623
2023-08-04,69.48548126220703,69.99713632412677,69.44995297393551,69.99713632412677,290573,68.93845176696777,68.7794122314453,69.56228794186299,0.276456705169565,0.196663944950982
2023-08-07,69.00226593017578,69.74132278773043,68.90277802835921,69.64183488591384,606980,68.96527976989746,68.75420654296875,62.02235619730095,0.23751559307520154,0.20483427457582593
2023-08-08,68.4906005859375,69.27229887214813,68.29873263857512,68.93830149925509,391947,68.96239395141602,68.70899185180664,50.190399682841075,0.16348283570505373,0.1965639868016715
2023-08-09,68.455078125,69.07332355823365,68.22056861916754,68.5545660205016,261639,68.95463371276855,68.68647354125977,42.80518538875798,0.10078321027525305,0.1774078314963878
2023-08-10,67.51705169677734,68.78197398811324,65.44911291901863,68.78197398811324,538185,68.90375862121581,68.64533279418946,30.406450429038287,-0.02431727355532587,0.13706281048604507
2023-08-11,68.39822387695312,68.9383048770659,67.50993525517451,67.6520592659857,620035,68.8910903930664,68.61176391601562,45.94635550841036,-0.05176041576120838,0.09929816523659439
2023-08-14,68.39822387695312,68.39822387695312,68.39822387695312,68.39822387695312,0,68.88014373779296,68.58425338745117,41.364842545263826,-0.07267159081412444,0.06490421402645064
2023-08-15,69.34335327148438,69.92607029806481,68.64693271694551,68.71799471107822,1073640,68.9271240234375,68.57082641601562,51.98707810344248,-0.012831886339540688,0.049356993953252375
2023-08-16,67.86524963378906,69.63471902239975,67.77997197563693,69.63471902239975,737529,68.89641342163085,68.5303158569336,39.67118898990578,-0.08371409596801982,0.022742775968997937
2023-08-17,68.61851501464844,68.92408650535921,67.50993259331787,68.46928318267572,712712,68.88581008911133,68.50776199340821,46.17005281895678,-0.07820503784807897,0.0025532132055825565
2023-08-18,68.56166076660156,69.28650178434356,68.22055560304597,68.22055560304597,487560,68.8696102142334,68.48902786254882,44.93722101281966,-0.07753298032938005,-0.013464025501409965
2023-08-21,67.88656616210938,68.5616687418031,67.55256878564914,68.5616687418031,283351,68.82688407897949,68.45830627441406,38.85226067665694,-0.12997657345422908,-0.03676653509197379
2023-08-22,67.50991821289062,68.10684541362878,67.4459640506753,67.95051120987506,437287,68.74880332946778,68.42321868896484,37.29106599540875,-0.1996296344047721,-0.06933915495453345
2023-08-23,67.78707122802734,68.14949445222597,67.16171807906417,67.50992565119391,243904,68.68045005798339,68.40344985961914,37.29119090278034,-0.22981706688327108,-0.10143473734028098
2023-08-24,67.59521484375,67.86525264067117,67.47440346726087,67.86525264067117,521439,68.60250396728516,68.39843200683593,37.57009852172265,-0.2661539740736316,-0.13437858468695113
2023-08-25,67.91498565673828,68.20634688850855,67.5454600245506,67.5952039639159,386195,68.54054641723633,68.40077331542969,42.69326606577045,-0.26608118437957273,-0.16071910462547545
2023-08-28,68.32005310058594,68.39822293195714,67.84393170709478,67.84393170709478,595903,68.49333419799805,68.42291961669922,48.8372286572108,-0.23067881876384888,-0.17471104745315016
2023-08-29,67.88656616210938,68.32005142666203,67.79418610079021,68.32005142666203,192012,68.41136779785157,68.4380485534668,46.32346556147622,-0.23489325881502054,-0.18674748972552424
2023-08-30,66.99827575683594,68.19213580324116,66.69270427407498,67.54546454818336,396486,68.28842811584472,68.44560073852539,46.62338449131526,-0.30637909735197866,-0.21067381125081514
2023-08-31,67.26832580566406,67.86525317886054,65.4491069551717,67.15462225552169,1529852,68.16513404846191,68.4580029296875,42.01007790414121,-0.33735256698464866,-0.23600956239758186
2023-09-01,67.5028305053711,67.50993833274073,66.87747723893712,67.15462286783156,74007,68.06600151062011,68.47482009887695,43.87159705780681,-0.3390681290622837,-0.25662127573052224
2023-09-04,68.22057342529297,68.24189148701893,67.08356495254156,67.61653818242667,206370,68.02691688537598,68.47060592651367,42.06839830852861,-0.2792923606784967,-0.2611554927201171
2023-09-05,67.7231216430664,68.22766889201132,67.52414045241159,68.22056106549574,485360,67.98854293823243,68.46966064453125,48.83448848002382,-0.268959438040568,-0.2627162817842073
2023-09-06,67.64495086669922,68.00026628392666,67.50992927321423,68.00026628392666,67221,67.94803657531739,68.46715194702148,41.02232897278846,-0.2640346239684561,-0.2629799502210571
2023-09-07,67.332275390625,67.72312454045762,67.29674167820993,67.52414334128981,85963,67.93879776000976,68.45838973999024,39.174063653049764,-0.2821099828413196,-0.2668059567451096
2023-09-08,67.31806945800781,67.68759515098155,66.8703685083915,67.68759515098155,115231,67.8847900390625,68.44934341430664,44.33438057901636,-0.2941898970064045,-0.2722827447973686
2023-09-11,67.16173553466797,67.86525868781037,66.08868123524988,67.488625135337,769241,67.82296562194824,68.39669006347657,46.37064771178313,-0.3127727080061078,-0.2803807374391164
2023-09-12,67.13329315185547,67.61652231710198,66.97695350696942,67.61652231710198,368767,67.7124626159668,68.36398361206055,42.81254508305347,-0.32603643709910557,-0.2895118773711142
2023-09-13,66.82772827148438,66.99827816375982,66.79930238582457,66.97696010493581,67580,67.66058654785157,68.3309489440918,41.76827172657138,-0.3570882787018661,-0.3030271576372646
2023-09-14,66.7424545288086,67.50282939433173,66.65718228851149,67.50282939433173,94780,67.56678352355956,68.29579544067383,36.75782798256044,-0.3841497263396718,-0.31925167137774607
2023-09-15,65.53437805175781,67.43176112576586,65.24301679997278,66.97695781413134,1874930,67.41541938781738,68.23455291748047,23.36968413313845,-0.49734471366862465,-0.3548702798359218
2023-09-18,65.72624969482422,65.87548153156904,65.62676180366101,65.65518768994814,160802,67.30740356445312,68.17976379394531,28.347706664749893,-0.5650564990102964,-0.39690752367079674
2023-09-19,65.29987335205078,65.80442064342185,64.52528826889456,65.37804318524609,648119,67.19690132141113,68.114794921875,31.240340519340876,-0.6456805804079409,-0.4466621350182256
2023-09-20,64.64608764648438,65.40646241976268,64.5608099948491,65.37803653588423,478148,67.03985214233398,68.0355110168457,23.299555953302075,-0.7536432579537689,-0.5080583596053343
2023-09-21,65.42778015136719,65.96075327264639,64.27655625759826,64.66740538187618,616395,66.93148040771484,67.9733755493164,30.989575688442116,-0.7672836373172061,-0.5599034151477087
2023-09-22,65.97496795654297,66.08867149916458,65.2003829037457,65.52016462942316,407623,66.83447952270508,67.91984313964844,28.763391207979325,-0.7255762619062409,-0.5930379844994151
2023-09-25,65.62676239013672,66.08867355848433,65.42778660603216,66.05313984488703,215958,66.69981498718262,67.86003524780273,29.598918967078987,-0.7124079501505065,-0.6169119776296335
2023-09-26,65.4775390625,65.9110244006487,65.37805115751678,65.59124262344322,390086,66.57936363220215,67.80151107788086,29.195173000675226,-0.7058761428582017,-0.6347048106753471
2023-09-27,66.28765106201172,66.7993061896572,65.3780443558347,65.43489613039168,433998,66.54383239746093,67.75767486572266,40.84682923698731,-0.6280901384047866,-0.633381876221235
2023-09-28,66.28765106201172,66.28765106201172,66.28765106201172,66.28765106201172,0,66.49479866027832,67.70681625366211,40.94877097795011,-0.5599889652472143,-0.6187032940264309
2023-09-29,66.28765106201172,66.28765106201172,66.28765106201172,66.28765106201172,0,66.43403968811035,67.65485610961915,42.10518336801775,-0.5002517046223574,-0.5950129761456162
2023-10-02,65.76177215576172,66.44397704487187,65.37803088907178,66.08155383382874,840346,66.31109962463378,67.59526977539062,38.63364483617648,-0.489698587484682,-0.5739500984134294
2023-10-03,65.71914672851562,66.08156457679499,65.5912329521572,66.06735434461444,582701,66.21090087890624,67.52822204589843,40.394089321271515,-0.47925018406614583,-0.5550101155439726
2023-10-04,65.92521667480469,66.21657790408251,65.74045657113275,66.07445391330675,584293,66.12491416931152,67.46364364624023,43.06379903620886,-0.4491639442585864,-0.5338408812868954
2023-10-05,66.62874603271484,66.79929590845248,65.86837128551785,66.24500474604308,587366,66.08973770141601,67.41313583374023,60.15832255706935,-0.3643514264648644,-0.4999429903224893
2023-10-06,66.7424545288086,66.97696403299291,66.15973739281596,66.65718228851149,269334,66.06095695495605,67.36490219116212,59.57167618593179,-0.28467995640856714,-0.4568903835397049
2023-10-09,68.4906005859375,68.5971962996647,66.23079422599045,66.79930108474669,648962,66.12740020751953,67.34942825317383,74.06220045591114,-0.07956182623554753,-0.38142467207887343
2023-10-10,69.65604400634766,69.9971492511837,68.22057185902167,68.22767968666183,742707,66.25353775024413,67.35203125,85.0747735534824,0.175019794488108,-0.2701357787654772
2023-10-11,71.15546417236328,71.41839953539402,69.64182243252353,69.64182243252353,1356403,66.46992454528808,67.38599914550781,86.43773291126584,0.4920956667658629,-0.11768948965920917
2023-10-12,73.13813781738281,73.52898701787942,71.06309669509034,71.06309669509034,2101321,66.78970870971679,67.45407775878907,88.53223170614592,0.8930710065660605,0.08446260958584478
2023-10-13,72.96758270263672,73.19498437898564,72.0935042900459,72.83966892083522,1085609,67.16136894226074,67.52371978759766,90.2572646468636,1.1834424914831345,0.30425858596530275
2023-10-16,72.54829406738281,73.5360758441545,72.3066822034595,73.37262837844908,250939,67.50247116088867,67.59464035034179,87.66067527502535,1.3640074675491007,0.5162083622820623
2023-10-17,72.32801055908203,72.484350221146,71.95137705775521,72.30669250001574,314718,67.85387802124023,67.67138854980469,84.32949852660863,1.4723590353995917,0.7074384969055683
2023-10-18,72.46302795410156,72.50566406975823,72.05796859031398,72.12903059030279,133780,68.24472503662109,67.75154754638672,84.56635910418262,1.551241462971774,0.8761990901188095
2023-10-19,72.49146270751953,72.55541688882911,72.04376175161751,72.4772470527727,220120,68.59790916442871,67.85103576660157,84.61533222198194,1.5976342687443292,1.0204861258439135
2023-10-20,74.21829223632812,74.54518179666674,72.34222711162094,72.47014088929113,1705183,69.01007537841797,67.96743713378906,91.6084378099293,1.7535280331862566,1.1670945073123822
2023-10-23,75.99485778808594,76.49940499420494,73.55028615579545,73.55028615579545,2428982,69.52848014831542,68.11936981201171,93.18989910391552,1.9974041258871154,1.333156431027329
2023-10-24,75.2984619140625,76.03751882237745,74.26094127979854,75.61114129649539,517756,70.01952629089355,68.23847198486328,87.83717360560173,2.1101597512903396,1.4885570950799312
2023-10-25,72.77570343017578,76.00196251768362,72.49145002349661,74.65887072834938,1664284,70.34392890930175,68.33668106079102,71.6358046903616,1.9732079576490094,1.5854872675937468
2023-10-26,72.07218170166016,72.83966434424744,71.91584204242757,72.76860234141898,404980,70.63315544128417,68.40575439453124,68.01151370578583,1.7873014520068722,1.625850104476372
2023-10-27,71.7381820678711,72.12903120365776,71.56052435554682,72.09349749251965,421285,70.90568199157715,68.46928482055664,62.134877778024844,1.5946362537000027,1.6196073343210982
2023-10-30,72.85386657714844,72.91071834184248,71.77371015637506,71.77371015637506,258814,71.26028671264649,68.56863082885742,61.993548043724964,1.5145157172628956,1.5985890109094576
2023-10-31,73.45791625976562,73.89140153173048,72.48434999914753,72.49145782604232,536234,71.64722518920898,68.68759078979492,59.2571620330806,1.4826700783000035,1.575405224387567
2023-11-01,73.1807632446289,73.91271211191263,72.91782789296037,73.54318105434157,408883,72.0100025177002,68.79546463012696,50.19861739258414,1.4187141938218701,1.5440670182744278
2023-11-02,74.1543197631836,74.37461898862182,73.19496930804571,73.20207713381663,725751,72.38628120422364,68.92664672851562,55.144722184737425,1.4301012522627872,1.5212738650720998
2023-11-03,74.95964050292969,75.69106061564867,74.51635575693852,75.69106061564867,409646,72.7971405029297,69.06753982543945,60.11507230903745,1.486967396921159,1.5144125714419119
2023-11-06,75.37336730957031,75.46202650770702,75.00396243900715,75.26993439674631,236650,73.14127883911132,69.20860610961914,62.57059842776585,1.5475789945829916,1.521045856070128
2023-11-07,75.40292358398438,75.72800168764662,75.17389435822481,75.37337051668132,2184784,73.42862281799316,69.35893325805664,62.24185979131482,1.5797882511706547,1.5327943350902336
2023-11-08,75.36598205566406,76.09740210932075,74.98918751549569,74.98918751549569,1554408,73.6391487121582,69.5262873840332,61.96115606084945,1.5840732362531327,1.5430501153228136
2023-11-09,75.36598205566406,75.36598205566406,75.36598205566406,75.36598205566406,0,73.75054092407227,69.6882405090332,55.5771412470433,1.569378301645358,1.5483157525873226
2023-11-10,76.85098266601562,77.68584123613773,75.76493713966883,75.80187424273954,2359039,73.94471092224121,69.87520355224609,54.28162397532383,1.6584421103807614,1.5703410241460103
2023-11-13,78.80884552001953,79.05265412385697,77.10219656650116,77.57503442060731,3194930,74.25773849487305,70.08696899414062,65.58905022981426,1.8655046142919218,1.6293737421751926
2023-11-14,78.24735260009766,79.11914279719704,77.75973540171486,79.05265261742034,1696846,74.55370559692383,70.29745361328125,79.42421780764592,1.9616823019289313,1.6958354541259406
2023-11-15,78.1438980102539,78.79405414142111,77.77449316724365,78.48375542609344,1503877,74.83774909973144,70.50743255615234,84.90374882240768,2.0064270494412852,1.7579537731890096
2023-11-16,78.48375701904297,79.23734043394398,77.57501860665845,78.31382830767424,2937260,75.13736381530762,70.73046218872071,88.75137402853773,2.0457294699946402,1.8155089125501358
2023-11-17,77.81883239746094,79.05264332838325,77.57502382691814,78.90488363290517,686877,75.31739082336426,70.94047744750976,80.0801313458886,2.000166388421704,1.8524404077244494
2023-11-20,78.44681549072266,78.68323437323173,77.57501980459466,77.6710630380084,851699,75.43998870849609,71.16617904663086,80.13773193063443,1.9917704158435896,1.8803064093482775
2023-11-21,77.94442749023438,79.42204696872223,77.72278231379279,78.6832372294783,904403,75.5722869873047,71.38240173339844,78.01473999513632,1.9224176006412108,1.8887286476068643
2023-11-22,79.1043472290039,79.79144041358772,78.31382114666943,78.31382114666943,2850518,75.88871917724609,71.62793411254883,78.48631466179609,1.9387026664598181,1.8987234513774551
2023-11-23,80.1756362915039,80.45638762043714,78.94182528945214,79.13391741398465,2699952,76.29389190673828,71.89659774780273,79.12532558101887,2.0148271000332585,1.921944181108616
2023-11-24,81.79362487792969,82.0004907013375,80.08697619814436,80.27167863142574,5505692,76.79666404724121,72.22178268432617,81.59992069190307,2.1805780722625627,1.9736709593394055
2023-11-27,82.65065002441406,83.20475734537956,81.97094076015966,82.38467805941694,1663813,77.2865032196045,72.56027069091797,82.98580391034838,2.3539567308824303,2.0497281136480106
2023-11-28,82.4659423828125,83.09392951296418,82.08175817463847,82.74668804519293,1056047,77.73690452575684,72.9035920715332,81.88443832905514,2.4482344808314025,2.1294293870846888
2023-11-29,82.54721069335938,82.9978794269821,81.97093438953857,82.08914664775946,953727,78.20522689819336,73.2616145324707,82.01570890765541,2.500681648945232,2.2036798394567976
2023-11-30,82.97572326660156,85.25864838151298,82.37728915806699,82.7393043662336,2838100,78.64629707336425,73.6125733947754,80.14536791842093,2.5474582776811303,2.2724355271016643
2023-12-01,83.39683532714844,83.85489936167352,82.9313872541661,83.1234793507954,1007777,79.06815681457519,73.9610107421875,76.60652707343554,2.5886687548519802,2.335682172651728
2023-12-04,84.06177520751953,84.70454174028215,83.55938433559123,83.74408677914325,1059661,79.50257720947266,74.32971099853516,83.31905159961246,2.644499304290619,2.3974455989795063
2023-12-05,83.80319213867188,84.37207317941433,83.2638585283537,84.22431348060806,1091872,79.92259063720704,74.6962240600586,81.86359789859836,2.6374767343496757,2.44545182605354
2023-12-06,84.0322265625,84.70454619801353,82.76886245851802,82.76886245851802,791006,80.35590286254883,75.05111557006836,81.63440366294057,2.620188558269973,2.480399172496827
2023-12-07,84.66020965576172,85.33252925855253,83.85490970429188,84.66759933180099,1350589,80.82061424255372,75.41856674194337,89.17087549809237,2.6268795097125377,2.509695239939969
2023-12-08,86.0639419555664,87.54895105811104,84.9631170606141,84.9631170606141,4249105,81.28126220703125,75.81409255981445,90.05436910653648,2.714164404306217,2.550589072813219
2023-12-11,89.22605895996094,89.94270538304139,85.77581847352016,86.07134352712788,3804972,81.80212287902832,76.28337829589844,96.35697768905118,3.003868006924705,2.6412448596355165
2023-12-12,88.58329010009766,90.13478944684854,88.10306263554664,89.3959796972842,1339699,82.31891975402831,76.74066116333007,90.67845000550052,3.14533664115892,2.742063215940197
2023-12-13,85.80535125732422,89.02656174311237,85.55415868497856,88.5832770858334,1688346,82.70199241638184,77.13826385498047,71.07290175700328,2.998727639028189,2.793396100557796
2023-12-14,87.65977478027344,87.84447721106345,85.33252302498512,85.70192788656514,1070692,83.16079330444336,77.55888442993164,71.5760136310677,2.9976207230752436,2.834241025061286
2023-12-15,89.08568572998047,89.39598448862748,87.6228398673039,87.8444850587211,1164771,83.72413597106933,78.00574905395507,72.71771843758029,3.0763404433385944,2.8826609087167476
2023-12-18,87.34208679199219,89.50679951668137,87.07611483944758,89.50679951668137,527324,84.16889953613281,78.38277877807617,65.50746735096355,2.963866913524896,2.898902109678377
2023-12-19,84.97789001464844,87.54895027501176,84.40900902042273,87.54895027501176,1106095,84.52057266235352,78.6892156982422,56.75006737482266,2.653373471591877,2.8497963820610774
2023-12-20,84.32035064697266,85.70192684163848,82.6358654005733,84.96311712748643,1436987,84.78137283325195,78.95251342773437,53.68716764485966,2.3274182216976698,2.7453207499883963
2023-12-21,83.60372161865234,84.70454666799516,82.96834472493651,84.6676039224671,555717,84.95277709960938,79.16182510375977,50.55826506936882,1.9883499043168484,2.593926580854087
2023-12-22,83.02005004882812,84.22430786008218,82.74668842394038,83.65542685730276,397211,85.0140983581543,79.36287445068359,47.17661007934962,1.6534781355075268,2.405836891784775
2023-12-25,83.02005004882812,83.02005004882812,83.02005004882812,83.02005004882812,0,85.032568359375,79.5723095703125,47.84727406947579,1.3722711584004372,2.1991237451079075
2023-12-26,81.1213150024414,83.47811433585649,80.53026493176,83.47811433585649,2907638,84.96533699035645,79.7481756591797,42.671142543328045,0.9848478403466174,1.9562685641556496
2023-12-27,81.7197494506836,82.08176466122205,80.16086037856309,80.53026526510024,3281503,84.92396392822266,79.93331008911133,42.58571561583583,0.7178260760292403,1.7085800665303679
2023-12-28,82.31818389892578,83.7810297357154,81.71974978402929,82.00788514576992,2564222,84.89108695983887,80.12984451293946,40.15538389599473,0.5481789964263584,1.476499852509566
2023-12-29,83.62586975097656,84.15042394905743,82.52503926584535,82.52503926584535,2292219,84.90253868103028,80.31799606323243,33.691905183821206,0.51333438383638,1.2838667587749288
2024-01-01,85.6871566772461,85.88663282819569,83.84013231534941,83.84013231534941,1015897,84.9838077545166,80.51184204101563,42.2098726415288,0.6446176543148994,1.156016937882923
2024-01-02,85.93834686279297,86.44073770053643,84.97050792817122,86.44073770053643,1493329,85.09056549072265,80.72463973999024,50.41401376752528,0.7601668108950861,1.0768469124853557
2024-01-03,88.09567260742188,88.65716959311281,85.82752691079824,86.36686050595827,1731439,85.29373779296876,81.03103912353515,51.33182840034201,1.0141282686317794,1.0643031837146406
2024-01-04,88.8714370727539,90.31950369485568,88.65718154096263,89.32211152985421,1555011,85.50429916381836,81.36702423095703,49.318308710364946,1.2634282482111558,1.1041281966139436
2024-01-05,87.54158020019531,89.46987441804434,86.81016000480597,88.87882990214248,983207,85.5781810760498,81.68309219360351,50.65190725504861,1.338265253794745,1.150955608050104
2024-01-08,87.7041015625,89.28515391917519,87.1795473354415,88.02917964443463,1460218,85.50208320617676,81.98009689331055,60.40612211853538,1.3946120163726334,1.19968688971461
2024-01-09,87.79277801513672,89.00442574838398,87.21650721964984,88.36165913367141,656869,85.46255760192871,82.26679412841797,63.85621909934484,1.4299392309517174,1.2457373579620317
2024-01-10,87.39379119873047,88.21387033323653,87.1721460566104,87.69670021384643,830443,85.54197959899902,82.5510546875,65.51708412307914,1.4094936361541954,1.2784886136004645
2024-01-11,87.65977478027344,88.08089609700782,86.84708521213156,87.4011925045016,524471,85.54197959899902,82.8211637878418,69.5030293389845,1.3986304656962716,1.302516984019626
2024-01-12,87.18693542480469,88.28776031405098,87.10566590579953,87.91096578381526,1048863,85.44704208374023,83.06570968627929,66.84580848850939,1.336461247201001,1.309305836655901
2024-01-15,87.24604034423828,88.3247075354578,87.11306000094193,87.9109702440753,1444701,85.44223976135254,83.30316314697265,79.08753871550752,1.2772377647768707,1.302892222280095
2024-01-16,87.05394744873047,87.88880037232883,86.40379131164725,87.88880037232883,629325,85.54604263305664,83.53618362426758,76.35017690803647,1.2009585345775662,1.2825054847395894
2024-01-17,86.4998550415039,87.17955872281279,86.40380615747506,86.44074890312794,698466,85.6550178527832,83.75886108398437,70.7477518537081,1.0833083640776664,1.2426660606072049
2024-01-18,86.263427734375,86.86925150212508,85.62805090031138,86.86925150212508,474281,85.78800315856934,83.97680999755859,64.64309494482632,0.9599266121021941,1.1861181709062028
2024-01-19,86.99484252929688,87.21648769486784,86.44073525204021,86.44073525204021,409948,85.98674278259277,84.17968719482423,58.51770868016041,0.910667142062735,1.1310279651375093
2024-01-22,87.86664581298828,87.99224212057463,87.00962377768354,87.24604267765189,317007,86.22907257080078,84.36084320068359,61.62061260333428,0.9312411281432418,1.091070597738656
2024-01-23,88.14738464355469,88.53895288775277,87.17954572776918,88.0291780210943,2605017,86.58037605285645,84.55884384155273,50.402722685800256,0.9591430338851978,1.0646850849679643
2024-01-24,86.9579086303711,88.68672644224723,86.81014892941506,88.14739282408232,1769486,86.84228401184082,84.73512405395508,35.99996874120846,0.8751861209916001,1.0267852921726917
2024-01-25,87.21649169921875,87.84447884827479,87.03178926498633,87.17954895770387,2291175,87.08719940185547,84.90977874755859,47.17939348685482,0.8200619910714693,0.9854406319524471
2024-01-26,85.08132934570312,87.98484610969538,84.7858043328528,87.8296967461999,2000174,87.1599723815918,85.05502868652344,33.04691229440611,0.5972017928071978,0.9077928641233973
2024-01-29,84.19476318359375,85.36947368343604,83.97312362809221,85.33253093918343,1410951,87.08535270690918,85.16998764038085,28.917729797679513,0.34506727932296144,0.7952477471633101
2024-01-30,83.36729431152344,84.74148097702515,82.77624985930348,84.22431637674876,2273164,86.9568000793457,85.27844497680664,27.535106650150894,0.07758469031035986,0.6517151357927201
2024-01-31,83.8327407836914,84.40901146997795,83.1160944452737,83.1160944452737,2834118,86.74365348815918,85.37301284790038,29.112850907619134,-0.09573596358993086,0.50222491591619
2024-02-01,84.17997741699219,84.5937090373705,83.67019692997563,84.00265903396955,986980,86.50908050537109,85.45309967041015,33.36052202283851,-0.2027377021534562,0.3612323923022608
2024-02-02,84.1208724975586,84.40900782827067,83.50026942140671,84.22430540413879,596889,86.33804512023926,85.49964462280273,32.70638917315986,-0.28897549429161984,0.2311908149834847
2024-02-06,83.67020416259766,84.81536152942525,83.54460785793609,83.57416092432781,3839057,86.13635025024413,85.5200357055664,31.796458404476084,-0.38919829839345255,0.10711299230809727
2024-02-07,83.86967468261719,84.11348323647266,83.6849722575759,84.00266065411375,670013,85.94019508361816,85.5481103515625,35.28910744567635,-0.4473729518802969,-0.0037841965295815627
2024-02-08,83.86967468261719,83.86967468261719,83.86967468261719,83.86967468261719,0,85.7639892578125,85.57455963134765,36.247762413455156,-0.4878531168414355,-0.10059798059195235
2024-02-09,83.18997955322266,83.92878932836082,81.26907526519769,83.05699356823094,1663532,85.54049949645996,85.57884475708008,28.010183789713736,-0.5682294602032414,-0.19412427651421016
2024-02-12,83.07914733886719,83.63325460605395,82.39944377725236,82.93138765561895,904332,85.33511009216309,85.57249099731445,19.662701347976295,-0.6335681456323954,-0.2820130503378472
2024-02-13,83.67020416259766,83.78102675239889,82.11870481539363,82.74669197537251,311896,85.15631828308105,85.56465957641602,22.70267403857693,-0.6303894414900668,-0.35168832856829113
2024-02-14,83.36729431152344,84.22431637674876,82.74669679119177,83.81796873605202,424317,84.9719856262207,85.55594161987305,25.454501834279597,-0.6448788273162052,-0.4103264283178739
2024-02-15,82.24431610107422,83.48551693225966,81.89707455355924,83.47812725514791,828170,84.75920867919922,85.52018341064453,19.60251309486607,-0.7384641711495448,-0.47595397688420815
2024-02-16,80.71497344970703,82.66543093842755,80.17563979686409,82.26647295618858,1358006,84.48178596496582,85.44127868652343,21.17070782275266,-0.9253693196049539,-0.5658370454283573
2024-02-19,80.57460021972656,81.08438081858523,79.7914635845759,80.16086850857856,309586,84.1607738494873,85.33149185180665,23.484812924827935,-1.0724573224148344,-0.6671611008256527
2024-02-20,80.62630462646484,81.63108632042707,79.97615408664791,80.53026138978866,798244,83.79875679016114,85.15949676513672,27.35026030995104,-1.1713509067293302,-0.7679990620063882
2024-02-21,80.73712158203125,81.54981110927518,80.30861061136189,81.26906545780417,602733,83.42824363708496,85.0025733947754,22.82728221255782,-1.2266428078795002,-0.8597278111810107
2024-02-22,81.2764663696289,81.64587126369018,80.46377673002839,81.12131699052374,1458865,83.14417152404785,84.91199569702148,25.34507399023829,-1.212959182614668,-0.9303740854677423
2024-02-23,83.65543365478516,84.57894587741443,81.26907559137575,81.26907559137575,1496539,82.96611862182617,84.83190887451173,47.16477980406373,-0.9986403288748988,-0.9440273341491736
2024-02-26,83.40422821044922,84.22430744439409,83.11609287275732,84.1504276002858,360446,82.88226356506348,84.71827972412109,48.33945562418787,-0.8393853612038669,-0.9230989395601124
2024-02-27,83.44117736816406,83.85490903632657,83.33774445112344,83.48550415070399,221420,82.84458427429199,84.64026153564453,47.26938762016075,-0.702099794336732,-0.8788991105154363
2024-02-28,86.65499877929688,87.1795530406835,83.30819141612787,83.91401520331662,2079428,83.00896949768067,84.6738037109375,62.59188386762101,-0.33016552203609706,-0.7691523928195686
2024-02-29,88.16217803955078,89.80233675793198,86.6623949920836,87.17955961649585,3414841,83.22544136047364,84.75064025878906,70.9135905157254,0.08522936758762967,-0.598276040738129
2024-03-01,88.7605972290039,89.02656917290224,87.40119008167522,88.21387962728873,637892,83.45447235107422,84.85377777099609,72.95522572093526,0.4574470726613242,-0.3871314180582384
2024-03-04,88.184326171875,89.3590308883265,87.91835422915567,89.100448620869,388961,83.65764503479004,84.95706329345703,68.26059341257599,0.6978872179747526,-0.17012769085164023
2024-03-05,87.74105072021484,88.65717326569238,87.17955371126416,88.65717326569238,409390,83.8611873626709,85.05148330688476,67.4941180419717,0.8429521138231877,0.03248827008332536
2024-03-06,87.47508239746094,87.91836715494146,87.17955734691675,87.91836715494146,118534,84.04145774841308,85.17855865478515,72.46190590077678,0.9257838085978989,0.21114737778624007
2024-03-07,87.10566711425781,87.50462503945339,86.73626225426239,87.07611404905768,470451,84.20325736999511,85.28627700805664,80.47915722123452,0.950661167284423,0.3590501356858766
2024-03-08,86.53678131103516,87.36425023463661,86.44073807570811,86.82491665368717,287027,84.37059745788574,85.37064895629882,77.31881783166595,0.9139370262001307,0.4700275137887274
2024-03-11,87.16476440429688,87.43812036550005,86.81013329453323,86.81013329453323,453500,84.57487831115722,85.44142684936523,78.45653633466395,0.9248448316370457,0.5609909773583911
2024-03-12,86.72148895263672,87.40119822631169,86.62544571153985,87.07612012310501,124947,84.72744255065918,85.46211349487305,75.31252480803822,0.8874902861160052,0.626290839109914
2024-03-13,86.6328353881836,87.54895792661611,86.40380052607205,86.72148895329792,222341,84.89071960449219,85.47600326538085,73.55427410415453,0.8410379756674757,0.6692402664214264
2024-03-14,87.41597747802734,87.80754577986892,86.81015365247269,87.47508361629404,267056,85.14930267333985,85.46240936279297,69.23661131041028,0.8575321102532456,0.7068986351877903
2024-03-15,86.98007202148438,87.5120102924548,86.36685859258279,86.8101433033936,991183,85.46255760192871,85.42458206176758,67.95256499140086,0.8259093347172666,0.7307007750936856
2024-03-18,88.74583435058594,89.07090682651894,86.84709340833753,87.03179585655886,855092,85.87111930847168,85.44866714477538,72.69283090203163,0.932580117063651,0.7710766434876787
2024-03-19,89.97225189208984,90.6815085870327,88.73105126677204,88.73105126677204,2268635,86.33841667175292,85.49403015136718,67.09826649605063,1.1033602761494308,0.8375333700200291
2024-03-20,91.6124038696289,91.81926968617688,90.20866429590528,90.20866429590528,3207061,86.8821807861328,85.57042266845703,67.543176351928,1.3554268232009434,0.941112060656212
2024-03-21,92.93424987792969,94.36306930116113,92.10905499779925,92.43760680829985,1112002,87.46506996154785,85.68123184204102,69.7673158100513,1.6429148043370816,1.081472609392386
2024-03-22,92.55986022949219,93.21696388387953,92.0708536721925,93.21696388387953,226320,87.9102912902832,85.77923355102538,71.12749215330888,1.819566158863708,1.2290913192866504
2024-03-26,97.24362182617188,97.61037963357444,93.21695745828636,93.21695745828636,3355357,88.60226097106934,85.98036727905273,82.55295548670749,2.3108658242950355,1.4454462202883274
2024-03-27,98.29804229736328,99.10032173219247,97.61038087255844,97.80139923043038,4035570,89.3451042175293,86.20140731811523,85.1760031303111,2.7535658752631065,1.7070701512832833
2024-03-28,98.19872283935547,99.67337899832387,97.80140138176807,98.56547483006314,14651169,89.92229042053222,86.42430282592774,86.69815563871175,3.061108056718794,1.9778777323703856
2024-03-29,96.46427154541016,98.25984878820542,96.27325318591429,98.22164278453916,688287,90.3373950958252,86.62359115600586,80.49080881663748,3.128814699006483,2.208065125697605
2024-04-01,96.02876281738281,96.6553028875085,95.43278638841186,96.46428450235531,578543,90.70080337524413,86.81889785766602,77.5501812614889,3.111463768659817,2.3887448542900476
2024-04-02,96.93035125732422,97.34295158973404,95.43276810417967,96.26560530576104,1102039,91.1381046295166,87.01760803222656,80.85121099607679,3.134333043299108,2.5378624920918598
2024-04-03,96.92272186279297,97.4575768079809,96.57889112114357,97.03733405314883,1134308,91.59718818664551,87.19872955322266,81.24909638889199,3.1159230584151345,2.653474605356515
2024-04-04,96.63237762451172,97.80140916067853,96.37258960013118,97.04497801893852,694820,92.05505294799805,87.36842941284179,78.85265040488846,3.042828822664049,2.731345448818022
2024-04-08,101.36198425292969,102.92068892379453,96.65528911528241,96.65528911528241,3250425,92.76786880493164,87.65651092529296,85.48426323319028,3.3281757043549476,2.8507114999254073
2024-04-09,108.96451568603516,108.96451568603516,100.87298061039911,100.87298061039911,3786880,93.88925552368164,88.0914714050293,88.73018735621064,4.120279891746762,3.1046251782896785
2024-04-15,109.65216064453125,111.47829545775208,107.19949175614221,110.31691237723686,4881164,95.01362533569336,88.58288803100587,88.49266359439852,4.748774452440941,3.433455033119931
2024-04-16,107.14601135253906,112.31879161877552,106.89386572739589,110.17938373236518,3382388,96.03485145568848,89.04191299438476,79.38721646175212,4.9871468917724115,3.7441934048504275
2024-04-17,106.0228271484375,108.11639258723687,105.82417224969828,106.97028241846758,898888,97.00435104370118,89.49502365112305,74.9491287017668,5.0274736026961335,4.000849444419569
2024-04-18,106.38194274902344,106.9702825676193,104.21961349520343,106.49656076136151,1564517,97.95264930725098,89.94600769042968,76.36266961886285,5.030422855999959,4.2067641267356475
2024-04-19,107.88716888427734,108.30741161384067,105.90058490817846,106.38194325400954,1457153,98.99800415039063,90.42015151977539,73.10126383148825,5.0954817876856,4.384507658925638
2024-04-22,108.88810729980469,110.02658098074477,107.57389998316114,108.26920964720178,2153745,100.00511779785157,90.91549621582031,73.03867040182124,5.16823265576987,4.541252658294485
2024-04-23,108.5595474243164,109.63689369017045,107.78783750631167,109.33890553778896,903225,100.93448257446289,91.41328308105469,72.31735943988278,5.1401240563009765,4.661026937895784
2024-04-24,108.64360809326172,110.71424065902823,108.07818953073439,108.87283246503421,3602518,101.78604278564453,91.90876174926758,78.24247944048976,5.066230431375956,4.742067636591819
2024-04-25,108.88810729980469,109.26250750171181,108.30741565292062,108.84226475647648,935937,102.58373565673828,92.40913040161132,80.08585759420238,4.97010595617175,4.787675300507805
2024-04-26,112.48689270019531,115.75712608867343,108.38382206075086,108.52898622083963,3468073,103.58008728027343,92.99506866455079,82.31752410785637,5.125237969576574,4.855187834321559
2024-04-29,110.57671356201172,114.9166452773684,109.10969389799666,112.85364923918587,4646319,104.24674186706542,93.54501998901367,76.28717338885939,5.0359939124223985,4.891349049941727
2024-04-30,111.27965545654297,112.8918508830537,110.63783656436388,110.79064892076336,2832211,104.89582252502441,94.09720901489258,77.75848667255809,4.96475824769243,4.906030889491868
2024-05-02,109.53755950927734,111.36369440922272,109.07147428416152,111.27964587161709,3072687,105.4627643585205,94.62061431884766,67.47223018448426,4.713397771011671,4.867504265795828
2024-05-03,111.60821533203125,112.12777968595331,109.64454095355572,110.02657768161689,2823345,106.21996154785157,95.20789230346679,57.3995024503785,4.627929511370226,4.819589314910708
2024-05-06,114.5957260131836,115.60430850398701,112.31879053084167,112.31879053084167,3430657,107.1483097076416,95.88550735473633,62.258453992038355,4.746547202610643,4.804980892450695
2024-05-07,114.1907730102539,115.37508917126243,113.88514829849996,114.61101573304214,1106218,108.01133079528809,96.55783081054688,69.50084793549354,4.753085641923008,4.794601842345158
2024-05-08,115.41329956054688,116.44479174603882,113.09050969114536,113.92335863116793,9933330,108.93585968017578,97.25357070922851,75.85190898184274,4.801565618137857,4.795994597503698
2024-05-09,112.96309661865234,115.53223400908014,112.28116254971489,115.53223400908014,3508992,109.75239562988281,97.89809020996094,66.2472467800464,4.589372024444103,4.75467008289178
2024-05-10,113.4547119140625,114.09699621994235,112.99480179517923,112.99480179517923,542503,110.35703201293946,98.54165512084961,64.46902425009804,4.410040121047857,4.685744090522995
2024-05-13,112.5428237915039,114.58070088837054,111.81331489867503,114.58070088837054,1356545,110.53594741821288,99.11940292358399,59.542104250403675,4.146537838,4.577902840018396
2024-05-14,112.93135833740234,115.69080679669207,112.59832249743589,112.59832249743589,2246006,110.69990730285645,99.70994552612305,61.3787316040973,3.9238303966752,4.447088351349757
2024-05-15,113.37540435791016,114.23178740422412,111.82123712894352,113.49435350565614,1586598,111.011376953125,100.30863006591797,62.089144591163986,3.7400509682512677,4.30568087473006
2024-05-16,113.60537719726562,114.16836208353389,112.5983323859827,113.39920349294559,997743,111.3905044555664,100.84763763427735,62.06098394526909,3.5717879848106975,4.158902296746188
2024-05-17,114.55691528320312,114.81858892813985,113.39128363730154,113.4309333591519,1136130,111.79925308227538,101.37553237915039,56.12119018956328,3.4751600475481865,4.022153846906588
2024-05-20,114.39832305908203,115.29434381346084,113.3992033532744,114.58069725165177,633851,112.12481079101562,101.88828689575195,62.60668617000928,3.3472002036371578,3.887163118252702
2024-05-21,113.23267364501953,114.96922705139215,112.75690127910593,114.58067921591625,652521,112.34203910827637,102.38925384521484,56.25174618866848,3.1158157549652685,3.7328936455952153
2024-05-22,114.1604232788086,114.69962068823749,112.6776183034848,112.6776183034848,1271233,112.62208290100098,102.91764129638672,65.61204960583908,2.973032288701617,3.580921374216496
2024-05-23,115.1278305053711,116.80094703233594,114.0256360605532,114.18422283906165,1195328,112.94629402160645,103.47069625854492,62.843261006707785,2.904456277209988,3.4456283548151947
2024-05-24,116.99917602539062,117.27669984512973,115.37363442630937,115.53222119464526,1991344,113.35184745788574,104.06856643676758,59.548092806158785,2.96691054014876,3.349884791881908
2024-05-27,114.32695770263672,117.35601747490205,114.1842332188236,117.35601747490205,1245160,113.44385070800782,104.62436996459961,50.45843285307035,2.768862583198512,3.233680350145229
2024-05-28,114.32695770263672,114.32695770263672,114.32695770263672,114.32695770263672,0,113.63136291503906,105.16761383056641,46.01510905283802,2.5821428154090142,3.1033728431979863
2024-05-29,112.28117370605469,115.06441018869464,111.80540120160803,114.4300508825649,1218053,113.68143882751465,105.67880752563477,47.422102984362624,2.2432298259274006,2.9313442397438694
2024-05-30,110.4494400024414,112.95515219792324,110.14019155485568,112.598328927539,1080693,113.72703285217285,106.15513961791993,39.684274756384035,1.8060146261771877,2.706278317030533
2024-05-31,112.43180084228516,112.79656130274486,110.81419642923441,112.20185184069173,450893,113.76821212768554,106.65545608520507,49.64499766779666,1.6010227887971524,2.485227211383857
2024-06-03,110.79832458496094,112.94721324660499,110.65560013406342,112.5983151229969,656697,113.57834205627441,107.13182113647461,43.68247345712851,1.2918655761482114,2.246554884336728
2024-06-04,109.291748046875,111.01243940573643,109.06972413601518,110.79834059905173,664562,113.33339080810546,107.54273941040039,38.62136581960358,0.9147435281440579,1.9801926130981942
2024-06-05,109.52168273925781,110.37806575460785,108.63358721195885,109.41067079834544,471045,113.03880996704102,107.93372802734375,38.62123533803514,0.6271954770699892,1.7095931858925533
2024-06-06,108.35607147216797,110.2194995049966,107.68207459814214,109.42655346539232,501062,112.8084587097168,108.26860137939452,32.925725075344644,0.30177778068205896,1.4280301048504545
2024-06-07,110.78250122070312,111.21068677653592,106.45301033689802,107.84066596512574,1066634,112.67484817504882,108.62556640625,41.14909239226045,0.2369431804814326,1.1898127199766502
2024-06-10,108.79219818115234,109.86268021341392,108.23713835306725,109.14902149210727,393719,112.48731689453125,108.9502131652832,39.552280065857644,0.02467602126625934,0.956785380234572
2024-06-11,107.88822174072266,109.82301175373127,107.04770098739148,109.82301175373127,367301,112.23516006469727,109.16310516357422,35.22599761491091,-0.21402344654362082,0.7226236148789336
2024-06-12,107.9754638671875,108.41158662139534,107.84066448850447,108.15783807371199,907812,111.96516304016113,109.35665359497071,32.42402005908687,-0.3916401995935672,0.49977085198443344
2024-06-13,115.11197662353516,115.96835980944014,109.51377944658631,110.45738718196486,2288206,112.04049301147461,109.6949186706543,46.31581361778259,0.04295897672375304,0.4084084769322974
2024-06-14,114.2555923461914,116.56306823344327,114.18423010623015,115.8494216350379,798796,112.02542686462402,110.05074508666992,49.850049630782884,0.31465179101076046,0.38965713974799004
2024-06-20,118.5533676147461,119.0212150114961,114.69964906658204,115.09612211845325,3261132,112.23317909240723,110.50123718261719,57.52188140725352,0.8667732277184967,0.48508035734209143
2024-06-21,120.7101821899414,121.40005352895946,116.9595505006994,118.94191576342311,1882011,112.60705451965332,110.97683380126954,64.94233145960281,1.461522829682096,0.6803688518100923
2024-06-24,120.83702087402344,124.73038800694663,120.09164981890973,121.89956543797993,1988571,112.94088439941406,111.45511978149415,69.59903427122227,1.9209573948546108,0.9284865604189961
2024-06-25,120.35335540771484,122.11369667843363,120.1313314726149,121.24145114811458,389437,113.20216064453125,111.9295393371582,65.84213253455445,2.2204389982346413,1.1868770479821253
2024-06-26,128.227294921875,128.9330163335293,119.73483847207545,119.77448818946176,4716580,113.76356658935546,112.46684555053712,77.8934893498141,3.057891964995463,1.561080031384793
2024-06-27,130.28099060058594,130.99463694380316,127.75941679572706,128.4968626431508,1390547,114.56126823425294,112.89317504882813,83.01324512847688,3.8429958880813615,2.017463202724107
2024-06-28,129.551513671875,131.6290281969114,129.2501903379311,130.31273501108748,805447,115.32249603271484,113.291162109375,81.01681418856654,4.356119082646586,2.485194378708603
2024-07-01,129.7735595703125,132.42199659842572,127.2678470302235,130.04315833617855,1378804,116.19711532592774,113.74371307373048,84.1640125935112,4.726209359943155,2.9333973749555136
2024-07-02,135.44309997558594,136.78318060846487,129.5277297811653,129.5277297811653,2771716,117.44679832458496,114.33211853027343,85.64884970837397,5.4145772236595064,3.4296333446963123
2024-07-03,133.44488525390625,137.97261251713994,133.23079853225548,135.55412464796595,2225488,118.49745254516601,114.8733773803711,85.62926293332816,5.732790447079239,3.8902647651728977
2024-07-04,132.79466247558594,134.80081481040085,132.3030398463192,133.76998263020698,1050132,119.59726943969727,115.37152725219727,86.26197231347317,5.864902233002724,4.285192258738863
2024-07-05,132.22373962402344,134.0078680447374,131.70039238342582,133.21492207997562,1247733,120.74386901855469,115.83823989868164,84.8134168141748,5.856028422043167,4.599359491399724
2024-07-08,131.96998596191406,132.4219709519145,131.4704382511809,132.14443503531126,517428,121.8662841796875,116.30644866943359,80.16468159219873,5.762098182040006,4.831907229527781
2024-07-09,134.2219696044922,134.808741886875,131.8669190727461,132.38232912068705,934423,123.15957908630371,116.8180158996582,84.02715168637062,5.802486595895161,5.026023102801257
2024-07-10,133.30213928222656,134.95939335349735,132.97702855071566,134.79288148572462,514035,124.28556098937989,117.30629653930664,78.4056909214392,5.694627958867102,5.1597440740144265
2024-07-11,136.06954956054688,136.5453099397927,133.21493888748492,133.21493888748492,644230,125.64942855834961,117.77794967651367,78.90191326768664,5.765989357085829,5.280993130628707
2024-07-12,135.1338348388672,137.0686247136831,132.50918592321213,136.2677537340952,1901378,127.01170921325684,118.26909210205078,76.10773611056156,5.681546094620828,5.3611037234271315
2024-07-15,138.7972412109375,139.87564808937825,135.59374518640718,135.59374518640718,2015734,128.55279808044435,118.81944381713868,80.17635893519567,5.842877424710878,5.457458463683881
2024-07-16,138.7972412109375,138.7972412109375,138.7972412109375,138.7972412109375,0,129.73706130981446,119.40463745117188,73.29596358265333,5.902691117234866,5.546504994394079
2024-07-17,138.7972412109375,138.7972412109375,138.7972412109375,138.7972412109375,0,130.96414375305176,119.94841796875,70.63792872657567,5.8822865616085664,5.613661307836977
2024-07-18,139.09066772460938,140.43074846757668,137.49683844123336,138.76555694448433,706243,131.99100875854492,120.43831680297852,73.61589185824073,5.822672724967902,5.655463591263162
2024-07-19,132.50921630859375,140.3514523425131,130.91539908692766,139.36026976947278,1744824,132.58096046447753,120.80468566894531,55.15075564565155,5.18459541549646,5.561289956109822
2024-07-22,129.21849060058594,134.00787930650418,126.87136502390928,132.5092117911351,1705663,133.00003395080566,121.0807894897461,37.12703569904852,4.363085553414265,5.32164907557071
2024-07-23,129.68629455566406,131.27218623571034,128.4572260837495,128.4572260837495,523748,133.46668090820313,121.41525344848633,41.70166375707382,3.7070483923200186,4.998728938920572
2024-07-24,132.4774932861328,135.05456777170696,129.64667027426913,130.08279299170695,1380009,133.679190826416,121.79570907592773,49.360226829229255,3.3734733256046923,4.673677816257396
2024-07-25,132.00172424316406,133.61140368759106,131.62903864771584,133.61140368759106,1436087,133.7652275085449,122.18488708496093,49.55043917921009,3.035728112350398,4.346087875475997
2024-07-26,130.82022094726562,132.46162489034714,129.84490080538254,131.78761598533978,690924,133.82866287231445,122.5426643371582,47.75613785677233,2.642266749445895,4.005323650269977
2024-07-29,134.99903869628906,137.02105314950438,130.83607274530218,131.27219540766535,2142547,134.08993682861328,122.97513702392578,51.41043934495969,2.6372409807169106,3.731707116359364
2024-07-30,141.79461669921875,144.31617929904118,133.76999454577043,137.5761379581519,7815600,134.40751266479492,123.53892181396485,62.70461473422398,3.145346774901242,3.6144350480677394
2024-07-31,143.15846252441406,148.280898901095,142.7302770170968,148.280898901095,5092509,134.8931915283203,124.11095275878907,61.06977034549443,3.6163877703614844,3.6148255925264885
2024-08-01,148.5425567626953,149.06590396006996,142.96814805875928,143.04743538905004,5628254,135.6805862426758,124.79383743286132,68.38442104452744,4.373724982162059,3.766605470453603
2024-08-02,147.97958374023438,151.7698647827079,147.5038233835007,149.0738531296953,3997309,136.46837844848633,125.48877563476563,63.759539261882466,4.872327798935856,3.987749936150054
2024-08-05,148.90731811523438,151.2861560209637,146.78222872715926,146.98046521930337,3661164,137.31524505615235,126.18371353149413,64.73990368187255,5.281453228898954,4.246490594699834
2024-08-06,149.3355255126953,150.42185768911907,147.28972332760375,150.42185768911907,1873055,138.0709228515625,126.86786743164062,65.17473298427018,5.575964589164386,4.512385393592744
2024-08-07,147.4086456298828,149.93814511822362,146.33817586889566,149.70819611900848,2933307,138.7762481689453,127.47605682373047,61.43943861180653,5.589452136166045,4.727798742107405
2024-08-08,141.06480407714844,146.654431444001,140.67093115257583,146.654431444001,6905115,139.0260108947754,128.0108137512207,61.84362000141101,5.030260407972975,4.788291075280519
2024-08-09,139.13735961914062,142.12072807180056,138.27419445853124,140.37763366173172,1410166,139.22618713378907,128.50702178955078,64.26941686726676,4.38106607261912,4.706846074748239
2024-08-12,139.27981567382812,139.95023853564098,138.27418777473508,139.11221315518804,683624,139.25031585693358,129.04699462890625,63.93178241529639,3.833875368968023,4.532251933592196
2024-08-13,138.01438903808594,139.48930896625686,137.4529136201927,139.27980264074813,636205,139.211173248291,129.59829360961913,58.41356610033045,3.2605281017865195,4.277907167231061
2024-08-15,142.14585876464844,145.79964987898396,138.70157399221918,138.70157399221918,2105338,139.37860412597655,130.1925747680664,63.87316601655917,3.1037433196260906,4.0430743977100665
2024-08-16,142.74925231933594,143.63755725183947,142.12912166915615,142.4643267348072,987930,139.5615333557129,130.83159332275392,66.57631247172014,2.993669904123635,3.8331934989927805
2024-08-19,143.93084716796875,144.26605217747684,138.69318897408343,143.38613583070526,4635076,140.13261489868165,131.5243753051758,63.539222121838314,2.967572430853096,3.6600692853648438
2024-08-20,142.20452880859375,143.9308590458028,142.0033981139398,143.9308590458028,294428,140.78191680908202,132.1780322265625,50.734196892891,2.7755951974191646,3.4831744677757084
2024-08-21,144.53424072265625,144.97839315848526,141.62629158256652,143.05932063266297,922356,141.52431411743163,132.90159561157228,52.38175996060823,2.77940093419906,3.342419761060379
2024-08-22,150.10708618164062,153.94524355271702,144.72696534252736,144.76886916456937,2382176,142.40579376220703,133.68808731079102,52.69094155791326,3.195266024595753,3.3129890137674542
2024-08-23,151.59878540039062,153.19104128710944,150.00654230092425,150.00654230092425,1283839,143.38564682006836,134.54421905517577,56.03219912757577,3.603668913158998,3.371124993645763
2024-08-26,150.3501434326172,152.61280950557696,149.16852452335104,152.1854211454661,1609597,144.36214294433594,135.39345748901368,52.379334761583394,3.782968467588063,3.4534936884342233
2024-08-27,147.76063537597656,150.50935749218058,147.25781505268841,150.42554984254855,1554638,145.0002227783203,136.18916091918945,47.57569209231969,3.6737641314391,3.497547777035199
2024-08-28,149.2858428955078,149.67134020241554,147.4924690672035,148.41430211377462,680635,145.37478408813476,136.87263824462892,52.92584640352822,3.668007896624715,3.5316398009531023
2024-08-29,149.71322631835938,150.76075802444151,149.41992511300774,149.59590327876828,539059,145.70252227783203,137.58179092407227,66.52789968652039,3.6557906307540406,3.55646996691329
2024-08-30,152.44520568847656,153.86147067999812,150.00654867185375,150.00654867185375,4745944,145.89765472412108,138.2596276855469,74.6737348721335,3.8224929433632155,3.6096745622032755
2024-09-02,151.85018920898438,154.40616905610156,151.22167020332859,152.34462109115978,867534,146.0911849975586,138.88242782592772,72.92174222736656,3.862073293130436,3.660154308388708
2024-09-03,151.9340057373047,152.89772982073143,150.09035243708462,152.39492225917286,420702,146.2425193786621,139.50436752319337,76.5250888011668,3.8557575261971806,3.6992749519504025
2024-09-04,152.4703369140625,153.19103923926355,150.84456566042863,152.35301387448337,443877,146.39925994873047,140.1467071533203,72.7979374121018,3.8496532724586814,3.7293506160520584
2024-09-05,153.37539672851562,154.31398098937547,151.68258201182067,152.52060732680312,788061,146.6975975036621,140.64966918945314,73.15557104295914,3.873198548631791,3.758120202568005
2024-09-06,152.27760314941406,154.85871016404053,151.77478278761498,153.37541439251396,1226281,147.25823745727538,141.08960144042967,68.25519826943498,3.759933410564088,3.7584828441672213
2024-09-09,154.4229278564453,154.7832726028034,152.10159416126717,152.45356325791397,808073,148.02251586914062,141.5870297241211,76.24190616891012,3.7994816874472974,3.7666826128232365
2024-09-10,151.23007202148438,157.4649703679647,150.42556199667072,155.03470177929853,3385059,148.62002868652343,142.01615997314454,63.866758180988526,3.5324671176871334,3.719839513796016
2024-09-11,149.12661743164062,152.85582790566778,148.68246499244486,151.682597460104,1492568,149.17564010620117,142.28983032226563,47.62874788913688,3.1152146855776834,3.5989145481523495
2024-09-12,150.9702606201172,151.68258727748128,149.16851124525783,149.78865460328367,298847,149.61686019897462,142.64033782958984,48.5053640850503,2.8998777388681276,3.4591071862955056
2024-09-13,152.92286682128906,155.8308158949815,152.3530157042756,153.35864359663915,2337619,150.12554092407225,143.0429019165039,55.91975540974766,2.853882873717737,3.338062323779952
2024-09-16,153.0653076171875,153.4424292115072,152.10158368942746,152.56250013684553,352237,150.5822639465332,143.4597332763672,63.754851728026274,2.79668692748956,3.229787244521874
2024-09-17,153.0653076171875,153.0653076171875,153.0653076171875,153.0653076171875,0,151.12530288696288,143.88163970947267,60.64175966192604,2.7200042126100925,3.1278306381395176
2024-09-18,155.6548309326172,157.33925725911772,152.6882140743006,153.27482925363523,1722155,151.68133239746095,144.31029693603514,64.91378181141309,2.8354996239768298,3.06936443530698
2024-09-19,163.708251953125,167.38718260938413,155.87271006864464,155.87271006864464,3220277,152.36139068603515,144.91841918945312,72.31076046434166,3.5361122399431224,3.162713996234209
2024-09-20,164.9317626953125,171.59406149294125,160.3142477431903,163.71662852762262,10713110,153.02803955078124,145.49566345214845,75.28350208387155,4.142329679294136,3.358637132846195
2024-09-23,176.47137451171875,178.34855584354153,164.0434574047697,164.88148272995372,5873555,154.33410110473633,146.32241424560547,82.86937656392506,5.490619160672253,3.7850335384114064
2024-09-24,183.59458923339844,186.0416216412364,177.66136841415366,177.66136841415366,5960361,156.12579879760742,147.21836120605468,85.43897573429025,7.0526338129324415,4.438553593315613
2024-09-25,181.30679321289062,187.6925424156622,179.33742848610953,183.9465680032759,2353746,157.72684631347656,148.06855224609376,80.83262533577948,8.01356032445841,5.153554939544173
2024-09-26,176.65573120117188,182.68951064673305,174.8120781465908,182.68951064673305,1987864,159.0739715576172,148.82572204589843,74.95280872061731,8.304075461334975,5.783659043902333
2024-09-27,181.72581481933594,183.52756433143284,173.89027214051285,175.98533566027808,2911252,160.53800201416016,149.67842498779297,76.36776785214309,8.841504812059497,6.395228197533767
2024-09-30,186.41873168945312,188.54732318381437,181.51629119212834,181.72579752416578,4588796,162.26642913818358,150.75661529541014,83.02655329591862,9.536173543011898,7.023417266629393
2024-10-01,186.30142211914062,189.39373784945724,184.03875612706224,186.09191577196202,1967188,163.98479995727538,151.89827392578124,86.24183836860793,9.962397300479466,7.611213273399407
2024-10-02,188.58084106445312,190.56695702651297,184.7845873007112,185.45501012954736,2159363,165.79032516479492,153.07616485595702,86.35775359152825,10.364635689568928,8.161897756633312
2024-10-03,204.08432006835938,207.41128185482916,187.6338777428616,187.6338777428616,4978307,168.3257713317871,154.50830139160155,89.18989111883423,11.798408984015367,8.889200002109725
2024-10-04,200.1539764404297,211.09858573424646,197.5644811142775,207.09282548585338,3016956,170.7195899963379,155.87134643554688,84.09174315575227,12.473749150552948,9.60610983179837
2024-10-07,205.2156524658203,210.17676101944826,199.02264562071485,200.1204567868168,2441217,173.25922622680665,157.35925506591798,85.17807321868627,13.26449125285086,10.337786116008868
2024-10-08,207.62916564941406,210.31923277286515,205.31622018058658,205.32459583106055,2678460,176.0791809082031,158.81185760498047,85.14279394182758,13.92538721370883,11.055306335548861
2024-10-09,207.62916564941406,207.62916564941406,207.62916564941406,207.62916564941406,0,179.0043083190918,160.12854858398438,83.32697684919849,14.284489323056704,11.70114293305043
2024-10-10,201.74623107910156,206.90845761189166,201.12608770526617,205.3162145324592,972933,181.54310684204103,161.30030395507814,76.08980521369398,13.933757000577174,12.147665746555779
2024-10-11,204.2686767578125,206.0704261250832,199.45840669967424,201.9641070713141,1530637,184.1103973388672,162.41482635498048,72.58614037367252,13.70139820376724,12.458412237998072
2024-10-14,212.09584045410156,216.16865710154218,203.6401674349016,204.31059029666451,3619974,187.0619239807129,163.6971514892578,72.89619683400466,13.987598550087199,12.764249500415898
2024-10-15,213.78863525390625,217.04855316642153,212.0204013556164,212.18800385852632,2202073,190.09809036254882,164.99477783203125,76.34582482668213,14.187464519979414,13.048892504328602
2024-10-16,213.0930938720703,217.03182341132157,212.85844778725357,217.03182341132157,1135200,192.9700035095215,166.26992919921875,81.58051834730016,14.126889377384089,13.264491878939701
2024-10-17,211.84442138671875,214.95350104380162,211.2661946398224,213.69646302600162,631253,195.37681198120117,167.55864471435547,77.9558265046071,13.818830826634496,13.37535966847866
2024-10-18,206.7156982421875,212.02039990065427,205.73521018027913,211.8444089620932,652093,197.46600875854492,168.87166259765624,68.6882739118169,13.010865946835253,13.30246092414998
2024-10-21,207.26881408691406,209.48957617883795,205.4000211121676,208.4923239532091,850268,199.0058807373047,170.2342916870117,69.1518633539507,12.273696254300205,13.096707990180025
2024-10-22,203.22952270507812,209.0286565834764,202.38312170632162,207.28557511100288,955940,199.98762741088868,171.5132858276367,62.9635051005141,11.234047795167044,12.724175951177429
2024-10-23,214.42556762695312,216.18542618543773,198.88858142285292,203.64018418605716,4372606,201.6435661315918,173.04150939941405,59.906878348953015,11.184616856050837,12.416264132152111
2024-10-24,228.79763793945312,235.87057289111436,216.2105082548476,216.6295208677446,6772870,204.25066146850585,174.77454498291016,72.86590928967952,12.164918830605927,12.365995071842876
2024-10-25,238.38470458984375,242.06364847140586,226.26686413798248,230.44860281357947,4236762,207.08360595703124,176.68725402832033,74.69428178627638,13.559110380153413,12.604618133504985
2024-10-28,233.2224578857422,240.0439968969002,220.44257057434422,239.21435993724793,5869262,209.4237922668457,178.47308624267578,68.30495178651175,14.085102764455712,12.90071505969513
2024-10-29,240.58030700683594,245.2481143593821,232.97104805689614,234.64709876234144,3683312,212.13773651123046,180.44060180664061,71.32319397942453,14.923641995270316,13.305300446810168
2024-10-30,236.2561492919922,249.7315874563147,234.6471291535843,242.1893583049495,4549801,214.52150192260743,182.27503997802734,72.7917064560119,15.06560012768432,13.657360382984999
2024-10-31,235.82870483398438,240.932275887318,233.8928684197717,236.26446878702913,2355333,216.10872116088868,183.98947235107423,71.43668816362674,14.971035002552924,13.920095306898585
2024-11-01,237.798095703125,239.64173623854012,236.74217551521534,237.16957665308462,943166,217.99092712402344,185.71345855712892,68.96721949808945,14.883437837067476,14.112763812932364
2024-11-04,237.92379760742188,240.93230576525423,237.16119141414592,238.82885379890524,1755726,219.6263343811035,187.464931640625,68.23246770372542,14.655223254342502,14.221255701214393
2024-11-05,238.3260498046875,239.4238610051946,236.91814773137256,238.83723301010463,1134129,221.1611785888672,189.27623992919922,69.14661829724731,14.34150005849267,14.245304572670047
2024-11-06,237.93215942382812,242.18931678441996,237.4209506813547,238.8372155140474,1581226,222.67632827758788,191.04916625976563,70.05538178852726,13.90084817884383,14.176413293904805
2024-11-07,237.18626403808594,239.67519982851584,236.32309913161353,238.1667647447093,1244433,224.4483299255371,192.79862701416016,75.11734691695645,13.337692251722501,14.008669085468345
2024-11-08,238.98805236816406,240.29536980908733,236.5745353773818,237.1695517626183,1321904,226.18429870605468,194.5294839477539,75.61924884619518,12.888209130004356,13.784577094375548
2024-11-11,236.2979736328125,239.67521426539025,233.39002508010904,238.98802744325278,2022329,227.39440536499023,196.21843963623047,77.304080290481,12.174582635467772,13.462578202593994
2024-11-12,236.94326782226562,240.09425116980097,234.0604587116488,235.48511196758838,1015736,228.5521369934082,197.9186248779297,72.51539148817747,11.528208335653659,13.075704229205929
2024-11-13,234.2113494873047,237.90704459373262,233.39846382115834,236.9432949180032,881551,229.60804977416993,199.55344512939453,57.05553900569028,10.672483323772155,12.595060048119175
2024-11-14,233.1051483154297,235.48513738231023,232.13303578256205,234.22809928240466,765121,230.67108612060548,201.14804016113283,41.166616032290264,9.792175789940245,12.03448319648339
2024-11-15,234.1107635498047,236.31477444449348,232.1330358808783,232.1330358808783,686633,232.04083938598632,202.78470336914063,51.726375323532274,9.07110442697433,11.441807442581577
2024-11-18,238.31768798828125,239.16410189944398,232.97108138120853,235.39298727276974,1684034,233.5932830810547,204.46259857177733,44.98900699321495,8.73838317840972,10.901122589747207
2024-11-19,239.52439880371094,240.88199570583797,238.31764031859743,238.31764031859743,3203575,235.40802688598632,206.22848510742188,58.39773789434724,8.474383254657937,10.415774722729353
2024-11-20,248.20632934570312,250.36006052306251,239.75065706509466,239.80093653756586,4315488,237.09706497192383,208.21007934570312,72.33132441893629,8.863547195186158,10.105329217220715
2024-11-21,273.0286560058594,273.0286560058594,250.36007991990118,250.90479129687617,8039216,239.30861587524413,210.65124725341798,84.83585038661069,11.047567256009245,10.293776824978421
2024-11-22,270.1206970214844,287.86170475044327,268.25191687797764,276.5316113423418,5795649,240.89541549682616,212.99520385742187,80.17585046446695,12.400821945866255,10.71518584915599
2024-11-25,262.22650146484375,272.95321514756563,259.7878447564158,272.95321514756563,2548796,242.34561767578126,215.178427734375,69.6418190144706,12.690007918348527,11.110150262994498
2024-11-26,251.2986602783203,260.6258866146829,248.69241368793558,260.6258866146829,3203674,242.88153533935548,217.14309478759765,59.36361531559593,11.900226030988307,11.26816541659326
2024-11-27,274.1767883300781,276.4310531847519,261.5225993539819,276.4310531847519,5071638,244.77756729125977,219.5135339355469,69.77956677707121,12.970871792530232,11.608706691780654
2024-11-28,272.91973876953125,281.40055158573676,269.0061489632954,276.54837743890187,3183787,246.63211898803712,221.697763671875,68.25026520882108,13.561603158794014,11.999285985183327
2024-11-29,272.2660827636719,276.5483802548864,269.173767011225,273.1962786760393,2314462,248.35551834106445,223.8444500732422,69.77883539103628,13.817735195612585,12.36297582726918
2024-12-02,278.63507080078125,280.23570246264404,273.196293870454,273.196293870454,3626862,250.3910820007324,225.88772399902345,71.56856832424538,14.369008797839626,12.76418242138327
2024-12-03,282.28887939453125,284.9286544606624,275.41706043950063,279.146283940921,3372629,252.5892234802246,227.8616098022461,74.63711805656013,14.928640837856989,13.197074104678014
2024-12-04,282.0374450683594,284.6772456028097,279.07085349313,283.2609805960592,1061778,254.79448776245118,229.87622283935548,75.29674996138625,15.176914588627739,13.59304220146796
2024-12-05,292.5714111328125,293.72789022762663,284.928623901264,285.3392481459862,4797836,257.5637451171875,232.1945364379883,77.51220869219533,16.038791149630896,14.082191991100547
2024-12-06,290.8617858886719,296.6525433031445,289.13545595897386,294.9848812774897,2473577,260.1574317932129,234.377255859375,75.32303781442651,16.394891955446894,14.544731983969818
2024-12-09,291.9429016113281,299.1750648335387,283.2944734312,290.8031993543915,2973076,262.9396781921387,236.4877392578125,75.29312809813851,16.573294787389898,14.950444544653834
2024-12-10,292.30322265625,302.0243215253886,285.85044300891474,293.3004748373433,4695198,265.7076759338379,238.6077752685547,73.13572994014353,16.552943188793222,15.270944273481714
2024-12-11,293.6608581542969,297.7504004319991,292.30323558735597,292.30323558735597,1862609,268.6801513671875,240.70937561035157,64.36068367862364,16.456662082172386,15.508087835219849
2024-12-12,322.7906188964844,323.02526498656715,293.93741038164956,293.93741038164956,7953893,273.16442489624023,243.08350158691405,76.85664436974444,18.517429455767285,16.109956159329336
2024-12-13,334.7156982421875,339.2661696206201,325.15382621171193,325.15382621171193,4595243,278.1946716308594,245.7747360229492,85.50314731440231,20.87225433210699,17.062415793884867
2024-12-16,352.06280517578125,364.54101447578284,336.05654201127476,339.31644720979926,3823082,283.8819274902344,248.71167907714843,96.43180527956132,23.86315694693775,18.422564024495443
2024-12-17,334.0620422363281,355.31435238321944,329.34395552455203,352.8086648240112,3239947,288.6088096618652,251.2403366088867,78.89369619389839,24.49855361071559,19.637761941739473
2024-12-18,314.80419921875,345.2831753254583,311.7454119848742,335.21012041384324,3010980,291.9387031555176,253.38383728027344,67.21782473339074,23.180947524116903,20.34639905821496
2024-12-19,310.5638427734375,337.72425018073466,300.1890838000338,313.8405252920226,7411503,293.81546249389646,255.56018951416016,65.29245794132635,21.54620266833382,20.58635978023873
2024-12-20,322.7906188964844,325.99188207686865,305.8876608236306,314.2595264237166,3876964,296.4489585876465,257.9306283569336,66.84354325933015,20.99523425076012,20.66813467434301
2024-12-23,334.46429443359375,336.88620003798735,325.15384481278386,327.6679209324703,3292625,300.060848236084,260.37799743652346,68.75525463592723,21.25553528552723,20.785614796579853
2024-12-24,322.2543029785156,339.31648829688436,313.42150786862885,337.7242451097792,7635691,303.60863037109374,262.5473107910156,63.3120783362675,20.24323010796786,20.677137858857456
2024-12-26,312.8348693847656,320.9637259372608,311.0750365167766,320.9637259372608,2532108,305.5415344238281,264.54214630126955,56.75721222978753,18.468013626812024,20.235313012448373
2024-12-27,313.6393737792969,316.56407404927955,312.407475499262,314.2511159134171,1885688,307.57751617431643,266.5780453491211,57.641723513880656,16.930889798384044,19.574428369635505
2024-12-30,311.69512939453125,316.6897529778699,306.5077507870621,314.2594847440828,3713151,309.54896850585936,268.677633972168,56.58857849836751,15.378549471362192,18.735252589980842
2024-12-31,306.9855041503906,314.24280797492327,305.8793043638503,314.24280797492327,3274817,310.9664901733398,270.6719677734375,54.75934732772247,13.61137769172575,17.710477610329825
2025-01-01,306.9855041503906,306.9855041503906,306.9855041503906,306.9855041503906,0,312.2013214111328,272.74708740234377,54.357616322333186,12.071725981848488,16.58272728463356
2025-01-02,317.4439697265625,325.1370613279134,314.23434411758825,318.449610304694,3606962,313.97164764404295,274.8074554443359,48.00822000472482,11.562170175549795,15.578615862816807
2025-01-03,325.65667724609375,327.8774394527254,318.44965365376527,318.44965365376527,5494609,315.625910949707,276.74463623046876,46.52925682419154,11.686327677294912,14.80015822571243
2025-01-06,321.4497985839844,333.1151243811335,320.1341180324886,327.08133076631367,5516192,317.15531158447266,278.40593811035154,36.958233929000926,11.31483308963584,14.103093198497112
2025-01-07,319.3966064453125,322.2207477891511,310.2369954873927,322.2207477891511,4914860,318.5279968261719,280.12942108154294,42.76978444326421,10.73104470260563,13.428683499318815
2025-01-08,320.72906494140625,333.95310402250414,317.6116095973126,322.64815016553354,7099700,319.9492889404297,281.7323962402344,53.54815057407573,10.257662516414428,12.794479302737939
2025-01-09,319.94970703125,324.3158119642748,315.60035339848196,322.63137281906864,1699265,321.2637313842773,283.40626739501954,55.86387011309203,9.707711596891329,12.177125761568618
2025-01-10,321.57550048828125,324.1984985447236,315.9523315612588,318.44965649533384,2363368,321.2029754638672,285.12120330810546,49.12493687071254,9.295902102704588,11.600881029795813
2025-01-13,323.5029296875,325.5728533560126,320.9637138619121,323.4777899496033,1975797,320.6423370361328,286.83529998779295,40.81717907602693,9.021078166140342,11.084920457064719
2025-01-14,322.2710266113281,326.40248544973286,321.7682062863317,325.48904088699965,1630106,319.15274810791016,288.5222445678711,50.01716794131321,8.604684487073257,10.588873263066427
2025-01-15,325.60638427734375,327.667919525775,322.01124828076485,322.5559596561241,2795920,318.72996520996094,290.2678512573242,64.98233253498587,8.446459458459913,10.160390502145125
2025-01-16,322.74871826171875,330.1401082413615,322.0112518363796,325.6063878726556,3177510,319.1271911621094,291.96418243408203,60.1951072229019,7.998276070596603,9.727967615835421
2025-01-17,324.33258056640625,329.33559321913737,320.963727670783,322.8073937775453,3573120,319.8156280517578,293.7071087646484,64.25875832584993,7.682334784518105,9.318841049571958
2025-01-20,327.5757141113281,332.2770236583243,325.6649919206109,326.8298593360567,3858034,320.0548828125,295.4788619995117,74.02692211815818,7.605965970980151,8.976266033853598
2025-01-21,331.19598388671875,336.7940125341353,327.290782775518,328.50592973520725,5473618,319.89146728515624,297.37682220458987,76.05043479288807,7.748251629396236,8.730663152962126
2025-01-22,330.6680603027344,333.5257300653857,328.51435440128404,332.6960930800859,2914788,320.31215515136716,299.2513180541992,68.09638554216868,7.729316270978188,8.53039377656534
2025-01-23,329.97247314453125,333.36646549564506,329.1763388525399,331.1038124530703,2792304,321.16903533935545,301.1665405273437,57.43569089566898,7.570909065626211,8.338496834377514
2025-01-24,341.9646301269531,348.53474595287025,331.02002085061224,331.02002085061224,8399194,322.5852981567383,303.3437301635742,77.86879944812124,8.317161993755917,8.334229866253196
2025-01-27,343.3054504394531,350.2945784330282,342.400368785895,347.6799435663098,3659868,324.1658142089844,305.5276239013672,83.120504532353,8.914010643358893,8.450186021674336
2025-01-28,334.0955810546875,346.3139795335427,326.9220604546199,344.0094097967799,5986835,325.52131805419924,307.4431817626953,65.19919547265981,8.545352504595144,8.469219318258498
2025-01-29,326.151123046875,337.724252327574,321.80176896721696,335.21017600751765,9273783,326.47959899902344,309.17571624755857,56.063622561517086,7.52538890802208,8.280453236211216
2025-01-30,328.8578796386719,331.0199735294509,322.64810947136914,326.82984728224267,2914119,327.05029449462893,310.78874725341797,56.97316214050646,6.856436315089354,7.995649851986844
2025-01-31,328.09527587890625,331.824472920206,326.8717405925551,328.83274219547377,1477425,327.1722244262695,311.89007965087893,54.497681847635576,6.193357643892,7.6351914103678755
2025-02-03,322.0782775878906,328.50594339641367,320.9637151041491,328.50594339641367,1946531,327.20364837646486,312.92923126220705,49.827401701497855,5.123283520520829,7.1328098323984666
2025-02-04,319.2625427246094,325.15386035706774,318.8686697573822,325.1454719190929,1348815,327.1969451904297,314.0699520874023,44.26600759659174,4.001904334819869,6.5066287328827475
2025-02-06,315.4494934082031,319.1116598625321,312.2565934995212,319.1116598625321,2573724,326.9329666137695,315.35296875,43.51447780077778,2.7735502770807443,5.760013041722347
2025-02-07,320.80450439453125,321.8017566760242,315.09755341194034,316.27078386825383,1067512,326.97570648193357,316.28552307128905,47.06210921895124,2.2067375723246414,5.049357947842806
2025-02-10,321.33245849609375,323.46941301683364,318.46640040140795,321.8017506698602,927817,326.9635543823242,317.2537774658203,44.55490712848066,1.7796215345654787,4.395410665187341
2025-02-11,326.05889892578125,327.5673599328707,321.5922349671627,321.8017413091609,1300398,327.09135284423826,318.3296337890625,45.60447250641056,1.8017438579535678,3.8766773037405864
2025-02-12,325.89129638671875,330.1819820102615,324.3158046649015,327.6679060051072,1429695,327.2723663330078,319.27475830078123,45.887421091821714,1.7851734659483327,3.458376536182136
2025-02-13,325.1873779296875,328.8411563367208,324.94434340689696,325.89131618495526,900614,327.251416015625,320.1327282714844,45.88083914261515,1.6956940686203552,3.10584004266978
2025-02-14,327.36627197265625,328.67358962034496,325.1622609613136,325.5728852453484,951558,327.4822937011719,321.0393048095703,34.87847052092191,1.7800798881743845,2.840688011770701
2025-02-17,327.26568603515625,329.3439983358026,325.5728838510415,327.66794745368657,1050356,327.6289489746094,321.7331903076172,32.94726084064695,1.8178843741420678,2.6361272842449743
2025-02-18,328.6148986816406,329.1344703290043,325.9918751317191,327.7098169430996,1357158,327.680908203125,322.4882525634766,43.00384028945919,1.9344161412249719,2.495785055640974
2025-02-19,332.49493408203125,333.5256888577477,329.3439506956063,329.3439506956063,3874273,327.7458557128906,323.29929321289063,59.03553290666723,2.3131898238285657,2.4592660092784926
2025-02-20,333.1151123046875,334.37215046432783,332.3189779071126,333.53412502456763,4448109,327.86820831298826,324.1155310058594,56.44679330943185,2.6330616006235346,2.494025127547501
2025-02-21,332.3943786621094,334.2799356517455,331.8580301759623,334.2799356517455,2255486,327.9893035888672,324.8902014160156,56.518463883379965,2.7961725699224758,2.554454616022496
2025-02-24,339.4756774902344,341.8305266190039,331.8580303177892,331.8580303177892,2649788,327.86485595703124,325.2239025878906,75.55386016689317,3.4569907849225388,2.734961849802505
2025-02-25,337.6488037109375,345.1826435769621,336.0062811523619,339.4840813107584,2365345,327.58202362060547,325.2825646972656,77.81432097215156,3.7895964264183135,2.945888765125667
2025-02-26,336.8526611328125,338.53710026319146,335.62915128773085,337.7242146540712,417315,327.7198776245117,324.9783618164063,85.6305179016504,3.943488658663796,3.145408743833293
2025-02-27,336.5845642089844,338.4701215285983,335.4196965224368,337.3052538420508,465521,328.2415496826172,325.02881225585935,81.625942666316,3.9977328050047163,3.315873556067578
2025-02-28,333.0732116699219,337.7242424968377,331.85806458746333,333.9531281265256,873235,328.4523162841797,325.3941925048828,71.01714822645056,3.7145656766001593,3.3956119801740945
2025-03-03,332.05078125,334.791114835449,331.8580262198693,334.791114835449,758785,328.65009155273435,325.82393127441406,62.365943553324044,3.3688184550175606,3.390253275142788
2025-03-04,332.05078125,332.05078125,332.05078125,332.05078125,0,329.14871673583986,326.0091345214844,62.80039066959246,3.059542786199131,3.324111177354057
2025-03-05,332.6709289550781,337.07056210529987,331.8664317684703,334.37211941685035,1159512,329.81913604736326,325.97326721191405,65.60634892349597,2.83183667700348,3.225656277283942
2025-03-06,333.62628173828125,335.2017735917414,330.6010223017266,333.53411121948585,2749521,330.7279754638672,326.20070678710937,63.75678691761273,2.697373290088592,3.119999679844872
2025-03-07,331.874755859375,334.2882727117383,329.34392876878655,333.6597537637062,1509104,331.2814880371094,326.58150451660157,59.44350653410867,2.4215623237884643,2.9803122086335905
2025-03-10,330.3830871582031,335.20173264880975,329.34394396667835,332.69604517753515,1613423,331.73401947021483,326.9163787841797,53.601809234655946,2.058881444413828,2.796026055789638
2025-03-11,329.18475341796875,331.69044116558786,328.50595489386785,329.3439802890053,480872,331.8903121948242,327.26617126464845,42.430113170045395,1.655673147171001,2.567955474065911
2025-03-12,325.40521240234375,330.18196682221225,324.3157897466907,328.6735315183077,1033336,331.86600799560546,327.6345654296875,34.594680293181455,1.0193992931311868,2.258244237878966
2025-03-13,329.6959228515625,331.3971131776382,326.87175612448885,328.38021700037274,673213,332.09143524169923,328.0887738037109,45.28134342137422,0.8515559471045435,1.9769065797240817
2025-03-14,333.106689453125,334.37211592027364,331.0200145075391,331.8580398607227,960831,332.37845611572266,328.4020281982422,37.222640585300155,0.9824343542213683,1.7780121346235391
2025-03-17,330.6596984863281,336.8778328257432,326.82991615149194,334.70735004126766,1859547,332.54815673828125,328.50208862304686,36.31897442637053,0.878577025075856,1.5981251127140026
2025-03-18,335.3861083984375,337.707454918038,330.18197828730814,331.8077494649369,2116605,332.88671722412107,328.78081481933594,47.51206794079824,1.1642305975082081,1.5113462096728438
2025-03-19,334.68218994140625,337.0957071134682,333.95311195703437,336.894589207298,2459057,332.99608001708987,329.08652648925784,46.81974526127402,1.318612629508209,1.472799493639917
2025-03-20,338.22918701171875,344.08481632788573,336.1239851017907,336.1239851017907,1798871,333.2517837524414,329.43652893066405,58.609134852037904,1.7074916216754445,1.5197379192470224
2025-03-21,334.5318298339844,339.56484640470165,333.470374872366,338.22918719355073,846847,333.35865631103513,329.72817138671877,53.802988727484674,1.6977644290336684,1.5553432212043519
2025-03-24,329.7464904785156,335.9913183021472,329.04769882861916,335.239456602276,905239,332.87219696044923,329.89159118652344,46.91981408008067,1.2890591935756675,1.5020864156786151
2025-03-25,330.57794189453125,331.70129389203424,325.6068224951761,329.5430219802631,1273893,332.5186538696289,330.03309143066406,47.21798325995264,1.0204850144394868,1.4057661354307895
2025-03-26,330.8963623046875,334.3549043695798,329.8702963959231,331.70129401744026,725327,332.22083892822263,330.2055981445312,46.308867729269096,0.8238352485254268,1.2893799580497172
2025-03-27,327.06634521484375,331.7013095421241,325.51840577031385,330.81677271667843,1526604,331.74492797851565,330.23479736328125,43.844513028870566,0.35484805440552236,1.1024735773208783
2025-03-28,327.06634521484375,327.06634521484375,327.06634521484375,327.06634521484375,0,331.44458465576173,330.32114990234373,45.585476830892034,-0.01663590741952703,0.8786516803727972
2025-03-31,327.06634521484375,327.06634521484375,327.06634521484375,327.06634521484375,0,331.1953628540039,330.3758251953125,47.087531803199454,-0.3074950124686211,0.6414223418045136
2025-04-03,325.38568115234375,329.04767631356003,322.8647729692709,328.1631395492763,1415857,330.8621078491211,330.3320245361328,49.97150307054415,-0.6659419286755224,0.37994948770850645
2025-04-04,327.61474609375,330.9582941362688,325.06727577679834,325.06727577679834,1747673,330.6092987060547,330.2603997802734,46.769101321619296,-0.7613701790539267,0.15168555435601982
2025-04-07,322.749755859375,326.8363110999743,304.2806252189206,326.39404274936544,2699575,330.0654724121094,330.10203369140623,34.616109894254336,-1.215549708114736,-0.12176149813813132
2025-04-08,320.9010925292969,326.6151923303883,320.20230094407736,323.7404479158351,1957241,329.5167892456055,329.92060607910156,35.24253796780191,-1.705007670796931,-0.4384107326698913
2025-04-09,319.4062194824219,322.76744826812165,314.0989990877893,320.202297142833,1810470,328.9679458618164,329.4694378662109,23.216647724308388,-2.188304976685572,-0.7883895814730275
2025-04-10,320.6622619628906,329.9322170829245,320.20231255769085,327.2786067578608,951478,328.5418212890625,329.0165740966797,26.928674523085647,-2.441821642667037,-1.1190759937118293
2025-04-11,314.73590087890625,321.08686883067986,314.0105742008026,321.08686883067986,1293884,328.00835571289065,328.62938049316404,14.146887161345248,-3.085376933053965,-1.5123361815802565
2025-04-14,311.1888732910156,317.1948854094708,307.7303313433187,314.99237053596306,2034307,327.08300323486327,328.3301354980469,14.212097392996839,-3.8373796954047634,-1.977344884345158
2025-04-15,312.0115051269531,316.52264824814347,310.4724197185399,311.7992249310123,1260194,326.0282440185547,327.9932080078125,19.04911536945707,-4.317201773634395,-2.445316262203005
2025-04-16,312.59527587890625,315.7796135148142,311.3569298521417,312.68373495094346,851256,325.1250228881836,327.6832080078125,18.3431933589343,-4.597363264699709,-2.875725662702346
2025-04-17,311.4100646972656,314.89514230816775,309.6321368568519,311.35699464178384,868913,323.926220703125,327.46984375,16.712073961236456,-4.859018165184295,-3.272384163198736
2025-04-18,304.82904052734375,311.4099958922922,300.74248519460866,311.4099958922922,2144220,322.4335632324219,327.18117370605466,15.276266104483042,-5.533627002022911,-3.724632730963571
2025-04-21,303.73223876953125,306.9254035349913,300.1233136507285,305.2271080623122,1781417,320.7087158203125,326.94682861328124,14.770333455586254,-6.08659956994677,-4.197026098760212
2025-04-22,318.601318359375,322.8470842845343,302.962713909202,302.962713909202,3244836,319.91219024658204,326.90276489257815,41.17972897688392,-5.264339824600995,-4.410488843928369
2025-04-23,317.1772155761719,326.37642052095697,314.01058549275405,315.7973402332387,1729427,319.28372650146486,326.81966003417966,41.40108247735781,-4.673730390587366,-4.463137153260169
2025-04-24,313.5152282714844,318.38903471982286,309.58788268589814,309.58788268589814,1424330,318.4305908203125,326.56878662109375,35.66031165287261,-4.449864660146204,-4.460482654637376
2025-04-25,317.4513854980469,319.76001330089827,309.5878413701643,313.1259881286805,1460600,317.75834197998046,326.3999884033203,44.50760919012251,-3.9097651249448973,-4.350339148698881
2025-04-28,316.9649353027344,322.3163995042762,313.56831699821623,318.34481064538477,1293660,317.253271484375,326.23553955078125,45.80112065609036,-3.4808596343141858,-4.176443245821941
2025-04-29,315.4612121582031,318.34478372325367,310.47241173057864,316.6730232353892,1015748,316.67301483154296,325.9974383544922,45.792474299819816,-3.2251097755852243,-3.986176551774598
2025-04-30,310.1893615722656,314.1874852233884,307.81880940367495,312.2326394406901,2490268,315.82916564941405,325.6559118652344,39.711506290450814,-3.4085290523757408,-3.870647051894827
2025-05-02,311.23309326171875,318.3447764125791,310.047817235562,313.1171608907159,1181451,315.1215362548828,325.30827575683594,46.193721597164554,-3.430129330447528,-3.7825435076053675
2025-05-05,315.2577819824219,315.7708014781524,309.587897534028,312.67492250281214,520825,314.5036880493164,324.9635327148437,54.37599775243137,-3.0869050426078957,-3.6434158146058735
2025-05-06,315.45233154296875,320.15807332373095,314.4528007405752,314.89506909604717,822914,314.1388168334961,324.6102770996094,53.7511902440907,-2.7672990966772772,-3.4681924710201546
2025-05-07,314.97467041015625,325.05838339606044,291.9059651407558,291.9059651407558,4727615,313.8424957275391,324.26188293457034,52.60003228031047,-2.523463427734555,-3.279246662363035
2025-05-08,298.9232482910156,319.40487109569807,283.47632785721834,315.7957765070461,5731517,312.81834716796874,323.4508343505859,39.70129403343163,-3.584121993733845,-3.3402217286371974
2025-05-09,304.6617126464844,306.3218927965917,293.23892535756204,297.66006057129647,3507282,312.01831970214846,322.79109252929686,49.86004850698839,-3.916508363311493,-3.4554790555720567
2025-05-12,335.1314697265625,335.1314697265625,330.2321307880738,335.1314697265625,3064636,313.03809814453126,322.75666870117186,67.6096209128133,-1.7016565682642408,-3.104714558110494
2025-05-13,332.74951171875,342.8639917659887,330.277263159444,342.8639917659887,1503139,314.11613006591796,322.6799676513672,59.22710221446632,-0.1369954694258695,-2.511170740373569
2025-05-14,335.9706115722656,341.6008180142332,329.3389221056405,333.7510260471324,10549653,315.31408538818357,322.73791564941405,61.97588417684003,1.347393647259878,-1.7394578628468795
2025-05-15,337.0533447265625,338.3345854335508,334.29238954206807,337.441315790186,874562,316.53698883056643,322.8379669189453,65.50922453575701,2.5813935356355273,-0.8752875831503982
2025-05-16,332.36151123046875,336.45784134501514,332.0367059306967,336.45784134501514,825762,317.5845611572266,322.8441815185547,59.727388239810104,3.144507658912346,-0.07132853473784939
2025-05-19,330.3584899902344,334.02171883483066,329.3389163521933,334.02171883483066,723490,318.8610336303711,322.7979327392578,58.568420855342694,3.3900739225559278,0.6209519567209061
2025-05-20,326.9840087890625,332.0367474088479,326.6231047880514,331.2247065227705,664767,320.0236221313477,322.66508728027344,57.19929543654448,3.2746464387352603,1.1516908531237768
2025-05-21,327.083251953125,331.13445210631977,326.18097824166364,328.60809672831135,570082,320.44771881103514,322.56925720214844,61.28446366391245,3.154810725880907,1.552314827675203
2025-05-22,326.5779724121094,329.7720014425382,325.8200382831452,326.71330795827873,551933,320.91775665283205,322.49315490722654,60.324048237655084,2.9846628880265484,1.838784439745472
2025-05-23,324.8546142578125,326.6230629106754,324.3854143349665,326.57796024203566,306606,321.48472595214844,322.40655212402345,56.66309147917415,2.6798670610112367,2.007000963998625
2025-05-26,322.50872802734375,326.15392164905074,321.57938717597887,324.81854660035174,405528,321.73759307861326,322.34862243652344,54.757151239487825,2.223390892559962,2.0502789497108926
2025-05-27,322.1207275390625,323.9162433076913,321.01092102675443,322.56283282033326,415111,321.99538269042966,322.1971185302734,54.823428114726404,1.8094634749924694,2.002115854767208
2025-05-28,322.1207275390625,322.1207275390625,322.1207275390625,322.1207275390625,0,322.32835845947267,321.9773992919922,69.98917094911187,1.4645407008299571,1.8946008239797578
2025-05-29,324.2410583496094,324.8185267251315,320.3071582983936,320.3071582983936,375871,323.0309432983398,321.8490264892578,67.99341263893812,1.3467553361498403,1.7850317264137745
2025-05-30,331.4863586425781,334.2924167239545,320.3071739190387,323.0139951070869,1950609,324.0436065673828,321.77103149414063,44.155202297147454,1.8170983890600496,1.7914450589430297
2025-06-02,329.6817932128906,337.34208794623675,328.0215854104019,334.7435353417244,2067310,324.7648071289062,321.6710235595703,44.98822877165413,2.02093916958097,1.8373438810706177
2025-06-03,335.5917053222656,338.3526608318366,329.39308898146,329.39308898146,4787806,325.7717758178711,321.61827392578124,49.43096823394831,2.629058819231716,1.9956868687028373
2025-06-04,338.1631164550781,339.254859756672,334.8337248041179,336.5480390671241,1677490,326.9311981201172,321.69089965820314,51.59529619032829,3.2806718679377127,2.2526838685498123
2025-06-05,336.4848937988281,338.3526067967958,333.93147157502545,338.16313704684717,299701,328.8092803955078,321.8256677246094,56.489629752729805,3.6199330261923706,2.526133700078324
2025-06-06,336.4848937988281,336.4848937988281,336.4848937988281,336.4848937988281,0,330.400439453125,321.9438067626953,60.29094540339481,3.8444831299395332,2.789803586050566
2025-06-09,336.4848937988281,336.4848937988281,336.4848937988281,336.4848937988281,0,330.4681106567383,322.05557739257813,67.99988899128928,3.9766009248418754,3.027163053808828
2025-06-10,341.98876953125,347.1948784127359,334.77058056187747,336.49392648253985,1435155,330.9300735473633,322.35402587890627,73.43919162757128,4.473850242239564,3.316500491494975
2025-06-11,348.4310302734375,350.08217895041884,344.67756855572367,346.48211586990107,1163351,331.5530944824219,322.7813195800781,78.95739296479648,5.326361530264251,3.7184726992488306
2025-06-12,345.85052490234375,353.37548415077083,345.1287169665322,348.71974861972524,1299086,331.9929534912109,323.1570031738281,77.20363203287239,5.727731922558007,4.120324543910666
2025-06-13,341.5917663574219,345.5707963242839,337.4593652949353,337.4593652949353,896241,332.45446624755857,323.4811248779297,73.55747822306543,5.637192580485987,4.4236981512257305
2025-06-16,341.5917663574219,341.5917663574219,341.5917663574219,341.5917663574219,0,333.016130065918,323.76066528320314,74.26893867065097,5.502015687632024,4.6393616585069894
2025-06-17,340.7165832519531,342.8639990198687,338.39773328171106,341.5917898245437,365382,333.7027587890625,324.1200018310547,72.68322499517932,5.2635916556135385,4.764207657928299
2025-06-18,337.94659423828125,341.05944943370355,337.4503547307014,340.15717575795304,855820,334.2459259033203,324.4609118652344,66.45718193071393,4.7958404652707145,4.770534219396782
2025-06-19,338.7586364746094,341.87146389499327,337.4412971841601,338.35260233772203,779533,334.85495910644534,324.84796020507815,60.32796661737401,4.439493580404076,4.704326091598241
2025-06-20,337.4954528808594,339.7150659188312,336.548076548091,339.25489753909443,517905,335.4870010375977,325.1846240234375,61.27013136557873,4.008945123751857,4.565249898028965
2025-06-23,335.474365234375,338.2443519617891,333.5795850531234,333.84125212275325,2266260,336.1352828979492,325.5993933105469,49.809367516621464,3.4647084850739702,4.345141615437965
2025-06-24,340.89703369140625,344.668530902783,339.2548890561424,344.668530902783,1675741,337.07409820556643,326.1935565185547,54.06496871355777,3.4314059415416978,4.162394480658712
2025-06-25,341.1767578125,344.2174157689674,340.1571841281801,342.8549736737922,598595,338.02689971923826,326.7768615722656,57.278884639457466,3.3885240388439115,4.0076203922957525
2025-06-26,341.149658203125,342.8639725588783,339.2639096582758,342.8639725588783,646232,338.87232971191406,327.34794921875,57.23076282643804,3.314149655767608,3.868926244990124
2025-06-27,348.7648620605469,354.59354209091117,341.0594374309527,341.0594374309527,2555814,339.7362548828125,328.0950451660156,65.39939931665381,3.8255916900660623,3.8602593340053115
2025-06-30,354.06121826171875,357.0748090502999,345.7963880442892,349.1799143460924,1691136,340.9552261352539,329.07968872070313,65.21837145459918,4.605199001475285,4.0092472674993065
2025-07-01,371.9172058105469,383.4482618403827,357.44472889997274,357.44472889997274,5743151,342.771501159668,330.4433880615234,72.99059518425159,6.587930813437708,4.524983976686987
2025-07-02,373.36083984375,378.4135779868569,368.4073661243023,368.4073661243023,2404409,344.53138732910156,331.53857849121096,77.54286070454346,8.18143872786959,5.256274926923508
2025-07-03,373.30670166015625,375.79698581560285,368.12765957446805,373.90220559016336,1245585,346.37247772216796,332.66116821289063,84.67151580016375,9.332359105125079,6.071491762563823
2025-07-04,365.29449462890625,376.2481098940395,363.6162788664219,376.2481098940395,1818337,347.8129577636719,333.6967535400391,72.04966299139636,9.488575260252617,6.754908462101582
2025-07-07,368.45245361328125,371.4390047200074,366.422337905651,366.422337905651,1426719,349.41133575439454,334.71677490234373,74.75034490120821,9.754751879003493,7.354877145481965
2025-07-08,366.5216064453125,369.93219977106185,364.06742099420353,369.92316822321584,1089933,350.63797760009766,335.7079083251953,75.8868499161753,9.69810185603302,7.823522087592177
2025-07-09,362.7230529785156,367.2163583080309,361.5410766537854,367.2163583080309,1257874,351.3525787353516,336.65314514160156,70.59554195923411,9.240179745459443,8.10685361916563
2025-07-10,365.1952819824219,366.3140925649988,362.2628924421059,362.6237964169493,729807,352.31981658935547,337.7532635498047,73.32118543732426,8.973322516740893,8.280147398680683
2025-07-11,366.0975646972656,371.73677549050757,365.51109228181025,366.2960660185961,1215743,353.5451065063477,338.8505529785156,76.27748637628937,8.733963223439105,8.370910563632368
2025-07-14,372.2149658203125,374.35335006909094,366.3231197009154,368.48857105910093,1645667,355.0762664794922,339.98969665527346,76.55699438958243,8.934896479546126,8.483707746815119
2025-07-15,374.9307861328125,382.5640132149321,369.4810457818743,372.2149337371671,4398897,356.78697662353517,341.1792657470703,77.4871194356111,9.207147272313193,8.628395651914733
2025-07-16,395.32220458984375,399.88770722189065,376.6992625603783,377.5293664640267,5384435,359.65575714111327,342.78621643066407,83.12736727226039,10.942190280058412,9.091154577543469
2025-07-17,406.8712463378906,415.0458426889035,396.98233570889914,396.98233570889914,5014390,363.06138763427737,344.94517639160154,83.90188123987767,13.098148214403182,9.892553304915412
2025-07-18,423.6716003417969,442.11407540433714,419.55723482248317,424.068602938854,6741644,367.37019500732424,347.3253741455078,85.8071194379097,15.978221579635601,11.10968695985945
2025-07-21,417.4188232421875,426.73029302940404,416.8503864913394,423.6174382200949,1430727,371.46741790771483,348.9711212158203,76.57846259595271,17.55380428713221,12.398510425314003
2025-07-22,423.5272521972656,434.8778703053501,415.50605364597106,415.50605364597106,2299489,375.5989288330078,350.78667602539065,77.78888230355949,19.075473911506037,13.73390312255241
2025-07-23,422.8415222167969,429.4822428387494,422.2730854309362,426.7844535279819,1113464,379.68216705322266,352.52409423828124,77.2483598006882,19.995578787869704,14.98623825561587
2025-07-24,417.95123291015625,424.95288577572956,416.85045787237493,423.16637390074425,579790,383.5222457885742,354.1420520019531,79.99593206195783,20.09848028434436,16.00868666136157
2025-07-25,417.68951416015625,421.1362059463561,416.8504063143364,417.7526799210774,404751,386.9684783935547,355.8486120605469,79.00498553526009,19.929180755549908,16.79278548019924
2025-07-28,418.60986328125,421.12718689339573,415.40677536116425,417.6895265525374,891725,390.19591064453124,357.6136395263672,81.05430812325746,19.642843667088243,17.36279711757704
2025-07-29,421.7497863769531,429.9334153938441,419.6565047974356,422.2640889912257,4320236,392.6875396728516,359.508955078125,85.46948673636153,19.44513361775597,17.779264417612826
2025-07-30,418.78131103515625,424.5197583132026,417.30156901138406,421.361800493657,1217782,394.95856323242185,361.3429162597656,82.00923650281663,18.831834165882128,17.989778367266688
2025-07-31,412.88043212890625,423.5182462851623,410.53451510696794,419.55725170272547,2066423,396.9372497558594,363.06896545410154,76.37062733283173,17.665995717723035,17.92502183735796
2025-08-01,413.6654052734375,416.3992933570168,410.3540488315754,415.0458828693992,2146032,399.3557952880859,364.8451812744141,74.85927242618071,16.613886577928895,17.662794785472148
2025-08-04,415.8037414550781,416.8503820822797,410.9946355261986,413.66535753704187,2673024,401.7233596801758,366.71108154296877,74.68391430586104,15.770832029013889,17.284402234180497
2025-08-05,424.4476013183594,429.2567079700362,416.3993078889579,416.3993078889579,4778350,404.6196594238281,368.7576190185547,70.49781207702554,15.62013330281502,16.951548447907403
2025-08-06,420.0354309082031,426.77541584977587,406.00508734202305,424.9618370895503,6692036,407.4852783203125,370.7159130859375,60.29928190298097,14.972089273184451,16.555656612962814
2025-08-07,416.19195556640625,426.84264637820996,413.52464760611747,426.0276324721479,2787767,410.03511199951174,372.55493103027345,42.66001826812213,13.987138347795678,16.04195295992939
2025-08-08,419.75762939453125,439.9198401017114,407.5046939889537,416.19195766937503,10147069,412.718115234375,374.3203564453125,52.42291612394121,13.340496778890838,15.50166172372168
2025-08-11,418.8500061035156,430.6583810682913,417.78494264179864,425.1014987319263,2716599,415.0498672485352,376.103720703125,44.569358459759165,12.609437318170478,14.92321684261144
2025-08-12,414.2192687988281,421.4895288061274,413.24682570022287,418.51660468455566,1834615,417.01429138183596,377.67627197265625,40.8290454136463,11.523569097367044,14.243287293562563
2025-08-13,409.8015441894531,419.54460067927954,408.4771324684375,414.2655513519817,1415239,417.7382583618164,379.1090405273437,41.2436577350876,10.189083837615101,13.432446602373071
2025-08-15,409.66259765625,412.8763289362824,408.5697509593261,410.2831285937911,2249571,417.87782592773436,380.57259460449217,41.35275560108517,9.016347983734931,12.549226878645444
2025-08-18,411.5056457519531,413.8487965537727,407.5602504498821,410.28312491697847,1140487,417.2695281982422,382.0730096435547,42.4959432042143,8.141811217147279,11.667743746345812
2025-08-19,408.93096923828125,413.0523065806379,407.04162137538106,411.50565686182296,1540546,416.8451354980469,383.52193115234377,36.29607348136704,7.158461365115841,10.765887270099817
2025-08-20,404.4114074707031,410.28317685847026,403.70752661046816,408.9310099682317,1817922,415.88934326171875,384.7703839111328,35.13099933371436,5.945917820211889,9.801893380122232
2025-08-21,401.8922424316406,409.8200587073414,401.48473547939545,404.7262500680411,7185967,414.8418792724609,385.83960815429685,37.77459216497702,4.727200534675717,8.78695481103293
2025-08-22,404.8373718261719,409.3569737051183,402.6887040044164,404.70772594342225,5105826,414.1861862182617,387.01934509277345,40.628440102450675,3.953432920390071,7.820250432904358
2025-08-25,404.402099609375,407.310214883352,401.9478156046342,404.8281193341802,692494,413.52181549072264,388.2755517578125,37.442313677800925,3.2674287959443973,6.909686105512367
2025-08-26,409.19952392578125,412.0150187702193,402.8739522381895,404.4854390027378,2316037,413.0512985229492,389.62770690917966,31.651207354074202,3.0754260365513346,6.142834091720161
2025-08-27,407.9307556152344,418.80374210479437,407.0416622872331,411.68166843757507,2492253,412.36034698486327,390.9719903564453,34.24166963309517,2.788736647164967,5.472014602809123
2025-08-28,404.2076416015625,409.35701720393143,401.9478404219598,407.50472300843853,1235448,411.6316635131836,392.2972113037109,34.34931419498416,2.235341430490564,4.824679968345412
2025-08-29,404.0871887207031,407.5046733560859,403.38330796777484,404.95776914761035,725022,411.19200134277344,393.6037823486328,27.51190996513067,1.7666869262983482,4.213081359935999
2025-09-01,401.53106689453125,408.3197410158775,393.61252043597307,401.94784439814663,2576761,410.5852844238281,394.8844946289062,26.26901695981212,1.1754671328770314,3.6055585145242057
2025-09-02,406.81939697265625,407.6436532203958,398.71560959303554,401.4847804646375,1246210,410.13606719970704,396.3113952636719,40.03994226363044,1.120726194031306,3.1085920504256257
2025-09-03,412.7374267578125,415.35843873434146,407.96777510794146,407.96777510794146,4199286,409.55055847167966,397.748203125,53.79822949592513,1.5371597297169615,2.794305586283893
2025-09-04,417.40521240234375,421.1190710832312,413.52465403728684,413.9877275580453,3414581,409.4190475463867,399.27277221679685,58.96615823921064,2.2182667993509995,2.679097828897315
2025-09-05,414.0617980957031,419.54460090115185,411.39451841431725,417.69230685743815,1351142,409.3125396728516,400.73101501464845,52.86068700204374,2.459907187858221,2.635259700689496
2025-09-08,416.7939453125,418.72031869205944,412.1354268985568,413.0615739252951,2271795,409.16435546875,402.0915966796875,58.768847709959,2.8391425159447294,2.676036263740543
2025-09-09,423.3325500488281,425.9350209881202,415.8863198818915,418.60919445941835,3184024,409.38848266601565,403.4770233154297,70.19170144805199,3.6255074098968407,2.8659304929718026
2025-09-10,422.20263671875,427.31498634867825,421.39689333501497,424.17533438997106,1778983,409.7876510620117,404.48273193359375,72.33653805492216,4.110153401221794,3.114775074621801
2025-09-11,419.4983215332031,424.6013726071524,418.2480173512363,420.4707646393078,747686,410.2724899291992,405.4054815673828,66.2093677668383,4.227293597273501,3.3372787791521414
2025-09-12,413.97845458984375,421.26722724118343,412.1354310325523,418.61846028474974,604518,410.48828277587893,406.2189166259766,59.517671194818085,3.830564552005967,3.4359359337229067
2025-09-15,422.51751708984375,425.1014751467464,413.9969816050734,414.92312860975045,863105,411.03887634277345,407.36337707519533,62.32008437655976,4.157262570078274,3.58020126099398
2025-09-16,419.1648864746094,426.0276394495683,418.5721670647067,423.3881147263126,1595164,411.55057220458986,408.37762573242185,60.00656738748456,4.098400027237858,3.683841014242756
2025-09-17,419.0444641113281,420.9338119070087,415.3676593872224,420.4522256414979,865622,412.28222503662107,409.4280828857422,64.12194227865633,3.99597089458274,3.7462669903107533
2025-09-18,419.6835021972656,421.85995327305153,418.1553653189523,420.4707327902643,977164,413.17178802490236,410.5672918701172,64.69972364312456,3.921159416941009,3.781245475636805
2025-09-19,418.2942810058594,421.3968790649141,417.6922911170907,419.81317563107325,514239,413.8446334838867,411.62927185058595,66.15489134430723,3.707039794779746,3.766404339465393
2025-09-22,415.5899658203125,420.46147996554754,414.4507948015453,419.53533293805805,1335828,414.4040267944336,412.6191198730469,58.8953227082459,3.281307941592331,3.669385059890781
2025-09-23,415.5899658203125,415.5899658203125,415.5899658203125,415.5899658203125,0,414.72354888916016,413.4866198730469,53.28779458318678,2.910363521669524,3.5175807522465297
2025-09-24,411.1259460449219,418.6184723914263,410.29241934114333,414.91388414017473,1320212,414.88330841064453,414.21052307128906,42.728454372030996,2.2304668741584806,3.26015797662892
2025-09-25,409.523681640625,413.9877170507395,409.07914916078886,413.9877170507395,1914578,415.1491104125977,414.4945526123047,44.523921226659326,1.5445499257753,2.917036366458196
2025-09-26,420.04473876953125,421.76735870689635,410.5239482759773,410.74621452240774,6755801,415.9469879150391,414.7580224609375,53.30199206941617,1.8288355072593276,2.6993961946184224
2025-09-29,433.0848388671875,435.1872105646818,418.61842780891334,423.2491626298084,4126708,417.52467651367186,414.9462872314453,58.750178665602064,3.0709608508873885,2.773709125872216
2025-09-30,428.65789794921875,439.2622929950086,427.87993781756586,434.3629671784381,3227258,418.6166015625,415.17106872558594,55.468405035174456,3.65599298875361,2.9501658984484953
2025-10-01,430.28790283203125,432.96445297096574,424.63840046642105,430.65835598012166,2236492,419.49412536621094,415.30628173828126,59.309558153239486,4.202716643103884,3.200676047379573
2025-10-02,429.2413635253906,432.88111455642627,425.2033477924779,432.5013908838893,2343001,420.08593292236327,415.4342785644531,64.27090508472062,4.499682562727742,3.460477350449207
2025-10-03,446.11578369140625,448.2551811585618,432.5106809939016,432.5106809939016,5450020,421.6886322021484,415.9975695800781,69.08905897141435,6.027177327098343,3.9738173457790342
2025-10-06,450.6816711425781,458.35016755529415,444.5505822183524,449.1813174497936,4486357,423.38301849365234,416.65741271972655,75.0037042811806,7.519477040848585,4.682949284792945
2025-10-07,450.6816711425781,450.6816711425781,450.6816711425781,450.6816711425781,0,424.75047454833987,417.2988488769531,75.1472905524463,8.602965682210197,5.466952564276395
2025-10-08,440.2718200683594,446.40290944769976,438.16020577662636,446.40290944769976,2927164,425.6539337158203,417.66928955078123,64.16472313368344,8.523397829126111,6.07824161724634
2025-10-09,440.06805419921875,442.55939212972055,435.3817521899979,440.27180768934863,1630983,426.6824203491211,418.0950244140625,65.22872228936158,8.34767077713019,6.53212744922311
2025-10-10,445.5137634277344,452.88588567746467,433.8906015507601,438.53060709259614,3039458,428.2591857910156,418.74769104003906,70.15598258007464,8.549278287076163,6.935557616793721
2025-10-13,439.03076171875,442.69829617488006,432.51067848047904,440.01247534456377,3481489,429.08484802246096,419.2549981689453,64.52097721510182,8.092642686606837,7.166974630756345
2025-10-14,441.994384765625,449.17202400799306,440.84597153125037,442.69826552928083,2705867,430.22632293701173,419.77881103515625,69.48441184640343,7.879070277595474,7.309393760124172
2025-10-15,446.8103942871094,452.87664628433583,441.7721519699981,445.4767402464761,3445854,431.61461944580077,420.22606689453124,72.61804577252946,8.006134588174007,7.448741925734139
2025-10-16,442.84649658203125,450.8854465514722,441.957403288209,447.3290451124168,1247476,432.77276916503905,420.68228820800783,65.02690961747317,7.698240033513628,7.4986415472900365
2025-10-17,441.9851989746094,445.9305664750402,440.3922248022646,443.6244691973135,971397,433.9573150634766,421.1981530761719,56.98714677591309,7.300575373475226,7.459028312527074
2025-10-20,445.124755859375,445.77307004921096,440.3828878561855,444.5505492554554,1280352,435.4340545654297,421.70549560546874,63.19384401713582,7.156266284498031,7.398475906921266
2025-10-21,451.01507568359375,456.11812642799623,446.39358293988437,446.39358293988437,3777246,437.20531005859374,422.34879699707034,65.54602960389884,7.43153377871846,7.405087481280706
2025-10-22,441.5220947265625,452.5617517699869,440.3829236764818,452.5617517699869,2933956,438.7251174926758,422.894853515625,58.17512895053865,6.805234516607015,7.285116888345969
2025-10-23,442.6982727050781,447.2363874210594,433.9091465863629,442.6890021905334,4572921,440.38384704589845,423.5527880859375,47.123892100687534,6.330817844958517,7.094257079668479
2025-10-24,442.0314636230469,445.4582190192089,437.15992108760133,443.6151671673067,1077724,441.4831832885742,424.2001654052734,42.20884527638053,5.833785051852942,6.842162674105372
2025-10-27,441.2442321777344,444.5413134141067,437.23402788793135,441.76287226455037,928332,441.8911529541016,424.79493713378906,41.61865001197932,5.315090924274102,6.536748324139118
2025-10-28,440.5032958984375,445.93977418930126,439.9198187744924,440.8459657613861,1091260,442.4834228515625,425.4263836669922,50.24819782528313,4.78902977156298,6.187204613623891
2025-10-29,438.9196472167969,445.0136827146889,438.09536272903165,439.94765693387944,896031,442.9150100708008,426.1165484619141,48.8040217870103,4.195966810971072,5.788957053093327
2025-10-30,441.5035095214844,448.48666551585313,440.16061338733493,440.84595309353864,1488695,443.52811737060546,426.9087738037109,45.55890213551756,3.8896191275654246,5.409089467987747
2025-10-31,452.7562255859375,454.7381938057917,441.78140584135105,444.64319678546286,3301015,443.86013946533205,427.8671508789063,63.747716640949584,4.5029295559353955,5.227857485577277
2025-11-03,467.70770263671875,475.0653774324593,454.77747472542563,457.13872848827833,5474556,444.71144104003906,429.1332629394531,70.76772458968551,6.124838407786854,5.407253670019193
2025-11-04,475.9720764160156,486.8905111794232,469.4172338626059,471.58957572919167,4594263,445.97596130371096,430.4687139892578,72.31011756839166,7.985032272311969,5.922809390477749
2025-11-05,466.87652587890625,478.3805470271437,463.8446841883683,476.97324904075,1735687,447.30619659423826,431.64762939453124,67.04573202939235,8.625880615947551,6.46342363557171
2025-11-06,465.8753662109375,471.49516168161205,458.30047453581926,466.67819825301933,1727305,448.59656219482423,432.88098388671875,66.9129615490479,8.9498045513688,6.960699818731128
2025-11-07,462.27679443359375,467.52822021739655,461.01116594278193,462.81516718067024,438145,449.43471374511716,434.0447760009766,62.06431864820078,8.814533480912303,7.331466551167363
2025-11-10,472.8268737792969,474.98036483243584,463.277977617394,463.7502283591039,1770586,451.12451934814453,435.4706921386719,64.39806755032471,9.44970312017307,7.755113864968505
2025-11-11,467.39599609375,472.2507476147003,460.91672967194745,472.2507476147003,3047641,452.3945999145508,436.6822241210937,68.04732720173152,9.406421818522517,8.085375455679308
2025-11-12,484.2270202636719,495.7499500494791,466.5837392283984,467.5282407248121,6959776,454.2654312133789,438.1120159912109,73.77464357619513,10.60796207929127,8.589892780401701
2025-11-13,502.78656005859375,505.29890898548393,486.4277851949477,491.14083902269,4281336,457.262434387207,439.81964294433595,78.86747649723291,12.908984408784363,9.453711106078234
2025-11-14,502.2575988769531,506.25282191604725,495.4854813758775,502.4748157823454,2205142,460.2760543823242,441.58355895996095,79.06151846007324,14.522472414167623,10.467463367696112
2025-11-17,506.7250671386719,526.0873483620508,502.94706104630524,518.7580073192119,5321290,463.35606994628904,443.3821813964844,80.46098961244675,15.977482166736934,11.569467127504277
2025-11-18,506.66839599609375,513.8088251574434,502.5692340480052,506.23390454514316,2038737,466.13873596191405,445.0488983154297,81.6073873882596,16.930846728837878,12.641743047770998
2025-11-19,535.211181640625,538.8380926776658,507.1972931952788,507.1972931952788,8869346,470.8231903076172,447.3090692138672,85.19371590931232,19.76175802715494,14.065746043647788
2025-11-20,534.3516845703125,553.4778385474204,533.1710577816021,538.3658156519277,4861261,475.4058609008789,449.6061364746094,83.23967895611008,21.68593938601481,15.589784712121194
2025-11-21,526.436767578125,533.6905317826584,525.1522594440271,529.8653124469582,1138827,479.6261260986328,451.855302734375,75.37956577495987,22.31496628163069,16.934821026023094
2025-11-24,534.1722412109375,538.3563757437639,520.4203023159063,525.8983992317781,3571848,484.272526550293,454.08839721679686,75.26650282527044,23.170566831165104,18.181970187051498
2025-11-25,539.4331665039062,543.8911860798779,534.9184214939258,537.1191262127062,2112989,489.2190200805664,456.4937628173828,82.58396599861526,23.996532050539543,19.34488255974911
2025-11-26,556.717529296875,559.1449051440368,540.5382134939745,542.1438776227653,3794944,495.1089141845703,459.2472241210937,85.59055833606335,25.7490006127303,20.62570617034535
2025-11-27,560.1932983398438,565.7564262835124,551.5889030877651,557.255912366064,2747356,501.0434036254883,462.0574200439453,88.39912529506691,27.10585071345588,21.92173507896746
2025-11-28,553.6478881835938,564.6608080723541,551.6077902871368,561.1283240009989,2209831,506.0879867553711,464.7644921875,82.7227322611519,27.337870344426506,23.00496213205927
2025-12-01,553.1661987304688,557.24645228581,549.6998942329607,557.24645228581,1202893,510.3609115600586,467.5160168457031,86.17637533704762,27.169684055115113,23.83790651667044
2025-12-02,547.886474609375,559.1449169305108,545.9218952463434,553.9501584117307,2118929,513.9566314697265,470.16194702148437,79.74930068942737,26.307113567446436,24.331747926825642
2025-12-03,534.852294921875,549.6998296603166,533.6527596641544,549.6998296603166,3757579,517.355419921875,472.63647399902345,65.80093584825761,24.291750691011487,24.32374847966281
2025-12-04,530.2620239257812,540.065954254354,527.9763464029514,536.4768600301903,1560313,520.5747528076172,475.0512408447266,63.26857392714067,22.0697581506289,23.87295041385603
2025-12-05,535.9573974609375,537.4213632830276,525.1428435595138,535.5418144874606,3436193,524.2587829589844,477.3694940185547,63.69105386604311,20.531705380761764,23.20470140723718
2025-12-08,547.7730712890625,557.2558449137109,534.5027800504257,538.3563620346008,21031396,528.0060928344726,479.6632586669922,67.34139574933553,20.035259608542447,22.570813047498234
2025-12-09,554.0823974609375,561.1283420572877,550.6443980186256,557.1331189889422,2160163,532.340412902832,482.17174865722654,59.799910490943226,19.921292392069518,22.04090891641249
2025-12-10,547.9619750976562,558.200396913693,545.921877184627,553.4778893255907,1575523,535.5271606445312,484.52523010253907,56.70170326304976,19.116739741726974,21.45607508147539
2025-12-11,540.4059448242188,548.6231192813619,539.0270095493514,546.1579842385577,1644729,537.4081298828125,486.74852172851564,56.902815704342295,17.665777389968184,20.698015543173952
2025-12-12,552.4767456054688,554.42241651595,538.3658899728987,542.2761402723844,2156839,539.9190872192382,488.87574096679685,58.673479716734754,17.290577007009347,20.01652783594103
2025-12-15,551.3905029296875,556.3019221968767,550.1721167633666,554.4223734593926,1107217,542.1523590087891,490.8899176025391,55.89930626863586,16.712921143010476,19.35580649735492
2025-12-16,545.5440673828125,552.9961983816964,544.2879218388682,552.9961983816964,1714865,544.096142578125,492.78716552734375,43.78612422456386,15.603498799750696,18.605344957834074
2025-12-17,543.296142578125,550.6443921546656,539.206492458417,546.8758402724865,3069421,544.500390625,494.84765197753904,40.472908099179236,14.377153973178906,17.759706760903043
2025-12-18,556.3019409179688,561.0339027557685,539.6881914676144,545.4496276792195,3917911,545.5979034423829,497.1723297119141,51.39481591919793,14.28999987151417,17.06576538302527
2025-12-19,552.5333862304688,561.0338998647836,550.6538374394179,559.1448968349359,1543331,546.902734375,499.31272216796873,49.6785363482126,13.758242296887715,16.40426076579776
2025-12-22,550.663330078125,556.1980955060684,547.8109168568498,553.4779263415758,1078977,547.7272888183594,501.5453735351563,51.461240011305534,13.035655759920587,15.730539764622325
2025-12-23,547.9808959960938,552.5617630490636,547.2914283198983,552.5334003319493,714823,548.1546752929687,503.6651037597656,57.75323197013749,12.106988879571531,15.005829587612167
2025-12-24,550.65380859375,556.3113631481289,548.755351424555,554.5734550866773,939677,547.8514892578125,505.7419720458984,62.32161995304419,11.45465328162311,14.295594326414356
2025-12-26,552.7694702148438,557.1614249894656,551.5888434096006,552.5333448537951,1203244,547.4802978515625,507.9404315185547,60.61793564532381,10.981797506205226,13.632834962372531
2025-12-29,568.0892944335938,580.7740004180552,559.3338046535829,559.3338046535829,5105482,548.2023681640625,510.4625134277344,62.287182402427455,11.708272007231585,13.247922371344341
2025-12-30,563.3007202148438,571.3289830012684,560.2971547011554,569.0527020931746,2085783,548.7090942382813,512.8260327148438,55.67968748237237,11.7620250603037,12.950742909136213
2025-12-31,557.926513671875,566.7009120400885,555.3668937992867,564.273536215781,1663489,549.2110961914062,514.9642614746094,56.196431811125706,11.241387470988911,12.608871821506755
