Date,Close,High,Low,Open,Volume,SMA_20,SMA_50,RSI,MACD,MACD_Signal
2023-01-03,88.27996063232422,90.19176882027702,87.68561016592967,88.7455240800291,28131200,,,,0.0,0.0
2023-01-04,87.24977111816406,89.79554632803817,86.44740093438432,89.49837106627074,34854800,,,,-0.08218036010394769,-0.01643607202078954
2023-01-05,85.3874740600586,86.74456313346334,85.09030640052188,86.64550724695111,27194400,,,,-0.29418946328092943,-0.07198675027281752
2023-01-06,86.51673126220703,86.8634382151229,84.06011192527862,85.97192008580211,41381500,,,,-0.36685767940740277,-0.13096093609973458
2023-01-09,87.19031524658203,89.20118670166892,87.03182734539318,87.52711431751243,29003900,,,,-0.36587755734088034,-0.17794426034796373
2023-01-10,87.58655548095703,87.83419899287388,85.02097232508895,85.16955994373511,30467800,,,,-0.32933120303843566,-0.2082216488860581
2023-01-11,90.65733337402344,90.7365811115069,88.17099795969153,88.33939373373373,26862000,,,,-0.05198261827722206,-0.1769738427642909
2023-01-12,90.27101135253906,91.0040415982066,88.90402187065258,90.61771831946737,30258100,,,,0.1350879648591814,-0.11456148123959645
2023-01-13,91.25166320800781,91.32100307325223,89.2804158607423,89.9936302218154,26329200,,,,0.35834241060334193,-0.019980702871008782
2023-01-17,90.42950439453125,91.38045455947204,89.20119470950107,91.19224307477705,32602400,,,,0.46358786974832356,0.07673301165285769
2023-01-18,90.26110076904297,91.92526530225993,89.78562194920407,91.27148286966639,29116700,,,,0.5273281782161519,0.16685204496551653
2023-01-19,92.17291259765625,92.72763161249016,89.77571780323882,89.86487339203985,37000400,,,,0.7237669341049155,0.27823502279339635
2023-01-20,97.09606170654297,97.37342877925906,94.12433965904754,94.20358739410928,63191100,,,,1.2621537294947274,0.47501876413366256
2023-01-23,98.84937286376953,99.09701634497223,96.58095766905522,97.02671291222839,40005100,,,77.6568109803621,1.8094485050404785,0.7419047123150257
2023-01-24,96.77906799316406,98.67106778903306,96.28378103811721,97.17529906869738,33078500,,,70.0654525752521,2.0524676870289795,1.0040173072578165
2023-01-25,94.32245635986328,95.25359832710816,92.87621924407682,94.66915574421624,42330000,,,65.64415480006359,2.023508366705059,1.207915519147265
2023-01-26,96.60076904296875,96.65030076385241,94.48094137779603,95.59038693126605,30114000,,,74.35460057433647,2.1595052572208857,1.3982334667619893
2023-01-27,98.433349609375,99.37439196772775,96.39276185389814,96.39276185389814,33879800,,,75.11487882129457,2.3876345441791216,1.5961136822454158
2023-01-30,96.02626037597656,97.36353396498312,95.49134942887774,96.56117132307538,27226200,,,67.35415271240817,2.3471402911923605,1.7463190040348047
2023-01-31,97.90833282470703,97.94795669253232,95.9073766231504,95.95690834730202,29870700,92.16350021362305,,69.15444397439535,2.438802820617795,1.8848157673514028
2023-02-01,99.48334503173828,100.23618337201236,96.66021070256011,97.77955657834522,35531100,92.72366943359376,,67.34140950078444,2.6084675673596536,2.0295461273530533
2023-02-02,106.72444152832031,106.83340527382167,104.61452161152837,104.80273309148161,69883800,93.69740295410156,,75.46768251580906,3.289306988980357,2.281498299678514
2023-02-03,103.7923355102539,106.7937733186172,101.61307588023179,101.95977524535176,65309300,94.61764602661133,,68.30540189048682,3.551343013151069,2.5354672423730253
2023-02-06,101.93006134033203,103.37629840573868,100.91967167543784,101.43477436351553,31999600,95.38831253051758,,66.29244717928142,3.5676132633975897,2.7418964465779387
2023-02-07,106.62537384033203,107.16028465247165,102.14798314396651,102.24703902233036,49010200,96.36006546020508,,70.54726728466589,3.91425889235542,2.976368935733435
2023-02-08,98.433349609375,102.16781058689459,97.11588426169673,101.08808846115261,94743500,96.90240516662598,,56.789876648797936,3.487745598700684,3.078644268326885
2023-02-09,94.11444091796875,99.08711923445635,92.7474439167084,99.05740322268637,119455000,97.07526054382325,,46.72327880893151,2.7693080445433225,3.0167770235701727
2023-02-10,93.6785888671875,95.8380406275546,93.36160546921987,94.5502913222284,54980700,97.24563941955566,,44.147990321727775,2.1401017283230317,2.8414419645207447
2023-02-13,93.71822357177734,94.3026587091228,92.95547722263693,93.8469954942057,50076100,97.36896743774415,,46.36900925126965,1.6259069358861211,2.5983349587938203
2023-02-14,93.78754425048828,93.95594001243452,91.39035704490637,93.53990075675098,54726100,97.536869430542,,49.327350818323325,1.2100487687642243,2.3206777207879012
2023-02-15,96.02626037597656,96.2045640250095,93.2625575947065,93.59934917761261,50169000,97.82512741088867,,49.27683819391439,1.0490312772545138,2.0663484320812238
2023-02-16,94.60972595214844,96.75926974325574,93.8469797311233,94.47104619514022,42462600,97.94696807861328,,45.13607574666482,0.7979233024927481,1.8126634061635287
2023-02-17,93.46064758300781,94.65924111600802,92.3313939219174,93.95593454164323,34284100,97.76519737243652,,46.62844744957911,0.5004287708534605,1.5502164791015152
2023-02-21,90.9247817993164,92.22243122719243,90.85544192662408,92.1233753458433,33629300,97.36896781921386,,40.97772908151337,0.05935483003415243,1.2520441492880428
2023-02-22,90.7861099243164,91.24177306400797,89.75591204252156,90.83563409054463,30884000,97.06931991577149,,38.33068206246354,-0.29795447351412463,0.9420444247276092
2023-02-23,90.03326416015625,91.07336981273312,88.91391833662863,91.05355410188592,41206400,96.85486030578613,,22.883811739251797,-0.6345582398338081,0.6267238918153257
2023-02-24,88.28985595703125,89.04269429656404,87.7450448035044,88.59693902936208,36585100,96.43931465148925,,23.8031549034002,-1.030123004694417,0.2953545125133772
2023-02-27,89.02289581298828,89.31016320477262,88.49788519922211,89.02289581298828,27502300,95.96879196166992,,27.323397152865013,-1.2698230113927025,-0.017680992267838758
2023-02-28,89.21109771728516,90.37007511496472,88.47807502657972,88.48798288330664,30142000,95.62803382873535,,13.647708993613534,-1.428137987108201,-0.2997723912359112
2023-03-01,89.50827026367188,90.17195305226244,88.82477176222423,89.13185485166831,31111200,95.2080307006836,,22.208569951574034,-1.512192787890271,-0.5422564705667832
2023-03-02,91.13280487060547,91.41016437188449,88.74551798499179,88.81486541779114,32204400,94.79050369262696,,38.84358483790171,-1.4312222182873313,-0.7200496201108928
2023-03-03,92.76725006103516,92.8464977892345,91.578556810483,91.60828037666724,35160100,94.0926441192627,,46.870718395306305,-1.2210904210053002,-0.8202577802897744
2023-03-06,94.2332992553711,95.06538532191449,93.11395338746972,93.13376154162282,32639300,93.61469230651855,,51.610831260701175,-0.9255918928628972,-0.841324602804399
2023-03-07,92.97528839111328,94.76822514695328,92.64839711461225,94.08473413674669,27835500,93.16695365905761,,47.63557090622235,-0.7838820392691872,-0.8298360900973567
2023-03-08,93.36160278320312,95.05548347587344,93.11395927449436,93.23283087936741,34103300,92.50376510620117,,41.30570505384427,-0.6331055695430763,-0.7904899859865007
2023-03-09,91.4498062133789,94.6295483623231,91.03376687968104,93.16350283667886,28813500,92.15458793640137,,40.01253927566392,-0.6602689669853135,-0.7644457821862632
2023-03-10,89.77571868896484,91.91536215154204,89.54789090168737,91.30120355228826,35941000,91.93765182495117,,38.727273830590406,-0.8075718419490414,-0.7730709941388189
2023-03-13,90.2511978149414,91.69743494917104,88.57712533524305,89.24080810196517,37335600,91.76628227233887,,47.64218262615904,-0.8758470206381759,-0.7936261994386903
2023-03-14,93.08423614501953,93.47055938446682,91.56865919680635,91.68752323511042,36050200,91.73458290100098,,56.76778425053339,-0.6933604474608899,-0.7735730490431303
2023-03-15,95.20407104492188,96.01634145078066,91.76677793656864,92.3413126902805,50622100,91.80540924072265,93.43331787109375,64.09291474151303,-0.37338145426754465,-0.6935347300880131
2023-03-16,99.37438201904297,100.23618410795306,94.59981570662057,95.29321447414841,65492000,91.97281532287597,93.65520629882812,76.68100676211468,0.21424377713026388,-0.5119790286443577
2023-03-17,100.6621322631836,101.87062619084857,99.15645555604324,99.31495102310215,61028500,92.27543563842774,93.92345352172852,77.28752768858286,0.7749189063662101,-0.2545994416422442
2023-03-20,100.26590728759766,100.79091032876192,98.9286338217588,99.17627733608008,32960400,92.61569862365722,94.2210221862793,75.66701692952914,1.1737556174716701,0.03107157018053866
2023-03-21,103.9310073852539,104.1093109820234,100.26588713302162,100.29560313957008,42110300,93.2660099029541,94.56930770874024,78.95785738291582,1.7652310471539607,0.3779034655752231
2023-03-22,102.39563751220703,105.5852794567427,102.35601364515021,103.28714806980601,43427400,93.84648628234864,94.87341415405274,72.69468416515086,2.086041481708662,0.719531068801911
2023-03-23,104.6046142578125,105.29802060137733,103.47536048762859,104.06970338391277,40797800,94.57505378723144,95.21377532958985,73.3125962939579,2.4898308049356217,1.0735910160286533
2023-03-24,104.44612884521484,104.49565301256042,102.86120434055363,104.00036599422383,30393300,95.38286743164062,95.48955123901368,71.2053545969415,2.7651731101063746,1.4119074348441976
2023-03-27,101.49422454833984,103.77254807247455,100.9692214681431,103.63386829874261,31120900,96.00643386840821,95.71401550292968,66.52578871622674,2.7139056490494937,1.6723070776852569
2023-03-28,100.07769775390625,101.48431112894204,98.7998562881409,101.47441082956155,32057900,96.54976387023926,95.89053619384765,62.5277440178518,2.5298118466820227,1.8438080314846101
2023-03-29,100.43429565429688,101.52392552543023,99.70127302207695,101.31590589564402,28779600,97.0960651397705,96.09063201904297,67.79128860408149,2.3851956021610903,1.9520855456199064
2023-03-30,99.93901062011719,100.20646983328197,98.83947287150617,99.95882633237822,33086200,97.5363754272461,96.28419021606446,71.11117238913616,2.205200643161291,2.0027085651281835
2023-03-31,102.75223541259766,102.9107233089301,100.08758916585326,100.34514049955757,36863400,98.03562469482422,96.49577667236328,73.66847015917112,2.2634652525398167,2.0548599026105103
2023-04-03,103.37631225585938,103.54470803674319,100.96921692373489,101.42488009655725,25035400,98.49277534484864,96.62138168334961,71.26491102018065,2.3331035949337178,2.110508641075152
2023-04-04,103.73291778564453,104.58481209016414,103.05932711596579,103.34659450306941,24420100,99.0306568145752,96.71905258178711,69.00668494067409,2.389522639413997,2.1663114407429207
2023-04-05,103.48527526855469,105.09990829704094,102.68291268275507,104.78292489397982,28290500,99.53684043884277,96.85317672729492,61.10225798090114,2.386739608633107,2.2103970743209578
2023-04-06,107.39802551269531,108.14095597289517,103.34658169732893,104.26781577027593,48711500,100.3342514038086,97.11468811035157,65.93255641803285,2.6694880842361073,2.3022152763039876
2023-04-10,105.43670654296875,106.57586067871368,104.12914907145701,105.9716174482436,27067400,101.11730079650879,97.29140686035156,61.38748676424581,2.7041346577447882,2.3825991525921477
2023-04-11,104.35697174072266,105.72396872832205,103.69328895955833,105.54566510200387,26311800,101.82258949279785,97.40987930297851,51.05863846866786,2.6143303689157733,2.4289453958568727
2023-04-12,103.65365600585938,105.74376761435744,103.35648080221837,105.57537185911791,24370300,102.35106048583984,97.56242721557618,53.26140575249227,2.458072985782394,2.434770913841977
2023-04-13,106.41737365722656,106.4768056835996,104.84235694101693,104.84235694101693,24843600,102.91172561645507,97.73260803222657,54.56817286928061,2.5281043873022497,2.4534376085340317
2023-04-14,107.84379577636719,107.9131356551454,105.83292417683923,105.8824559006008,26578000,103.33519630432129,97.89981704711914,58.04786369887398,2.6679506471446643,2.4963402162561583
2023-04-17,104.97112274169922,105.15933421068411,103.53478597901366,103.67347328496217,37571200,103.55064582824707,97.86475067138672,58.26656218369413,2.517953706681368,2.5006629143412002
2023-04-18,103.51497650146484,105.53574824150101,103.08902940590605,105.4862165216186,26596400,103.71309928894043,97.85920349121093,58.15699680948485,2.2555802930611577,2.451646390085192
2023-04-19,103.19800567626953,103.9904679457502,102.09846786716825,102.60366275289918,20905700,103.67644920349122,97.88456237792968,56.570911131757796,1.9990270365846072,2.3611225193850753
2023-04-20,104.29752349853516,105.24847350519047,102.89091041936659,102.93053428099542,27820800,103.77154350280762,97.83800537109374,60.07323953397256,1.862953661502118,2.261488747808484
2023-04-21,104.41639709472656,105.00083206068194,103.7923307089001,104.47582910957517,25800100,103.76213264465332,97.95766632080078,54.3933005515065,1.7445960201906274,2.158110202284913
2023-04-24,104.97112274169922,105.62489761912755,103.71308959239947,104.49564392017723,23542800,103.78838233947754,98.1747999572754,54.225690077113,1.6762358568681606,2.0617353332015624
2023-04-25,102.87109375,105.68432743956781,102.86118589531551,104.83243331619352,46664100,103.85722579956055,98.35865005493164,47.909598330358264,1.4360512411737574,1.9365985147960014
2023-04-26,102.73242950439453,105.3475442819754,101.66260776152602,103.93102314766244,53347600,103.98996238708496,98.53893417358398,48.16422602510109,1.2204456196421205,1.7933679357652255
2023-04-27,106.57585906982422,107.34851318187737,102.56403867704657,103.46545713822148,50089200,104.29704055786132,98.7947004699707,47.98839063410598,1.3442139940930105,1.7035371474307826
2023-04-28,106.32820129394531,106.338109149272,104.09940996663532,106.03103365145822,36139800,104.61650009155274,99.00073928833008,52.380890283848586,1.406108664386494,1.6440514508219248
2023-05-01,106.18952941894531,106.97208378320418,105.8131140209073,105.83292217554937,26681700,104.78836479187012,99.23233535766602,55.153188043939515,1.4275154654496305,1.600744253747466
2023-05-02,104.32725524902344,106.18953168173442,102.7324304758186,106.13009965906194,30997200,104.83591194152832,99.44966751098633,51.778266358479485,1.279461709531546,1.5364877449042822
2023-05-03,104.41639709472656,106.47678503676157,103.97063431092495,104.5352611244238,21795400,104.87008590698242,99.71949981689453,43.8489018308448,1.1559954473209757,1.460389285387621
2023-05-04,103.70319366455078,104.6046120675871,102.98997918095117,104.49564832384382,23419500,104.88098182678223,99.97784149169922,36.68786109302802,0.9891951625856166,1.3661504608272201
2023-05-05,104.57490539550781,104.88198094212609,103.12866814460686,103.83197483499484,26639300,104.73982582092285,100.26867431640625,48.53805318104967,0.9167765572130548,1.276275680104387
2023-05-08,106.754150390625,106.94236185797475,104.16875935521117,104.18856750875773,26511400,104.80569801330566,100.63796020507813,61.34632005246569,1.0234336431303603,1.2257072727095817
2023-05-09,106.33811950683594,109.1117297850802,106.17963159356827,107.36831739425581,36360100,104.90475540161133,100.98426467895507,60.92352067841487,1.0621461767732114,1.1929950535223077
2023-05-10,110.69664001464844,111.87542544527842,106.91264779027239,106.95227165556445,63153400,105.25690460205078,101.41397552490234,68.14613049714744,1.4280605251021115,1.2400081478382685
2023-05-11,115.47120666503906,116.8084800047562,113.33157083298755,114.31223694111618,78900000,105.7095962524414,101.9332342529297,74.80005586523333,2.079348473537948,1.4078762129782043
2023-05-12,116.40235137939453,116.91744652756881,115.01554628549181,115.58017315602966,41102300,106.13752403259278,102.43862518310547,75.21858823006652,2.640199880739246,1.6543409465304126
2023-05-15,115.41178894042969,117.36322110013674,114.916501897153,115.01555779431223,36266800,106.6595573425293,102.89151596069335,79.09022757053043,2.9705064025807957,1.9175740377404893
2023-05-16,118.38349914550781,119.61180877166494,115.33252945579774,115.39196147654542,45035600,107.40298347473144,103.3745199584961,82.08781483385144,3.4325011422910165,2.2205594586505946
2023-05-17,119.70096588134766,120.52314416561975,117.76934948574967,118.48256401873364,33323600,108.22813148498535,103.90903350830078,80.01820983819836,3.860443072361278,2.5485361813927314
2023-05-18,121.67219543457031,122.14766668018034,119.6910476104105,119.8099116430734,35234200,109.09686508178712,104.47524536132812,82.52847580834032,4.308980639227713,2.900625072959728
2023-05-19,121.60285949707031,124.78260095081902,120.99860878655475,122.38541381982782,41353400,109.9561882019043,105.07830642700195,82.77180606221053,4.605762696439541,3.2416525976556905
2023-05-22,123.87128448486328,125.23827391464934,121.5830533547579,121.78117269366314,35253000,110.9011962890625,105.76021774291992,90.8489853272623,4.966753906142387,3.58667285935303
2023-05-23,121.40474700927734,123.45523488676992,121.05804762080852,122.98967145510028,34046300,111.82787895202637,106.38328872680664,82.29762357516478,4.996219768613358,3.868582241205096
2023-05-24,119.76039123535156,120.76087303400242,118.73019342760367,119.97831871203586,34182600,112.67927703857421,106.91681182861328,79.48347543329726,4.831194900907192,4.061104773145516
2023-05-25,122.31609344482422,124.13874616498165,120.81041657753877,123.34628386035978,42317000,113.46628875732422,107.45905227661133,80.67835115470623,4.850719241768772,4.219027666870168
2023-05-26,123.4354248046875,124.07929940606435,121.2957813707238,122.0089958487117,35635900,114.32164993286133,107.94027313232422,79.94313886606409,4.900028628794502,4.355227859255034
2023-05-30,122.50428009033203,124.47552771647686,120.85002338726862,124.45571200504449,35076700,115.13738746643067,108.37711608886718,78.491613726655,4.808541206899761,4.4458905287839805
2023-05-31,121.71183776855469,122.89061576373155,121.34532264477143,121.59296616037301,37325800,116.00661659240723,108.80603469848633,72.20451883421754,4.618850064852978,4.48048243599778
2023-06-01,122.5538101196289,123.2472088605985,121.46418028775692,121.66229205446838,30772700,116.91348724365234,109.17849075317383,66.96727762422911,4.484761066299711,4.481338162058167
2023-06-02,123.49486541748047,124.96091834173134,122.59344695882075,122.82127475890255,26980100,117.90307083129883,109.6004753112793,66.98295547963974,4.403667133172917,4.465803956281118
2023-06-05,124.82223510742188,126.2288484102657,122.67268372774639,122.8410870558176,32305500,118.91543731689453,110.00482772827148,72.17553798933946,4.395834800340438,4.451810125092982
2023-06-06,126.10997009277344,127.08072835419054,124.17835386828453,124.82222846227405,26638300,119.88322830200195,110.43810455322266,69.77687634697119,4.442328671735169,4.4499138344214195
2023-06-07,121.34532165527344,127.8236693200009,120.96890623532141,125.77318888731985,52539000,120.63358840942382,110.83512649536132,53.57759752579756,4.048044750642887,4.369540017665713
2023-06-08,120.98871612548828,122.06844579007429,120.09719795231644,121.07787172154566,29389200,121.14819221496582,111.25334686279297,48.400594021719144,3.6645541177741308,4.228542837687397
2023-06-09,121.0778579711914,122.59343491472501,120.76087460756005,121.09766612502108,23778300,121.42852478027343,111.66621810913085,48.772584722922325,3.329448223670667,4.048723914884051
2023-06-12,122.47457122802734,122.88071020381717,120.51323890061894,121.63258482252455,28306400,121.73213577270508,112.11692932128906,46.595832512058784,3.140377162184265,3.867054564344094
2023-06-13,122.66278076171875,123.9802460011841,122.01890614745163,123.80194237811752,22278300,122.09468536376953,112.51514022827149,53.44923304124822,2.971470656161074,3.6879377827074906
2023-06-14,122.50428009033203,122.88070303275143,120.30520468507189,121.9396532341825,30592300,122.30072441101075,112.89769958496093,58.190433202719525,2.792629657358077,3.508876157637608
2023-06-15,123.910888671875,124.27740374488029,121.24624995225469,121.97927254078598,35246300,122.5112205505371,113.30125900268554,55.11103873653552,2.7328953182781532,3.353679989765717
2023-06-16,122.3656005859375,124.92128322731656,122.11795709489255,124.742979611465,45535600,122.54589080810547,113.6788655090332,46.66252211117183,2.5316799595136388,3.1892799837153016
2023-06-20,121.93965911865234,123.39580412253898,120.98870897595658,121.77126335074871,26097500,122.56273078918457,113.96969818115234,48.181250706551396,2.3112033082820886,3.013664648628659
2023-06-21,119.41370391845703,121.50381575399224,118.96794106457482,121.24626438669232,30306300,122.33985176086426,114.24923812866211,43.34096018781958,1.9106259922499476,2.793056917352917
2023-06-22,121.98918914794922,122.07833718002013,117.70990978650924,118.8688795483101,26952200,122.36907386779785,114.60188247680664,48.51331479814862,1.7804616633267187,2.5905378665476775
2023-06-23,121.18682098388672,121.63258382371362,119.91888745789723,120.2358708393946,34913600,122.44039535522461,114.95254577636719,43.8780515642416,1.5941843251473813,2.391267158267618
2023-06-26,117.22453308105469,120.85003784396424,117.15519319770573,119.62172810000537,33969900,122.18581733703613,115.16868896484375,32.31899198408037,1.1139932522721523,2.135812377068525
2023-06-27,117.21463012695312,117.95756067064339,115.0056466517561,115.97641255413603,39535900,121.87477760314941,115.35610565185547,27.99017464693442,0.7242901161906303,1.853507924892946
2023-06-28,119.04717254638672,119.25519216013541,115.74855961948795,115.98629524127514,27091400,121.70192222595215,115.63762664794922,43.34855041709707,0.5568988479768393,1.5941861095097247
2023-06-29,117.97736358642578,118.9283137332142,117.18490890950874,118.11604334382326,24090900,121.5151985168457,115.92687438964843,41.62990251172481,0.3340645316531692,1.3421617939384136
2023-06-30,118.57170104980469,119.93869796362138,118.5618007515014,119.03727202436663,29532200,121.31609306335449,116.23434829711914,43.224387066379705,0.20308377341666528,1.114346189834064
2023-07-03,118.76982116699219,119.05708852676793,117.6999994597197,118.11603871561022,14467900,121.07984085083008,116.52379425048828,39.2897552953611,0.11395363003360615,0.9142676778739726
2023-07-05,120.60238647460938,121.45428073315573,118.1061432790298,118.1160435778064,27584800,120.86884841918945,116.84751403808593,44.56065057890017,0.18901125015554499,0.7692163923302872
2023-07-06,118.97784423828125,119.16605571745576,117.2839635981503,118.67076871540064,24745200,120.51224212646484,117.12764846801758,41.359212120736274,0.11606999065620016,0.6385871119954698
2023-07-07,118.35377502441406,119.90897577306588,118.2745272971948,118.96792601666532,21709500,120.36266479492187,117.43730209350586,35.84046058130973,0.007816246174073171,0.5124329388311906
2023-07-10,115.35234069824219,117.19480896554128,115.04526517285233,117.1849086668048,35315200,120.08084602355957,117.68970031738282,33.36462879409203,-0.3165176736267483,0.3466428163396028
2023-07-11,116.03583526611328,116.60046213170129,114.2627069372542,115.19384889567219,23078800,119.82874488830566,117.8788998413086,36.16523496498695,-0.5124946233428034,0.17481532840312158
2023-07-12,117.8089599609375,119.19576499990413,117.2938648331679,117.68018806836497,30404400,119.59546432495117,118.10851501464843,46.10197861598809,-0.5187515783954098,0.03610194704341531
2023-07-13,123.3660888671875,123.65335623874292,119.31463721160668,119.79011606460736,44297900,119.63062973022461,118.45204620361328,52.92140298827346,-0.07443832184523558,0.013993893265685132
2023-07-14,124.23779296875,125.5849742534972,122.32598478947493,123.62364190723412,33283100,119.71730537414551,118.85025695800782,56.45433431410683,0.34405630403063014,0.08000637541867413
2023-07-17,123.47505950927734,125.90196296117138,123.02929664266715,124.75290096825793,25716200,119.69551391601563,119.23143020629882,65.29329783615822,0.6071710049836554,0.1854393013316704
2023-07-18,122.59343719482422,123.50476343752902,121.80097499226719,123.4255157057774,26193600,119.70690574645997,119.6092350769043,62.6220244265483,0.7360668281672815,0.2955648066987926
2023-07-19,120.8797378540039,124.00004730657234,120.65191007779664,123.4255126020401,37224000,119.65390968322754,119.93533172607422,54.3244572598916,0.6919599977395592,0.3748438449069459
2023-07-20,118.0764389038086,122.92034602590522,117.10568044230457,120.27551478647455,37906800,119.58704643249511,120.16177749633789,50.21611521174165,0.4258927927137677,0.38505363446831026
2023-07-21,118.88868713378906,119.84954511473477,117.61085333534434,119.48303757466915,72937900,119.43202133178711,120.41278884887696,50.68493737837861,0.2773768322764596,0.3635182740299402
2023-07-24,120.38445281982422,121.84059775832779,119.83964167327879,120.51323227212808,29686100,119.39190292358398,120.60654510498047,53.30360345706594,0.2771775238992973,0.34625012400381167
2023-07-25,121.05804443359375,121.98918638737764,119.87925898635496,120.21605806734303,52509600,119.58357849121094,120.71828186035157,50.978711661227194,0.3275964563386964,0.3425193904707886
2023-07-26,128.05149841308594,129.74537139876955,127.11045618604405,128.8439605940008,61682100,120.12542190551758,120.95126480102539,65.83680171979415,0.921247544718355,0.4582650213203019
2023-07-27,128.18026733398438,131.98408291547318,127.57601659985137,130.4288745072281,44952100,120.58207664489746,121.20663436889649,67.45252236616884,1.386132413409797,0.643838499738201
2023-07-28,131.33029174804688,132.47936111951782,129.3392436159831,129.5472556742055,36591200,121.24972305297851,121.46557022094727,78.22893796988427,1.9858460681968495,0.9122400134299307
2023-07-31,131.46897888183594,132.27134138142645,130.53783692899188,131.47887918017878,28055500,121.89458694458008,121.70093048095703,77.80160334688009,2.444139830418351,1.2186199768276147
2023-08-01,130.3100128173828,131.3798345519529,129.44820315858595,129.54726660464158,23166800,122.4715965270996,121.87368682861329,73.02924287620914,2.6828953161293185,1.5114750446879555
2023-08-02,127.16988372802734,128.86375665408545,126.35760586456863,128.2297899546614,26273300,122.7999713897705,121.98502731323242,57.69229938454939,2.5888855235482424,1.726957140460013
2023-08-03,127.23922729492188,128.1703692734465,126.21893728397501,126.76375600704365,20089500,123.21304054260254,122.05238616943359,56.27328938992482,2.491259839272061,1.8798176802224227
2023-08-04,126.90243530273438,130.27038084502357,126.70432352641613,128.06140506490377,26147200,123.64047355651856,122.16233993530274,57.2934089116572,2.359515456610268,1.975757235499992
2023-08-07,130.2902069091797,130.36945464899543,127.80387142167389,127.94255118761124,22746300,124.38736686706542,122.3729362487793,64.80003403551136,2.4996574449921383,2.080537277398421
2023-08-08,130.1614227294922,130.2703864784232,128.3189544116336,129.388776187967,23535200,125.09364624023438,122.52984283447266,69.00611691981202,2.5706957925528116,2.1785689804292994
2023-08-09,128.43783569335938,130.79539166782024,127.78405318898797,130.41898380481655,24912900,125.62509002685547,122.6298910522461,72.1986356743023,2.4595628164766055,2.234767747638761
2023-08-10,128.467529296875,130.8052842652116,128.22978612358457,130.08216956285366,20857800,125.88016204833984,122.74915603637696,71.23407171482924,2.3468323355978953,2.257180665230588
2023-08-11,128.33876037597656,128.70526790592254,126.96186317041614,127.44724985423152,19591100,126.08521041870117,122.8816944885254,68.77046349904094,2.2214940410987793,2.2500433404042264
2023-08-14,130.09205627441406,130.1316725750129,127.74440125380522,128.17034072380753,24695600,126.416060256958,123.03245941162109,70.28467958557175,2.2378424114822337,2.247603154619828
2023-08-15,128.5567169189453,130.1812579827869,128.06142982490869,129.86428210238398,19770700,126.71422424316407,123.13369644165039,51.50273633263348,2.1026712726116017,2.2186167782181827
2023-08-16,127.48689270019531,129.05200170313327,126.66472188249602,127.48689270019531,25216100,127.04458198547363,123.18698959350586,48.04694282791642,1.8874637899766213,2.1523861805698705
2023-08-17,128.69537353515625,130.74586899055504,128.07130707221577,128.57650949077134,33446300,127.57552871704101,123.23869766235352,41.666642537465414,1.7937474096187174,2.08065842637964
2023-08-18,126.2585678100586,128.03169627072486,125.18874601968783,127.2986660305744,30504800,127.94402275085449,123.33696258544921,35.61262612196779,1.5054922684801824,1.9656251947997485
2023-08-21,127.15998840332031,127.51659567276597,125.36705175678769,125.98121040027308,25248700,128.2827995300293,123.46038803100586,41.17642030397839,1.3344029343614068,1.8393807427120803
2023-08-22,127.86328125,129.051966910952,127.11045052488731,127.29864686994681,22054900,128.6230613708496,123.59609649658204,52.249362575418054,1.2412548462899622,1.7197555634276567
2023-08-23,131.1222686767578,132.15247404718667,128.6458338064408,128.9529093119667,27819700,128.7765998840332,123.76905044555664,60.4366873476405,1.4141064256187548,1.6586257358658765
2023-08-24,128.5567169189453,132.9845847488296,128.34870480382898,132.68740946941512,28500700,128.79542236328126,123.88692916870117,53.97060547018063,1.3287568797332625,1.5926519646393538
2023-08-25,128.65576171875,129.52745659961704,126.05054714528603,128.31895505629643,26762900,128.6616958618164,124.00995880126953,45.34157033635153,1.2546460585283796,1.525050783417159
2023-08-28,129.77508544921875,131.2906623566744,128.91329096477185,130.07226065194624,20543300,128.57700119018554,124.12724273681641,48.95772785578204,1.2715748459576446,1.4743555959252561
2023-08-29,133.30154418945312,135.28269209662818,130.99350506379912,130.99350506379912,43075600,128.72657775878906,124.34596160888673,61.95820099507863,1.5516602074555976,1.4898165182313243
2023-08-30,134.59918212890625,134.99540563044192,132.80624584477715,133.5095448272466,28315800,129.098042678833,124.5991520690918,64.19085993975372,1.8569328453097285,1.5632397836470053
2023-08-31,134.88644409179688,136.69919611494214,134.5100211787518,134.72794864262443,30053800,129.48040351867675,124.9086068725586,65.04334467783167,2.0978604207786304,1.6701639110733306
2023-09-01,134.3812713623047,136.16430757063117,133.57890884729767,136.16430757063117,21543700,129.85434532165527,125.1564485168457,60.45405353138283,2.222415421191897,1.780614213097044
2023-09-05,134.49024963378906,135.1341167520606,133.31146403775733,134.16335836737144,19403100,130.06434745788573,125.42251708984375,65.54237641760335,2.3033679996262038,1.885164970402876
2023-09-06,133.1925811767578,135.24306141209425,132.41001928477638,134.73787413439317,18684500,130.215905380249,125.74187805175781,64.76926674244945,2.237025464794442,1.9555370692811893
2023-09-07,133.9850311279297,134.30202205679186,131.69680765193374,132.33077439469866,18844300,130.49326515197754,126.07728607177734,63.99376248351007,2.2227699083696564,2.0089836370988827
2023-09-08,135.094482421875,135.3718419233677,133.57890546194733,133.63833748155875,23558300,130.82461280822753,126.3982322692871,75.1410265928418,2.274773551048213,2.062141619888749
2023-09-11,135.62939453125,136.18411357030033,134.51004103926334,135.2529715626258,20763400,131.18914451599122,126.75127288818359,74.61150648486864,2.3322648518883966,2.1161662662886784
2023-09-12,134.06427001953125,135.57984690018307,133.91568997827457,134.9755962074752,18405500,131.38775520324708,127.06112426757812,67.16011911095796,2.2258761396245177,2.1381082409558463
2023-09-13,135.42140197753906,135.60959837402987,132.88551939554162,133.81666153749157,20749500,131.73098945617676,127.39415588378907,63.29669852548359,2.2254182888927687,2.1555702505432306
2023-09-14,136.7982635498047,137.3925988291446,134.95579546543004,136.30297659287558,24751000,132.19655799865723,127.71807342529297,77.51313210345938,2.3095337929287325,2.186362959020331
2023-09-15,136.1048583984375,137.21431153088753,135.19353215336167,136.67939311891212,38919600,132.5670322418213,128.0606137084961,73.91848829415707,2.2938024088828683,2.207850848992839
2023-09-18,136.90724182128906,137.8482841163795,135.32231734485046,135.32231734485046,21861300,133.0994659423828,128.43168304443358,73.37661103581414,2.319344846466038,2.2301496484874788
2023-09-19,136.73883056640625,137.10535323062862,135.3322172769841,136.1246795130563,20353700,133.57840805053712,128.85941284179688,64.4462030187053,2.2994909314027723,2.2440179050705376
2023-09-20,132.47938537597656,136.77847333591484,132.36050620598186,136.77847333591484,29927500,133.80921325683593,129.18828384399413,42.86679599127932,1.917946043368488,2.178803532730128
2023-09-21,129.21047973632812,130.98360061103773,128.84397217961927,130.20105377280416,31503900,133.71362380981446,129.41631423950196,34.09229700765151,1.3363905268640508,2.0103209315569126
2023-09-22,129.0222625732422,130.78548307138033,128.37839552385094,129.52744986822796,26397300,133.7369010925293,129.52943771362305,34.70894541148196,0.8505118667142142,1.778359118588373
2023-09-25,129.87416076660156,129.9335927895909,127.74443266302943,128.60622722629518,20094600,133.79782104492188,129.64216506958007,37.36444301134912,0.5281029504920127,1.528307884969101
2023-09-26,127.35810852050781,129.13122935895814,126.02082755262765,128.5467943169791,25718700,133.67697219848634,129.71982604980468,35.02802781010317,0.0687743845270461,1.2364011848806902
2023-09-27,129.30950927734375,129.66611648324476,127.35809261486546,127.35809261486546,22746500,133.47737045288085,129.85414749145508,38.67561436589133,-0.13621488039336782,0.9618779718258786
2023-09-28,131.06285095214844,132.04352470913275,128.56660009843606,128.61613182423616,22513100,133.30055389404296,130.05780975341796,40.5305150824638,-0.15539898705151245,0.7384225800504004
2023-09-29,129.6265106201172,132.78644401015598,129.1312236339659,132.02369781929437,30859800,133.03755722045898,130.28881118774413,36.47323942887126,-0.2832381969650726,0.5340904246473058
2023-10-02,132.90533447265625,133.15297801496536,129.93361196494698,129.9732433960953,22288000,132.96376037597656,130.56914413452148,47.575714243764054,-0.1186107384672539,0.4035501920243939
2023-10-03,131.18173217773438,132.99448475164644,130.59729703567032,132.67750887195305,22989400,132.79833450317383,130.7850897216797,41.265288440923264,-0.12577276187764141,0.29768560124398685
2023-10-04,133.96522521972656,134.29211643404554,131.28076318908475,131.53830697235477,26752300,132.83696670532225,131.04323333740234,44.483040190552714,0.0920943030380954,0.2565673416028086
2023-10-05,133.79684448242188,134.21288377054,132.19210423972567,133.79684448242188,19832600,132.8275573730469,131.15814025878908,45.41163009107698,0.2483062830812628,0.2549151298984994
2023-10-06,136.2831573486328,136.8576920175681,132.74680131267544,132.74680131267544,27597600,132.88699111938476,131.32019805908203,48.837165663804974,0.5662032336039147,0.3171727506395825
2023-10-09,137.11524963378906,137.63035233984527,134.3317391453215,135.6492043634317,19278100,132.9612838745117,131.4358972167969,50.68444045903484,0.8751930696258228,0.4287768144368306
2023-10-10,136.7586212158203,138.4029774091988,136.0355065485952,137.19447612153095,27786600,133.09600143432618,131.54169006347655,59.06791071126017,1.0788564226867834,0.5587927360868212
2023-10-11,139.22518920898438,139.77990827237048,137.27375707281203,137.27375707281203,25884300,133.28619079589845,131.7199935913086,71.96868062863678,1.4228903264178712,0.7316122541530312
2023-10-12,137.66009521484375,139.8888871232607,136.95678089538202,139.72049132619804,24765500,133.32928237915038,131.92979782104493,67.86889199353286,1.5513664813592811,0.8955630995942812
2023-10-13,136.0652313232422,138.6803458110814,135.33220119685583,138.06619483070466,23420500,133.32730102539062,132.10631790161133,62.42538424129875,1.5071194378225528,1.0178743672399355
2023-10-16,137.7888641357422,138.31386720251632,136.68932627392138,136.86762235774896,28501900,133.3713821411133,132.3240464782715,71.62211231769913,1.5927755746490675,1.132854608721762
2023-10-17,138.4029998779297,138.58129594196157,135.88693346466465,137.3232778502887,23515800,133.45459060668946,132.4863023376465,69.95647389672814,1.6907246803754106,1.2444286230524917
2023-10-18,136.65960693359375,139.3935859571332,136.0850721525315,138.13555264144586,23375000,133.66360168457032,132.6162660217285,62.287944521683784,1.6091238339703864,1.3173676652360706
2023-10-19,136.45155334472656,138.34355310217805,136.08504584222058,137.19448376221146,26066000,134.02565536499023,132.77654037475585,65.83898615984101,1.5102570858634294,1.3559455493615427
2023-10-20,134.3218536376953,136.57044595575792,133.8067508749185,136.0355425938075,26335700,134.2906349182129,132.89362686157227,53.47255004791762,1.2456959010493733,1.333895619699109
2023-10-23,135.21336364746094,136.36243322253188,132.68739668819748,133.76711882160117,26317900,134.55759506225587,133.03111892700196,60.30377408966436,1.0953402624321882,1.2861845482457248
2023-10-24,137.5015869140625,138.04640568615673,136.12468953456676,136.53082853876074,44814300,135.06476898193358,133.17930953979493,59.27274123995042,1.1475940795130555,1.258466454499191
2023-10-25,124.4260025024414,127.10054931723444,123.8910916279868,126.95196926111923,84366200,134.8205936431885,133.09669525146484,35.34697436085868,0.13238912183155094,1.033250987965663
2023-10-26,121.12739562988281,123.15807548898972,120.1269137067269,122.10806183952178,57061100,134.3238208770752,132.9695053100586,26.88830975428145,-0.9276448162920303,0.6410718271141245
2023-10-27,121.01842498779297,122.14767875459353,119.07690083509236,121.72173162799473,44566500,133.89341659545897,132.81596633911133,24.899668532001982,-1.75627710033001,0.16160204162529762
2023-10-30,123.2868423461914,124.21798434885228,121.59296166894325,122.04862481392111,28940100,133.41249198913573,132.756531829834,30.17500557439135,-2.204519503959517,-0.31162226749166533
2023-10-31,122.91041564941406,124.18825693226216,121.53351848457729,123.88117387337412,26292300,132.99892616271973,132.67154037475586,24.417517936604924,-2.560612183424041,-0.7614202506781406
2023-11-01,125.2580795288086,125.29770339578583,122.55381673556106,122.90051612476204,30082400,132.56356887817384,132.61943634033204,31.01878438071796,-2.6231433785693383,-1.1337648762563801
2023-11-02,126.28828430175781,127.76423752931852,125.73356524871063,127.20951847627134,27124600,132.18814086914062,132.52275665283204,34.773255918958256,-2.560060106512651,-1.4190239223076344
2023-11-03,127.88309478759766,128.3090343035944,126.65477772700595,126.813273176429,26393100,131.76813774108888,132.50928421020507,34.51047321729591,-2.3542400670677637,-1.6060671512596603
2023-11-06,129.0222625732422,129.1114106050115,127.45715385068908,127.83357680477238,19052700,131.3634883880615,132.51661422729492,35.56842168520842,-2.0752823203051918,-1.6999101850687666
2023-11-07,129.73548889160156,130.66663094824423,128.65576676845674,129.47794507134418,29757300,131.0123317718506,132.51582229614257,38.99905694912132,-1.7761801933679067,-1.7151641867285947
2023-11-08,130.59725952148438,130.96378214314169,129.54725360448614,129.7354650641289,26425800,130.5809352874756,132.4617366027832,40.888055224512264,-1.452854314969187,-1.6627022123767135
2023-11-09,129.0123748779297,131.30059860663678,128.84397909648382,130.71616352133154,23747800,130.14854927062987,132.35000045776368,41.593463832484865,-1.3094091189578592,-1.5920435936929427
2023-11-10,131.34019470214844,131.54822187953658,128.19017683711922,128.87367527216182,26913300,129.91229743957518,132.2790754699707,44.13436661456509,-0.9964062116727064,-1.4729161172888956
2023-11-13,130.84494018554688,131.3402272769737,130.0128614995408,130.53786460725624,18324800,129.56510124206542,132.20834884643554,39.34008986334789,-0.7793284399198228,-1.3341985818150812
2023-11-14,132.36048889160156,134.42088456077047,132.06332879289005,132.92512330907195,32395200,129.26297569274902,132.1657536315918,70.17641747622164,-0.47947355456014407,-1.1632535763640937
2023-11-15,133.35107421875,133.75721320819443,132.31098355475115,133.59871773207556,23861500,129.09754905700683,132.16892349243165,85.2170946603585,-0.16005937549374494,-0.962614736190024
2023-11-16,135.6392822265625,135.92655713328006,133.05389875585706,133.91569324609222,28013200,129.05693550109862,132.2020085144043,87.42414637947257,0.2745530489050907,-0.7151811791710011
2023-11-17,134.03456115722656,134.77749163303557,132.3902047431791,134.71805961336432,37240600,129.0425708770752,132.18081008911133,78.47788055715145,0.483920611790154,-0.4753608209787701
2023-11-20,134.96568298339844,135.37182187721336,132.3604689998501,132.42981642243376,27815500,129.03018684387206,132.1675358581543,81.03030864798797,0.7167177869441161,-0.23694509939419287
2023-11-21,135.67893981933594,135.88695192229423,134.67846538924488,135.0053415510365,22635300,128.93905448913574,132.1998292541504,79.28757761551252,0.9478389932854725,1.1719141740196282e-05
2023-11-22,137.1846160888672,138.1058427704475,136.1742262486165,136.1742262486165,17813900,129.57698516845704,132.23509353637695,79.82672895135178,1.238226205016531,0.24765461631669836
2023-11-24,135.4015350341797,136.82796372345382,134.70813639771495,136.72890029754885,12514300,130.2906921386719,132.20715896606444,70.3704040564815,1.3093866291610539,0.4600010188855695
2023-11-27,135.12420654296875,137.1152548942663,134.718067564632,134.7477835762215,23436500,130.99598121643066,132.18754592895507,67.3424745932359,1.3280942427484774,0.633619663658151
2023-11-28,135.90673828125,135.95627000005229,134.1435179195899,134.79730033187963,18730000,131.6269760131836,132.1675358581543,67.47062375862107,1.390040412085881,0.784903813343697
2023-11-29,133.71759033203125,136.98647245548034,133.5689951623546,136.27327307787965,23967200,132.16733474731444,132.1071110534668,58.216081653775014,1.2480999344258237,0.8775430375601223
2023-11-30,131.28077697753906,134.27231482569374,130.04255942126184,133.77702780318285,38988300,132.46846961975098,132.08313888549804,55.71642367258168,0.9282799771038697,0.8876904254688718
2023-12-01,130.61709594726562,130.8647394618695,129.43831039935748,130.61709594726562,31442300,132.68491020202637,132.1112712097168,48.01094653073045,0.6141868801819044,0.8329897164114783
2023-12-04,128.05149841308594,128.80432917172766,126.69440938445004,128.65574912560064,36669900,132.69333038330078,132.09185592651366,43.10169285876314,0.15644021314116685,0.6976798157574161
2023-12-05,129.7553253173828,130.89447964896365,127.04114645466437,127.73454540062502,27384800,132.7299835205078,132.0894792175293,43.62591150675071,-0.06805819417635917,0.5445322137706611
2023-12-06,128.79444885253906,130.5972858566958,128.65576908298854,130.20106226225468,23576200,132.68293151855468,132.11820602416992,38.835012439066524,-0.3198227817867405,0.3716612146591808
2023-12-07,135.6392822265625,137.25392258409158,133.43030657454526,133.76709808625108,56767100,132.9350326538086,132.2448014831543,50.0,0.032597058688935476,0.3038483834651317
2023-12-08,133.71759033203125,135.11428819124905,132.76663263696403,132.93502840396306,32260100,133.17029342651367,132.29789627075195,49.373066580552475,0.15504063375780675,0.27408683352366675
2023-12-11,132.0336151123047,132.08314684028716,130.1218143548642,131.13220416885352,31138000,133.2049644470215,132.3460383605957,44.36840803397782,0.11487115927508285,0.24224369867395
2023-12-12,131.27088928222656,131.74636063729966,130.0227561920871,130.56757499215098,29032800,133.22626190185548,132.3133494567871,41.54956192490943,0.021246049981527904,0.19804416893546556
2023-12-13,131.32041931152344,132.2416459947321,130.32984518422208,132.12278193624368,30104800,133.17425842285155,132.31612319946288,38.09331134059458,-0.04839796265477503,0.14875574261741745
2023-12-14,130.6963348388672,132.45955533429708,128.46754335829976,132.12276380482388,38722400,133.04152145385743,132.2507453918457,39.974705932076645,-0.15219533262268214,0.08856552756939753
2023-12-15,131.35011291503906,132.2515237297127,129.9434845931054,130.3793395531458,50847100,132.82706298828126,132.20181076049803,42.08556228445118,-0.1796304017904049,0.03492634169743705
2023-12-18,134.5199432373047,135.85720897900194,131.18169880212074,131.379825680854,32258000,132.85133209228516,132.16654647827147,47.356511065801456,0.05378591333629856,0.038698256025209356
2023-12-19,135.36190795898438,136.1741857555767,134.79728873509703,135.5501194052659,25476800,132.87114334106445,132.1314796447754,53.30407065232721,0.3032142757679992,0.09160145997376733
2023-12-20,137.03602600097656,140.3643557912913,136.76858185989715,137.66009256008627,49107200,132.9389976501465,132.13702774047852,61.93019569043284,0.6287278020968472,0.1990267283983833
2023-12-21,139.0963897705078,139.3638489644379,137.86807265297588,138.17516326857788,27488300,133.03458633422852,132.13445175170898,66.61486161233515,1.0409542809541676,0.3674122389095402
2023-12-22,140.15634155273438,140.65162862641927,139.3836949269829,139.4431269574312,26532200,133.27232666015624,132.1843766784668,75.20629173098223,1.4366155757242325,0.5812529062724787
2023-12-26,140.18606567382812,141.33512026384685,139.8591743724991,140.25539800837274,16780300,133.52541961669922,132.26679336547852,73.34810203107165,1.732606086121649,0.8115235422423128
2023-12-27,139.04685974121094,140.74074783674814,138.57138848007864,140.25536116259798,19628600,133.68242568969725,132.29195327758788,72.7671703734225,1.853885857920858,1.019996005378022
2023-12-28,138.90818786621094,139.80961383431003,138.4327165781313,139.45300658951038,16045700,133.94195556640625,132.3020570373535,60.33834604608247,1.9167165739125949,1.1993401190849367
2023-12-29,138.373291015625,139.03697381318452,137.4718650054482,138.3138589912108,18733000,134.29658126831055,132.33633071899413,66.14004870854642,1.9014301601965542,1.3397581273072603
2024-01-02,136.8675994873047,138.13553292141268,135.19352711017308,137.24402242132257,23711200,134.6091064453125,132.3446516418457,66.96785320236094,1.7476727607502198,1.4213410539958522
2024-01-03,137.61053466796875,138.31384884016077,135.78788218321773,135.95627794501937,24212100,135.08705825805663,132.41042526245118,72.28386036538076,1.6665565475532276,1.4703841527073274
2024-01-04,135.1043701171875,137.84826398130872,135.06475381279517,137.1152338729093,27137700,135.35451049804686,132.4082453918457,61.341839007492474,1.3840899029912066,1.4531253027641033
2024-01-05,134.45059204101562,135.86712058649852,133.8760573616901,135.4609816574128,22513900,135.6373176574707,132.34722549438476,61.23284181461079,1.0948577861840079,1.3814717994480843
2024-01-08,137.53126525878906,137.69966099404843,134.97558299464234,135.00529899998477,21404000,135.73191680908204,132.6093307495117,66.14892371869185,1.101526124733681,1.3254826645052038
2024-01-09,139.6214141845703,140.15633265456808,136.847803725032,137.19451070058466,24759600,136.027108001709,132.97921112060547,64.1250122521268,1.2609331290758234,1.312572757419328
2024-01-10,140.93882751464844,141.65204180144656,139.5817463565532,139.6708943636641,21320200,136.47236862182618,133.37761917114258,65.04531843932335,1.4765478496455557,1.3453677758645735
2024-01-11,140.74075317382812,143.8511548726539,139.31432422138022,142.13746611601331,24008700,136.94586181640625,133.7266973876953,60.859402465173325,1.6128492035348074,1.3988640613986203
2024-01-12,141.30540466308594,141.85022350023897,140.48324137197477,141.32522037942684,18785500,137.4451110839844,134.09459716796874,57.097473207369575,1.746301389302971,1.4683515269794905
2024-01-16,141.1468963623047,142.98936462858398,140.1166909258045,140.66150965520748,22670500,137.96763916015624,134.41237350463868,53.378303130851286,1.8183125377564124,1.538343729134875
2024-01-17,140.13653564453125,140.5030432679189,137.59075265245207,140.01767157531646,20968600,138.40696029663087,134.68933853149414,49.84166780481143,1.7734114425313976,1.5853572718141795
2024-01-18,142.12754821777344,142.85067809474862,140.65160268399825,140.71103470348461,25746400,138.7873405456543,134.97422760009766,59.33939257126574,1.8768499185820247,1.6436558011677485
2024-01-19,145.000244140625,145.06957646906244,143.01909590584106,143.37570319270063,34271900,139.26925735473634,135.29378723144532,65.84244731009053,2.165663784905206,1.74805739791524
2024-01-22,144.6138916015625,146.99126295666431,144.46529644501962,145.71342925416275,32200400,139.6481506347656,135.59135528564454,66.35509459133058,2.3364423803624845,1.8657343944046891
2024-01-23,145.6539764404297,145.7926561788179,144.12849931815916,144.5148225261662,21636100,139.9760299682617,135.89248962402343,73.60298144304204,2.526586880982393,1.9979048917202298
2024-01-24,147.29835510253906,148.43752430496747,146.70401975406176,147.13985963029438,25233500,140.33313064575196,136.25820922851562,74.82236534992482,2.7779429854997773,2.1539125104761396
2024-01-25,150.43844604492188,151.60733104989245,148.1304071562973,148.65542520354305,29149100,140.84574966430665,136.6401742553711,88.05317039700583,3.1937085216451067,2.361871712709933
2024-01-26,150.7554473876953,151.10213919091456,149.5865623016617,149.67572544188013,26115500,141.43117904663086,137.03838439941407,91.15008668608085,3.5083430685141366,2.591165983870774
2024-01-29,152.06298828125,152.3304474564719,150.0025928322321,150.62665920276396,27784300,142.08891906738282,137.43243438720702,90.28015689936802,3.819175755506876,2.8367679381979944
2024-01-30,150.03233337402344,152.1719615652673,149.7648741820085,151.3596988063133,36331800,142.67187118530273,137.7660595703125,78.95328705039634,3.8571927027964534,3.0408528911176864
2024-01-31,138.77944946289062,142.64268274114494,138.55160651740604,142.26625971379002,71910000,142.76746368408203,137.82886291503905,46.13212812351214,2.9453554953369974,3.021753411961549
2024-02-01,139.82943725585938,141.7115219147045,139.46291457727207,140.78037988444788,40466500,142.87840881347657,137.94476043701172,48.415995569752525,2.2811475300105712,2.8736322355713537
2024-02-02,141.03793334960938,141.2756614400684,135.21335329400358,137.94733213900224,62499600,143.17508697509766,138.06620544433594,49.54527224778032,1.8311649375324919,2.6651387759635816
2024-02-05,142.32566833496094,144.0988043000788,141.43415776046106,141.4737891857491,38505400,143.56884078979493,138.19914001464844,51.92992782131904,1.5604717948208986,2.4442053797350454
2024-02-06,142.74169921875,143.9898168404998,141.84027337889637,143.28650274958076,29128200,143.82936248779296,138.31028167724608,54.34992193519194,1.3637947672457642,2.2281232572371894
2024-02-07,144.1681365966797,144.24738433228183,142.57331181571678,143.3954900682589,25208900,144.05669860839845,138.4856137084961,53.47270695185388,1.3079511345673893,2.0440888327032294
2024-02-08,144.53465270996094,144.95069196678878,143.73229020643873,144.45540497795193,22563800,144.23648986816406,138.67382263183595,49.133757318051565,1.278531327294047,1.890977331621393
2024-02-09,147.5955352783203,148.0313902841131,144.8021091675361,145.29739619867138,26829500,144.57922897338867,138.90759857177736,55.045300683447756,1.4850844315809582,1.809798751613306
2024-02-12,146.13937377929688,147.93231021218233,145.98087831954948,147.02098399107322,21564100,144.82092742919923,139.15603424072265,50.80994595607537,1.513828716424058,1.7506047445754567
2024-02-13,143.77191162109375,145.28748865156425,142.3355823254468,143.553984129069,27837700,144.95217819213866,139.40585693359375,44.25433866309062,1.3302401780664184,1.6665318312736492
2024-02-14,144.56439208984375,145.1389269035668,142.7318238889174,144.70307186453817,22704200,145.1735710144043,139.68480285644532,39.636560010509825,1.2344613870817511,1.5801177424352697
2024-02-15,141.42425537109375,142.1671858771817,139.13603183073639,141.79076291731,37590700,145.1384063720703,139.95225799560546,35.0286071021997,0.8948578509161962,1.443065764131455
2024-02-16,139.19546508789062,141.8402958992358,138.81904212467896,141.6421841188465,31468900,144.8481674194336,140.14106079101563,29.947543634374853,0.44079365781396973,1.242611342867958
2024-02-20,139.78981018066406,140.7407679538146,138.1751846986445,138.34358047947055,25144700,144.60696334838866,140.36096801757813,33.29025127329393,0.12743421298003454,1.0195759168903733
2024-02-21,141.20632934570312,141.34500910368052,139.35394565312507,140.11669187948075,23223300,144.38458099365235,140.47230895996094,55.83048739895039,-0.0065288854819414155,0.8143549564159105
2024-02-22,142.7318115234375,143.6332375383376,141.4539776469549,143.56389009951735,27191900,144.15625381469727,140.65259338378905,56.81709359069197,0.010279560220141093,0.6535398771767567
2024-02-23,142.60304260253906,143.31624199133967,142.07802446605524,142.31576767229546,19493800,143.7644836425781,140.86398193359375,53.872547353955,0.013059259770130893,0.5254437536954315
2024-02-26,136.27328491210938,141.09737589700708,136.0949737160045,140.8002006468063,53641800,143.04037551879884,140.9640298461914,38.01497369119194,-0.48984967183915273,0.3223850685885147
2024-02-27,137.5709228515625,137.9374303971592,135.7977869156524,136.7190286014233,33099200,142.31577224731444,141.0890399169922,40.10619276796069,-0.7747690313847784,0.10295424859385607
2024-02-28,135.094482421875,136.70910770950192,134.13362446493272,136.60014396856127,37328600,141.56887969970703,141.17700286865235,33.3090634734492,-1.186717976629069,-0.15498019645072894
2024-02-29,137.15487670898438,137.5511002457204,135.11428166141263,135.98599158018274,42133000,141.4876510620117,141.29309814453126,37.22128189586703,-1.3315842102376507,-0.3903009992081133
2024-03-01,135.8473358154297,137.56102483106488,135.62940829726085,137.1251697947272,31151100,141.28854598999024,141.31964599609375,28.34187172496516,-1.534213903744586,-0.6190835801154079
2024-03-04,132.09303283691406,134.38125607946606,130.666604032477,134.38125607946606,55999400,140.84130096435547,141.25426849365235,26.127952624200432,-1.974973999180122,-0.8902616639283507
2024-03-05,131.41944885253906,131.98408327949778,129.43830088138756,130.6369020545164,40194800,140.29598999023438,141.1419369506836,27.724190080365958,-2.3515252294095887,-1.1825143770245985
2024-03-06,130.1614227294922,132.3208819951356,129.6166190997975,131.86521128643497,35318600,139.66697616577147,140.96323760986328,24.455325987119323,-2.7201013514631143,-1.4900317719123017
2024-03-07,133.1133270263672,133.66804599825636,130.3694330601028,131.53830302016095,37738200,139.11423568725587,140.82237731933594,35.16090837314201,-2.7423939664100487,-1.7405042108118511
2024-03-08,134.13365173339844,136.78838324879158,132.73693852875124,132.9449657546409,39370400,138.59418563842775,140.70132904052736,40.55456627102245,-2.6472139135549924,-1.9218461513604796
2024-03-11,136.37232971191406,137.7888584846141,134.84685230242854,134.84685230242854,32437800,138.03302536010742,140.6478384399414,43.991636450653026,-2.363890968860403,-2.0102551148604646
2024-03-12,137.1945037841797,138.06621377136466,135.73835874420493,135.73835874420493,27563400,137.58578186035157,140.61356475830078,42.79615157621088,-2.0493888386897936,-2.0180818596263306
2024-03-13,138.47235107421875,139.76010046706762,137.67990386166102,137.6898041615814,23347200,137.3208038330078,140.61554595947266,42.28285401814199,-1.6776926413314754,-1.9500040159673595
2024-03-14,141.75111389160156,142.23648536998164,139.13599971833514,139.8591143451781,42753400,137.1801399230957,140.7132162475586,48.614631822377504,-1.1058049384096194,-1.7811642004558115
2024-03-15,139.8492431640625,141.83039134963047,138.71008900334536,141.1568082217187,49475400,137.10138931274415,140.75799041748047,56.79336577628278,-0.7968591900162778,-1.5843031983679048
2024-03-18,146.2879638671875,150.7158309412068,145.78277655889536,147.20920556461434,69273700,137.45601425170898,140.98166229248048,63.8539140556795,-0.032096519772011334,-1.2738618626487261
2024-03-19,145.6441192626953,147.38752436358277,144.70307682252857,146.76347291355683,24070400,137.74872970581055,141.20553283691407,67.8035061047052,0.5160814616253333,-0.9158731977939142
2024-03-20,147.33798217773438,147.45684622092818,145.3568341780524,146.60495197646654,21311500,138.0553123474121,141.40166717529297,67.40021004569067,1.07480733244833,-0.5177370917454653
2024-03-21,146.208740234375,148.95261955283513,145.51532628649926,148.06110892693906,24755600,138.229158782959,141.53341369628907,67.81341799261591,1.4102250268428236,-0.13214466802780755
2024-03-22,149.34884643554688,150.1512089583533,147.57571050851763,147.71439026412665,29211800,138.5664489746094,141.70161407470704,80.30637693013125,1.9074385296460434,0.27577197150696264
2024-03-25,148.65542602539062,148.96250150277115,146.42663484638766,148.5266465871507,19229300,139.18555603027343,141.8599075317383,80.25046048801285,2.2199404888139043,0.664605674968351
2024-03-26,149.2498016357422,150.82481086727907,148.56630307093445,148.80404630237763,22149100,139.7694999694824,142.0187954711914,84.30060519383093,2.4868943176052483,1.0290634034957304
2024-03-27,149.44790649414062,150.210652767324,147.49647434889332,149.75498204030305,22879200,140.4871711730957,142.18481567382813,82.57620619874321,2.683508738352714,1.3599524704671273
2024-03-28,149.50733947753906,150.00262652031626,148.7545086139037,149.4281068518604,24485400,141.10479431152345,142.37223175048828,81.88180256717604,2.8117111722196455,1.6503042108176311
2024-04-01,154.0243682861328,154.27201180475902,149.19036196576207,149.26960970551775,31730800,142.0136459350586,142.61016815185548,83.44608815923988,3.2404451644280527,1.9683324015397157
2024-04-02,153.10311889648438,153.24179865539583,150.71583186847434,152.05311284830339,24586000,143.06415023803712,142.77222564697266,80.03000157266308,3.465929735053237,2.26785186824242
2024-04-03,153.45973205566406,153.6182275333651,151.29037243888334,152.15218215203225,24705000,144.16616439819336,142.9491424560547,79.31042920619385,3.6315414343089003,2.540589781455716
2024-04-04,149.111083984375,153.3111226498397,149.03183626069176,152.05308959817475,34724700,145.1136474609375,143.0182846069336,63.815562217190035,3.373008401721961,2.707073505508965
2024-04-05,151.06253051757812,151.97385675674153,148.18987204880133,148.6158116009819,23459200,146.01110763549804,143.09356811523438,71.00960603808107,3.28768613779431,2.823196031966034
2024-04-08,153.39036560058594,153.80640480075897,151.17147475137236,151.33987049085022,20702000,146.97394332885742,143.15260650634767,65.73053263660628,3.3690679474607634,2.9323704150649803
2024-04-09,155.12388610839844,157.06540257966853,153.7271732158785,154.6186837219778,31079500,147.91152114868163,143.2399752807617,70.02918301736666,3.532721224062442,3.052440576864473
2024-04-10,154.66824340820312,155.13381445655733,153.22199853385487,154.73759085219538,22838600,148.78520812988282,143.29208038330077,66.34273490665785,3.584333106010405,3.1588190826936593
2024-04-11,157.90745544433594,158.17489962705622,154.98526423321934,155.4310196527177,27166400,149.75696334838867,143.44958282470702,73.8392806615287,3.8423213456781298,3.2955195352905537
2024-04-12,156.2432403564453,158.7097751773131,155.65880529572482,156.47108327025333,25353700,150.48156967163087,143.79885864257812,64.94833286905589,3.867903847287778,3.4099963976899987
2024-04-15,153.40028381347656,157.73900258836812,153.13282461250074,157.36257964736208,27136500,151.15912170410155,144.07027557373047,59.41056094943592,3.6170798853230224,3.4514130952166036
2024-04-16,152.9446258544922,154.18284340549994,151.98376782571336,152.7366137703007,20779500,151.4919548034668,144.30840942382812,57.36855558733849,3.3429963185618874,3.4297297398856608
2024-04-17,154.00453186035156,155.59935651041437,153.12292165720868,154.15311190556037,21763100,151.90997543334962,144.54198669433595,58.78525673273636,3.174712563663036,3.3787263046411358
2024-04-18,154.53944396972656,155.46068564754503,153.16254671725525,153.87576120493418,19883000,152.27004852294922,144.77794158935546,59.52730928567714,3.049358307852941,3.312852705283497
2024-04-19,152.63755798339844,154.88616540110863,150.86443701191843,154.7276699190319,32615600,152.59148941040038,144.94733001708985,47.08576170492207,2.764678361424501,3.203217836511698
2024-04-22,154.80690002441406,156.15408123867272,152.60782458474242,152.85546807916526,26446200,152.86439208984376,145.1527749633789,53.40187516109239,2.683185137592403,3.099211296727839
2024-04-23,156.7682342529297,157.4715484365775,154.80690198445652,155.4805001575941,21151600,153.2700325012207,145.3362289428711,56.208133053428206,2.7452192723337987,3.0284128918490314
2024-04-24,157.63003540039062,158.06589035097772,155.68850383367314,156.00549474863058,22779100,153.6890441894531,145.56604217529298,68.39178227319685,2.83128463442344,2.9889872403639135
2024-04-25,154.529541015625,155.01492770763642,149.44789165697802,149.90356233876008,57109700,153.94312591552733,145.7811947631836,57.131208665391156,2.6191165240630596,2.915013097103743
2024-04-26,170.32919311523438,173.06318697805824,168.05086993453432,172.72638033694088,64665300,154.9842185974121,146.2964907836914,72.4174015593794,3.683411573475354,3.0686927923780654
2024-04-29,164.5838623046875,167.95182293786596,163.65273545115042,167.46643624163954,45610000,155.51219329833984,146.75968292236328,61.317834183978036,4.0169677831596005,3.2583477905343727
2024-04-30,161.2456512451172,166.51551272721193,161.067355161794,164.04897776984578,33562900,155.9193199157715,147.2006866455078,57.361411154734846,3.9662275463007575,3.3999237416876498
2024-05-01,162.3154296875,165.54469495776107,161.55268360010731,162.75128459458153,33493200,156.3621047973633,147.65119903564454,55.185183722657534,3.9666130764014724,3.5132616086304145
2024-05-02,165.0494384765625,165.15840222342754,162.34517563249727,163.23668620505856,24294500,157.15902252197264,148.1280612182617,60.104582020338626,4.1398091292956,3.6385711127634517
2024-05-03,165.66360473632812,166.37681924074352,161.51309716937072,165.9805805633127,34662400,157.88907623291016,148.58669708251952,64.82994505261317,4.277320050384333,3.766320900287628
2024-05-06,166.51548767089844,166.55510397846635,164.46499233146127,165.88152094509854,21871300,158.5453323364258,149.06494598388673,66.25536892511835,4.404268612395214,3.8939104427091453
2024-05-07,169.63580322265625,170.14099053831322,166.8027608824853,166.91172463075958,28039700,159.27092819213868,149.73219635009767,67.84264778984499,4.702452702288781,4.055618894625073
2024-05-08,167.78343200683594,168.54616311793023,167.14946523990977,167.40700904320605,19569100,159.92668762207032,150.33644653320312,64.67621816814349,4.734716006757736,4.191438317051605
2024-05-09,168.35794067382812,169.08105536278006,166.59470528912274,167.79330631584043,15346700,160.44921188354493,151.00171569824218,67.94842982532245,4.751866398147229,4.30352393327073
2024-05-10,167.06031799316406,168.24901901989145,164.62351414128807,166.44616688032662,29799900,160.99006576538085,151.59982452392578,64.274226403906,4.607636930856415,4.364346532787867
2024-05-13,167.54568481445312,167.6843645690759,162.45413508764602,162.71167888481415,31327600,161.69733581542968,152.23379150390625,63.00195164299182,4.4808466737843275,4.38764656098716
2024-05-14,168.73435974121094,169.63578564580942,167.20888253839394,168.16974046044572,25127100,162.48682250976563,152.96661804199218,63.291465684295886,4.4252688691098285,4.395171022611693
2024-05-15,170.88392639160156,171.02260615600562,168.90277826299467,169.02165742888434,26948400,163.33079223632814,153.75590759277344,70.03160422760277,4.502769992896219,4.4166908166685985
2024-05-16,172.53817749023438,173.46931949790743,171.0622318573979,171.65656720711078,27867900,164.23072891235353,154.6034426879883,54.140387886802856,4.6441396790255,4.462180589139979
2024-05-17,174.4004669189453,174.60849412252608,172.05281122904015,172.53818284579418,24479300,165.31887435913086,155.42918548583984,71.53423936728919,4.85053343678436,4.5398511586688555
2024-05-20,175.25234985351562,177.0849177951841,174.42027132306535,174.52923506740714,22554400,166.34114685058594,156.25155944824218,84.48789805375486,5.024917686939688,4.636864464323022
2024-05-21,176.173583984375,176.47074407897802,174.1528046513203,175.23252663493534,16989400,167.3114143371582,157.0475845336914,84.3735901729186,5.177768267307272,4.745045224919872
2024-05-22,174.71743774414062,175.4801688011517,173.55846803904691,174.97498152917515,17880000,168.1657844543457,157.79804321289063,75.60343253015748,5.122357275299549,4.820507634995808
2024-05-23,171.91412353515625,176.56981838832198,171.31977307945,175.4009483043823,21024900,169.03501358032227,158.46687866210937,64.8331481757756,4.796943458334056,4.815794799663458
2024-05-24,173.34054565429688,174.11319214706063,172.01316503791867,173.33063024095415,16579400,169.1855812072754,159.09866729736328,65.76665240236059,4.601112249892736,4.772858289709314
2024-05-28,174.73724365234375,175.5990532912732,172.7263796864407,172.80562741846637,20572200,169.6932502746582,159.7964273071289,62.80459594025278,4.50666641691376,4.719619915150203
2024-05-29,174.24195861816406,175.1731005862125,173.07308856633102,173.77638763413984,23388700,170.34306564331055,160.35550720214843,67.39598968240009,4.34180245482284,4.644056423084731
2024-05-30,170.48770141601562,173.568387335375,170.17071046285272,173.54857162206218,22931500,170.75167922973634,160.85237884521484,54.89757535352118,3.8636713976876536,4.487979418005315
2024-05-31,170.8740234375,171.42874248649764,167.84286926621976,170.24005665079406,37638900,171.04290847778321,161.32309967041016,59.15360595710457,3.4758545609316513,4.285554446590583
2024-06-03,171.53770446777344,172.884885765003,169.54665609137342,170.91363798660555,27459100,171.33661346435548,161.82967895507812,59.500273437755325,3.185341798812061,4.065511917034878
2024-06-04,172.15185546875,172.21130260761575,170.26977084192941,171.6466681505934,26879600,171.61843185424806,162.28573913574218,58.36166363389959,2.97042399610325,3.846494332848553
2024-06-05,173.756591796875,174.98489390330127,172.2905313702321,173.54856460290543,22068500,171.824471282959,162.7877624511719,57.22113758145993,2.896203270912821,3.656436120461407
2024-06-06,175.06414794921875,175.48018723719562,174.093389610606,174.24196967239757,23251000,172.18850708007812,163.3040493774414,56.46227379972736,2.909354438304888,3.507019784030103
2024-06-07,172.81553649902344,176.19338215245025,172.65704104078017,175.3811193801314,19661400,172.4113868713379,163.77140197753906,46.02381652365115,2.7071266111656485,3.3470411494572123
2024-06-10,173.55934143066406,175.59235206297993,171.32799161936092,173.51967964779035,23726700,172.7363380432129,164.25244201660155,45.72951860139838,2.577170426487527,3.1930670048632757
2024-06-11,175.15597534179688,175.37415295165962,172.32960833962332,174.75929703239595,21540600,173.1168525695801,164.67507415771485,47.51773947170171,2.5733502470553162,3.069123653301684
2024-06-12,176.3162841796875,178.91457717394482,174.6502170373927,176.77247787758725,27864700,173.4959487915039,165.1393374633789,53.95719154284471,2.6335915494167352,2.9820172325246945
2024-06-13,173.7080841064453,175.2749891373828,173.43040626625967,174.6502064308114,20913300,173.63715667724608,165.54430450439452,54.483406640089626,2.442715167368135,2.8741568194933826
2024-06-14,175.32455444335938,175.59232060979843,172.70643840569585,172.77586542867536,18063600,173.77647552490234,166.06857391357423,54.91171128699347,2.3942801351765297,2.778181482630012
2024-06-17,175.7708282470703,176.8815395045709,173.36096312594307,174.00558422755435,19618500,173.8449935913086,166.56273986816407,52.68515251818525,2.364647406146645,2.6954746673333387
2024-06-18,173.6386260986328,175.91956377801446,172.65684217183323,175.67163609834915,21869900,173.76430740356446,166.967705078125,48.55546024337243,2.144393131890098,2.585258360244691
2024-06-20,174.83863830566406,175.82042243225433,173.53949942101505,173.91633928082513,20160100,173.69756011962892,167.3620001220703,61.86902007730558,2.043119182741293,2.4768305247440114
2024-06-21,178.14102172851562,179.35091015505034,175.1460507765767,175.53281739605538,57759000,173.86873931884764,167.83145568847655,67.10282307008333,2.2039280804420116,2.4222500358836117
2024-06-24,177.73443603515625,179.3905914905494,177.18899199121046,178.66664674075304,18298000,174.15975494384764,168.22799530029297,64.7626075545361,2.2723677816724432,2.3922735850413783
2024-06-25,182.50453186035156,182.76237121301742,177.93274460366004,178.13108373127267,23130200,174.6179542541504,168.7532211303711,70.58687521581426,2.6806131657668573,2.4499415011864745
2024-06-26,182.3557891845703,182.9805567069559,180.96738496662277,181.11615066799544,19839000,174.9988815307617,169.33233123779297,68.15104782309302,2.958049727137251,2.5515631463766297
2024-06-27,183.8731231689453,184.50781754506613,182.49464561148105,182.65330785628058,18848900,175.48043975830078,169.95090118408203,68.43062349432401,3.2627454736637844,2.6937996118340606
2024-06-28,180.64012145996094,183.59543062581383,180.4517091135773,182.792147275446,29156600,175.98806076049806,170.48361297607423,65.72335297761043,3.2063816575629005,2.7963160209798286
2024-07-01,181.47317504882812,182.3557971056762,179.79718128044868,181.51283682486664,16006100,176.51801834106445,171.02228759765626,65.8458594125702,3.192136428019552,2.8754801023877734
2024-07-02,183.70452880859375,184.0317952147811,180.05502490239206,180.54096868108974,17372500,177.12635955810546,171.64362701416016,66.69246941212646,3.3225977426546933,2.9649036304411576
2024-07-03,184.27972412109375,184.54747516508317,182.47480304485995,183.31776335097922,10242100,177.73275299072264,172.23308349609374,65.91357324502826,3.4328311879653484,3.0584891419459956
2024-07-05,189.0200958251953,189.2779352009688,184.25988067435352,184.3193809047392,20967500,178.49592819213868,172.87812072753906,78.19572195398268,3.8582251492856017,3.218436343413917
2024-07-08,187.46311950683594,188.59366938357218,186.2234808204011,188.32590319025596,21035900,179.11587677001953,173.47478240966797,72.40118156909898,4.023339399575832,3.3794169546463
2024-07-09,187.4135284423828,189.77380531232768,187.15568904666173,188.73250580309858,15121400,179.8457763671875,174.1324621582031,71.80534153936196,4.102896412187846,3.5241128461546096
2024-07-10,189.59524536132812,190.16052772681226,187.46307339801706,187.58207384030658,15952500,180.6475715637207,174.517783203125,79.82945517964143,4.29251084680331,3.67779244628435
2024-07-11,184.03179931640625,189.27794332888038,183.54585552687806,188.2763207656611,25625800,181.09136276245118,174.90674194335938,64.77532292042191,3.948344000291115,3.7319027570857033
2024-07-12,183.5359344482422,185.55901792595884,182.9607403388162,183.54584610912124,22898400,181.4523452758789,175.35254760742188,59.53052665741902,3.5941460655315325,3.704351418774869
2024-07-15,184.98382568359375,186.67965791404401,183.38717059216182,183.38717059216182,16474000,182.01613235473633,175.80591552734376,62.35215508051978,3.3911829266963025,3.641717720359156
2024-07-16,182.39547729492188,187.1160160000062,181.85003324241117,185.80696540628884,18290700,182.36967849731445,176.15283630371093,49.799258151152685,2.9870423290630015,3.5107826420999255
2024-07-17,179.51951599121094,182.028543422423,178.40878946455692,181.45334926969147,20734100,182.55711288452147,176.4299545288086,45.255498300557775,2.4069461747344576,3.2900153486268318
2024-07-18,176.2171173095703,180.98724445457364,175.00722876619346,180.4219619618105,25315700,182.68603744506837,176.62398712158202,37.914815228743315,1.6615860886227267,2.9643294966260108
2024-07-19,176.18734741210938,178.79553657132692,175.661741889588,177.39723581965455,18881900,182.75347290039062,176.75501800537108,42.180416594986866,1.056304250548294,2.5827244474104676
2024-07-22,180.1641082763672,181.18556924112812,178.73604223141416,179.09305874265243,24100300,182.8546272277832,177.00263153076173,47.92971689166264,0.8872774178604175,2.2436350415004576
2024-07-23,180.2831268310547,182.08804802244904,180.03519909370766,180.54098136257284,36352700,182.98206176757813,177.24113525390624,44.20166441775634,0.7542319217653812,1.9457544175534425
2024-07-24,171.19903564453125,174.72952357646327,170.39575233929236,172.16099630525835,49585200,182.41678695678712,177.3239096069336,32.7940949787409,-0.08325808488947928,1.5399519170648581
2024-07-25,165.8933868408203,171.98249074674055,165.8041364976538,171.08995705046257,44852000,181.59366683959962,177.29086364746092,20.025638652424192,-1.1617050535346038,0.9996205229449657
2024-07-26,165.61572265625,166.69668392087527,162.7000901475995,165.76447324044335,41336900,180.68079681396483,177.22849090576173,20.712509915630704,-2.015553182683419,0.3965857818192887
2024-07-29,168.12474060058594,169.01727432015218,166.5975125369865,167.43054602622254,20293800,180.0550277709961,177.1733071899414,25.742011103972516,-2.461403667993352,-0.17501210814323942
2024-07-30,168.87843322753906,169.8106438435088,167.04377724268764,168.8288597911077,18959700,179.42529067993163,177.1001123046875,22.975421253543544,-2.7225429136730384,-0.6845182692491992
2024-07-31,170.1180877685547,172.80563107068153,168.60077124290896,171.80400847021264,25729100,178.7459686279297,177.0144647216797,29.54213917866933,-2.797223237772158,-1.1070592629537912
2024-08-01,169.3445587158203,172.60729626052532,167.48015239401155,168.83879157195824,24531400,177.99921035766602,176.89630889892578,29.30287520028486,-2.8855622966118517,-1.4627598696854034
2024-08-02,165.27853393554688,167.1131899291379,163.3050238959055,165.06035633790583,29130100,176.8121322631836,176.67840789794923,23.300206501702377,-3.2462451622589015,-1.8194569282001032
2024-08-05,157.92996215820312,163.06701740006122,153.64576377052947,154.21104625180902,53630700,175.33547439575196,176.34265838623048,20.637955308261056,-4.078048060177764,-2.2711751545956353
2024-08-06,156.97792053222656,159.23903543312898,155.11351422532948,158.00930840033058,49004600,173.81369400024414,176.04393432617186,21.637147107318697,-4.75921834568868,-2.7687837928142445
2024-08-07,157.6225128173828,161.62901768553496,157.1564075430874,159.91336228381462,25138600,172.21505737304688,175.7295736694336,24.926422175401626,-5.187242195114209,-3.252475473274237
2024-08-08,160.68690490722656,162.33314852019078,158.88199906168649,159.17950020545774,25578800,171.04781265258788,175.44856689453124,30.679847559317253,-5.2190217144759,-3.64578472151457
2024-08-09,162.31332397460938,162.43232444231467,157.74153604180353,158.68365838652156,28602300,169.98668212890624,175.20999420166015,26.36556663333232,-5.054701335786007,-3.9275680443688574
2024-08-12,160.94476318359375,163.5331293646278,160.49849628320337,162.9877004487663,15895300,168.78472900390625,175.01913543701173,25.216059824430005,-4.977529804918703,-4.137560396478827
2024-08-13,162.7992706298828,163.36453799371506,161.6191321967266,162.05548742905071,18551700,167.8049186706543,174.85764038085938,36.78630563264726,-4.712405876986281,-4.252529492580319
2024-08-14,159.0406494140625,161.86703112721244,156.40271029840184,161.05382104216667,40591100,166.78097534179688,174.60769927978515,38.668399919056576,-4.750818100215923,-4.35218721410744
2024-08-15,159.96295166015625,160.30012969322283,158.28695802267646,159.16958001058939,31524300,165.96826705932617,174.36392120361327,40.847768491974314,-4.653198801346036,-4.41238953155516
2024-08-16,161.6092071533203,163.69179086382167,159.79437447768626,160.1315525357236,24208600,165.2393600463867,174.12097351074217,39.147710406356616,-4.392363313587595,-4.408384287961647
2024-08-19,165.28843688964844,165.30827534265444,162.8984102346736,163.9099594856968,22416200,164.49557647705078,173.9254592895508,44.551481567938694,-3.844449795054544,-4.295597389380227
2024-08-20,165.79420471191406,167.24210914189632,165.43720334999875,165.51652689777598,18341500,163.77113037109376,173.7850326538086,43.288150270397274,-3.3310152771051094,-4.102680966925203
2024-08-21,164.47525024414062,165.46696109244462,163.30502357434244,163.7810405444825,22902000,163.43494110107423,173.6033508300781,42.56735763001389,-2.996007218851986,-3.88134621731056
2024-08-22,162.44224548339844,166.20082306762401,161.9563017036317,165.8735566607167,22493300,163.26238403320312,173.34907623291016,45.384129046420696,-2.861571003483789,-3.677391174545206
2024-08-23,164.24716186523438,164.80251757325382,162.4720059319359,163.3546280676757,13955700,163.19395599365234,173.1076937866211,62.544298519908274,-2.5796510549607206,-3.457843150628309
2024-08-26,164.7826690673828,166.16114646495242,163.09676374502013,165.00084665252095,14190400,163.0268524169922,172.92918548583984,65.75887162865787,-2.2866573463457485,-3.223605989771797
2024-08-27,163.31492614746094,165.0603468280275,163.0967636946959,164.46531429923328,11821900,162.7486770629883,172.68899291992187,61.123999293899864,-2.148130003050369,-3.0085107924275114
2024-08-28,161.50013732910156,164.22734249342142,160.19107158671994,163.6719716397299,16407400,162.31777954101562,172.4035791015625,51.67080271010118,-2.1598865486219267,-2.838785943666395
2024-08-29,160.43896484375,164.59423533122902,158.92164859814,162.9479918450426,19699800,161.87249984741212,172.13958587646485,46.05752183418727,-2.2291353618058167,-2.716855827294279
2024-08-30,162.0257110595703,162.30338886563922,160.34971743074368,161.2720011868357,22123800,161.7098587036133,171.88332733154297,52.25295879535193,-2.1314088322770033,-2.5997664282908244
2024-09-03,156.05560302734375,160.50838970829213,155.18289273170538,160.37946246944418,38945300,161.61614074707032,171.44161895751952,38.00277648533007,-2.5068008378405295,-2.5811733102007657
2024-09-04,155.15316772460938,157.68203355334143,154.66723906688907,155.3614336724234,19353800,161.52490310668946,170.9899935913086,42.30169080578275,-2.84433299355328,-2.6338052468712685
2024-09-05,155.9365997314453,158.12827195798573,154.68703453419326,155.00438922946515,18688700,161.44060745239258,170.45863494873046,41.98259250504219,-3.0138712119446893,-2.709818439885953
2024-09-06,149.6690216064453,156.52174821625567,149.3020933804946,155.9961425992905,37912100,160.88971328735352,169.80489959716797,29.919896370291454,-3.6123319319158043,-2.8903211382919234
2024-09-09,147.67303466796875,152.33031802848637,146.1934191551348,151.44652470733544,39260500,160.15769882202147,169.08089782714845,18.597915418817593,-4.199269266792555,-3.15211076399205
2024-09-10,147.62338256835938,150.2151833830649,147.30560668726096,149.40089405204117,31118800,159.49162979125975,168.4205630493164,17.072330419500176,-4.615226385917936,-3.4447338883772276
2024-09-11,150.10594177246094,150.44356726374062,146.49132465684013,148.87458302778612,29607700,158.85696334838866,167.79321838378905,25.014791494320335,-4.690484632359414,-3.693884037173665
2024-09-12,153.611328125,153.74042646617514,151.58554483567272,152.72753482151148,29621500,158.58549728393555,167.19135437011718,35.39282481828833,-4.416362869883272,-3.8383798037155867
2024-09-13,156.3619842529297,157.27556696010407,154.1276742721839,154.34612619677438,29591200,158.40544891357422,166.6329995727539,37.35285753373833,-3.9318406256026037,-3.85707196809299
2024-09-16,156.9578094482422,157.14648695965292,155.50799884377685,156.2130393678647,18379800,158.17287902832032,165.99175384521484,37.473839203187566,-3.4598916650660385,-3.7776359074876003
2024-09-17,158.2090301513672,159.43044881944618,157.27558257568288,157.91111909387857,20715600,157.81890869140625,165.40667205810547,41.76934285599031,-2.950889640862812,-3.612286654162643
2024-09-18,158.6956024169922,159.38079329854523,157.49404853540457,158.74525678494552,23677300,157.46397857666017,164.83231353759766,45.27686409144173,-2.4796556275954913,-3.385760448849213
2024-09-19,161.00936889648438,162.64785709776754,160.214944405528,162.5684282858201,26587700,157.29068450927736,164.26059600830078,50.92173329848457,-1.8976230418841453,-3.0881329674561995
2024-09-20,162.4492645263672,162.58828768421088,160.92993460407996,162.35989574326507,40896400,157.2910354614258,163.8289453125,50.687696773240916,-1.3051258029244082,-2.731531534549841
2024-09-23,160.7213897705078,164.33600662936618,160.5426370715715,163.20395671072333,24150900,157.11474685668946,163.3726544189453,58.78585216246487,-0.9638814987604007,-2.3780015273919535
2024-09-24,161.15830993652344,162.08183272389985,159.5694761752488,161.89315521075918,23332100,156.93352890014648,162.8961441040039,61.509692868577886,-0.6506864153171534,-2.0325385049769937
2024-09-25,160.36390686035156,161.67469438550233,160.17522933988297,160.3440420812531,18869200,156.785977935791,162.4555126953125,58.48198468408739,-0.4612616076950644,-1.7182831255206081
2024-09-26,161.59527587890625,162.93586836009254,161.1484167693072,162.49893406541287,20319300,156.79073486328124,162.0970278930664,78.31213663448825,-0.2093664480187556,-1.4164997900202376
2024-09-27,162.80673217773438,164.5445289853853,161.4959447506325,161.67468229198863,21101300,156.90912322998048,161.8288201904297,87.31637206432339,0.0870136405004871,-1.1157971039160928
2024-09-30,164.69351196289062,164.99140790109868,162.12156086139018,162.1811552014193,20413900,157.0425132751465,161.5989434814453,88.59455685057972,0.4687410016547915,-0.798889482801916
2024-10-01,165.8255615234375,167.98042800067057,163.4323631439142,166.52067729796633,28338100,157.53101119995117,161.3121725463867,87.852742612623,0.8527793150625484,-0.46855572322902317
2024-10-02,164.70343017578125,166.35185834560912,163.58130501221132,165.2595227746661,17760200,158.00852432250977,161.00057861328125,80.1728689403725,1.0544309993716752,-0.16395837870888352
2024-10-03,164.70343017578125,165.47798988885472,162.77695570651093,163.26354430672865,15073100,158.44686584472657,160.87066650390625,76.68363686062801,1.2004039030398133,0.10891407764085584
2024-10-04,165.89505004882812,167.05688955338184,164.32606593132192,166.88807682048628,19047400,159.2581672668457,160.8706997680664,77.53977605603207,1.396148317119298,0.3663609255365443
2024-10-07,161.843505859375,167.30515333490106,161.6151139348849,166.55045841132394,22463100,159.96669082641603,160.7952554321289,59.551147513900325,1.2103986968876654,0.5351684798067685
2024-10-08,163.23374938964844,163.58129967642142,161.73426923186602,162.7968151755234,23072700,160.74720916748046,160.69743560791017,61.38518500370559,1.161977268102504,0.6605302374659157
2024-10-09,160.7313232421875,163.69053895167258,158.62611121223813,162.31023226464953,31181800,161.2784782409668,160.53449340820313,49.3089874857793,0.9111746067998183,0.7106591113326962
2024-10-10,160.94976806640625,161.93286994639828,159.28147534451534,159.74819910197152,14144100,161.6454002380371,160.35112701416017,46.032503506396296,0.7217188369784253,0.7128710564618421
2024-10-11,162.10171508789062,162.7571013199183,160.1156613065499,160.999454633151,15344300,161.93238677978516,160.20627014160155,53.76698894901087,0.6569533228837372,0.7016875097462212
2024-10-14,163.80970764160156,165.07084076824168,162.26057310515668,162.49890499208357,19016100,162.2749816894531,160.17689361572266,56.76639086360833,0.7349745816767097,0.708344924132319
2024-10-15,164.30624389648438,166.51074975955862,163.48202971931687,164.63392945205794,20247200,162.579842376709,160.30441925048828,60.2161983476303,0.8273362995629725,0.7321431992184497
2024-10-16,164.00831604003906,164.64385260964121,162.59821974974642,163.38270428394787,16406000,162.84547805786133,160.44502716064454,56.57106671331566,0.8665048102182311,0.759015521418406
2024-10-17,161.79383850097656,165.20985289039217,161.62502577447916,164.57431638671383,21453400,162.88470153808595,160.5284536743164,47.38461223264386,0.7106642121999585,0.7493452595747165
2024-10-18,162.2804412841797,163.5614543687219,161.94281580158204,162.0520493579974,19757700,162.87626037597656,160.56032440185547,43.283571947319466,0.6192854561482761,0.7233332988894285
2024-10-21,162.92593383789062,163.35292813982096,161.48603268374447,161.8137333852295,20946500,162.9864875793457,160.5725765991211,41.7046301809502,0.5921273130289251,0.6970921017173278
2024-10-22,163.98846435546875,164.61407616151644,161.84352257963812,161.84352257963812,16568100,163.12799530029298,160.6334506225586,47.947598406296315,0.6488619451720581,0.6874460704082739
2024-10-23,161.64491271972656,164.66372289048581,160.80083381909756,163.6111016800633,18280500,163.19204559326172,160.61036346435546,42.26136011779976,0.49896772938259915,0.6497504022031391
2024-10-24,161.58531188964844,162.19105880543688,159.88722950198394,161.69454543683605,22412500,163.19154739379883,160.66125671386717,38.43291497766795,0.37108851712667956,0.5940180251878472
2024-10-25,164.1175537109375,164.43531442750802,162.28044795544452,162.52870467092262,19828900,163.257088470459,160.74434875488282,56.64537037532485,0.46867151871418855,0.5689487238931155
2024-10-28,165.5574188232422,167.57326188738554,162.80673051877835,167.57326188738554,32138600,163.30028381347657,160.82331298828126,56.77074163194241,0.6546454859684161,0.5860880763081756
2024-10-29,168.4967803955078,169.1919112784263,165.92484461634618,166.5603811631735,42169000,163.43384475708007,160.88747985839845,72.06525443349818,1.0273702240723424,0.674344505861009
2024-10-30,173.24343872070312,180.75071788709099,172.8462189630942,179.4200506395816,68890800,163.86084518432617,161.03646453857422,77.78257481189266,1.6863339140659832,0.876742387502004
2024-10-31,169.91680908203125,175.5869985344097,169.80757553261074,171.92272737485058,44769000,164.12151412963868,161.14529571533203,66.08079171611752,1.9180263619553557,1.0849991823926743
2024-11-01,170.09555053710938,171.11838206105315,167.70236751230738,168.88407180529182,31796500,164.33153915405273,161.29836181640624,63.80277282447065,2.091952511425262,1.286389848199192
2024-11-04,168.0598602294922,169.53946045641658,166.83842636200512,168.7450359899921,21492700,164.6423568725586,161.3746157836914,57.72051277383831,2.041988273377541,1.4375095332348617
2024-11-05,168.55638122558594,169.34086576189884,167.66264797842342,168.2485301772737,18242100,164.90848846435546,161.45009002685546,59.27874911123094,2.0191804937022937,1.5538437253283481
2024-11-06,175.27915954589844,175.70616896018197,172.29015425546123,172.5880653336426,33695500,165.63588027954103,161.6893746948242,73.23751978586566,2.514590555193024,1.7459930913012833
2024-11-07,179.48960876464844,179.8173094537086,175.95443549219976,176.17290261823987,25352900,166.56287231445313,162.04916412353515,76.2814728922064,3.2099523295924257,2.0387849389595116
2024-11-08,177.10633850097656,179.63854475709948,176.83821701828134,179.39028805337082,22006200,167.31310348510743,162.38251159667968,70.56449025311755,3.5280523616683297,2.3366384235012756
2024-11-11,179.0924072265625,179.29100957580835,177.22551180839807,177.33474537334146,17450400,168.07723846435547,162.72384552001952,71.33239198161434,3.895503141413684,2.6484113670837575
2024-11-12,180.35353088378906,181.2174745432505,178.13908526034365,178.56609468327508,25134900,168.8796028137207,163.20980407714845,77.25693934988195,4.239601187757387,2.9666493312184836
2024-11-13,177.63262939453125,179.69812684707063,177.29498878465753,179.2016134734521,23184000,169.56081848144532,163.65939331054688,71.69711591427586,4.243827160105781,3.222084896995943
2024-11-14,174.3556671142578,177.5730797656032,173.10445865937317,177.0368367475182,31007500,170.18890991210938,164.02777465820313,63.56939377846233,3.93736530799103,3.3651409791949605
2024-11-15,171.28721618652344,172.9257045177489,170.02606777532782,172.51855985039145,32504600,170.63924865722657,164.4601385498047,57.279888394224606,3.407612896195957,3.37363536259516
2024-11-18,174.07762145996094,174.2166446221491,171.69434776937933,172.21072600853026,20135300,171.19683303833008,164.98823028564453,57.11757526127577,3.176327946987442,3.3341738794736164
2024-11-19,176.8779296875,177.6226997913749,172.34972988032243,172.50861780572185,23434900,171.84130630493163,165.57332122802734,54.87742448070245,3.1823107320324766,3.3038012499853884
2024-11-20,174.7528533935547,176.4409959363333,172.56819744687726,176.1033704582549,18997100,172.49670333862304,166.06625946044923,56.70615717631924,2.9812106942227388,3.2392831388328585
2024-11-21,166.46109008789062,172.91576439472308,162.55848682005697,172.6873573172244,59734400,172.74049224853516,166.32325469970704,45.88580548655996,2.1282285696268275,3.0170722249916526
2024-11-22,163.61109924316406,165.29925701927786,162.75709554141247,164.6935100313798,38604600,172.71516952514648,166.46823699951173,45.05518175243786,1.2083347172201968,2.6553247234373614
2024-11-25,166.48092651367188,167.4541036263309,164.45515863582298,164.9318072272488,33135300,172.76134490966797,166.6586993408203,47.8087313076727,0.7027820542387531,2.26481618959764
2024-11-26,167.94070434570312,168.63583529706082,166.41144958796977,166.4611039634079,20486700,172.73354110717773,166.85333282470702,41.28333049987005,0.4151343868883828,1.8948798290557887
2024-11-27,168.04994201660156,168.2981987474697,166.84838792453718,167.8215500668716,19266500,172.47386627197267,167.0404196166992,34.94509863770723,0.1937526453392593,1.554654392312483
2024-11-29,167.77188110351562,168.24852974267216,165.9943697320939,167.32502205728218,14257200,172.3666198730469,167.17566986083983,36.994999474904475,-0.004084092762667524,1.242906695297453
2024-12-02,170.294189453125,170.88007169070767,167.39455270779308,167.59315505838524,23789100,172.37655181884764,167.332568359375,37.92256365056119,0.04217193909514094,1.0027597440569906
2024-12-03,170.1452178955078,171.4758702461707,169.6586444335241,170.29418101536214,22248700,172.48081970214844,167.521044921875,35.5455641449998,0.0660480570188895,0.8154174066493705
2024-12-04,173.15408325195312,173.69032622472676,169.86716687371202,169.956535651712,31615100,172.7107048034668,167.7609603881836,43.7099081815384,0.3240251800428666,0.7171389613280698
2024-12-05,171.4361572265625,174.83230728378396,171.12832132304757,174.13719150933292,21356200,172.5185546875,167.9824053955078,45.71177040390263,0.3854088820385755,0.6507929454701709
2024-12-06,173.4917449951172,173.85916011762737,170.6616121283979,170.8304248915077,21462400,172.21866149902343,168.22033477783202,53.33735268164451,0.593087913492127,0.6392519390745621
2024-12-09,174.3466796875,175.23148577080642,172.63671498294693,172.94491881984126,25389600,172.0806785583496,168.45113372802734,50.43267194618211,0.8172404872313734,0.6748496487059243
2024-12-10,184.0895233154297,185.2725820417294,179.99356854584033,181.78306850285867,54813000,172.33053436279297,168.83905395507813,59.480164466017,1.760752217748177,0.892030162514375
2024-12-11,194.2598114013672,194.46859270076922,183.77138405763577,184.22869140717978,67894100,173.02584838867188,169.40773895263672,71.1662280242814,3.2912102901908327,1.3718661880496668
2024-12-12,190.8399200439453,194.04111738725587,190.59137879398537,193.86217496876662,34817500,173.68621292114258,169.93046875,79.57984789537002,4.179968611424897,1.933486672724713
2024-12-13,188.71237182617188,191.60537989902093,188.53341427180683,189.8954152094274,25143500,174.40404815673827,170.4106475830078,80.9998888174892,4.65893531739647,2.4785764016590646
2024-12-16,195.51248168945312,197.83882401959605,191.4960468173101,191.74458805351563,44934900,175.61531143188478,171.0029962158203,82.68115717981222,5.523559759118598,3.0875730731509714
2024-12-17,194.2797088623047,200.2446984442106,193.84227386580446,196.09903250515634,43504000,176.62541580200195,171.65172027587892,79.80243736776988,6.03968466873954,3.677995392268685
2024-12-18,187.30068969726562,195.85051521092362,186.6445522920701,194.08090263224287,34166100,177.14655380249025,172.13305908203125,68.8514262848338,5.818496847798542,4.106095683374656
2024-12-19,187.41000366210938,191.90363286978481,187.28077255169532,190.51180819781734,32265200,177.77941131591797,172.66663269042968,69.2945329028482,5.587614092430016,4.402399365185729
2024-12-20,190.29310607910156,191.76446587529261,184.13922295556452,184.69595286927182,63462900,178.97101211547852,173.2534994506836,69.51069088128875,5.573037606902176,4.636527013529019
2024-12-23,193.4943084716797,193.9615671620114,189.04043904765626,191.49602742629256,25675000,180.4651725769043,173.88135131835938,71.49873497679573,5.7534734560316,4.859916302029536
2024-12-24,194.96566772460938,194.96566772460938,192.64926182293522,193.703074128042,10403300,181.88940963745117,174.50447052001954,70.66825792220276,5.946647312921897,5.077262504208008
2024-12-26,194.45864868164062,195.60193217920934,193.2457663638235,194.01126236804703,12046600,183.21530685424804,175.10751861572265,72.32809109280825,5.989780327708274,5.259766068908061
2024-12-27,191.6352081298828,194.1802828500262,189.53751972128225,193.8124315456521,18891400,184.39457015991212,175.66005645751954,67.33799354336358,5.730082670461002,5.3538293892186495
2024-12-30,190.12411499023438,191.42646867833813,188.01647493101535,188.6925150012565,14264700,185.51218185424804,176.22666198730468,64.89027174864748,5.340772715090594,5.351218054393039
2024-12-31,188.19540405273438,190.83988612300436,187.4100053473998,189.96501622432825,17466900,186.40724258422853,176.74496124267577,54.545436117469194,4.821037003303644,5.24518184417516
2025-01-02,188.3246612548828,190.87967248578354,186.405930161898,189.5375437207165,20370800,187.31621475219725,177.25293579101563,41.55110874782134,4.369207182521677,5.069986911844463
2025-01-03,190.67088317871094,192.08261071335764,188.87144710211905,190.2533357330172,18596200,188.19205474853516,177.78658416748047,49.751782647819056,4.152580927313863,4.886505714938343
2025-01-06,195.72125244140625,197.06338121642014,192.7188851595698,192.84811629000748,29563600,189.40630950927735,178.46811096191405,59.4783790096993,4.338415102425159,4.776887592435706
2025-01-07,194.3493194580078,199.8271630946656,193.46451322323452,195.95986188833012,26487200,190.44918823242188,179.12339111328126,48.15633372853079,4.325129103025574,4.68653589455368
2025-01-08,192.8182830810547,195.14462535167834,191.2574520458894,191.44634580773328,24864800,191.3727684020996,179.6974057006836,47.705269331840825,4.143296667693193,4.577888049181583
2025-01-10,190.91940307617188,195.37327233875854,189.1995022056591,193.16622525115787,26665200,191.71426239013672,180.2046453857422,56.760679979201065,3.802140694690621,4.422738578283391
2025-01-13,189.8954315185547,190.06443773067767,186.26673571233505,188.96092925794855,21823700,191.49604339599608,180.63261840820311,54.489963222464134,3.4098396719904827,4.220158797024809
2025-01-14,188.55332946777344,190.85978428074978,187.21120070733548,190.1241119208904,17174900,191.3817138671875,180.93881622314453,46.671761376108655,2.956560477254385,3.967439133070725
2025-01-15,194.408935546875,195.2142066320414,190.74046489689354,191.96328339030356,21776000,191.66654205322266,181.4286587524414,51.58839057962834,3.03484808338942,3.780920923134464
2025-01-16,191.7843475341797,194.33934334611155,191.68492497988967,193.00716606923652,17815400,191.480135345459,181.8624346923828,44.68792437927564,2.852230519281477,3.595182842363867
2025-01-17,194.8563232421875,196.07914183949293,192.61945218456034,195.3832294332928,27735100,191.50896606445312,182.3983639526367,50.61163414412055,2.921707919900882,3.46048785787127
2025-01-21,196.8943634033203,201.10961291187695,196.71540583129996,197.90841585876197,29971300,191.98864974975587,182.9651235961914,58.288978139053896,3.105424666346579,3.3894752195663322
2025-01-22,197.21249389648438,199.31018252245178,196.3773989893062,197.89847013086398,26200600,192.4787742614746,183.40379028320314,61.60856188414228,3.239350764397244,3.359450328532515
2025-01-23,196.8247528076172,199.13122254170912,194.06097573746507,196.98382282439977,26951400,192.80535659790038,183.7504931640625,64.88339520569468,3.2764320276965577,3.3428466683653237
2025-01-24,199.04177856445312,199.7277396623471,196.8446672702301,196.94408983675294,23877500,193.08273010253907,184.18920196533202,67.24249927456286,3.4450027983174607,3.3632778943557513
2025-01-27,190.69078063964844,195.731204323553,189.61708065071457,191.28728569008513,41728900,192.868985748291,184.42116943359375,50.0268287142956,2.871638151117878,3.264949945708177
2025-01-28,194.16043090820312,194.33937332983098,189.5673782129492,191.6253070801952,24157900,192.85407485961915,184.69730743408203,47.80176374665935,2.6664768318448466,3.1452553229355114
2025-01-29,194.269775390625,195.6417126982154,192.3013178788486,194.4188940643566,18218300,192.98580322265624,185.03005035400392,49.883840272241144,2.4840733428999897,3.0130189269284076
2025-01-30,199.69790649414062,200.22481269836635,196.5165817224703,196.84465797279535,24354700,193.46449279785156,185.53689514160158,59.019810802494945,2.745869405768957,2.959589022696518
2025-01-31,202.8295135498047,204.28098571145065,200.62246640616354,200.82129633888542,32001100,194.1961982727051,186.1677410888672,65.12628867078203,3.169503130055233,3.001571844168261
2025-02-03,200.0557861328125,202.56108577247366,198.93239018113732,199.51894379490375,27838300,194.78275451660156,186.6873043823242,62.35491712969612,3.2440241955330578,3.0500623144412202
2025-02-04,205.17575073242188,205.841839374976,201.62657486491113,202.20319230990248,43856400,195.50799789428712,187.25326080322264,68.51192197771908,3.67387093346278,3.174824038245532
2025-02-05,190.21359252929688,191.6253050182698,186.93284497363248,189.9551150886976,70373900,195.23261489868165,187.5624755859375,46.11564484765534,2.775215490469435,3.094902328690313
2025-02-06,190.4820098876953,190.979092361129,187.61880998639617,188.3942574313725,29297400,195.03924942016602,188.0428939819336,48.73919116786794,2.0609265367660043,2.8881071703054513
2025-02-07,184.25851440429688,190.06443363710238,182.17077726737304,189.9352025187049,49315000,194.61126098632812,188.45584228515625,40.33018959866566,0.9813509186729448,2.50675591997895
2025-02-10,185.38194274902344,187.10184389569162,184.77550151190874,186.25681277496034,23105600,194.3343879699707,188.83386260986327,39.31736767733404,0.21396429474717138,2.0481975949325943
2025-02-11,184.23866271972656,185.84920514475974,183.2047226379184,183.95034637836022,21239500,194.0515495300293,189.15982177734375,38.142866346833145,-0.48090470690206644,1.5423771345656623
2025-02-12,182.5386199951172,184.02986736226762,180.76900766634557,182.1508962864482,22072600,193.75081405639648,189.44959533691406,37.24936740925149,-1.1554532907054238,1.002811049511445
2025-02-13,185.0538787841797,185.19306128212108,182.07138368278873,183.24450631094155,21402500,193.2830612182617,189.79523529052733,37.58165569615452,-1.4701307872563234,0.5082226821578913
2025-02-14,184.14915466308594,185.31232574087161,183.24447616019845,183.980148455519,20448400,192.90130157470702,190.07233459472656,43.30755714408815,-1.7720910829631293,0.05215992913368722
2025-02-18,182.6976776123047,184.8749010476211,180.67952419275377,184.51700109702455,29916700,192.2933692932129,190.3233837890625,37.76785891653773,-2.1042622351266402,-0.3791245037183783
2025-02-19,184.18894958496094,184.37784335780142,182.51874453488796,182.99595464619662,19549400,191.65809860229493,190.54408111572266,39.55072963018848,-2.2215682256397145,-0.7476132481026456
2025-02-20,183.48306274414062,184.22868638349084,181.65380305634184,183.72166776984332,20441500,190.97162704467775,190.7850192260742,31.368561832566456,-2.344467673022905,-1.0669841330866976
2025-02-21,178.6116485595703,184.25849724568963,178.0350311650439,184.06960350975416,35199200,190.06097183227538,190.88741729736327,23.24261700545081,-2.802641674465235,-1.4141156413624052
2025-02-24,178.2040557861328,182.05146903999804,177.8461558204417,180.92807303443473,29854200,189.0190856933594,190.96456481933595,24.524901849516226,-3.1621854959895472,-1.7637296122878339
2025-02-25,174.39639282226562,177.69702734245087,173.6706567432134,177.00109982499515,41913400,188.20436630249023,190.77070220947266,12.98432286184476,-3.7115882650023764,-2.1533013428307424
2025-02-26,171.72210693359375,175.05256557173047,170.57882331320525,174.0484644370393,35431300,187.08245010375975,190.31994812011717,18.431891901466784,-4.313068074977707,-2.585254689260135
2025-02-27,167.51678466796875,173.5414214994902,166.96005475439284,172.97475539808346,39991000,185.74480056762695,189.85348541259765,15.439990851654898,-5.070628470649524,-3.0823294455380132
2025-02-28,169.28639221191406,169.61446843814767,165.79687899247813,167.6957223580091,48130600,184.22422485351564,189.4649658203125,23.98076320315579,-5.465208481181378,-3.5589052526666864
2025-03-03,166.0354766845703,172.35836613901347,164.96177675799476,170.92676623691273,40770500,182.3845230102539,188.87542572021485,18.69376487669014,-5.971403078723142,-4.041404817877978
2025-03-04,169.92266845703125,172.27883449293637,164.8325488565178,165.2699838540156,45388000,180.87786712646485,188.38828491210938,28.723447198278308,-5.989854737925924,-4.431094801887568
2025-03-05,172.01040649414062,172.76596631858905,168.07350701574754,169.52499437059117,30954900,179.21959991455077,188.08247924804687,34.531141195930616,-5.769507507982894,-4.698777343106633
2025-03-06,171.34432983398438,173.78996703932643,169.50511866618623,169.5349424001719,28302000,178.27613677978516,187.76116577148437,28.69942271902893,-5.58425573652454,-4.875873021790214
2025-03-07,172.84548950195312,173.94901301610327,169.27644157744749,170.2606550023985,27385800,177.39431076049806,187.4122134399414,32.75702907621714,-5.255726588945407,-4.951843735221253
2025-03-10,165.092041015625,167.66990508590422,162.9222728186128,167.47083096485238,43604000,176.43598709106445,186.84416809082032,27.47463120612514,-5.556946348709374,-5.072864257918877
2025-03-11,163.2706298828125,165.96792640359425,160.6131542630149,164.13655982614347,39587400,175.3304214477539,186.21026733398438,23.460452114118453,-5.874915466256397,-5.233274499586382
2025-03-12,166.32623291015625,166.85374592604674,162.76302175465403,165.79871989426576,28372400,174.4347999572754,185.64761901855468,29.457538258939636,-5.813334157694527,-5.349286431208011
2025-03-13,161.99664306640625,165.35084794741115,161.34969766951576,165.26125850902773,31756200,173.40770111083984,185.05484771728516,29.844771117824905,-6.044218257807614,-5.488272796527932
2025-03-14,164.71383666992188,165.70914654485404,161.68808614528302,162.50424753259463,31995900,172.39069900512695,184.5466421508789,34.50369294807999,-5.9394741939940445,-5.578513076021155
2025-03-17,163.51943969726562,165.52002210698427,162.90235248367634,164.25597441368222,31184300,171.35921325683594,184.05312286376954,36.70752192190759,-5.885002971514439,-5.639811055119813
2025-03-18,159.9164276123047,163.47963860497418,155.9849568446372,162.91230471538228,42074800,170.22015075683595,183.48495819091798,35.89277372446439,-6.062680294337696,-5.72438490296339
2025-03-19,163.12132263183594,165.09203178483114,160.24487791525596,161.0013078964,34275600,169.1667694091797,182.93396697998048,44.618975228990706,-5.877134659158685,-5.754934854202449
2025-03-20,162.0364532470703,164.11664727374668,160.20508669307458,160.81222633390425,28138500,168.09443893432618,182.26027099609374,40.97311990977908,-5.751330540818458,-5.754213991525651
2025-03-21,163.22088623046875,163.4697137211131,160.1354192715889,160.45392574948156,36625800,167.32490081787108,181.63770233154298,46.30544082059565,-5.492739149815634,-5.701919023183647
2025-03-24,166.89356994628906,167.53058291242263,164.36548928265282,166.28644543898992,30879100,166.7593765258789,181.11920806884766,46.00134956844025,-4.934566120846938,-5.548448442716305
2025-03-25,169.76004028320312,169.8297192603936,167.5305560086689,168.18744894685983,24174400,166.52755889892578,180.69602081298828,47.089183716165806,-4.212352397532527,-5.281229233679549
2025-03-26,164.28582763671875,168.8144901119637,164.06685827310008,168.20735054687958,28901600,166.15574493408204,180.18382873535157,41.87994309819914,-4.035200746820152,-5.03202353630767
2025-03-27,161.4790802001953,164.6441583248392,161.24020036188836,163.85787020298363,24508300,165.85385971069337,179.64234375,37.305481736576844,-4.0743216051947115,-4.8404831500850785
2025-03-28,153.60617065429688,161.06104688273138,152.90945679818688,159.73728296251087,48669300,165.0698486328125,178.82628845214845,37.20620108450314,-4.68657920324992,-4.809702360718047
2025-03-31,153.9147186279297,154.81049144150305,149.95338957359485,152.39189573252094,54603500,164.46381072998048,178.06889587402344,39.21522826675428,-5.088246381000573,-4.865411164774552
2025-04-01,156.33331298828125,157.35848083722001,152.89948212926885,152.89948212926885,30672900,163.78434295654296,177.2984356689453,38.30924476795789,-5.152020871791365,-4.922733106177915
2025-04-02,156.30345153808594,157.6670363544579,153.97443014331054,154.42231653657922,25041700,162.99899520874024,176.48661743164064,42.594478166444176,-5.145656262349149,-4.967317737412163
2025-04-03,150.0131072998047,152.06344323592336,149.68465321481136,150.40127754802887,46883400,161.93243408203125,175.54262969970702,32.504121422425555,-5.583823629944192,-5.090618915918569
2025-04-04,144.91712951660156,150.36147595978116,144.69816012059908,147.31581486644404,62259500,160.53601608276367,174.50447723388672,29.742029803346043,-6.270000580082524,-5.32649524875136
2025-04-07,146.0617218017578,152.13311801627722,139.87089326407514,140.8861135726325,76794100,159.58450012207032,173.44487609863282,34.058610697937695,-6.644844098553563,-5.590165018711801
2025-04-08,144.02133178710938,151.52597653644034,142.3591661655056,150.5107562403341,52200200,158.62203521728514,172.51148712158204,27.4181787217952,-7.025566353811342,-5.87724528573171
2025-04-09,157.9656219482422,158.80167851894325,143.23503415914513,143.74263667980892,70406200,158.20400466918946,171.78759094238282,46.30931346861396,-6.131424559705721,-5.928081140526513
2025-04-10,152.103271484375,156.9802840886705,149.22681119385487,155.80581046857128,48022000,157.7093360900879,170.9442608642578,40.70868166021659,-5.828664221729696,-5.90819775676715
2025-04-11,156.4029998779297,156.9305129193936,152.10326893032627,152.18288035899425,33636200,157.29379425048828,170.0783627319336,41.32365635364136,-5.18203702842527,-5.762965611098774
2025-04-14,158.32394409179688,160.96150910212248,156.8210165083235,159.24957495636372,30333000,157.03401947021484,169.18825134277344,40.391367825859085,-4.463128013437483,-5.502998091566516
2025-04-15,155.57688903808594,158.90122048049952,154.48205725338974,158.38367026397722,27551500,156.8170425415039,168.2986734008789,42.33129559746399,-4.06815664685206,-5.216029802623625
2025-04-16,152.61085510253906,155.15884578806632,150.7993839571337,152.38193809849218,28187400,156.29151916503906,167.24737548828125,42.21287950937449,-3.948952082170905,-4.9626142585330815
2025-04-17,150.45103454589844,153.9545141427958,147.8035068059891,153.56634392432957,33046600,155.71224822998047,166.45212432861328,46.920528410666506,-3.9828492672704385,-4.766661260280554
2025-04-21,146.97740173339844,148.25139710913984,145.41477318745027,148.18173331794077,26049100,154.90007400512695,165.58203216552735,43.62304123161857,-4.24111720910318,-4.661552450045079
2025-04-22,150.75958251953125,151.47620681854735,147.84331679407512,148.191681312594,26971800,154.09337463378907,164.91205352783203,45.00178429513774,-4.093419639746685,-4.5479258879854
2025-04-23,154.62139892578125,156.79116721631257,153.08861317606707,154.8801740321897,31128800,153.33644256591796,164.2968426513672,48.58862526838974,-3.6229883875899134,-4.362938387906302
2025-04-24,158.53292846679688,158.8414720451373,155.0592921318095,155.41760423280311,45894000,153.04879760742188,163.78272796630858,57.44604979493708,-2.9010984302055647,-4.070570396366155
2025-04-25,161.20040893554688,165.3209915913829,160.28471040116125,164.29582354036455,56034000,153.03486404418945,163.35596374511718,64.86193043641508,-2.0896637147453987,-3.674389060042004
2025-04-28,159.85671997070312,162.38480037619334,157.85615258510526,161.66817604969367,29745800,153.34739151000977,162.85202056884765,62.54525452295454,-1.5372992970961263,-3.2469711074528287
2025-04-29,159.40884399414062,159.98612558310694,156.7812263541152,159.56809722983294,26809000,153.62209777832032,162.35721435546876,64.41090593975645,-1.1227440700357647,-2.822125699969416
2025-04-30,158.0552215576172,158.5230184445377,154.67115864825115,157.23906011670073,34981100,153.70819320678712,161.864365234375,50.10980947159054,-0.8931365614913602,-2.436327872273805
2025-05-01,160.54347229003906,161.19041757915633,158.16468249756701,159.69745289298837,30203200,153.92019424438476,161.39145568847655,61.27655705360481,-0.5045735084899832,-2.0499769995170407
2025-05-02,163.26068115234375,164.19627488526416,161.11080813038504,162.64359387625743,25715000,154.58257293701172,160.98700805664063,59.56677317110033,0.022363761464077925,-1.635508847320817
2025-05-05,163.4398651123047,164.61432364636494,161.95684771468854,162.23553330538846,21341800,155.5087097167969,160.6835723876953,57.50148675213235,0.4492453713512816,-1.2185580035863974
2025-05-06,162.46441650390625,164.02706019999394,160.43399116800987,161.40939053220953,21277200,156.3288444519043,160.36877960205078,60.652647249429236,0.700763605534803,-0.8346936817621573
2025-05-07,150.67001342773438,164.22612903746054,147.14660797263102,163.3104457768094,127490100,156.66127853393556,159.89425201416014,47.64209966672957,-0.05102792197078543,-0.677960529803883
2025-05-08,153.556396484375,155.19865159825923,152.18286408476257,154.27302076354474,57498700,156.4408172607422,159.53093780517577,53.70721266383103,-0.4092040837662694,-0.6242092405963604
2025-05-09,152.03358459472656,154.3228003625665,151.48616112175256,153.4469228058081,32435300,156.43733291625978,159.22127380371094,56.331009531612054,-0.8066410098883807,-0.6606955944547646
2025-05-12,157.716796875,158.3537945366218,155.5171555445994,156.75134515840134,44138800,156.50302276611328,158.98988189697266,58.31547854836038,-0.6554690634393125,-0.6596502882516742
2025-05-13,158.7817840576172,159.81691483841985,155.42759461947415,158.0452492784777,42382100,156.5259147644043,158.8448080444336,55.32889621849774,-0.44460352885090515,-0.6166409363715204
2025-05-14,164.59439086914062,166.21675084206151,158.86141139731794,159.209775932056,48755900,156.97678985595704,158.7382424926758,57.40337356654731,0.18935495220287635,-0.45544175865664105
2025-05-15,163.19100952148438,165.43045668169412,161.60845531931332,165.06218171025907,33146700,157.50579757690429,158.56185455322264,52.508755722084565,0.5719375298285456,-0.24996590095960375
2025-05-16,165.41055297851562,168.55573587450803,164.8432190515902,166.94332352608356,42846900,158.25377349853517,158.44317901611328,56.848311930320236,1.0422215056821358,0.008471580368744153
2025-05-19,165.75889587402344,165.85843293399518,163.44978491746534,163.73841809182645,30426100,159.1928482055664,158.3014471435547,57.849379699127574,1.4265884812127183,0.292094960537539
2025-05-20,163.21090698242188,167.70971181285083,162.13597050857302,165.6494131078347,46607700,159.81541442871094,158.26382446289062,56.190226681054455,1.508214906800248,0.5353189497900808
2025-05-21,167.76942443847656,172.32794533461094,162.7928752314158,162.92227037071072,73416000,160.4728157043457,158.3538003540039,58.26502822843284,1.9186220184210185,0.8119795635162683
2025-05-22,170.068603515625,175.94094123693523,169.90936546851952,171.0440181854767,74864400,161.04959945678712,158.42864776611327,57.86207032662472,2.4017117101081737,1.1299259928346495
2025-05-23,167.67987060546875,169.16288791706646,167.10258900472385,168.26709983843824,35211400,161.3735725402832,158.54231231689454,54.65877955946699,2.562276658510342,1.4163961259697881
2025-05-27,172.08908081054688,172.35781874405163,169.20268808863054,169.36194132235366,37995700,161.98519058227538,158.68981719970702,59.833267129903604,3.01060754146971,1.7352384090697726
2025-05-28,171.55162048339844,174.44797603039132,171.10373405145273,172.34787146642654,34784000,162.5923294067383,158.8504608154297,77.70740511129351,3.284680685309553,2.0451268643177287
2025-05-29,171.053955078125,173.60194591853366,169.82972818892713,173.1839175950813,29317300,163.24226608276368,159.0732113647461,74.78854338340963,3.422278293477831,2.3205571501497495
2025-05-30,170.9345245361328,171.4023213954702,166.65468900773928,170.5463542897915,52639900,163.76181869506837,159.22947540283204,77.88550547673334,3.481555142186039,2.5527567485570075
2025-06-02,168.2372283935547,169.07328505076367,166.6049207920985,167.0528072022302,38612300,164.0106460571289,159.35349090576173,67.02095986514904,3.2731523525388013,2.6968358693533663
2025-06-03,165.40060424804688,167.68982022650283,164.50483134601953,166.70447307171773,45084900,164.10868301391602,159.3970852661133,60.12795984782296,2.8462895245121445,2.726726600385122
2025-06-04,167.26182556152344,167.4310264158141,165.57974946262576,165.95797207058334,26900800,164.3485534667969,159.40445037841798,54.64311990204489,2.6278899831217757,2.706959276932453
2025-06-05,167.4210968017578,170.12832594897296,166.8039942928028,169.54109671137655,36379100,165.18610763549805,159.35767150878905,57.69652979714719,2.439537165206417,2.653474854587246
2025-06-06,172.8654022216797,173.68156356382352,170.02877834744078,170.02877834744078,35731800,166.15155792236328,159.52926300048827,62.13937392007848,2.6984698665461906,2.662473856979035
2025-06-09,175.47628784179688,175.85496833236684,173.76228116584014,173.93168685751374,28935900,167.3236930847168,159.8092071533203,64.73770664040208,3.0788613502087117,2.7457513556249706
2025-06-10,177.97755432128906,180.47880106496282,174.30041217393423,175.58590961128442,61766100,168.33673095703125,160.29663482666015,72.42735276463895,3.5413333559982334,2.904867755699623
2025-06-11,176.73190307617188,179.74136677669094,176.133988123354,179.14346702948194,31646800,169.23423690795897,160.752978515625,65.13512914585269,3.7639437072941178,3.076682946018522
2025-06-12,175.087646484375,176.10409583310096,174.14096047000893,175.56596932852466,20941900,169.7588996887207,161.1280651855469,58.667486700796104,3.764293813296632,3.2142051194741446
2025-06-13,174.06124877929688,176.51268202547473,171.78919611484426,171.8390248989685,27663100,170.30241165161132,161.4832211303711,61.564262802787304,3.6397922980695796,3.299322555193232
2025-06-16,176.15394592285156,176.3233516338636,174.0413239615484,174.12104697948539,27389200,170.83958129882814,162.00603790283202,58.041457752877506,3.667708064849677,3.372999657124521
2025-06-17,175.3367919921875,176.74188163753837,173.97157145760983,175.08766326949169,24973000,171.31847610473633,162.61443115234374,57.40618553007526,3.582596080651797,3.4149189418299764
2025-06-18,172.71595764160156,175.94465595934807,172.596365522182,175.39656976170295,28707500,171.79372863769532,163.14751586914062,53.00246601306937,3.266016189502409,3.385138391364463
2025-06-20,166.05921936035156,173.73237998796506,164.88333923967906,173.34373983894176,75659900,171.70821838378907,163.58827362060546,42.875402267683725,2.4497420963425895,3.198059132360089
2025-06-23,164.61427307128906,166.75677368964836,161.43538860354417,165.6905108199857,57671000,171.43550186157228,163.7212466430664,44.504387065355566,1.667027452188563,2.891852796325784
2025-06-24,166.1887969970703,167.6337405858712,165.5510280582942,166.3382681524042,40524300,171.36094818115234,164.00295715332032,51.243200364283815,1.1603950674898442,2.545561250558596
2025-06-25,170.08514404296875,171.75929686583365,166.96606296199934,167.04578597314622,35479000,171.26075134277343,164.2766000366211,54.18451970373721,1.0610566949059717,2.248660339428071
2025-06-26,172.9351806640625,173.08466701517526,169.34773632150527,171.8290485705118,31796700,171.32992935180664,164.5688247680664,57.56887622700409,1.1984890201208884,2.0386260755666346
2025-06-27,177.9077911376953,178.057262279745,171.13148726193396,172.93517666884486,108140200,171.67262115478516,165.0154428100586,57.01221064854111,1.68918140364039,1.9687371411813857
2025-06-30,175.61581420898438,180.59838864201382,173.97157072832883,180.14995998416325,63378900,171.90668563842775,165.4755419921875,50.19576912602701,1.8715413063451933,1.9492979742141474
2025-07-01,175.22715759277344,175.47628629108172,172.92521085330227,175.12751523681553,35904500,172.25618209838868,165.971064453125,45.89772557616189,1.9620838213438674,1.9518551436400915
2025-07-02,178.0174102783203,178.2366447594077,174.45986020905642,174.92820819435067,29128900,172.88702239990235,166.59186462402343,51.83290770649283,2.233246019448046,2.0081333188016828
2025-07-03,178.90431213378906,179.0438236063814,176.43295953117723,177.8779030413717,21689700,173.46914672851562,167.1547592163086,55.56201899450534,2.4909949435334795,2.104705643748042
2025-07-07,176.17385864257812,178.67512071867887,175.06772651945082,178.43595167386934,34175600,173.90678482055665,167.58580841064452,52.9330291811533,2.4467336232926016,2.1731112396569543
2025-07-08,173.75233459472656,177.32981935448504,172.20773349396308,177.23017699013243,40442500,173.95113143920898,167.89019653320312,46.69590540152458,2.1910029369699373,2.176689579119551
2025-07-09,176.0044403076172,178.81461936142807,172.16786742488128,174.63921988812407,43025600,173.9775390625,168.18627716064452,50.883649128589276,2.145330599289963,2.1704177831536335
2025-07-10,177.00094604492188,177.8081205641565,173.77224796798342,175.0178914126315,29252400,173.92870864868163,168.52916168212892,55.92609146516719,2.164592551954854,2.1692527369138777
2025-07-11,179.56201171875,180.797680390592,175.86493496639972,176.17385213436023,34282900,174.07021408081056,168.9322250366211,71.06000294153066,2.3593176392545843,2.207265717382019
2025-07-14,180.92723083496094,183.02987774300456,179.05377808117527,180.37914463511837,32536600,174.36219329833983,169.38966522216796,75.50638872903944,2.5938995871301245,2.28459249133164
2025-07-15,181.36569213867188,183.5779561932956,180.9670923041272,182.17286668727073,33448300,174.7274154663086,169.8061096191406,74.60417193357242,2.7831057233727847,2.384295137739869
2025-07-16,182.33230590820312,183.68756658300003,181.39557960576295,182.60136914957832,33104200,175.03633346557618,170.1875421142578,71.93858082968798,2.9767366353958664,2.5027834372710687
2025-07-17,182.94020080566406,183.41852368346133,179.85099864083438,181.50521696666215,31992600,175.41650390625,170.577548828125,69.4875841469395,3.143011881531663,2.6308291261231878
2025-07-18,184.41502380371094,185.7702845204503,183.069737966418,184.75383518149354,34014500,176.00145721435547,171.0165609741211,64.67413670416367,3.3551164089007273,2.775686582678696
2025-07-21,189.43746948242188,189.62679452163042,185.50122385959315,185.6008814217948,45803100,177.17036972045898,171.79191009521483,77.75106952166554,3.883711162162257,2.997291498575408
2025-07-22,190.67315673828125,190.98207392344648,186.80668927782472,190.83260277114414,44660200,178.4733139038086,172.53424530029298,79.99228466847481,4.352166876299975,3.2682665741203216
2025-07-23,189.5670166015625,191.85900380909362,188.520672962732,190.8325947249331,58681900,179.6422248840332,173.28491394042967,73.99584955163618,4.581354141412618,3.530884087578781
2025-07-24,191.50025939941406,197.26011409114668,190.33433883436888,196.3433222418533,74881700,180.71298065185547,173.96058319091796,75.079355820318,4.862926448193718,3.7972925597017686
2025-07-25,192.50672912597656,193.65273031316045,190.59342246149265,191.31091436137532,39785900,181.69155807495116,174.63508209228516,84.91690528709806,5.1084017499480865,4.059514397751032
2025-07-28,191.90882873535156,193.37370675914636,190.17488744855515,192.97509170180885,38139500,182.391609954834,175.18137084960938,92.09796385085221,5.19481454209955,4.286574426620736
2025-07-29,195.06776428222656,195.23716996676416,191.41055693747035,191.7593279801271,41389200,183.36420745849608,175.81890594482422,92.41684921293474,5.4553115648510015,4.52032185426679
2025-07-30,195.84507751464844,196.91135578592747,194.01149369711868,194.91832593062705,32445400,184.39510345458984,176.4275964355469,92.34215237934583,5.6592437742670825,4.748106238266849
2025-07-31,191.23118591308594,195.30694304131825,190.42401135006776,195.0279201110307,51329200,185.05579223632813,176.93704223632812,74.0056690659225,5.386467186371391,4.875778427887758
2025-08-01,188.4708709716797,190.16494328814227,187.16543886432095,188.3712133978127,34832200,185.53412017822265,177.44224151611328,64.67626599789584,4.891173030313894,4.878857348372986
2025-08-04,194.3602294921875,194.58943883195033,189.45737876344242,189.62678444569647,31547400,186.4434387207031,177.9740576171875,70.85731471839037,4.917188567456776,4.886523592189744
2025-08-05,193.9915313720703,197.17041596913074,193.21425105621586,194.03140047861146,31602300,187.4553985595703,178.4525161743164,69.08025604183928,4.852122958001473,4.87964346535209
2025-08-06,195.4065704345703,195.94469690577856,192.99500660427324,193.82211565771695,21562900,188.42550506591797,179.00705017089842,69.87606229193287,4.858731389106254,4.875461050102923
2025-08-07,195.8350830078125,196.85151710519096,193.65271327152095,196.37319428256532,26321800,189.3672119140625,179.48197021484376,68.8363102803456,4.842722115739235,4.868913263230185
2025-08-08,200.718017578125,201.9038726725722,196.48282950116197,196.53265828436582,39161800,190.42501220703124,180.0652981567383,68.69222538219742,5.164513367391237,4.928033284062396
2025-08-11,200.2994842529297,200.77780712193308,198.37621789685548,200.23969579500547,25832400,191.39362487792968,180.65020874023438,66.39512588365969,5.324386893400543,5.007304005930026
2025-08-12,202.63133239746094,203.78729330959044,199.89091647275984,200.6681968640444,30397900,192.45690689086913,181.28414489746095,71.35879242842967,5.574983531935686,5.120839911131158
2025-08-13,201.25616455078125,203.81720004701748,196.82166089055846,203.4186001521174,28342900,193.40309982299806,181.94452362060548,66.2463479176079,5.59808735462056,5.216289399829039
2025-08-14,202.2327117919922,203.72748396129663,200.52866482851726,200.79772807656252,25230400,194.36772537231445,182.6811657714844,66.21267586145149,5.630293977337857,5.299090315330803
2025-08-15,203.18936157226562,205.7205176785909,200.57849766290207,203.13954799676898,34931400,195.3064422607422,183.39971649169922,68.58178129287077,5.667678134561669,5.372807879176976
2025-08-18,202.79078674316406,204.5546224136855,201.78431214538747,203.48834414784145,18526600,195.9741081237793,184.10711029052734,63.994337410692566,5.600583648759567,5.418363033093494
2025-08-19,200.8675079345703,202.73098585981091,199.26311839930437,202.32241111724275,24240200,196.48382568359375,184.66715240478516,58.737898614360155,5.330768478300172,5.4008441221348304
2025-08-20,198.6253204345703,200.57848076222706,195.91479919138283,200.03039462746344,28955500,196.93674087524414,185.13013305664063,64.02122648333652,4.879761367788689,5.296627571265602
2025-08-21,199.05381774902344,201.77429871025083,198.73492573604025,199.05381774902344,19774600,197.3144187927246,185.55165832519532,72.01494148089273,4.504980524321098,5.138298161876701
2025-08-22,205.37171936035156,207.81317743511988,200.59842044056904,202.02342922176388,42827000,197.95766830444336,186.1244546508789,72.50515656175992,4.664002151290646,5.04343895975949
2025-08-25,207.7633819580078,209.78630584234324,204.56456266974786,205.71054863967242,29928900,198.75039596557616,186.77796936035156,75.99704817285125,4.926228622931205,5.0199968923938325
2025-08-26,206.41806030273438,207.1255924506065,204.9830766604532,206.78676588657316,28464100,199.31791076660156,187.42510559082032,70.84118627278266,4.968218249318028,5.009641163778673
2025-08-27,206.7568817138672,208.18190575216585,204.93325784693593,204.9830866269172,23022900,199.8635009765625,188.03716430664062,70.74185114757101,4.971526721599616,5.002018275342862
2025-08-28,210.90240478515625,211.48038522978865,206.17891886526334,206.52770514920687,32339300,200.84706192016603,188.7484765625,69.89875380120446,5.2481602514774295,5.051246670569776
2025-08-29,212.16796875,213.90189476250458,209.46740696384475,209.77632411753885,39728400,202.03191680908202,189.53751678466796,72.44626751186505,5.506044498560357,5.142206236167892
2025-09-02,210.6134033203125,210.9422398144114,205.48134311686184,207.71354168202492,47523000,202.84457550048828,190.42860046386718,65.5533692380971,5.521332697769253,5.218031528488164
2025-09-03,229.8561248779297,230.50385346488952,224.00657221776532,225.42163672219405,103336100,204.63780517578124,191.7334375,82.85250955343456,7.005421380403561,5.575509498871243
2025-09-04,231.4904022216797,231.5601503541196,225.32197287992437,228.84962875122605,51684200,206.4419967651367,193.03946960449218,83.10776090704151,8.218704764528468,6.104148552002689
2025-09-05,234.1809844970703,234.9383302920627,231.09178244912047,231.3907399385365,46588900,208.35929183959962,194.32138641357423,83.7456166205719,9.290255805232647,6.741370002648681
2025-09-08,233.4329071044922,237.512309448077,233.0638717332001,234.85920568133895,32474700,209.99503631591796,195.53134094238283,83.1130263524129,9.964242545917926,7.38594451130253
2025-09-09,239.0084228515625,239.8462403027557,232.62501483391662,233.56257898038902,38061000,211.93048324584962,196.75335357666015,88.20110544048744,10.82351270096845,8.073458149235716
2025-09-10,238.54962158203125,241.03316831731985,237.23305340830441,238.280317666347,35141100,213.7263977050781,198.0120297241211,91.46873566650532,11.336785653356344,8.726123650059842
2025-09-11,239.7465057373047,241.62163412512044,235.63719736660352,239.25778647565335,30599300,215.6509147644043,199.3024166870117,91.60277406323262,11.70520638167801,9.321940196383476
2025-09-12,240.17538452148438,241.4520630725996,237.38264448371655,239.7464919977143,26771600,217.5480484008789,200.545576171875,90.4531999609815,11.894674987714382,9.836487154649658
2025-09-15,250.9573516845703,251.7552796155814,244.0253822711298,244.0253822711298,58383800,219.93644790649415,201.98663696289063,92.01134922034217,12.767667145194622,10.422723152758651
2025-09-16,250.5084991455078,252.3836121103763,248.82288053993366,251.42611085580688,34109700,222.32233352661132,203.47332977294923,93.64436540473329,13.270328978905553,10.992244317988034
2025-09-17,248.8827362060547,250.94737408261642,245.6411664684413,250.56835490468708,34108000,224.72309494018555,204.9759378051758,90.66361243280568,13.38323304172664,11.470442062735755
2025-09-18,251.37625122070312,253.33117381914667,249.15203994052993,251.02715300766394,31239500,227.3606414794922,206.4833740234375,90.35603459870264,13.51808804320541,11.879971258829686
2025-09-19,254.0592803955078,255.33595897283527,251.1568250217611,252.59309222605677,55571400,230.1109146118164,208.02454071044923,90.6211446822249,13.683722203115252,12.2407214476868
2025-09-22,251.87496948242188,255.11653941381564,249.65075806779814,253.7700350469374,32290500,232.43607711791992,209.47079986572265,89.52774012931322,13.483305677748717,12.489238293699184
2025-09-23,251.00721740722656,253.7002107757565,249.8302703204236,252.38362744671002,26628000,234.59826889038087,210.87239959716797,81.27175350018724,13.103405890591318,12.612071813077613
2025-09-24,246.49893188476562,251.69542412904988,245.80075068993506,251.00721151585665,28201000,236.60231246948243,212.17506439208984,70.45192648776688,12.296801732017059,12.549017796865503
2025-09-25,245.15243530273438,245.85063173864694,240.1155467413105,243.76604145127706,31020400,238.52209014892577,213.43146697998046,65.51913924651694,11.417299581496053,12.322674153791613
2025-09-26,245.90049743652344,248.7730319241888,245.33198386371188,246.42913668030897,18503200,240.27199478149413,214.69067291259765,67.63543923051887,10.657793741116677,11.989698071256628
2025-09-29,243.4169464111328,250.4985201433971,242.1402679011131,247.20709239615746,32505800,241.83444366455078,215.8707113647461,56.833617242503216,9.743164938325407,11.540391444670385
2025-09-30,242.46942138671875,242.65891575563484,238.6294019345709,242.18016510404112,34724300,243.4272445678711,216.93135040283204,55.98536418064016,8.839956159965055,11.00030438772932
2025-10-01,244.26475524902344,245.6611329631193,237.99107738521485,240.1255258955177,31658200,244.14767608642578,218.00318237304688,56.77534381481136,8.174791229639027,10.435201756111262
2025-10-02,245.0526885986328,246.16977847594512,241.6714827842888,244.5140808226371,25483300,244.82579040527344,219.11289581298828,57.23584575493759,7.623345682718366,9.872830541432684
2025-10-03,244.71359252929688,245.66112527970623,241.0331615881319,243.85582267520638,30249600,245.35242080688477,220.17716247558593,36.5780487884881,7.077375317831013,9.313739496712351
2025-10-06,249.7803955078125,250.66810152305118,243.94557911341744,244.14505728413704,28894700,246.16979522705077,221.32263580322265,48.69409959731294,6.97315632006206,8.845622861382294
2025-10-07,245.1225128173828,249.7903811872092,244.88314509840285,247.62601181924765,23181300,246.4754997253418,222.38690948486328,43.917381237997915,6.440468100692414,8.364591909244318
2025-10-08,243.9854736328125,245.37186749350337,243.18756093367097,244.3246032710778,21307100,246.74729232788087,223.365263671875,37.49576619482113,5.859020152266794,7.863477557848814
2025-10-09,240.9034881591797,244.12510552114733,238.52965682972516,243.83586445575082,27892100,246.8051414489746,224.26643188476564,28.03858298122509,5.090843913839933,7.308950829047038
2025-10-10,235.9563751220703,243.45685825048318,235.2282576904417,240.80375429608978,33180300,246.5941909790039,225.1609356689453,25.67069698195104,4.0363396224957455,6.6544285877367795
2025-10-13,243.5166778564453,243.8657760570938,239.08820783610793,239.5869108546296,24995000,246.22215728759767,226.26185180664064,40.496026491091946,3.7672639471477964,6.076995659618984
2025-10-14,244.8133087158203,246.4789749711557,239.88612045840952,240.60425402252167,22111600,245.9373977661133,227.27091339111328,47.671518153554295,3.6169528290658093,5.584987093508349
2025-10-15,250.37884521484375,251.45604559967558,245.3519253048375,246.60865147753682,27007700,246.01220321655273,228.39865966796876,56.46596119343479,3.9019432939770127,5.248378333602083
2025-10-16,250.8077392578125,256.29345747170413,249.45126638195018,251.1169327071502,27997200,245.9837776184082,229.5066830444336,56.11942275147115,4.114973601321225,5.021697387145911
2025-10-17,252.64297485351562,253.5605866634714,247.1672097408255,250.10955476977685,29671600,245.9129623413086,230.64284088134767,61.69411566292836,4.381383962557862,4.893634702228302
2025-10-20,255.88450622558594,256.6624817157193,253.5705321372737,254.02934561004358,22350200,246.1134391784668,231.74617065429686,66.0693116105337,4.798763426682655,4.874660447119172
2025-10-21,249.81033325195312,254.2188662949897,243.51668810909678,254.07923005269296,47312100,246.05359497070313,232.73638763427735,56.02516199559878,4.586533955645251,4.817035148824388
2025-10-22,251.0371551513672,255.69502480450944,248.64337127106648,253.71019631561148,35029400,246.2805061340332,233.70450408935548,56.44058277554077,4.465855245747036,4.746799168208918
2025-10-23,252.4235382080078,254.3784456458486,251.19673296350098,252.3237915100895,19901400,246.64406127929686,234.7278515625,58.11465049985947,4.431008121476225,4.68364095886238
2025-10-24,259.24578857421875,261.00120248797276,254.65771475094738,255.91442564996356,28655100,247.31132583618165,235.86811309814453,59.607238215597725,4.897435524876556,4.726399872065215
2025-10-27,268.571533203125,269.43930209007345,263.59448643744673,264.13309426145156,35235200,248.56905517578124,237.17575653076173,71.74038213150826,5.950992913608644,4.971318480373902
2025-10-28,266.7762145996094,270.0277682724026,265.80872945123696,268.99045739081123,29738600,249.78439483642578,238.45546508789062,70.87526002984228,6.565395732265188,5.290133930752159
2025-10-29,273.8577880859375,274.6257797911847,266.97569238760303,267.05547147917497,43580300,251.2640464782715,239.91527069091796,78.12399810292294,7.536857982460873,5.739478741093902
2025-10-30,280.7498779296875,290.8336389163956,279.3335478851562,290.8336389163956,74876000,253.0489059448242,241.55776184082032,86.99955659825407,8.761881351403787,6.343959263155879
2025-10-31,280.46063232421875,285.25815337777135,276.3114191679317,282.47538175038454,39267900,254.8362579345703,243.1858981323242,84.6817155277649,9.598733271918206,6.994914064908345
2025-11-03,282.98406982421875,284.7893724933962,279.0742243823285,281.4480558536455,29786000,256.49644165039064,244.73814514160156,85.0266078325013,10.34629906979228,7.665191065885132
2025-11-04,276.8200988769531,280.5404041676455,275.5434202802167,276.03213953132416,30078400,258.08132095336913,246.11927947998046,73.9996842245219,10.32237944475736,8.196628741659579
2025-11-05,283.572509765625,285.677052345188,276.62058842555,278.1466184544242,31010300,260.06067276000977,247.6623684692383,76.67698327625902,10.724658904071305,8.702234774141925
2025-11-06,284.0113830566406,287.60205105478576,280.41076169575746,284.58986519375543,37173600,262.2160675048828,249.20745849609375,76.13431862063845,10.952626618725162,9.152313143058572
2025-11-07,278.10675048828125,283.0439232317803,274.47620783787715,282.4753944065927,34479600,264.32358627319337,250.55154541015625,67.72761189942045,10.535392724539463,9.42892905935475
2025-11-10,289.3475036621094,290.0456696400176,282.12626310035637,283.6822445549795,29557300,266.61512756347656,252.09513610839844,79.13850773875711,10.98513687573029,9.74017062262986
2025-11-11,290.5543518066406,291.1627853205446,286.5747114373448,287.0035887304013,19842100,268.9021797180176,253.693955078125,79.13236411397105,11.30858656838393,10.053853811780675
2025-11-12,285.96630859375,291.2525794490294,282.95415298016115,290.9234183741868,24829900,270.6815528869629,254.8161587524414,73.61329080434064,11.067131039168203,10.25650925725818
2025-11-13,277.8474426269531,282.1063559927165,276.5208753822851,281.60765291032834,29494000,272.0335380554199,255.7432995605469,62.860335355831886,10.104176504235738,10.226042706653693
2025-11-14,275.6930236816406,277.8374407083971,269.99784337488455,270.7059931829425,31647200,273.1860404968262,256.57354034423827,55.465416556003206,9.06271515497042,9.993377196317038
2025-11-17,284.2806701660156,293.1875295999499,282.83444961203753,285.0387085276487,52670200,274.60584869384763,257.59049560546873,62.1655350633022,8.828531023616165,9.760407961776863
2025-11-18,283.5426025390625,288.05086711584505,277.4783868942568,287.1731753233953,49158700,276.29246215820314,258.48117919921873,57.38179662981878,8.48556619805612,9.505439609032715
2025-11-19,292.0505065917969,303.0219747769531,285.8865435893576,286.41516765710554,68198900,278.34312973022463,259.55119689941404,58.40631462811662,8.798853154339099,9.364122318093992
2025-11-20,288.6991882324219,305.625169818548,287.92121274474346,303.7500416076266,62025200,280.1569122314453,260.5302505493164,55.86147210209294,8.676692431541255,9.226636340783445
2025-11-21,298.88275146484375,303.1317117013016,293.0878237631323,295.65116505312784,74137700,282.1387603759766,261.7043978881836,60.19965933786244,9.294466796248514,9.240202431876458
2025-11-24,317.75360107421875,318.651290855991,308.79691436510495,310.3229443803346,85165100,284.5978637695313,263.0403228759766,72.57921863937091,11.17792512152488,9.627746969806143
2025-11-25,322.60101318359375,327.9770159307299,316.82602366827604,325.3638169665917,88632100,287.3891036987305,264.48217315673827,71.99056608315686,12.9128734919733,10.284772274239575
2025-11-26,319.1200866699219,323.6582721471574,315.9682798124272,319.8481736259059,51373400,289.6522186279297,265.8869201660156,69.12629410325161,13.847327524801244,10.997283324351908
2025-11-28,319.3494873046875,326.0021995827445,315.9682963529555,322.5312152935296,26018600,291.5821990966797,267.2463848876953,73.94881202414867,14.439945093752613,11.68581567823205
2025-12-01,314.0732421875,319.02036824755595,313.07583602161014,316.87595107857686,41183000,293.26282958984376,268.44666412353513,65.42629938116818,14.318791782656774,12.212410899116994
2025-12-02,314.9908142089844,317.554155160306,313.09574872951146,315.91839456558273,35854700,294.86316680908203,269.7089810180664,65.30105121229933,14.133890611487402,12.596706841591075
2025-12-03,318.8009033203125,320.74582687116515,313.2852490348319,315.07061440214585,41838300,296.96220703125,271.06485473632813,70.76186771208897,14.131893775589049,12.903744228390671
2025-12-04,316.796142578125,321.5238380796439,313.8837336096964,321.3942008459266,31240900,298.623388671875,272.47079895019533,76.69175353935717,13.80935814665554,13.084867012043645
2025-12-05,320.4366149902344,322.32172694260385,318.34208673882245,318.6612335259534,28851700,300.4446502685547,273.97648254394534,80.05094582640214,13.689695744934056,13.205832758621728
2025-12-08,313.1109313964844,319.81788611091974,310.61578500656543,319.42862865409404,33909400,302.19485931396486,275.32069122314454,69.69703540549985,12.855550206249859,13.135776248147355
2025-12-09,316.4643859863281,317.3726229056239,311.2944500995635,311.7635388280278,30194000,303.55070343017576,276.7816400146484,71.71631566593646,12.323027427196962,12.973226483957276
2025-12-10,319.58831787109375,320.6861883612462,314.069055340672,315.2168165746965,33428900,305.0024017333984,278.32401794433594,69.55374946746983,12.014577908180229,12.781496768801867
2025-12-11,311.8233947753906,320.4965251579071,308.0008443067889,319.45853583973854,42353700,306.29525604248045,279.6751907348633,65.45130803105702,11.016572848231476,12.42851198468779
2025-12-12,308.68951416015625,314.25866704717134,304.96674508462553,313.0909556884665,35940200,307.8373596191406,280.94792724609374,57.23430235542337,9.85911888781726,11.914633365313685
2025-12-15,307.62158203125,310.81538131016634,304.288070405232,310.7155693717638,29151900,309.4337875366211,282.2060870361328,39.8632541053079,8.754735941166075,11.282653880484164
2025-12-16,305.97479248046875,310.16661977978157,302.00250880457793,304.3579426322819,30585000,310.51849365234375,283.3299749755859,32.22785332061552,7.658341748813939,10.557791454150118
2025-12-17,296.1439208984375,307.4918412298865,295.54507970361715,307.4120099511304,43930400,311.1485595703125,284.350403137207,28.375783317526725,5.927839828047638,9.631801128929622
2025-12-18,301.8727722167969,303.3698600006946,298.6490626821344,301.1342186567393,33518000,311.6396728515625,285.5081491088867,35.09460245211055,4.961482134005337,8.697737329944765
2025-12-19,306.56365966796875,306.65348128006514,300.3856749721532,301.1442091965169,59943200,312.5328964233398,286.8213525390625,43.53069472063635,4.52202502356414,7.862594868668641
2025-12-22,309.1785583496094,309.52788491338026,304.70724534166345,309.2783702904479,26429900,313.0476867675781,288.2857962036133,45.13516385386078,4.3347838771833835,7.157032670371589
2025-12-23,313.73968505859375,314.328535898872,308.7194521900694,309.02884787804055,25478700,312.84699096679685,289.69025634765626,45.81637729139906,4.502536290539865,6.626133394405246
2025-12-24,313.4801940917969,314.4682622711062,311.3144241794057,314.15886656933606,10097400,312.39095001220704,291.06359405517577,47.177589242437385,4.561955155042881,6.213297746532773
2025-12-26,312.9013366699219,314.4782557314601,311.67371372407564,313.8694546536391,10899000,312.080012512207,292.31404388427734,43.23359863727095,4.510343643093165,5.872706925844851
2025-12-29,312.95123291015625,313.41033130955566,310.0169383701615,310.76548227407176,19621800,311.76009979248045,293.5569137573242,49.835041966105585,4.4224876726316324,5.582663075202208
2025-12-30,313.24066162109375,316.3346490163796,311.85334570689247,311.8932765746258,17380900,311.71847076416014,294.7688674926758,46.44508295086888,4.326344257642518,5.331399311690271
2025-12-31,312.3923034667969,313.9692224596297,310.83533467851674,312.2426007868329,16377700,311.58854522705076,295.8990234375,41.64540215264673,4.134039857434857,5.0919274208391885
