Date,Close,High,Low,Open,Volume,SMA_20,SMA_50,RSI,MACD,MACD_Signal
2023-01-02,46.24735641479492,46.49110050559417,44.98560717607746,45.451594639137845,958977,,,,0.0,0.0
2023-01-03,45.602149963378906,46.99294199943388,45.02145818942932,46.03946074853991,1449704,,,,-0.051469460511818,-0.010293892102363601
2023-01-04,45.72401809692383,45.88173744451404,44.51962227022416,44.51962227022416,109780,,,,-0.08148631538202267,-0.024532376758295414
2023-01-05,46.276039123535156,46.455264673247484,45.16483852750684,46.38357007773878,199038,,,,-0.06003930991953155,-0.03163376339054264
2023-01-06,45.9104118347168,46.57713101658177,45.53045185633023,46.57713101658177,145546,,,,-0.0717187411020106,-0.03965075893283623
2023-01-09,44.440765380859375,45.702511958697144,44.30455222241936,45.702511958697144,280281,,,,-0.19728873916121614,-0.07117835497851221
2023-01-10,44.79922103881836,45.71685500750007,44.59131873817486,44.59131873817486,289175,,,,-0.26482673371046417,-0.1099080307249026
2023-01-11,45.30821990966797,45.52329002424687,44.66300683116639,44.80638781914062,288783,,,,-0.27411924989967673,-0.14275027455985745
2023-01-12,45.0931510925293,45.853065701557,45.02145922909699,45.83872732887054,277856,,,,-0.29543233204302055,-0.17328668605649006
2023-01-13,44.71318435668945,45.128988898028126,44.26153799115,44.66300142718507,133141,,,,-0.3390746023130049,-0.20644426930779303
2023-01-16,44.28304672241211,45.27237246829924,43.7238639131025,45.27237246829924,134620,,,,-0.403716139847937,-0.24589864341582185
2023-01-17,44.017799377441406,45.150503513799826,43.65934825135399,45.150503513799826,426538,,,,-0.47091979774506143,-0.2909028742816698
2023-01-18,44.440765380859375,44.73469515230119,43.731031050674915,43.9461011482335,461778,,,,-0.4844647511212088,-0.3296152496495776
2023-01-19,44.584144592285156,44.80638524762869,43.0499743989687,44.426427975853514,729812,,,35.853649198559154,-0.4781182703634741,-0.359315853792357
2023-01-20,44.23286056518555,45.738353896535635,43.731028543147346,44.80638170404441,1032972,,,33.83196866863753,-0.49571997255423383,-0.38659667754473237
2023-01-23,44.24720001220703,44.44793173200108,43.38691691560248,44.44793173200108,239903,,,37.9000862547062,-0.502717362000503,-0.4098208144358865
2023-01-24,45.351234436035156,45.58781348759336,43.515966454437,43.515966454437,466645,,,47.167802273919484,-0.41439955226412906,-0.4107365620015351
2023-01-25,48.749351501464844,48.749351501464844,45.52329147563261,46.16850457470505,4073727,,,63.11786256799048,-0.06940731944763456,-0.34247071349075503
2023-01-26,52.405548095703125,52.405548095703125,50.54160352759832,50.54160352759832,8725035,,,75.53553565563506,0.49333911343269676,-0.17530874810606467
2023-01-27,54.742637634277344,56.240960201951644,53.87518686306671,55.5599054838321,8556359,46.058455276489255,,87.91556454103838,1.1150497107786776,0.0827629436708838
2023-01-30,52.37685775756836,54.843002358993,51.7961688946045,54.44870407579029,1799948,46.36493034362793,,74.29881482800768,1.4007146078703556,0.3463532765107782
2023-01-31,51.81768798828125,53.00774821621842,51.61695625574474,52.79984593051146,1474564,46.675707244873045,,70.80662625040847,1.56395744185523,0.5898741095796686
2023-02-01,51.910888671875,53.40921157939943,51.48074299494081,51.48074299494081,6169725,46.98505077362061,,71.9630753016986,1.6814661846445347,0.8081925245926418
2023-02-02,52.319522857666016,52.44139491407571,51.30151761777997,52.32668794131635,1219556,47.28722496032715,,74.45834727596198,1.7869670300309437,1.0039474256803023
2023-02-03,52.52742385864258,53.12245402079265,51.65997281878124,52.33386266360325,1100144,47.61807556152344,,76.89435212308703,1.865844786123482,1.1763268977689383
2023-02-06,52.92171859741211,53.58843784218977,52.32668847657763,52.79984653975576,2747178,48.04212322235107,,78.80336610972064,1.9378341207858796,1.3286283423723266
2023-02-07,53.20131301879883,53.767666428185976,52.692313099622254,52.72816039838632,4774538,48.4622278213501,,78.6049078088742,1.9944562699250383,1.4617939278828689
2023-02-08,53.86085891723633,55.16562066854707,53.409212512004395,53.767663602688984,8611564,48.88985977172852,,79.30257077617318,2.0687028542265153,1.5831757131515982
2023-02-09,56.31266784667969,57.16577771281086,54.29816902235291,54.29816902235291,6601780,49.450835609436034,,83.6865727054263,2.2988841912362403,1.7263174087685267
2023-02-10,56.32700729370117,58.70712244899967,55.27316015354713,55.6316112641013,6746833,50.031526756286624,,83.6865727054263,2.454171471661681,1.8718882213471577
2023-02-13,56.52772903442383,57.35216753666923,55.84667423273745,56.62092980716942,2463261,50.64376087188721,,82.82108551683068,2.5638795200109286,2.0102864810799117
2023-02-14,54.670955657958984,56.986546377196454,54.49173013302294,56.986546377196454,662428,51.176418685913085,,69.12039056855187,2.4724964450108757,2.1027284738661045
2023-02-15,56.28399658203125,56.99372827053555,53.94689374034969,55.41654552507489,2352267,51.76858024597168,,64.42671818809256,2.501399050335557,2.182462589159995
2023-02-16,55.0509147644043,56.92202974581399,54.84301249207776,56.92202974581399,1180501,52.29191875457764,,51.24931090253449,2.3971720684819715,2.2254044850243906
2023-02-17,55.15846252441406,55.83951749458812,54.12612150311165,55.05809664395746,1178941,52.838198852539065,,63.79811536902594,2.296773860495101,2.239678360118533
2023-02-20,53.71747970581055,55.20146697586095,53.28016894545241,55.20146697586095,399563,53.31171283721924,,58.665772513705484,2.076990038388928,2.207140695772612
2023-02-21,53.39487838745117,54.47739677392112,53.07226911497895,54.405707647659426,373135,53.71389503479004,,56.6303599751706,1.855390755919366,2.136790707801963
2023-02-22,54.06876754760742,54.84302330698147,52.62062737799023,53.409218776079996,735903,53.979865837097165,,57.63454022004865,1.71438657011187,2.0523098802639446
2023-02-23,52.60627746582031,54.090264688169434,52.3338566195709,54.0472523096904,634632,53.989902305603025,,50.31018563119197,1.4677101608026106,1.935389936371678
2023-02-24,49.867713928222656,53.62428529232182,49.68848838308727,52.69231026980594,1747078,53.74615612030029,,39.857162150554416,1.0392582170533515,1.7561635925080128
2023-02-27,50.28351593017578,50.60611970708437,49.466247923780024,50.175979514696486,6188576,53.641489028930664,,40.39641622297182,0.7249024867269398,1.5499113713517982
2023-02-28,49.73150634765625,50.70649375299908,49.638305563472414,50.54160384450201,2530013,53.537179946899414,,36.31182808480031,0.4263164351679123,1.3251923841150213
2023-03-01,50.19749450683594,50.713665016032024,48.82104346199986,50.16882322924082,2117777,53.45151023864746,,26.655779873587377,0.22469603214121747,1.1050931137202604
2023-03-02,51.28001403808594,51.97541005463129,49.82470343168103,50.72083119124363,2228981,53.39953479766846,,32.18625918430821,0.1505255247739541,0.9141795959309992
2023-03-03,51.32302474975586,51.96823780954552,49.65264681714378,51.14379920367704,2962095,53.33931484222412,,31.422785083132908,0.0941303917302605,0.7501697550908515
2023-03-06,51.38037109375,51.860694177774576,50.20465211249612,51.860694177774576,1149366,53.262247467041014,,36.52379968898445,0.05344809679550622,0.6108254234317825
2023-03-07,52.69948196411133,53.014915211099165,50.90005592052311,51.616958116586815,2982777,53.23715591430664,,34.957903664271754,0.12619362635641096,0.5138990640167083
2023-03-08,53.58127212524414,53.98274110071617,52.83569313597331,53.552595379172566,3751825,53.22317657470703,,43.645421730705415,0.25209211819555577,0.46153767485247776
2023-03-09,53.624290466308594,54.126119853295314,52.72816265416794,53.69597959737382,2483866,53.08875770568848,,43.329177760542144,0.351289355610902,0.4394880110041626
2023-03-10,53.96122741699219,54.47739788787864,53.55259337246205,53.69597709744709,1314955,52.97046871185303,50.283088531494144,51.17241900663007,0.45188285272178064,0.44196697934768625
2023-03-13,54.14045333862305,54.8358493683143,53.84652627208555,54.47739825771303,953150,52.85110492706299,50.4409504699707,53.636347399105915,0.539842984061579,0.46154218029046484
2023-03-14,53.868019104003906,54.59209169931248,53.50239753039859,54.33400652612385,1293717,52.81095809936524,50.606267852783205,48.98099786111209,0.5808729145825566,0.4854083271488832
2023-03-15,54.2336540222168,55.1799647335793,52.72816045453054,52.72816045453054,4823752,52.708440971374515,50.776460571289064,59.29569184655257,0.6355666950523613,0.5154400007295789
2023-03-16,55.3950309753418,55.559920889089604,53.76766537653833,53.76766537653833,3058688,52.725646781921384,50.958840408325194,88.51142276813883,0.763820477207581,0.5651160960251793
2023-03-17,54.20496368408203,56.92202307213171,53.40920198208863,55.567078654041005,9176555,52.677971839904785,51.1247314453125,74.66173552228035,0.7606655599101018,0.6042259888021638
2023-03-20,53.83926773071289,55.075356484333064,53.75881191951668,54.124518123050805,1059164,52.684061241149905,51.31270149230957,76.45336597018563,0.7203528784548752,0.6274513667327062
2023-03-21,54.058692932128906,54.73890110420563,53.21025187323252,53.75881117089471,318828,52.71725196838379,51.49789093017578,75.68108055444483,0.698063723827083,0.6415738381515816
2023-03-22,53.37847900390625,54.63650363500263,53.03471428566677,54.30005460317332,204125,52.68273754119873,51.659296112060545,64.74617071353131,0.6183834890459181,0.636935768330449
2023-03-23,53.37847900390625,53.37847900390625,53.37847900390625,53.37847900390625,0,52.721347618103025,51.825002670288086,64.53177126737165,0.5489088493849366,0.6193303845413465
2023-03-24,53.02739334106445,54.746211181590255,52.157010892274435,54.746211181590255,82419,52.87933158874512,51.99128684997559,61.179870913748985,0.46021494663884255,0.5875072969608457
2023-03-27,53.356529235839844,54.03674295137513,52.30329923582937,53.38578639976145,804895,53.03298225402832,52.17275650024414,55.15247023376834,0.41173666177268586,0.5523531699232138
2023-03-28,54.67306900024414,55.5873343681412,53.86851659254132,54.08062682752139,3527993,53.280060386657716,52.3858618927002,58.01519876689249,0.47408605897506817,0.5366997477335848
2023-03-29,53.75149917602539,54.85593353363479,53.42236580691723,54.6877062154953,756878,53.457760620117185,52.572076568603514,50.827175468754255,0.4440170701335546,0.5181632122135787
2023-03-30,53.34190368652344,54.124514689225876,52.73483008791528,54.124514689225876,885431,53.560855102539065,52.74723175048828,46.01054079051997,0.38272443788852684,0.4910754573485684
2023-03-31,53.59789276123047,54.12451051311427,53.21024513282518,53.94165743705645,1791061,53.67459850311279,52.93453239440918,46.539246721836015,0.35076239365166373,0.4630128446091875
2023-04-03,53.49550247192383,54.307370682074556,52.03999335886971,54.12451758213491,323949,53.780355072021486,53.11949844360352,47.57119427908844,0.3135557274398977,0.4331214211753296
2023-04-04,53.4150390625,54.12450988217114,53.100531552137525,53.75880373431863,200392,53.81613292694092,53.28077453613281,44.45649382889542,0.2744131873206399,0.40137977440439165
2023-04-05,53.992862701416016,54.673076451039634,53.10053868790613,54.482907666135794,2104072,53.83671245574951,53.38564476013184,39.68993222175972,0.28671293264134334,0.37844640605178204
2023-04-06,54.497535705566406,54.89249904379292,53.91240359406787,54.59993298804365,1718970,53.8803747177124,53.4274845123291,52.39240479479147,0.33334091654116804,0.36942530814965924
2023-04-07,54.329315185546875,54.863248722395646,54.19766072305225,54.5999397974064,2316191,53.89877910614014,53.41921806335449,54.14092483007648,0.3526547551330168,0.3660711975463308
2023-04-10,53.4296760559082,54.62919190067441,53.02739701884424,54.62919190067441,744066,53.863240242004395,53.44027442932129,45.232799041084085,0.29200173793172723,0.35125730562341007
2023-04-11,53.393104553222656,53.758810748792676,53.38578886684582,53.53938479935719,319761,53.83949451446533,53.471782760620115,50.12282745337747,0.23823652779703508,0.3286531500581351
2023-04-12,54.439022064208984,54.512162184009405,53.39310216838606,53.53938240798689,877738,53.84976291656494,53.5223454284668,57.57572454625765,0.27683285659870194,0.3182890913662485
2023-04-13,54.31468200683594,54.841299785209856,53.912402987179945,54.365880647498216,334999,53.79574546813965,53.562248611450194,59.50327434979079,0.29399849018166435,0.3134309711293317
2023-04-14,54.31468200683594,54.31468200683594,54.31468200683594,54.31468200683594,0,53.801231384277344,53.597993774414064,57.43476443683525,0.3040969382574161,0.3115641645549486
2023-04-17,54.307376861572266,54.8486205365149,53.890471969480686,53.890471969480686,986977,53.82463684082031,53.62570693969727,46.438871957788315,0.30796058897086453,0.3108434494381318
2023-04-18,54.81935119628906,54.92906416042452,54.307364803967815,54.34393765209069,1068363,53.86266975402832,53.65806770324707,61.300253107326384,0.3483194008295101,0.31833863971640747
2023-04-19,54.76815414428711,55.16311747848125,54.30736637784395,54.30736637784395,1087505,53.93215351104736,53.676213607788085,66.33171799663305,0.37188600539290917,0.3290481128517079
2023-04-20,55.228946685791016,55.95304333114047,54.60724732038055,54.76084324028903,1068917,54.0246768951416,53.65453918457031,67.84012230241643,0.42287023159083503,0.3478125365995333
2023-04-21,55.228946685791016,55.228946685791016,55.228946685791016,55.228946685791016,0,54.13475456237793,53.63257797241211,69.39445155783184,0.4579961041779157,0.3698492501152098
2023-04-24,55.228946685791016,55.228946685791016,55.228946685791016,55.228946685791016,0,54.22837543487549,53.606602325439454,70.6668161789697,0.48029704590081224,0.39193880927233027
2023-04-25,55.228946685791016,55.228946685791016,55.228946685791016,55.228946685791016,0,54.25616931915283,53.617762145996096,66.21888933603222,0.49229582308085185,0.4120102120340346
2023-04-26,54.60725021362305,55.953046295686946,54.34394131404819,54.855927740869554,1410115,54.298956871032715,53.58422721862793,51.39669253727864,0.44649234505089197,0.4189066386374061
2023-04-27,54.11720275878906,55.075356812313395,53.76612792623655,55.075356812313395,2102744,54.337721824645996,53.565552978515626,47.50425502883366,0.3664260927039109,0.4084105294507071
2023-04-28,53.03472137451172,54.70965665136073,52.74947094895837,54.70965665136073,1504181,54.30956325531006,53.52307815551758,45.54460899194169,0.21316853564977123,0.36936213069051993
2023-05-01,53.03472137451172,53.034721374511726,53.034721374511726,53.034721374511726,0,54.28652420043945,53.5094229888916,45.923528186614824,0.09066568000166342,0.31362284055274864
2023-05-02,57.00628662109375,57.00628662109375,54.0513797321291,54.0513797321291,6029192,54.46608657836914,53.58165115356445,67.53260760261372,0.3104744517425715,0.3129931627907132
2023-05-03,57.22570037841797,59.983128047279244,56.68445680493937,59.61010618842011,23530334,54.62772846221924,53.64478981018066,69.62535439032519,0.4966542227592612,0.34972537478442284
2023-05-04,56.91120910644531,57.78890752039459,56.50161986140995,57.23303241625021,4781142,54.748412132263184,53.73088844299316,66.79303433391263,0.611774064706033,0.40213511276874486
2023-05-05,57.39596939086914,58.75330629339255,56.530856376585554,57.34376434423068,2692466,54.9017448425293,53.88145355224609,68.81356341795754,0.7336662249351136,0.46844133520201864
2023-05-08,57.00068283081055,58.01495684796123,56.6874526551991,57.43324203899099,2168371,55.080295181274415,54.01579689025879,63.4787683758101,0.7892720810080931,0.5326074843632336
2023-05-09,54.81552505493164,57.31391859632168,54.4426303266668,57.31391859632168,4802446,55.15141620635986,54.1174772644043,50.23162690199671,0.6495287886189942,0.5559917452143858
2023-05-10,53.5775146484375,55.18096320243171,53.21953887680112,54.815527942658896,2522826,55.10834083557129,54.18507766723633,42.49547644579518,0.43388260074630125,0.5315699163207689
2023-05-11,54.59925079345703,55.628438296201175,53.80871571265019,53.92803907865756,2009034,55.12256927490235,54.25146240234375,47.38164494578212,0.34149052095305876,0.4935540372472269
2023-05-12,54.360591888427734,54.94230674190393,53.95786490757762,54.5917847943165,1814440,55.124864768981936,54.31221374511719,46.45954026935826,0.2461736167713724,0.444077953152056
2023-05-15,54.51721954345703,54.81553652648376,53.56260974971006,54.44264172018115,1434377,55.13535690307617,54.37495071411133,47.13473847222704,0.18118424703852298,0.39149921192934944
2023-05-16,54.95723342895508,55.11384855072017,54.06974204903022,55.11384855072017,4289687,55.14225101470947,54.4201057434082,51.429874346359185,0.16330269470022074,0.34585990848352377
2023-05-17,55.22572326660156,55.92676163555228,54.91248730396059,54.95723855000828,2857483,55.16512947082519,54.45299476623535,54.61241914552662,0.16884992484913397,0.31045791175664583
2023-05-18,54.47247314453125,55.54641199083932,54.29348523345428,55.22572223478472,990829,55.127305793762204,54.4699584197998,56.150829787081264,0.11118350084225881,0.2706030295737684
2023-05-19,54.50975036621094,54.74094897417572,54.21889292418244,54.74094897417572,1091821,55.091345977783206,54.48092887878418,56.290242291537204,0.06770988717208581,0.2300244010934319
2023-05-22,54.28601837158203,54.59178910773112,54.21889435784246,54.442633483744586,965778,55.044199562072755,54.48384017944336,32.94910138118826,0.015030174472393298,0.18702555576922417
2023-05-23,54.12940979003906,54.740957026041684,54.002626925362144,54.144323078268044,758419,54.98922271728516,54.48906799316406,30.4381399321519,-0.03890738100768942,0.14183896841384147
2023-05-24,54.539588928222656,54.96468875336278,54.293482695716264,54.40534657870879,1057146,54.985839653015134,54.49518669128418,35.195488156028574,-0.048001917656840476,0.10387079119970509
2023-05-25,54.09211349487305,54.77823849428322,54.06228123099575,54.4426354830281,1323502,54.984585189819335,54.4691283416748,29.2796840489506,-0.09027628244793817,0.06504137647017644
2023-05-26,53.83855056762695,54.44263829505707,53.47310958369651,53.78634552562586,2197486,55.0247766494751,54.4618000793457,29.809595906453254,-0.14259567603954082,0.02351396596823299
2023-05-29,53.831085205078125,54.36805454416873,53.39852593859711,54.36805454416873,3047216,55.06459484100342,54.46163642883301,41.2929011831249,-0.1825571594723101,-0.017700259119875626
2023-05-30,55.42707061767578,55.896915913659704,53.71921212762367,53.77141716051077,5905853,54.98563404083252,54.48900398254395,65.38460073970468,-0.08447051489505952,-0.031054310274912407
2023-05-31,54.808082580566406,56.008804433497815,54.25619980459863,54.5918028882452,2100421,54.86475315093994,54.517596054077146,51.86180524096951,-0.056037340310268746,-0.036050916281983675
2023-06-01,54.41279983520508,55.18842157801103,54.293476477039185,55.09892479194497,475369,54.73983268737793,54.53828247070312,50.45280576796334,-0.06465456110246492,-0.04177164524607993
2023-06-02,53.831085205078125,54.726030310281,53.69684287030547,54.726030310281,3159408,54.56158847808838,54.5543563079834,44.45774207821884,-0.11707372667796534,-0.05683206153245701
2023-06-05,53.68938446044922,54.24127278666522,53.47310482286548,54.218894322151876,601559,54.39602355957031,54.56101341247559,39.2404030620074,-0.16811246307727146,-0.0790881418414199
2023-06-06,53.45072937011719,53.92058037267594,53.062921353485265,53.70430074592893,2155824,54.32778377532959,54.53656661987305,34.859851521745924,-0.2252222784242761,-0.10831496915799116
2023-06-07,53.5029296875,53.84599212694404,53.10020273078182,53.36123357137583,1216068,54.32405452728271,54.53159523010254,40.60670569451836,-0.263235672213483,-0.13929910976908955
2023-06-08,52.58561706542969,53.69684178133751,52.4215424718214,53.62226397240341,650557,54.223372840881346,54.51646949768067,34.07401981338438,-0.3631943446384014,-0.18407815674295191
2023-06-09,52.09339904785156,52.80190253591464,51.534056884080954,52.80190253591464,1121869,54.11001319885254,54.486379623413086,32.624044866919235,-0.476635831904737,-0.24258969177530895
2023-06-12,50.16180419921875,51.98152674040065,49.222107820378696,51.98152674040065,3481955,53.892242431640625,54.419705657958986,25.46115153402603,-0.7141700809997289,-0.336905769620193
2023-06-13,50.46012496948242,50.85539253066304,50.333336418411605,50.333336418411605,315133,53.66738700866699,54.360607376098635,24.41532926590611,-0.8683360542468606,-0.44319182654552647
2023-06-14,51.09404373168945,52.130690752375514,50.497409814926186,50.95980138491385,2204042,53.46080303192139,54.3026309967041,31.627043424106475,-0.928656775284395,-0.5402848162933002
2023-06-15,51.340152740478516,51.64592920411358,50.34079741917208,50.46758028412773,737148,53.30418701171875,54.23948333740234,34.67516325371176,-0.94570098878323,-0.6213680507912862
2023-06-16,51.07912063598633,51.97407143897454,50.78826318974377,50.90013275135759,788930,53.13265552520752,54.174479446411134,33.629067651721556,-0.9691005719251962,-0.6909145550180682
2023-06-19,51.123870849609375,51.75779076614857,50.63910655228335,51.07911961190771,4276332,52.974548149108884,54.128363342285155,18.60718813902517,-0.972819879887858,-0.7472956199920262
2023-06-20,50.77334976196289,51.809996696178196,50.69877195106899,51.45947472606238,1338108,52.80674514770508,54.07596824645996,19.36575518231136,-0.9926093973359542,-0.7963583754608119
2023-06-21,50.78826141357422,51.26556621584003,50.639105796586925,50.75097535428842,1615439,52.619178771972656,54.00295303344726,20.79321625016216,-0.9956126835575034,-0.8362092370801503
2023-06-22,50.6018180847168,51.45947717562844,49.84111527351255,50.788265465787916,1688972,52.444664001464844,53.92869575500488,22.20791542868399,-1.0014926441976968,-0.8692659185036596
2023-06-23,50.84047317504883,51.795082905881756,49.66958378802362,50.71369031484319,1719662,52.294760131835936,53.85921157836914,25.883836834494645,-0.975648416476794,-0.8905424180982866
2023-06-26,52.15306091308594,52.57070121992228,51.47438972455444,51.47438972455444,2341449,52.21085891723633,53.81612525939941,40.705147121507224,-0.8395737356956161,-0.8803486816177526
2023-06-27,54.614173889160156,55.33758500808212,51.31032579541301,52.115774223993036,6688542,52.170214080810545,53.81202171325683,55.91749079181831,-0.5270666260440962,-0.8096922705030214
2023-06-28,54.614173889160156,54.61417388916016,54.61417388916016,54.61417388916016,0,52.160518646240234,53.8089421081543,61.97187664626981,-0.27621841619125576,-0.7029974996406683
2023-06-29,54.614173889160156,54.61417388916016,54.61417388916016,54.61417388916016,0,52.170587348937985,53.79664665222168,65.79441253827864,-0.07653713022460096,-0.5777054257574549
2023-06-30,54.614173889160156,54.61417388916016,54.61417388916016,54.61417388916016,0,52.20974178314209,53.784351196289066,86.80640437150198,0.08078053975183508,-0.44600823265559686
2023-07-03,58.64142608642578,58.708550099899,57.239343880780005,58.544475500211476,6303547,52.457343864440915,53.85260078430176,91.83826825679783,0.5243768320821758,-0.25193121970804233
2023-07-04,57.261714935302734,59.43941883501728,57.142391578155625,59.43941883501728,2601726,52.6478931427002,53.89325614929199,79.30542847655519,0.7558855523986168,-0.0503678652867105
2023-07-05,58.01496887207031,58.529565474316215,57.052899684790965,57.686819654415224,1703209,52.87349510192871,53.96141052246094,80.2569177547087,0.9887415811932598,0.15745402400928357
2023-07-06,59.02177810668945,59.13364766499586,57.88818061765898,58.842790227352445,2958196,53.1953031539917,54.059502029418944,83.72389464238859,1.2402261970425172,0.37400845861593035
2023-07-07,58.95466995239258,59.43942863878018,58.4177005318591,59.03670726330314,1098658,53.53836669921875,54.17790100097656,83.1859460029209,1.4177713145640638,0.582761029805557
2023-07-10,58.2909049987793,59.21568230544567,58.06716589220303,58.92482488084962,1306297,53.944821739196776,54.28302467346192,81.03449904975959,1.4877667657293046,0.7637621769903065
2023-07-11,59.17093276977539,59.58857873471924,58.059708072351114,58.469894549549004,3957277,54.38036212921143,54.326317596435544,82.29886726649148,1.5958535452034113,0.9301804506329274
2023-07-12,59.58858108520508,60.25979276076773,59.02923897055658,59.290264152741436,3194172,54.80508899688721,54.37357521057129,84.02032705826628,1.6956672289828916,1.0832778063029203
2023-07-13,59.223148345947266,60.59539832768214,58.8427940986506,59.99131063897521,4784952,55.199238777160645,54.41981399536133,81.43178852127265,1.7253936603908926,1.2117009771205147
2023-07-14,58.477359771728516,59.66316239312913,58.39532246824415,59.66316239312913,3772721,55.56915073394775,54.44144180297852,74.76638250437477,1.6695278880761037,1.3032663593116327
2023-07-17,58.477359771728516,59.43196945963097,58.20141559728817,58.477359771728516,3165527,55.93682518005371,54.47097534179687,68.74096226125288,1.6067324495038307,1.3639595773500723
2023-07-18,58.23125076293945,58.880084044745665,57.53020674911194,58.61905883425335,5530864,56.30972023010254,54.53928985595703,67.13782374878949,1.5195907752830706,1.395085816936672
2023-07-19,58.23125076293945,58.99941310664092,57.947847085899646,58.67872336520098,3659248,56.681869697570804,54.63236457824707,67.13782374878949,1.434000110007176,1.4028686755507729
2023-07-20,58.19396209716797,59.21569590666232,58.05971974037253,58.49973856706102,3842743,57.06147689819336,54.70425880432129,66.90142772956563,1.3476254204558842,1.3918200245317953
2023-07-21,58.95466995239258,59.47672039462065,58.20142086581516,58.46244608692919,8255291,57.467186737060544,54.796140365600586,52.13857742085194,1.3252786359483721,1.378511746815111
2023-07-24,59.26788330078125,59.64823748008107,58.9621069219524,59.58111347671219,2161744,57.82292785644531,54.89115364074707,66.03100089923946,1.317653261223363,1.3663400496967613
2023-07-25,63.712799072265625,63.712799072265625,58.991950033890674,58.991950033890674,12648864,58.277859115600585,55.066264953613285,78.63572469864134,1.6512431487085166,1.4233206694991123
2023-07-26,63.33243942260742,64.88368286119191,61.2442323536717,64.50332864434469,10322599,58.71377239227295,55.2283992767334,73.11999908339547,1.8634430811106668,1.5113451518214234
2023-07-27,63.33243942260742,63.33243942260742,63.33243942260742,63.33243942260742,0,59.14968566894531,55.40559860229492,73.65017867373393,2.008460770814793,1.6107682756200974
2023-07-28,63.33243942260742,63.33243942260742,63.33243942260742,63.33243942260742,0,59.585598945617676,55.58205238342285,79.34027407770508,2.0991901770409314,1.7084526559042643
2023-07-31,72.53548431396484,72.77413671304545,68.23973544059203,68.23973544059203,14673538,60.280301856994626,55.94704170227051,89.50617687673784,2.8804981057077015,1.942861745864952
2023-08-01,72.08055877685547,73.08737349828613,70.85746441024122,72.29683842203906,6095517,61.021244049072266,56.306064682006834,86.84560925098266,3.423517401780259,2.2389928770480134
2023-08-02,76.21968078613281,77.48752628624624,71.23780694938878,71.96868312615271,18677605,61.93147964477539,56.73966651916504,91.00396296082926,4.140131797998492,2.6192206612381095
2023-08-03,78.48688507080078,80.39611005226062,78.0095802479164,78.29298389832559,12084315,62.904734992980956,57.227561950683594,94.97150923139998,4.83526043543074,3.0624286160766356
2023-08-04,79.30033874511719,79.74127770352901,77.69623782411685,79.06466707430889,4067599,63.922018432617186,57.7367977142334,95.14888924656886,5.389665097633042,3.527875912387917
2023-08-07,79.01144409179688,80.35706124175992,78.38044589033531,79.06466045817623,3719995,64.95804538726807,58.24040489196777,94.97267907535681,5.739561312510915,3.9702129924125167
2023-08-08,76.71554565429688,78.68455739835765,76.22139026905978,78.32724495364545,2947084,65.83527603149415,58.66617439270019,86.38779862975039,5.765139824167235,4.329198358763461
2023-08-09,78.51729583740234,79.29274101713528,76.02371878914238,76.59389668006095,3628129,66.781711769104,59.14035865783691,87.40928267909008,5.863209728827542,4.636000632776277
2023-08-10,77.21730041503906,79.21672237642608,76.78396539678599,79.06467724025487,2293921,67.6814193725586,59.59644866943359,82.96173140697127,5.769524580793657,4.8627054223797535
2023-08-11,77.87109375,80.20502163573533,77.331326053967,77.54419153407586,11415132,68.65110607147217,60.07724884033203,83.16865717241808,5.682529422236428,5.026670222351089
2023-08-14,77.87109375,77.87109375,77.87109375,77.87109375,0,69.62079277038575,60.560883026123044,79.99836733110364,5.549612652173224,5.131258708315516
2023-08-15,77.62781524658203,78.64653023558502,77.40734577877934,78.30442584080619,866453,70.59062099456787,61.04442474365234,80.46578556498876,5.3628253004017665,5.177572026732767
2023-08-16,76.99681854248047,77.92430880456847,76.40383448643055,76.82196724397816,1007952,71.52889938354492,61.514302520751954,78.35832699855771,5.10503119597557,5.163063860581328
2023-08-17,77.03483581542969,77.3921482225713,75.98570478166934,76.17576407907237,1319849,72.470943069458,62.003286895751955,78.39242333534051,4.847911481278899,5.1000333847208426
2023-08-18,76.97401428222656,77.8862965758821,76.8219691666671,76.97401428222656,1530212,73.37191028594971,62.500899200439456,64.80679573250966,4.586365696673795,4.997299847111433
2023-08-21,74.92898559570312,76.78396644304861,74.51085856545984,76.16817609296928,1396037,74.1549654006958,62.99624282836914,58.590852506621204,4.166048440902415,4.83104956586963
2023-08-22,74.92898559570312,75.50676756129684,74.19915849186644,74.72372407906009,1901474,74.71577472686768,63.48562004089356,44.811956659073545,3.7892637141196843,4.622692395519642
2023-08-23,75.86406707763672,76.40383476653663,74.12312328096837,75.56757504852479,4511576,75.34235610961915,63.9810205078125,38.19296093330347,3.5254729072034934,4.403248497856413
2023-08-24,75.94770812988281,76.59390868080744,75.45355272029914,75.45355272029914,10046060,75.97311954498291,64.47317161560059,33.846165157040346,3.2852950893462776,4.179657816154386
2023-08-25,75.84886169433594,76.09974135841063,75.56757764687292,75.64360020564267,1378150,76.59894065856933,64.96856643676757,34.47758846657929,3.051797139308036,3.954085680785116
2023-08-28,75.21025848388672,75.93248142754176,74.69329701048504,75.30908722139405,808711,76.73267936706543,65.45029418945313,41.17636009928222,2.783136128737283,3.7198957703755493
2023-08-29,74.19154357910156,75.14184005367854,73.09680598449047,74.50324360683452,1417854,76.83822860717774,65.9186580657959,22.080459645594644,2.4596650753017,3.46784963136078
2023-08-30,74.40442657470703,74.69331466040309,72.48862533227971,74.19915925580038,2201296,76.74746589660644,66.39098136901856,28.8813966303166,2.1951850863585634,3.2133167223603367
2023-08-31,73.08920288085938,75.26348170524507,71.46229576053572,75.26348170524507,2999070,76.47758178710937,66.8407290649414,17.341881375078685,1.8580369361234403,2.942260765112958
2023-09-01,72.88394927978516,73.66699274111635,71.53832606164411,72.98277803698954,913660,76.15676231384278,67.28159858703613,16.868947662389928,1.5563418082338956,2.6650769737371456
2023-09-04,73.21843719482422,75.25587296474251,72.60264696665215,73.74300267817024,347198,75.86711196899414,67.7029061126709,21.057955599356617,1.328917689198363,2.397845116829389
2023-09-05,74.23715209960938,74.88335245825495,72.98275975626879,72.98275975626879,1186285,75.74319229125976,68.09536567687988,32.763541995267204,1.2168570448747857,2.1616475024384685
2023-09-06,74.22956848144531,74.88337301441568,73.90266621496013,74.47284418207497,1227413,75.52880592346192,68.48767356872558,32.41186127406523,1.1145879660227251,1.9522355951553199
2023-09-07,74.1079330444336,74.88337252255026,73.81903916423018,74.86056633203951,1186121,75.37333755493164,68.87754875183106,32.166569349302875,1.0120576503966987,1.7642000062035956
2023-09-08,73.97868347167969,74.49564502341495,73.30207279663425,74.49564502341495,3200703,75.17871704101563,69.26483894348145,42.235990774792754,0.9098837032859848,1.5933367456200735
2023-09-11,73.56814575195312,74.80733600673275,73.21083916698537,74.12312141822699,2835937,74.96356964111328,69.563373336792,39.58082153371653,0.7867143972434292,1.4320122759447447
2023-09-12,73.1728286743164,74.22195389608659,72.90674682098513,73.74300656009031,1456006,74.7408203125,69.88159561157227,27.538168036148207,0.6497135570026984,1.2755525321563355
2023-09-13,72.8763427734375,73.43891671072429,72.79271621247123,73.21084901730256,893778,74.53479652404785,70.1788230895996,25.24504679563651,0.5113212763222776,1.1227062809895239
2023-09-14,72.8231201171875,73.4769245555413,72.56463646009095,73.4769245555413,1058498,74.32421073913574,70.45484992980957,25.432086528811965,0.3928215707171603,0.9767293389350511
2023-09-15,72.32896423339844,73.3628872535222,71.88042708503926,73.3628872535222,4841767,74.09195823669434,70.72233581542969,26.04298164037671,0.25608347934857534,0.8326001670177561
2023-09-18,72.64066314697266,73.36288613079121,72.184516209667,72.95996136296722,889980,73.97754211425782,71.00933097839355,35.38683616883313,0.17089903643211812,0.7002599409006286
2023-09-19,72.99797058105469,73.55294626775044,72.60264980434282,72.98276838970587,1715578,73.8809913635254,71.28587173461914,37.09880370687109,0.1307146780461892,0.5863508883297408
2023-09-20,72.61026000976562,73.59096673989085,72.56464183151922,73.59096673989085,882935,73.71830101013184,71.54630531311035,44.70589624312262,0.06681310179432387,0.4824433310226574
2023-09-21,73.1804428100586,73.55295745633805,72.23014620209557,72.60266084837502,3144597,73.57993774414062,71.82545120239257,53.03269144928034,0.06147102923524983,0.39824887066517595
2023-09-22,73.19563293457031,73.5073329546584,72.8003121629078,73.36288603801765,1863813,73.44727630615235,72.11981666564941,49.75044542444316,0.057796868026230186,0.33015847013738686
2023-09-25,71.78919982910156,73.43891317947482,71.65235689956856,73.43891317947482,2349224,73.27622337341309,72.38605346679688,25.306686614764658,-0.05793449595583411,0.25253987691874263
2023-09-26,70.3067398071289,71.72837967923479,69.95702558602785,71.72837967923479,2075200,73.08198318481445,72.62756324768067,19.503416959173236,-0.26620591398000215,0.1487907187389937
2023-09-27,68.80907440185547,70.32194488949011,68.73305183768059,69.94182626846583,1839908,72.80221557617188,72.83911972045898,16.066095997498437,-0.5458197249440531,0.009868630002384346
2023-09-28,68.80907440185547,68.80907440185547,68.80907440185547,68.80907440185547,0,72.58820915222168,73.05142196655274,16.336535776848407,-0.7586702067541466,-0.14383913734892187
2023-09-29,68.80907440185547,68.80907440185547,68.80907440185547,68.80907440185547,0,72.3844654083252,73.248510055542,17.259337251695072,-0.916787590431511,-0.2984288279654397
2023-10-02,68.44416809082031,69.47048735926334,68.08685560621664,68.81668277044615,473314,72.145751953125,73.43203575134277,17.331858915501726,-1.0593303450142173,-0.4506091313751952
2023-10-03,68.428955078125,68.79386570247706,68.07924664639185,68.42135108174064,2027775,71.85534210205078,73.52635887145996,18.032675408771638,-1.160150574318095,-0.5925174199637753
2023-10-04,72.32137298583984,72.67868544844532,68.50498425365343,68.50498425365343,6427190,71.7599323272705,73.7061375427246,47.67609421279789,-0.9154134214556251,-0.6570966202621453
2023-10-05,73.24884033203125,73.70498141274089,72.41258071737214,72.89913197681557,2769647,71.71697769165038,73.90446556091308,54.09611064832493,-0.639249727961726,-0.6535272418020615
2023-10-06,72.16931915283203,73.62136921943384,71.8804310987821,72.98277274201305,1659892,71.626509475708,74.08120315551758,48.03548965213731,-0.5017129142720194,-0.623164376296053
2023-10-09,71.36347961425781,72.45061921840052,70.70207105504356,71.56113714217432,884303,71.51627616882324,74.05776306152343,43.43314582219628,-0.45252212127576286,-0.589035925291995
2023-10-10,71.50030517578125,72.16931176941854,70.93012732206736,71.08217242966477,1548916,71.43264999389649,74.04615798950195,45.448812118815646,-0.3979105193335357,-0.5508108441003031
2023-10-11,72.032470703125,72.14650743682733,71.31784591872963,71.50030701271305,1574495,71.39045639038086,73.9624137878418,45.278207522005864,-0.308137108002839,-0.5022760968808103
2023-10-12,72.48100280761719,72.75468862943282,71.69036132253736,71.83480242838813,6603532,71.37335052490235,73.84229614257812,47.16178905342871,-0.19850994141100387,-0.4415228657868491
2023-10-13,73.88745880126953,74.57927166974922,72.64067019860632,72.98277463464629,4567050,71.4512752532959,73.73403854370117,58.333388884613115,0.0018384301008609327,-0.3528506066093071
2023-10-16,73.79622650146484,75.83366247721969,73.66698756647192,75.03541107845224,2261851,71.50905342102051,73.62973419189453,65.58051092264759,0.15150778637101325,-0.25197892801324306
2023-10-17,73.0055923461914,74.46524667722608,72.83074100244961,74.11553818959177,893777,71.50943450927734,73.55553512573242,70.0001599878991,0.2039729871720226,-0.16078854497618994
2023-10-18,72.35176086425781,73.66697355295645,72.10848523284025,72.97515503227457,564595,71.49650955200195,73.43222442626953,65.89355306636145,0.19059622585422176,-0.0905115908101076
2023-10-19,74.68569946289062,75.26348134778414,72.29855516496276,72.6026511991251,3130496,71.57177238464355,73.38159240722656,71.79921855056583,0.3641269566117842,0.00041611867427075733
2023-10-20,75.90208435058594,76.73834996674879,74.19915453250418,74.92138340099483,6108214,71.70709495544433,73.34221221923828,76.02120403210951,0.5929680391968475,0.11892650277878611
2023-10-23,75.52197265625,76.78396939271738,75.36232351491687,76.78396939271738,1445805,71.89373359680175,73.29522979736328,74.13353061807231,0.7351797147316006,0.24217714516934902
2023-10-24,75.3547134399414,75.94769752860908,74.58687224300398,75.94769752860908,815048,72.14613227844238,73.24976776123047,63.82536584958752,0.8248783866874021,0.3587173934729596
2023-10-25,74.08512115478516,76.55589233275587,73.36289805359225,75.5675873416577,2706525,72.40993461608886,73.19153381347657,53.69632616614364,0.7844767834301933,0.44386927146440636
2023-10-26,72.99797058105469,75.0202042392578,72.83072327562037,74.31318343847654,1123703,72.61937942504883,73.11079650878906,53.6601360491033,0.657158937008802,0.48652720457328547
2023-10-27,72.51142883300781,74.12313393587262,72.23014475478313,73.51494179890285,1515079,72.80449714660645,73.02154479980469,55.21763977257438,0.5111070496605805,0.49144317359074446
2023-10-30,71.22663116455078,72.97517339274933,70.55002046318155,72.97517339274933,8100776,72.94362030029296,72.94749771118164,48.87364233253472,0.2883633689306606,0.4508272126587277
2023-10-31,71.2722396850586,72.22253621419271,71.12019456045702,71.72838085901303,1751671,73.08578453063964,72.87436279296875,46.74058319829435,0.11420118345421315,0.3835020068178248
2023-11-01,72.56462860107422,73.49972278261053,71.46228713029407,71.46989112530703,3197497,73.09794731140137,72.8083740234375,50.33434461318089,0.07954444245308423,0.3227104939448767
2023-11-02,73.80260467529297,73.9583204213086,72.04298823247666,72.40892676980582,1403865,73.12563552856446,72.7654719543457,49.65611151856355,0.1502411619203201,0.2882166275399654
2023-11-03,72.75929260253906,74.35540578338332,72.40892919219527,73.81039471392072,818894,73.1551342010498,72.70368057250977,46.09868045249829,0.12069100570577973,0.2547115031731283
2023-11-06,73.38994598388672,73.91938778883969,72.64249977810154,73.1719415830545,1160523,73.25645751953125,72.66727432250977,51.463697240306914,0.14647230968274982,0.2330636644750526
2023-11-07,73.22644805908203,74.9393449972346,72.99286850379993,73.22644805908203,2191751,73.34276466369629,72.64797241210937,53.46021210312155,0.1519595674047025,0.21684284506098261
2023-11-08,74.7991943359375,75.52328378925591,73.18751212567068,73.2264440294669,7270220,73.48110084533691,72.65586776733399,50.477751599998975,0.27998820944422675,0.22947191793763144
2023-11-09,74.7991943359375,74.7991943359375,74.7991943359375,74.7991943359375,0,73.59701042175293,72.69006759643554,44.82776387141649,0.3771048012478957,0.25899849459968427
2023-11-10,75.266357421875,75.99044697083187,74.78363501602063,74.93935077142359,3398014,73.6659553527832,72.73771575927735,48.810946785042006,0.4861623794452328,0.30443127156879396
2023-11-13,75.88143157958984,76.3018711743921,75.44542278802052,75.44542278802052,2758478,73.77021560668945,72.79097564697265,52.35215475064529,0.6151317837258716,0.3665713740002095
2023-11-14,75.73350524902344,76.29409143293702,75.52328840014329,75.679004144486,2515511,73.90661125183105,72.82090270996093,58.180698795709894,0.697365748929343,0.43273024898603624
2023-11-15,75.97486114501953,77.08824577900597,75.36756151560401,76.3018677239088,3705878,74.08776626586913,72.85580856323242,66.12784158311075,0.7731003430123167,0.5008042677912924
2023-11-16,75.95928955078125,76.69116654352446,74.94712543461596,76.3018712818822,1969654,74.15144577026368,72.89283569335937,69.68390278917502,0.8223841246707053,0.565120239167175
2023-11-17,75.53884887695312,78.79335745542622,75.28970015066604,78.63764172906211,2955404,74.13328399658204,72.92403900146485,77.31424788212382,0.8180854482894659,0.6157132809916332
2023-11-20,75.07948303222656,76.06050873696886,74.60454234644831,75.91257463937998,405567,74.11115951538086,72.95426574707031,72.91457161828195,0.7687500595420573,0.646320636701718
2023-11-21,75.32864379882812,76.06830252465872,75.25078592350519,75.52329145722304,1664356,74.1098560333252,72.99738204956054,69.02479574936012,0.7412123653002851,0.6652989824214315
2023-11-22,75.61672973632812,76.1072397311707,74.78363793800315,74.78363793800315,1455934,74.18643646240234,73.05218978881835,64.36508847499199,0.7341715985547381,0.6790735056480929
2023-11-23,75.4532241821289,76.61332260950986,74.82256170427922,75.13399915825525,3262230,74.30919914245605,73.10479187011718,74.78524308699637,0.7072455222959917,0.6847079089776726
2023-11-24,78.96465301513672,81.11356461978323,75.52328417230846,75.83472158373434,11462732,74.6318603515625,73.23750564575195,83.52068894014712,0.9582037965520556,0.7394070864925493
2023-11-27,84.88972473144531,84.88972473144531,79.49409210848219,79.61088187628667,10967560,75.31501502990723,73.4824868774414,91.42701672062076,1.616559119318012,0.914837493057642
2023-11-28,89.34327697753906,90.70581061336209,86.61820970589298,86.61820970589298,7088651,76.21856689453125,73.80939300537109,92.88341101733043,2.4692113705259544,1.2257122685513044
2023-11-29,86.56369018554688,90.70579131979673,85.25565793577461,89.53790559464913,3955219,76.91851997375488,74.08846160888672,79.80271402540234,2.887371180851588,1.5580440510113611
2023-11-30,86.94520568847656,88.83718097119241,84.90530223990625,87.96516335293623,3226380,77.57565002441406,74.36375686645508,79.71468836624246,3.212519036117044,1.888939048032498
2023-12-01,86.84400177001953,87.97295583588001,86.0342667816069,87.58366051107636,885115,78.27988548278809,74.63672424316407,78.64118774083828,3.422581356164727,2.1956675096589438
2023-12-04,86.82064056396484,88.05859678229021,86.54813503856381,87.20214829952629,1225196,78.951420211792,74.93735305786133,79.15640590522287,3.5462927488112257,2.4657925574894004
2023-12-05,87.30335235595703,89.07075615246559,86.83619923473786,86.83619923473786,2229251,79.65526542663574,75.27728530883789,79.41768031020702,3.6413109600884894,2.7008962380092183
2023-12-06,91.06394958496094,91.8736844659564,87.55250455780138,87.98073173434808,2952670,80.46850318908692,75.7223828125,82.83680565461046,3.974249668558599,2.9555669241190943
2023-12-07,94.27953338623047,96.70095063986274,91.95933671282923,91.95933671282923,6384442,81.44252014160156,76.2317919921875,86.32657461607877,4.446322297021823,3.2537179986996403
2023-12-08,100.84306335449219,101.34914252003422,94.36518350559209,94.98805839573254,8661913,82.72135543823242,76.87247177124023,90.3831858584873,5.289095866111936,3.6607935721821
2023-12-11,96.9500961303711,103.16325155466073,94.33403725402117,100.80412305444247,24836375,83.77478866577148,77.44259033203124,80.41616321284286,5.578563859730011,4.044347629691682
2023-12-12,96.32722473144531,97.63525710574893,95.3773433007972,97.30825049721666,2279126,84.80447463989258,78.00055572509766,78.8628003540219,5.692093898579358,4.373896883469218
2023-12-13,95.68099975585938,97.79097959984698,94.36517972179065,97.09024686158035,4172921,85.78978157043457,78.46774826049804,77.81581495675967,5.664624057476388,4.632042318270653
2023-12-14,96.0235824584961,96.92674448756593,94.20946489074309,96.49852321125847,4067144,86.79299621582031,78.92324310302735,75.69784606586249,5.6058765165664255,4.826809157929807
2023-12-15,97.1758804321289,98.64741603262478,95.37733824045046,96.54522401482332,3642220,87.87484779357911,79.42337432861328,71.61640868527076,5.587885814131141,4.979024489170074
2023-12-18,96.2182388305664,98.4917222181819,95.76665480503064,97.40948163503016,1659917,88.9317855834961,79.92046951293945,63.792583567644684,5.433717861795017,5.069963163695062
2023-12-19,93.43866729736328,96.50631047576265,92.02941415548803,96.50631047576265,2757183,89.83728675842285,80.3592367553711,63.792622624372335,5.029276091797001,5.06182574931545
2023-12-20,92.77686309814453,94.20946701804394,90.51116149460833,92.73014362063466,2337889,90.69529342651367,80.77412460327149,61.56939469352949,4.602298574148094,4.969920314281979
2023-12-21,93.18172454833984,93.62552095893737,90.39436873572907,90.74473807473235,902675,91.58171844482422,81.18813903808594,62.42368842803994,4.24762082188434,4.825460415802452
2023-12-22,90.27758026123047,94.20946527911478,89.53792154626612,93.04157934590262,1557241,92.14736480712891,81.51594146728516,56.088864951332944,3.689663827015025,4.598301098044966
2023-12-25,90.27758026123047,90.27758026123047,90.27758026123047,90.27758026123047,0,92.41675758361816,81.84556854248046,55.329263911467926,3.210470582293894,4.320734994894751
2023-12-26,84.08778381347656,92.49656457089414,83.50384087032742,90.31650854040075,5375214,92.15398292541504,82.06721237182617,38.501031961894626,2.304674784104151,3.9175229527366313
2023-12-27,85.66831970214844,86.37683997407977,83.34812312366871,86.03425822148223,2964157,92.10921440124511,82.33354354858399,34.997273775904105,1.6948242463383991,3.4729832114569854
2023-12-28,86.54814147949219,88.36225322083983,85.8006892110882,86.62599935823312,3342584,92.0893611907959,82.57079238891602,18.944500467076253,1.2678920950412191,3.0319649881738324
2023-12-29,86.29896545410156,87.20213325697515,85.29458896804837,86.43133034947022,1490758,92.062109375,82.77873001098632,22.508004012541747,0.899074890773889,2.605386968693844
2024-01-01,90.1218490600586,90.70579192653845,86.29118528159246,86.29118528159246,2877447,92.22716979980468,83.0707275390625,36.253862214637216,0.904829050973845,2.2652753851498444
2024-01-02,90.72915649414062,92.4965603818601,89.53791389449398,91.00944956937214,4163065,92.39846000671386,83.37821640014648,39.01173913190695,0.947472031046189,2.0017147143291134
2024-01-03,91.63233947753906,92.81579470324121,90.6980270928711,91.10289757494654,3264531,92.42687950134277,83.72916076660157,40.49227430902566,1.0421331562053382,1.8097984027043585
2024-01-04,90.70580291748047,91.67904114620879,90.39436549625245,91.17295607923512,1132175,92.24819297790528,84.08331741333008,35.85296961422742,1.0305099456990945,1.653940711303306
2024-01-05,91.41432189941406,91.86589991659,89.69363150813594,91.44546029493682,1060265,91.77675590515136,84.46137527465821,39.380389630321744,1.0661797714031565,1.5363885233232761
2024-01-08,90.59679412841797,91.87368211651835,90.32428863220892,91.28973922170997,573038,91.4590908050537,84.84877853393554,43.12098236117123,1.016760128654198,1.4324628443894607
2024-01-09,89.989501953125,91.43768092791606,89.7481348305433,91.08731159778448,390894,91.1422046661377,85.22312377929687,43.235080959792846,0.9180090654667765,1.329572088604924
2024-01-10,89.5690689086914,91.09510586680142,89.46006669312465,91.09510586680142,447283,90.8366081237793,85.56321258544922,41.23871530219085,0.7966395387358745,1.2229855786311143
2024-01-11,91.4220962524414,91.70238931123659,88.76710570240961,89.73255627149625,1236084,90.60653381347656,85.91560241699219,52.924751224381566,0.8402907855138011,1.1464466200076517
2024-01-12,92.2396240234375,92.65227606725871,91.48439023447814,91.87368551207166,1597241,90.35972099304199,86.30520904541015,54.81280750379438,0.9301304074789556,1.1031833775019124
2024-01-15,91.67904663085938,94.06153205646135,91.30532051499284,92.88586448274964,1911765,90.13276138305665,86.67099105834961,75.725509622614,0.9451993744826979,1.0715865768980695
2024-01-16,91.67904663085938,91.67904663085938,91.67904663085938,91.67904663085938,0,90.04478034973144,87.04004302978515,72.81316346965747,0.9462340423690279,1.0465160699922613
2024-01-17,89.86492919921875,91.25081957189117,89.48342145329968,90.32430076037343,5075262,89.89918365478516,87.34135772705078,61.754898663081654,0.7915454651990217,0.9955219490336135
2024-01-18,89.2654037475586,90.19970998964354,87.71601028570095,89.53790923981884,872339,89.7033676147461,87.6306819152832,60.25848781514844,0.6135048577089037,0.9191185307686716
2024-01-19,89.24983215332031,90.70579861286517,88.81382334839756,89.73256043032369,358815,89.65198020935058,87.91035140991211,45.90646437456083,0.4657806664573627,0.8284509579064099
2024-01-22,89.53791809082031,89.91164418870238,88.05859477780658,89.25762500245246,563759,89.61499710083008,88.18348114013672,44.23515720418896,0.36771551258270563,0.7363038688416691
2024-01-23,90.32429504394531,90.78366063585264,89.61577476333265,89.61577476333265,9668921,89.92682266235352,88.47529693603515,43.59750723719786,0.34942427418282307,0.6589279499098999
2024-01-24,90.10629272460938,91.05616826657715,89.92721427298623,91.05616826657715,744945,90.14872131347656,88.75792556762696,46.84686853706161,0.31372099042752666,0.5898865580134253
2024-01-25,90.19194030761719,91.1028959055061,89.54571456643667,90.31651766602693,3340148,90.3309112548828,89.04257858276367,43.120097285654666,0.2890054500565924,0.5297103364220587
2024-01-26,88.75933074951172,91.0094571678599,88.37782300866195,90.31651199073123,2069564,90.45392951965331,89.30698822021485,40.32791283073607,0.15206566934665489,0.45418140300697796
2024-01-29,87.22550201416016,88.73596964518924,86.82063752490401,88.68146854201679,3150745,90.30911216735839,89.54990859985351,36.743826607116596,-0.07931298296804812,0.34748252581197275
2024-01-30,86.46248626708984,88.74375690362244,85.95640120216014,87.97294795265694,1339104,90.09577865600586,89.77258544921875,35.574816561473526,-0.3205560552547695,0.21387480959862432
2024-01-31,86.56369018554688,87.51357152576142,86.04203598728937,86.96855462325482,956494,89.84234619140625,89.99152465820312,23.05702441364849,-0.497837852807578,0.07153227711738386
2024-02-01,86.98414611816406,87.47465607651156,86.57927566413984,86.79728603024716,636327,89.65626335144043,90.22214309692383,19.512318183749485,-0.5975198379999114,-0.06227814590607519
2024-02-02,87.1009292602539,87.84837549511258,86.81284861070618,87.20214389595598,2207990,89.44059371948242,90.38486862182617,22.000050394617844,-0.6594928824368793,-0.18172109321223603
2024-02-06,87.43573760986328,88.52575983303278,87.04644226153829,88.52575983303278,1221222,89.28254089355468,90.43578887939454,25.06878531719242,-0.6738233152042739,-0.28014153761064364
2024-02-07,87.93401336669922,88.75931739955868,87.46685431245697,87.89508146545433,2244630,89.1797664642334,90.40760360717773,36.58003493266394,-0.637623470642481,-0.3516379242170111
2024-02-08,87.93401336669922,87.93401336669922,87.93401336669922,87.93401336669922,0,89.09801368713379,90.43501007080079,39.90555036234232,-0.6019954047249172,-0.40170942031859236
2024-02-09,86.20555114746094,87.12428828203775,82.74081945495291,86.03426026708944,1497628,88.83718643188476,90.42021697998047,31.677638104194372,-0.7051043574099367,-0.4623884077368613
2024-02-12,84.41477966308594,87.51357243294343,82.02450709177947,85.64495406530204,3683386,88.4459442138672,90.37163253784179,23.888826673137103,-0.9207059133109112,-0.5540519088516713
2024-02-13,85.64495849609375,86.03425376198508,80.19482477361505,83.31697446931238,1386292,88.14423980712891,90.34811889648438,27.182969275709112,-0.9809982121579424,-0.6394411695129256
2024-02-14,87.12428283691406,87.6303678772436,86.42355016108658,86.42355016108658,961375,87.91650161743163,90.34453750610352,37.05203989553063,-0.8990475221047518,-0.6913624400312909
2024-02-15,85.36467742919922,87.58365956866854,84.36029478919201,86.50920662223476,939367,87.69148902893066,90.23055206298828,31.70011181483048,-0.9649629681531025,-0.7460825456556532
2024-02-16,85.69168853759766,86.72721557002829,84.09558120402141,86.034270338444,524336,87.51280326843262,90.05879516601563,37.30671950035294,-0.9795230386816769,-0.792770644260858
2024-02-19,86.08097839355469,86.79728628969828,84.48487116167982,85.64496954038694,448399,87.35436058044434,89.76355346679688,44.76869846375524,-0.9487133841911657,-0.8239591922469196
2024-02-20,85.64495849609375,86.64934099491431,84.79629766773432,85.64495849609375,347629,87.159712600708,89.53745071411133,46.14816662724548,-0.9485454315052806,-0.8488764400985919
2024-02-21,86.99970245361328,87.98072816543237,86.07318378039312,86.07318378039312,528231,86.99348297119141,89.35090026855468,51.837275319640064,-0.8295334670460619,-0.8450078454880859
2024-02-22,87.9417953491211,88.2921646412144,85.68388763199921,87.20213674388106,725835,86.885258102417,89.19611618041992,53.865426816462055,-0.65168439249139,-0.8063431548887469
2024-02-23,88.58025360107422,89.5457102618123,87.20215079592285,88.00409819656447,3344363,86.80467376708984,89.04724960327148,55.729798926013615,-0.45398620409484636,-0.7358717647299668
2024-02-26,89.34327697753906,90.31651528884123,88.58025552780106,88.58025552780106,3552299,86.83387107849121,88.89059753417969,57.15116801219124,-0.23305286743830322,-0.6353079852716341
2024-02-27,89.67806243896484,90.31650647124077,88.91504106372062,89.9272111847268,3449850,86.95649909973145,88.75979400634766,56.61940149833904,-0.030594542736807284,-0.5143652967646687
2024-02-28,89.38219451904297,91.07952209873775,88.8060332544363,89.53791024775195,5010576,87.1024845123291,88.67866455078125,55.37572529357255,0.10477330827755793,-0.3905375757562234
2024-02-29,90.29315185546875,90.74473582422463,89.53791803121229,89.53791803121229,1616054,87.2889575958252,88.62899032592773,66.15380440681645,0.28230570490366347,-0.25596891962424606
2024-03-01,91.14180755615234,91.71796883801719,90.19971370684291,90.35543538039063,2452549,87.49684066772461,88.58819198608398,78.7233973241772,0.48587990966636596,-0.10759915376612367
2024-03-04,89.86492919921875,91.09510382177015,89.42113277718124,91.09510382177015,4070863,87.63504066467286,88.57993896484375,67.94706731318334,0.5379790341020794,0.02151648380751693
2024-03-05,90.08293151855469,90.63573608095778,89.57685237241026,90.31651107844826,1626318,87.76740036010742,88.57604598999023,64.09498913969522,0.5900571196428643,0.13522461097458643
2024-03-06,90.27758026123047,91.83476150551336,90.16079642004928,90.31651216840756,1631771,87.88457870483398,88.69984191894531,77.50651414316592,0.6396622758823867,0.2361121439561465
2024-03-07,89.48340606689453,90.70579290970157,89.23425734543622,90.46443175646279,677456,87.96204833984375,88.77614364624023,70.17386475634092,0.6078841887625259,0.3104665529174224
2024-03-08,89.11746978759766,90.31649989558407,89.00068002211162,89.91941706900126,491915,88.10764427185059,88.82753021240234,66.19592561575192,0.5468678738527757,0.3577468171044931
2024-03-11,89.28097534179688,90.31650218036883,88.75932110829349,88.75932110829349,396401,88.35095405578613,88.88717041015624,69.97431646076805,0.5058741343142685,0.3873722805464482
2024-03-12,88.51017761230469,89.46784664198155,88.18317099345883,89.28098062534843,317710,88.49421501159668,88.85493698120118,58.86659686164005,0.40650344674695305,0.3911985137865492
2024-03-13,87.81722259521484,88.75931638082197,87.24884892050316,88.51016766016699,471491,88.52886199951172,88.79669830322266,49.24671614743843,0.26873793863722995,0.36670639875668537
2024-03-14,88.48682403564453,88.75932956117455,87.6303755524752,87.97295138163797,1131221,88.68496932983399,88.73378799438477,49.437157013246065,0.21115495814522944,0.3355961106343942
2024-03-15,88.44010162353516,89.14083433747324,88.13645177085778,88.13645177085778,651359,88.82238998413087,88.68847396850586,44.04511948393483,0.15990661909410164,0.30045821232633574
2024-03-18,87.64116668701172,88.36747593983289,87.15696257079408,88.36747593983289,555706,88.90039939880371,88.61301086425782,37.34476024345387,0.05419978736163955,0.25120652733339655
2024-03-19,87.35064697265625,89.1341360122683,87.24573802573424,87.56047102348992,1222965,88.98568382263184,88.54808792114258,37.36959489393513,-0.052411978672054715,0.1904828261323063
2024-03-20,87.32643127441406,88.36747348166693,86.74538388832045,87.96396903654517,734100,89.00202026367188,88.49482650756836,29.269787992647352,-0.13727416469872367,0.12493142796610032
2024-03-21,86.34994506835938,87.8025634295011,85.69626988433997,87.75413871280387,2215557,88.92242774963378,88.43044403076172,17.104123304216117,-0.2800935899638688,0.04392642438010651
2024-03-22,84.72785949707031,86.34994904895625,84.34049868756831,86.34994904895625,1356805,88.7298080444336,88.29655929565429,16.330130993885348,-0.5181943409158691,-0.06849772867908863
2024-03-26,84.09840393066406,84.73594175508875,83.12192381689658,84.3243654568926,898188,88.46756439208984,88.13373489379883,12.78296945220454,-0.749048144356081,-0.20460781181448712
2024-03-27,84.30015563964844,85.86575500002748,83.52542777305597,83.92893225505141,1253860,88.19866905212402,87.98615707397461,12.859953259287707,-0.9052861942622741,-0.34474348830404455
2024-03-28,85.26049041748047,85.34119007504248,84.01769598866007,84.33242896304435,432652,87.99258384704589,87.85778594970704,24.29221928894026,-0.9407703685296696,-0.4639488643491696
2024-03-29,84.26786804199219,85.90609512740568,84.13067800637386,85.50259067653579,671014,87.69131965637207,87.7458447265625,22.570090836515845,-1.0370338812450228,-0.5785658677283403
2024-04-01,84.72785949707031,85.462240523776,84.45347943675549,84.69557840344697,358080,87.37062225341796,87.65509384155274,25.082753253346866,-1.063941487312107,-0.6756409916450936
2024-04-02,84.41313171386719,85.13136915937004,84.0096272542818,85.13136915937004,278078,87.0980323791504,87.55835983276367,26.400605401148567,-1.0980047455710462,-0.7601137424302842
2024-04-03,85.92223358154297,86.10784216985701,84.41312480960933,84.73592958227292,1048329,86.8899974822998,87.48604614257812,40.02275188554644,-0.9917954143573837,-0.8064500768157041
2024-04-04,87.8429183959961,88.69028021211075,85.54294423981406,86.09978235651737,1760545,86.76826438903808,87.43641860961914,47.00443099167042,-0.7440634412922122,-0.7939727497110058
2024-04-08,89.01307678222656,89.33587538997891,87.11660109824331,87.9558910237747,1508661,86.74474792480468,87.41455429077149,52.413325492540004,-0.4481461160143141,-0.7248074229716676
2024-04-09,88.48853302001953,91.06288739601806,87.76222373016506,90.21553168867923,4306345,86.71330108642579,87.38048614501953,53.65348684210526,-0.25303892634569536,-0.6304537236464732
2024-04-15,89.54569244384766,89.9814779187952,87.95588418070238,89.96534045245862,1519132,86.72653694152832,87.39621337890625,58.8772497122775,-0.012961727680632862,-0.5069553244533052
2024-04-16,93.45970153808594,95.61442004493634,89.57799058305677,89.82009572310407,15884192,86.97401313781738,87.52089736938477,68.86798652601853,0.4875093013287426,-0.3080623992968956
2024-04-17,93.14496612548828,94.82354612174643,92.40251941225503,93.61303276700073,3631693,87.24040031433105,87.65454696655273,71.79097970190708,0.8489534728943511,-0.07665922485864626
2024-04-18,92.2814712524414,94.20215647417001,91.6762145461635,93.45163791210581,3250009,87.4301326751709,87.76890258789062,75.46257743057288,1.0535787630472129,0.1493883727225256
2024-04-19,92.87059020996094,93.49198438413072,91.31306271087193,91.51481494569181,2278618,87.65165710449219,87.88663146972657,79.65092110162908,1.2488863714528833,0.3692879724685971
2024-04-22,92.4267349243164,94.01654355582949,90.79657953911914,92.88672978384646,48145538,87.89093551635742,87.99314758300781,77.02636801757022,1.3522655703922055,0.5658834920533189
2024-04-23,93.5645980834961,94.09722066618815,91.67619437379744,92.80600787497742,13143411,88.20163307189941,88.11572479248046,77.29447568454609,1.5086199461294711,0.7544307828685495
2024-04-24,95.3884506225586,96.11475987237287,92.78988710631764,93.60496167173038,12553982,88.60473403930663,88.26481353759766,84.65803416067989,1.7594200733003476,0.9554286409549091
2024-04-25,95.0091552734375,96.67966335815454,94.62986012620892,96.35685858453519,4556109,89.03769454956054,88.40631637573242,82.20432548691599,1.9056083493783973,1.1454645826396068
2024-04-26,95.13829040527344,95.7112660557591,93.85514905214147,95.22706188772797,3845181,89.5582160949707,88.58497116088867,83.98983715068832,2.008728367085979,1.3181173395288814
2024-04-29,94.16180419921875,95.87266538368353,93.12883373199082,95.26740867332438,5594822,90.06138610839844,88.77991165161133,77.02492301486453,1.9887325768629154,1.4522403869956881
2024-04-30,93.99232482910156,95.38844673750337,93.61302967203626,94.37161998616686,4028185,90.54599456787109,88.94685897827148,72.78707934449068,1.9368830185094197,1.5491689132984345
2024-05-02,90.87727355957031,93.41128103637814,90.38499763347173,91.5955109946343,3468446,90.82683372497559,89.0219187927246,56.03765752409192,1.625693285836718,1.5644737878060913
2024-05-03,90.46569061279297,91.90216537685102,90.16710127956068,90.16710127956068,6791235,91.13672485351563,89.12393905639648,56.45070876898124,1.3305244193463892,1.517683914114151
2024-05-06,90.38499450683594,91.47445526279729,89.90079041051857,91.20814085487655,2726018,91.41958160400391,89.21780517578125,52.92467141346312,1.077666792767971,1.4296804898449151
2024-05-07,91.09516143798828,91.58743735426506,89.98149138445464,90.3688583613733,3366186,91.75368309020996,89.31808883666992,39.39174669849456,0.9239293557085091,1.328530263017634
2024-05-08,91.80533599853516,92.24112155196839,90.4334171472847,91.50674048313013,2989702,92.04783821105957,89.44129638671875,44.19583711268779,0.8496027889880793,1.2327447682117232
2024-05-09,91.64392852783203,92.48321852096795,91.11130585654706,91.60358177710746,1997634,92.23788871765137,89.53418090820313,47.058806966168746,0.7688118311995851,1.1399581808092956
2024-05-10,91.15972137451172,91.83761202812208,90.78849803250638,91.3534017796908,790046,92.34522094726563,89.59853942871094,42.03005482542655,0.6581264721978641,1.0435918390870094
2024-05-13,91.53901672363281,92.079711190942,91.1920026619141,91.52287925524573,1666197,92.49774513244628,89.65771469116211,45.83961148968761,0.5941643359047788,0.9537063384505633
2024-05-14,92.7253189086914,93.01584258979557,91.2727005031706,91.2727005031706,4424900,92.65672645568847,89.72535552978516,46.08440424968464,0.6319142400569859,0.8893479187718479
2024-05-15,92.88672637939453,93.49198307538146,92.4025222540029,92.81409853123107,2513749,92.62807769775391,89.78952880859374,36.18547441220879,0.6671648835365147,0.8449113117247813
2024-05-16,93.59689331054688,93.93583556500103,92.64462257875483,93.20952633617843,4248282,92.65067405700684,89.87382278442382,42.47641003297068,0.7438313835222345,0.824695326084272
2024-05-17,93.17725372314453,94.21022420616525,93.00778258049174,93.61303930010448,1108541,92.69546318054199,89.93150482177734,39.866557435732865,0.7619454960997842,0.8121453600873745
2024-05-20,91.82954406738281,93.69373266827671,91.40989598873813,93.69373266827671,1263164,92.64341087341309,89.94525955200196,38.39358259208242,0.6599447229177429,0.7817052326534483
2024-05-21,91.76498413085938,92.56392124272152,91.43411367321525,91.59551299543344,1899860,92.61032333374024,89.98326065063476,38.79874091251614,0.5673587692442652,0.7388359399716118
2024-05-22,91.1355209350586,92.20077250237317,90.79657865386524,91.91832060137871,777246,92.48886947631836,90.00431243896485,51.731628085432924,0.438140701382153,0.6786968922537201
2024-05-23,91.42603302001953,91.9747992822864,90.59481489268637,90.99024750377917,905976,92.2907485961914,90.02728149414062,56.54566898178483,0.3550831712149005,0.6139741480459562
2024-05-24,92.23304748535156,92.76567015520808,91.23235817802257,91.39375749446654,2939584,92.15194320678711,90.08227432250976,61.46146610315452,0.3503402981335455,0.5612473780634741
2024-05-27,93.43549346923828,94.25864603050053,91.86182850945684,92.4832226800658,6155777,92.06680335998536,90.16863479614258,63.67926295229346,0.43855350684840744,0.5367086038204608
2024-05-28,93.43549346923828,93.43549346923828,93.43549346923828,93.43549346923828,0,92.03048782348633,90.2517251586914,60.39093669576111,0.5026686588973917,0.5299006148358469
2024-05-29,91.853759765625,93.08848249178949,91.27271232813824,92.60427834621377,1996194,91.9235595703125,90.3185968017578,51.132452888922195,0.4209947229335995,0.5081194364553975
2024-05-30,91.7811279296875,92.40252209408325,91.48253241033451,92.32182243282257,1100479,91.96875228881837,90.39787490844726,53.50962843588009,0.3464135186942059,0.4757782529031592
2024-05-31,91.97480773925781,92.3056781953332,91.51481290042851,91.99901702177681,2288708,92.0442081451416,90.46763458251954,52.51400483787486,0.29948346008269766,0.44051929433906695
2024-06-03,91.25656127929688,92.39444054423753,91.11129944153969,91.9990079358386,1294625,92.08778648376465,90.52396377563477,41.04329911872015,0.20200596481943478,0.39281662843514054
2024-06-04,90.36885833740234,91.5955091428391,89.75552985618934,91.25656688624346,2328511,92.05147132873535,90.57851760864258,35.8950972916973,0.052518735674937034,0.3247570498830999
2024-06-05,87.8429183959961,90.3849976873507,87.47976685022658,90.3849976873507,2994912,91.8533504486084,90.58836303710937,23.21559847742813,-0.2666988749142689,0.20646586492362615
2024-06-06,87.81871032714844,89.16641374432142,87.2376629202982,87.84291960960229,1251708,91.66208953857422,90.59820861816407,24.102928282195876,-0.5156899670513297,0.06203469852863498
2024-06-07,86.2289047241211,88.3674796642895,84.02577374752836,87.81871333424995,2526399,91.4155487060547,90.5957878112793,23.55180889231241,-0.8317137486873776,-0.11671499091456755
2024-06-10,85.123291015625,86.721164993261,84.81662373085494,85.93029981640761,1047371,91.09476242065429,90.60369644165038,21.443398528836752,-1.1580296141946462,-0.3249779155705833
2024-06-11,84.7359390258789,86.55170914786203,84.3324345543271,85.12330602764406,619877,90.69529342651367,90.6164471435547,21.89933413824572,-1.4313931477291675,-0.5462609620023002
2024-06-12,84.54224395751953,85.89801899334074,83.97733410101736,83.98540591300716,391283,90.27806930541992,90.62128890991211,19.513965287482463,-1.6447061421597624,-0.7659499980337927
2024-06-13,88.37554931640625,89.0937867688501,84.57453800921782,84.73593733181595,5604030,90.01700210571289,90.68359008789062,36.5276577240079,-1.4872978767778307,-0.9102195737826004
2024-06-14,90.68359375,91.39375937676463,87.88327183739938,88.77098041010252,5185713,89.89231910705567,90.81190460205079,41.077982593140256,-1.16290554450498,-0.9607567679270764
2024-06-20,98.3905258178711,98.3905258178711,90.43341739278152,91.47445963597768,20943162,90.22036819458008,91.0851579284668,60.71178110207649,-0.28070152327012465,-0.8247457189956862
2024-06-21,101.40067291259766,103.27293337702547,98.77789389975325,99.6656024880873,12901998,90.702152633667,91.42490875244141,69.43803154926952,0.6538085353766547,-0.529034868121218
2024-06-24,102.35294342041016,104.8950166081956,101.52172521290044,101.52172521290044,5385468,91.26302375793458,91.75352294921875,70.78043628944914,1.4544883251347756,-0.13233022947001932
2024-06-25,101.93328857421875,103.53924066130413,101.27961335863458,102.32872735422882,2583232,91.78838653564453,92.0353303527832,69.40247169031629,2.031749445333034,0.3004857054905914
2024-06-26,99.83507537841797,102.44978262398567,99.4638520042995,102.44978262398567,2146667,92.16848793029786,92.25177032470702,65.86094485501042,2.293486883483368,0.6990859410891468
2024-06-27,100.03681182861328,101.6831105477488,99.46383630960348,100.87610173387777,1148778,92.4985538482666,92.48273590087891,68.34044740804723,2.4885081614402935,1.0569703851593761
2024-06-28,100.09331512451172,100.55330996153852,98.13228320729446,100.55330996153852,3455006,92.83144493103028,92.69368835449218,75.64187570664775,2.6174509280429845,1.369066493736098
2024-07-01,100.9325942993164,101.44100764659453,98.87471931640201,100.06102328370639,1963928,93.28538665771484,92.84314620971679,76.54358049708244,2.755597007809655,1.6463725965508096
2024-07-02,101.70732879638672,102.32872908578092,101.22312469676096,101.67504770214644,2221151,93.78169670104981,93.01439346313477,82.39861001986598,2.894230483087611,1.8959441738581702
2024-07-03,106.94483947753906,107.93745713071445,102.08664169746078,102.28839395377986,7324743,94.53019828796387,93.30766082763672,88.94010057300692,3.3876708900430543,2.194289517095147
2024-07-04,107.09815979003906,108.86549899097638,102.49013341292907,106.92061684152827,6996226,95.32227821350098,93.59221221923828,90.24103203811437,3.7478942436116256,2.5050104623984426
2024-07-05,112.17423248291016,113.58649799978133,105.15325780468909,106.92867484881724,10034650,96.41254692077636,93.98716217041016,92.2924903031979,4.3923383480483835,2.882476039528431
2024-07-08,115.3861312866211,117.09699856093249,110.97179153385761,112.98124816642134,5278504,97.78970756530762,94.42359283447266,92.14303484807904,5.103409407398303,3.3266627131024054
2024-07-09,113.42511749267578,117.74260825732831,112.17425107899884,115.4910585638939,3225650,99.07002792358398,94.784326171875,85.8707176052116,5.445923702159462,3.750514910913817
2024-07-10,111.33494567871094,114.1836859165543,110.56021176933038,114.1836859165543,1934735,100.32532997131348,95.11084197998046,74.81435134930379,5.4854761963465535,4.097507168000365
2024-07-11,112.94088745117188,114.57104879566458,108.46198581708282,111.28651682600662,4112879,101.71620979309083,95.46689392089844,73.3812789503119,5.58206138365415,4.394418011131122
2024-07-12,118.33171081542969,119.51801480202228,110.95565046888967,112.97317258024064,13200563,103.39599838256837,95.95029205322265,77.4390152832232,6.024157495261534,4.720365907957205
2024-07-15,120.05873107910156,123.68219356895514,119.43733070790952,119.43733070790952,7829515,105.17182273864746,96.47162017822265,79.78783108136234,6.43964572344899,5.064221871055562
2024-07-16,120.05873107910156,120.05873107910156,120.05873107910156,120.05873107910156,0,106.75598182678223,97.05524932861329,85.69800974964912,6.691784412502429,5.389734379344936
2024-07-17,120.05873107910156,120.05873107910156,120.05873107910156,120.05873107910156,0,108.2247386932373,97.64711013793945,85.59542110844268,6.813069318028596,5.674401367081668
2024-07-18,119.55027770996094,120.88183724389619,118.30748963255314,120.16359993707464,3008807,109.2827262878418,98.23041580200196,84.04395088031248,6.789890906095948,5.897499274884525
2024-07-19,114.35315704345703,119.63906772619593,113.06195021017855,119.63906772619593,4105210,109.93035049438477,98.69557571411133,70.37488509837061,6.27976838311028,5.973953096529676
2024-07-22,114.94227600097656,116.4110381644371,110.96372788637852,114.30474436436195,5099615,110.55981712341308,99.15831451416015,70.20697245158718,5.8555306721616915,5.950268611656079
2024-07-23,114.0384292602539,117.01629416475217,113.0619553565004,115.78963715042136,2318442,111.16507415771484,99.60620452880859,62.48220847200275,5.384319270623962,5.837078743449656
2024-07-24,114.18370819091797,115.7170203699975,113.78826934668035,114.27247967374764,988990,111.88250579833985,100.06668426513671,62.471587941013034,4.965365987299819,5.662736192219689
2024-07-25,112.77141571044922,114.59525119073474,111.77072035152649,114.59525119073474,2704698,112.51923599243165,100.49133224487305,51.20677300074744,4.467879359617569,5.423764825699266
2024-07-26,110.49565124511719,112.73913488291285,109.75320457420435,112.73913488291285,675443,113.03935279846192,100.84673889160156,39.72883700256153,3.845652165656375,5.108142293690688
2024-07-29,109.84199523925781,111.92407993232358,109.39007217049564,109.58374644911939,1836143,113.48482284545898,101.18584426879883,42.03732520236157,3.2621836324198483,4.73895056143652
2024-07-30,107.84061431884766,112.01284928250956,107.42903185664657,111.35109600586145,1604367,113.79148712158204,101.47071868896484,42.203876537704076,2.608219965920682,4.312804442333353
2024-07-31,106.4122085571289,110.47952854960577,105.15327647169512,107.84061795282352,2350522,113.76485557556153,101.73541778564453,35.31770038896485,1.9521850671198848,3.8406805672906597
2024-08-01,107.52587890625,107.88095250702995,105.71817439201047,106.41220259431873,1582379,113.78624153137207,102.04934448242187,19.910262456820178,1.5047902874523515,3.373502511322998
2024-08-02,109.6563720703125,110.9637225335069,106.52517363216661,108.54269586004857,4088836,113.66034851074218,102.40717224121094,21.67033602696793,1.3070725753023993,2.9602165241188785
2024-08-05,106.18623352050781,109.34970696005102,105.33887170488511,108.9462025063239,1826989,113.20035362243652,102.70818649291992,18.225518059926216,0.860449952689919,2.540263209833087
2024-08-06,106.92061614990234,109.10760342535289,105.80693990080746,107.2272711657273,2048309,112.87512855529785,103.01807815551757,20.887003217910745,0.5593094757493446,2.1440724630163386
2024-08-07,108.21988677978516,108.90583688264462,105.85534455375196,105.85534455375196,1305601,112.71937561035156,103.33781494140625,25.742928422955586,0.4206448278150532,1.7993869359760817
2024-08-08,109.92268371582031,110.35039743224941,107.00938119951411,108.0181422880692,3188687,112.56846542358399,103.66755874633789,38.84601570017921,0.4430464138999497,1.5281188315608554
2024-08-09,111.2542495727539,111.36723032835394,109.04304071146291,109.95496472636395,1073467,112.2145923614502,104.0239338684082,41.049758393819744,0.5617703298882191,1.3348491312263282
2024-08-12,110.89916229248047,111.60933406964217,109.86619187877906,109.86619187877906,643068,111.75661392211914,104.40484191894531,42.173037372048846,0.6200596510550866,1.19189123519208
2024-08-13,110.56021881103516,111.28652189223158,109.43847693755532,110.56021881103516,479120,111.28168830871581,104.78042373657226,41.052161966837055,0.6316234893348422,1.0798376860206327
2024-08-15,111.343017578125,112.13388284269307,109.75320907913976,110.56021796942757,428031,110.845902633667,105.16778793334962,46.359536395691556,0.6959309738023904,1.0030563435769841
2024-08-16,110.85880279541016,112.12581261217865,110.17285265503881,111.75458311964162,181836,110.41132888793945,105.55983276367188,51.01855477735765,0.6997566729971396,0.9423964094610153
2024-08-19,110.83458709716797,111.36721586754118,108.62339083697525,110.92335855889684,702144,110.235400390625,105.96914733886719,52.88588359042861,0.6928478440392496,0.8924866963766622
2024-08-20,110.48758697509766,111.36722368508161,109.76127160615593,111.35915802944089,186616,110.01266593933106,106.42204071044922,58.515007976438824,0.6518583205134689,0.8443610212040236
2024-08-21,109.74515533447266,110.94759083056177,108.98656492503189,110.51987705740554,403561,109.79800224304199,106.8605696105957,61.216748196769124,0.553090120544411,0.7861068410721012
2024-08-22,108.0584716796875,109.75319505838567,106.9367299580469,109.75319505838567,842193,109.49174041748047,107.29716094970703,51.72583270538022,0.3348543433146318,0.6958563415206073
2024-08-23,108.1956787109375,108.62339240161644,107.33217336041152,108.62339240161644,515666,109.26295356750488,107.75860870361328,44.5645533108484,0.1710011830968199,0.5908853098358499
2024-08-26,104.16063690185547,108.9058405081131,103.70063595229166,108.23602169315639,3044515,108.94620285034179,108.1471026611328,42.766573871404184,-0.281206208488868,0.4164670061709063
2024-08-27,103.68450164794922,104.89501501690776,103.2164411579305,104.1122153865296,635725,108.63832817077636,108.52994781494141,38.22665365437716,-0.6702774192053624,0.1991181210956526
2024-08-28,103.23255920410156,104.10413014344478,102.08660824144003,104.10413014344478,514558,108.40792541503906,108.82708801269531,30.66337417981167,-1.0035191904245693,-0.04140934120839179
2024-08-29,102.52240753173828,104.08800055199318,101.68311756852448,103.2971353077074,1469353,108.21343536376953,109.06386428833008,18.9153348438186,-1.3098202079452648,-0.2950915145557664
2024-08-30,101.21505737304688,103.94275146593161,100.55331030424438,102.31258999793728,2262774,107.89789428710938,109.1203549194336,7.744675603761266,-1.6391629527594205,-0.5639058021964972
2024-09-02,99.44770812988281,104.18485252622641,98.44701267419538,101.31996850663556,4119350,107.3874610900879,109.0812956237793,6.921778342600675,-2.0195002229059895,-0.8550246863383957
2024-09-03,99.7396240234375,100.08993727665455,98.83881306069638,99.67289587133516,1820294,107.06513061523438,109.02902923583984,9.150419792911777,-2.2711842781172464,-1.138256604694166
2024-09-04,100.05657958984375,100.63209880227002,99.58949522239475,100.08994366802543,471361,106.72192878723145,108.99149505615235,5.838501751729623,-2.4172059938188255,-1.394046482519098
2024-09-05,98.86383819580078,100.46527572440723,98.42177530792425,100.46527572440723,1560409,106.25412635803222,108.9720703125,5.531784426151617,-2.599211426513577,-1.6350794713179937
2024-09-06,99.67290496826172,100.04823972188642,98.44680210655149,98.83882208149802,985098,105.7416374206543,108.96479217529297,10.89649834068905,-2.6476466933400644,-1.837592915722408
2024-09-09,97.27908325195312,100.00653781206756,96.7536133324899,100.00653781206756,1674924,105.04287910461426,108.9085075378418,9.529780447016435,-2.846382076988391,-2.039350747975605
2024-09-10,99.87308502197266,100.42358279244745,96.83702376418066,96.83702376418066,2113941,104.49157524108887,108.88731735229493,22.834693608484287,-2.7627201186829495,-2.184024622117074
2024-09-11,97.60437774658203,99.67290612982293,96.80365892958321,99.6645635190648,1837630,103.84378318786621,108.80525833129883,22.125966216054024,-2.8466685081479426,-2.3165533993232477
2024-09-12,97.11226654052734,97.9213279236988,95.91952780974256,97.79621422341144,1187511,103.13224563598632,108.6086068725586,20.99690508542659,-2.9192561059821713,-2.4370939406550325
2024-09-13,96.3365707397461,97.9880576095311,95.75271528068167,97.58769503506747,745390,102.40613403320313,108.39337509155274,25.315204633881223,-3.004737722513113,-2.5506226970266486
2024-09-16,96.75361633300781,97.12895109232892,95.54419867426422,95.83612641635258,238665,101.70208549499512,108.08496276855469,28.051338574915306,-3.0041998793354026,-2.6413381334883996
2024-09-17,96.75361633300781,96.75361633300781,96.75361633300781,96.75361633300781,0,101.01538696289063,107.71231246948243,28.877944921999372,-2.9695425961695605,-2.706979026024632
2024-09-18,96.9704818725586,97.50429443123747,96.37828376413509,96.37828376413509,904474,100.37665328979492,107.38321975708008,31.298622932754384,-2.8912486977003056,-2.7438329603597666
2024-09-19,99.81468963623047,101.84151114528275,96.76194982119745,97.33746264032801,3631265,99.96446418762207,107.15281463623047,45.72549991313554,-2.5700702525360555,-2.7090804187950246
2024-09-20,106.63749694824219,108.40575497809792,99.46438531754782,99.46438531754782,16166846,99.88655509948731,107.02674682617187,66.77040430629845,-1.744876639525657,-2.516239662941151
2024-09-23,107.02117919921875,107.91365404738791,105.43642671584176,106.76261552607681,6578961,100.02958221435547,106.80053619384766,66.91205239431828,-1.0478656618524411,-2.222564862723409
2024-09-24,107.12126159667969,107.93032303433274,105.3279884381428,107.55498827174306,4258144,100.201420211792,106.54178680419922,66.57532755703562,-0.4818491700107046,-1.874421724180868
2024-09-25,107.9720230102539,108.59758515136441,105.97022924953804,107.5883520242123,3701632,100.4383934020996,106.30005264282227,71.71836284715275,0.034969210378463345,-1.4925435372690017
2024-09-26,107.42988586425781,110.43257683007973,106.88772431373606,108.43078285286512,4352809,100.68376731872559,106.04747573852539,68.73492459579951,0.39623797869076327,-1.1147872340770488
2024-09-27,106.64584350585938,108.13884634457517,106.42898016314655,106.76261460650142,2536054,100.9553066253662,105.78938705444335,74.5303994571711,0.6122230879100528,-0.7693851696796286
2024-09-30,105.9618911743164,107.50494324905479,103.0926439946187,107.17965143083877,2427707,101.2810157775879,105.62156173706055,67.71845910380215,0.7199049893358449,-0.4715271378765339
2024-10-01,104.21031951904297,107.48825920567559,103.50968657428933,105.9368708667838,1360816,101.50455055236816,105.40692260742188,69.8198515778438,0.6563405921480836,-0.24595359187161042
2024-10-02,105.61158752441406,105.92853676085271,102.67561191832164,104.0518500859557,4590754,101.78230094909668,105.23838577270507,74.18135642887377,0.7108418244989707,-0.05459450859749421
2024-10-03,106.92108917236328,108.26396315277094,104.73578967970448,105.13615227235823,7029524,102.1851634979248,105.09313339233398,79.22620396875087,0.849903128604609,0.12630501884292644
2024-10-04,107.96369171142578,109.4733797114929,106.4289758791876,106.98781625382044,2129048,102.59970283508301,104.99697891235351,79.91989199469748,1.0323393599675228,0.3075118870678457
2024-10-07,107.68009948730469,108.27229117517066,106.97112398409682,107.59668611265879,2489854,103.11975364685058,104.94066787719727,78.72808618770877,1.1408864366328686,0.4741867969808503
2024-10-08,114.89492797851562,117.27206951028882,107.38818132293203,107.38818132293203,10525888,103.87084579467773,105.04172653198242,84.45016383452258,1.7884707616766207,0.7370435899200044
2024-10-09,114.89492797851562,114.89492797851562,114.89492797851562,114.89492797851562,0,104.73537330627441,105.18281280517579,82.54142922384804,2.275455964925385,1.0447260649210806
2024-10-10,114.80316162109375,117.55563753929364,113.98576400124816,117.55563753929364,2862475,105.61991806030274,105.35063186645507,74.83506559321626,2.6237455632897735,1.3605299645948192
2024-10-11,113.47698211669922,115.85411076694083,112.42602950785363,114.68639978721812,4278696,106.4769386291504,105.46965393066407,68.57006291008638,2.7609296976886384,1.6406099112135832
2024-10-14,112.90979766845703,114.26935686292722,112.60119106930784,114.10254282898428,1370755,107.28474769592285,105.53472244262696,66.21494258523524,2.791701075518148,1.8708281440744963
2024-10-15,114.47786712646484,115.08674402191187,112.27588898918162,112.80970148527774,674825,108.1709602355957,105.7005551147461,67.52019868719833,2.909083609493223,2.0784792371582417
2024-10-16,112.46773529052734,116.35456466279818,111.77544495560481,115.06173362112587,2452858,108.94582290649414,105.81149749755859,62.572815478522934,2.8075456351311914,2.224292516752832
2024-10-17,111.8338394165039,113.22675636534922,110.30746614598478,113.22675636534922,1650771,109.54678039550781,105.88377655029296,63.04529742658866,2.6454310768327787,2.3085202287688213
2024-10-18,111.78379821777344,112.55948923627388,109.76531904764293,110.31580411069996,1812545,109.80409545898438,105.92099884033203,65.12133905142596,2.484278993061139,2.343671981627285
2024-10-21,112.78468322753906,113.00154018530917,111.35005971713578,111.78378635977016,1067275,110.09227066040039,105.95160751342773,73.17402286762962,2.4095520450953103,2.35684799432089
2024-10-22,112.83473205566406,115.1034385288939,112.69293949197404,112.76800389738143,1433632,110.37794418334961,105.9903189086914,71.06029315065324,2.3275385075355217,2.3509860969638168
2024-10-23,115.72067260742188,116.20444224376149,112.18415633164383,113.36855258871157,3975976,110.765376663208,106.09352798461914,73.49667630263879,2.466975711496019,2.3741840198702575
2024-10-24,118.73521423339844,120.14371823970983,115.9439704991594,117.63589467261505,4238144,111.33064308166504,106.2413719177246,76.02180911239302,2.78858395585641,2.4570640070674883
2024-10-25,119.18179321289062,120.01487299485207,117.79045693208104,117.79045693208104,3277897,111.9574405670166,106.40783172607422,77.56865510388147,3.04440202651584,2.574531610957159
2024-10-28,120.11793518066406,121.52643896675328,118.94990669183979,118.94990669183979,3452345,112.66524276733398,106.59349868774414,67.90982066895701,3.2848132413960087,2.7165879370449293
2024-10-29,120.04064178466797,121.82703905933904,119.38791189098923,119.7228605609325,1472662,113.45675888061524,106.78455978393555,67.55174109803289,3.4295699822466332,2.85918434608527
2024-10-30,117.64445495605469,120.66758969830083,116.88868109918336,120.23816767090474,619331,114.05840225219727,106.94254577636718,58.37491398270208,3.3127511577559403,2.949897708419404
2024-10-31,112.29386901855469,117.66164478425998,111.64973592667006,117.66164478425998,3432757,114.32704124450683,107.02725372314453,47.18138978951077,2.756646919533793,2.911247550642282
2024-11-01,115.02498626708984,115.85806610873918,111.69268000541369,112.07057351357477,942345,114.68010597229004,107.16383987426758,54.56815404671861,2.50740483910576,2.8304790083349776
2024-11-04,113.38460540771484,115.93537351536366,112.93800279193529,114.99922345643552,443202,114.96533126831055,107.34831924438477,47.64624410230533,2.152698697975751,2.694922946263133
2024-11-05,112.02764129638672,112.9465977901953,111.44362041669562,112.9465977901953,702163,114.8219669342041,107.51518203735351,49.02507255674908,1.7420149979192274,2.504341356594352
2024-11-06,112.86930084228516,113.37601576455761,111.22890530924495,112.02763721318081,518233,114.72068557739257,107.70791687011719,52.27290540010972,1.4675431739247529,2.2969817200604323
2024-11-07,111.28902435302734,113.71095799410047,110.79089318317907,113.15271454948714,1417473,114.54497871398925,107.88324920654297,48.982307009309274,1.1097150656814563,2.059528389184637
2024-11-08,110.7479476928711,112.45705222549019,110.32712245726941,111.22889830779951,1166098,114.40852699279785,108.07390701293946,45.72989808724438,0.7735562721942557,1.802333965786561
2024-11-11,109.45109558105469,112.45704996896222,109.08179235129906,112.45704996896222,1128150,114.23559188842773,108.27397476196289,43.25850553152162,0.3979159518847979,1.5214503630062084
2024-11-12,107.77633666992188,109.93203704351077,107.35550492530349,109.93203704351077,1043642,113.90051536560058,108.43470901489258,33.36920530330181,-0.03452279855497409,1.2102557306939719
2024-11-13,107.6561050415039,108.12847191054229,106.84020577948529,107.78493296510167,1150637,113.65993385314941,108.58669952392579,23.60873286893245,-0.3825257922085825,0.891699426113461
2024-11-14,112.10492706298828,112.5000011424247,107.57023095036084,107.7849419901819,2093410,113.67348823547363,108.85152130126953,35.841934039258234,-0.2959266568363432,0.6541742095235001
2024-11-15,114.97345733642578,115.94395537872619,112.50857892306023,112.50857892306023,2916396,113.83297119140624,109.15753234863281,40.44655843635124,0.004122677952707932,0.5241639032093418
2024-11-18,118.82109832763672,119.89465355970817,113.41037733701216,115.25688709420615,2788981,114.13479194641113,109.58837265014648,48.01345474050187,0.5460914076082162,0.5285494040891167
2024-11-19,118.75238037109375,121.0970211538434,118.17695638217313,119.16462188011185,1966284,114.43067436218261,109.9659585571289,51.95279974181056,0.9590057444789721,0.6146406721670878
2024-11-20,115.16242218017578,121.07985853040434,114.66429094326472,118.9499284626892,4070058,114.40276184082032,110.31711944580078,55.390601276412355,0.9852068564898957,0.6887539090316495
2024-11-21,115.85806274414062,116.7169068359576,114.66426998071188,115.17099795462373,2979799,114.25890426635742,110.69203536987305,51.69520812187154,1.0500000592478926,0.7610031390748981
2024-11-22,124.2747573852539,127.44389468883507,116.37339309499181,116.37339309499181,19337975,114.51355247497558,111.2507991027832,67.36986902815454,1.7602153882297387,0.9608455889058664
2024-11-25,126.40469360351562,132.85462247037205,124.53241938179404,124.70418561512903,8325904,114.82789039611816,111.84382064819336,72.37966365465067,2.4665019068292224,1.2619768524905377
2024-11-26,132.7000274658203,139.04688628947625,123.75946830362088,126.88566101706729,15664430,115.46085968017579,112.5627488708496,76.38856429522995,3.4939438815644763,1.7083702583053255
2024-11-27,145.9691619873047,145.9691619873047,136.1268019595818,137.38930394728527,16437727,116.87709503173828,113.54272247314454,85.19873570611192,5.317609220959071,2.430218050836075
2024-11-28,152.393310546875,156.65317026127715,147.5064851572505,150.52102345491934,9935745,118.8820671081543,114.59429489135742,87.75891310486267,7.198275007619017,3.3838294421926634
2024-11-29,155.45079040527344,157.0825890404872,148.1506151652468,152.87425796761698,4003513,120.90335731506347,115.57056076049804,90.41653226379483,8.83360101142577,4.4737837560392855
2024-12-02,156.6875457763672,158.70582188429145,152.65956418025243,156.61025293968532,3552010,123.0685043334961,116.56388809204101,93.30799885644926,10.112830063823992,5.601593017596227
2024-12-03,153.08038330078125,156.69610976944483,150.3921969653481,156.69610976944483,3401122,125.12114143371582,117.48307052612304,87.88137298154481,10.712078268490103,6.623690067775002
2024-12-04,149.24134826660156,153.73309940094964,148.40826841139824,153.01167347631628,4623087,126.93974380493164,118.30845703125,81.28796865151291,10.753251950120273,7.449602444244057
2024-12-05,149.885498046875,151.9295383941708,146.75070875785053,149.26712915553023,5266009,128.86956748962402,119.15756927490234,80.5593031289823,10.714351518483454,8.102552259091937
2024-12-06,149.57630920410156,152.23013464023654,148.62299161671334,150.2977351878217,3748921,130.81098556518555,120.01617858886719,78.69848468129186,10.537108463293379,8.589463499932226
2024-12-09,143.53001403808594,147.7039966626051,142.77424018229516,146.01207282868987,3592330,132.51493148803712,120.76754104614258,70.80024665777182,9.795836273325051,8.83073805461079
2024-12-10,140.67868041992188,144.6723006466041,138.65180761486116,143.42697919671886,3169807,134.1600486755371,121.49690826416015,71.68927704506706,8.87597718887153,8.839785881462939
2024-12-11,140.97067260742188,142.95460041762874,138.35979226221812,140.50690255117294,1676345,135.825777053833,122.20408996582032,71.49366178715348,8.07743195887096,8.687315096944543
2024-12-12,145.49681091308594,146.00352588715973,140.8504602676129,140.8504602676129,3035039,137.4953712463379,122.97560440063477,69.459746288882,7.720800068480514,8.494012091251738
2024-12-13,139.15850830078125,145.48818511630003,137.94753497611288,145.14465271869753,2530295,138.70462379455566,123.59950073242187,60.856814341738556,6.847781711569326,8.164766015315257
2024-12-16,137.09730529785156,139.77689503677863,136.16975197939468,139.1327618799271,4109609,139.6184341430664,124.1878448486328,54.034028171285364,5.921329121600991,7.716078636572403
2024-12-17,140.46395874023438,143.5128579935839,135.44831221414418,135.74889979381896,3255283,140.70401306152343,124.6992254638672,43.82822509874627,5.396561365643777,7.252175182386678
2024-12-18,138.89227294921875,143.51285853548737,137.42364372924175,143.42696888101523,1767041,141.8905055999756,125.17917236328125,33.016441423111345,4.798542617782658,6.7614486694658735
2024-12-19,132.68283081054688,140.07747909614443,130.97372631981509,138.89227003488872,2194124,142.7317440032959,125.53676574707032,23.463506922226287,3.7799850507862516,6.16515594572995
2024-12-20,134.45205688476562,134.83853413870108,131.4031574727469,131.49763085525754,1293668,143.2406089782715,125.95626724243164,24.401838567117778,3.0800279537804727,5.548130347340054
2024-12-23,137.5868377685547,139.1327599444778,135.01030517699027,135.68879943152547,1939151,143.79971618652343,126.4498080444336,31.96723436796833,2.746596475872707,4.987823573046585
2024-12-24,135.93783569335938,139.5707423690513,135.48264939355278,137.78434516578835,1415722,143.96160659790038,126.87900741577148,33.68443666460443,2.3225164176573685,4.454762141968742
2024-12-26,134.70973205566406,135.95505365450623,132.27060431364018,135.95505365450623,1519902,143.39863510131835,127.32384735107422,31.651103469829707,1.865824156872975,3.9369745449495888
2024-12-27,134.13426208496094,135.43112503253235,133.1208323612181,134.40909848084277,1197397,142.48568267822264,127.76985580444335,31.448600666377274,1.4408474402835623,3.4377491240163836
2024-12-30,147.29176330566406,147.54941915692055,134.94158094103716,136.63350486821895,7671167,142.07773132324218,128.48001510620117,53.859721745578064,2.1410697974244783,3.1784132586980025
2024-12-31,149.83395385742188,153.30367840358403,145.11031110549072,148.67450903088834,7407018,141.73505172729492,129.22100051879883,59.453690153414485,2.868073228972264,3.116345252752855
2025-01-01,149.83395385742188,149.83395385742188,149.83395385742188,149.83395385742188,0,141.57273025512694,129.96098495483398,59.20770470619119,3.4049782168917773,3.17407184558064
2025-01-02,152.0325927734375,154.548999804027,149.4388798107917,149.4388798107917,4388527,141.71229248046876,130.68722335815428,57.13479026669283,3.962217101389598,3.3317008967424315
2025-01-03,155.88021850585938,156.739062684955,149.43888716264203,152.66813655826968,4584507,142.01202850341798,131.43012344360352,69.30399680954206,4.660579908623674,3.59747669911868
2025-01-06,154.6348876953125,157.08258559443595,151.5859884233209,157.08258559443595,4291933,142.26495742797852,132.13918533325196,70.63456128287484,5.05527560565946,3.889036480426836
2025-01-07,151.6804656982422,156.0949241004628,146.94823915442637,154.6864202201218,2682335,142.67248001098633,132.7704359436035,63.32651553909583,5.071219760486372,4.125473136438743
2025-01-08,148.62298583984375,153.30368393277314,147.2917747589389,151.84365146868353,673197,143.06969528198243,133.34208282470703,61.16695945018337,4.782018414333351,4.256782192017665
2025-01-09,149.5677032470703,151.15657016405893,146.43292734643208,147.80708322625586,1870419,143.49954681396486,133.98054779052734,72.04033106496654,4.576302299099524,4.320686213434037
2025-01-10,147.91014099121094,149.85112405807948,147.30035587677338,149.85112405807948,543986,143.6202133178711,134.69287322998048,67.61860243986729,4.230749922889373,4.302698955325105
2025-01-13,148.6745147705078,149.43888555749584,147.7211972177545,148.6745147705078,832354,144.09601364135742,135.36586380004883,65.47589129251364,3.9727800159690503,4.2367151674538945
2025-01-14,147.6095428466797,149.39594028733183,147.08564738040707,149.37875973460692,812561,144.62162551879882,136.05036254882813,66.56106847586562,3.640437969433009,4.117459727849718
2025-01-15,147.4635467529297,150.12596901912195,147.2917805336417,148.83770271707843,1548222,144.9716049194336,136.75908065795898,68.6697944038462,3.326923139518044,3.9593524101833832
2025-01-16,148.02178955078125,148.99227449652184,146.87092846847762,148.53708816061808,1232646,145.4280807495117,137.4621304321289,70.33964932417423,3.087910397509944,3.785064007648695
2025-01-17,148.74319458007812,149.43885612386762,147.30032984432404,148.58001212315574,1706111,146.2310989379883,138.2112138366699,53.3438560104055,2.923007819669607,3.6126527700528777
2025-01-20,148.79473876953125,150.5124269515749,147.80707330682446,148.49413809570527,1662367,146.94823303222657,138.97214965820314,47.2954448343179,2.764611800068252,3.4430445760559527
2025-01-21,149.32720947265625,151.5859734979566,148.79473035989224,151.07066183049977,2763327,147.53525161743164,139.76967193603517,48.716763756246166,2.6514831023384886,3.2847322813124604
2025-01-22,147.918701171875,150.34064758679276,147.37763835326632,149.3272048335904,3466260,148.13429489135743,140.5725192260742,39.148068123637515,2.4202735390709336,3.1118405328641554
2025-01-23,147.42059326171875,148.91498680207386,147.29177188105098,148.91498680207386,713488,148.76983795166015,141.36780899047852,22.894735298201425,2.171809876565959,2.9238344016045166
2025-01-24,149.87689208984375,151.500107054538,147.50648688733023,148.32238623166145,3353657,149.5569694519043,142.1232482910156,35.85285737618642,2.1483387098776063,2.7687352632591344
2025-01-27,149.696533203125,151.24245524492312,149.09534493823722,149.88547995850706,2683010,149.67720794677734,142.8177098083496,42.935738743114705,2.091079523248112,2.63320411525693
2025-01-28,150.01429748535156,151.05350461328533,148.32237355870663,150.62408256296774,2280815,149.68622512817382,143.4415737915039,56.15498124094617,2.0477370887359996,2.516110709952744
2025-01-29,149.1984100341797,151.07068403157336,147.7641418450488,151.07068403157336,1520016,149.65444793701172,144.0504943847656,48.34745843723455,1.9253582668596607,2.3979602213341273
2025-01-30,149.22415161132812,150.64123903214394,148.58001858279002,148.58001858279002,1126862,149.51402587890624,144.73172897338867,56.88564150047255,1.809589477904467,2.2802860726481953
2025-01-31,151.14797973632812,154.07662819361903,148.5800311279634,148.72603305416914,2648935,149.27741394042968,145.4375273132324,61.55703120878243,1.8517331036187556,2.1945754788423075
2025-02-03,148.02178955078125,152.01540947293213,147.72118886635212,151.15656535161614,1015872,148.94675903320314,145.91246795654297,51.61509003542593,1.6142665493784136,2.078513692949529
2025-02-04,145.60842895507812,149.0008737739741,145.18760371586592,148.5800354298404,1734368,148.6431571960449,146.29654266357423,43.82849722889743,1.2173022607935025,1.9062714065183237
2025-02-06,141.51174926757812,146.86234446375087,140.16335770933236,146.0035003440798,2172957,148.28759536743163,146.47277709960937,32.46986971620913,0.5656173045142623,1.6381405861175116
2025-02-07,140.97067260742188,144.70664975217176,140.16335704198747,141.70927907101918,1574322,147.8577438354492,146.37280731201173,28.865022936541138,0.00542933106916621,1.3115983351078426
2025-02-10,142.6711883544922,144.2858195766632,137.50095592187222,140.8933877492677,516169,147.59579620361328,146.17836486816407,34.71923212535536,-0.2978725752091975,0.9897041530444347
2025-02-11,142.16448974609375,145.1017355517253,141.06517013831083,143.42699186056566,493311,147.2702949523926,145.91263885498046,32.10305907542994,-0.5725281164082787,0.6772576991538921
2025-02-12,140.35231018066406,144.1655803241071,139.8541789983752,142.13870759493116,866334,146.9074333190918,145.5859341430664,31.468266989162842,-0.9257508776508416,0.3566559837929454
2025-02-13,140.2148895263672,141.6148096676203,139.57935325015387,140.0345395957905,313059,146.54500045776368,145.32862426757814,32.03424895701683,-1.2029048211021802,0.04474382281392025
2025-02-14,139.579345703125,141.27985333836702,139.13274310526114,141.25408906396342,313820,146.12287826538085,145.13538421630858,21.761620307062984,-1.4570385596078381,-0.2556126536704314
2025-02-17,139.82838439941406,140.83323026985894,137.86163747792838,139.57932541474062,246520,145.67713775634766,144.93424194335938,23.040681654278885,-1.619675426714764,-0.528425208279298
2025-02-18,141.63198852539062,141.9669372116618,139.562171028343,140.72161584500856,410196,145.31900024414062,144.77535552978514,28.81946559676004,-1.584762381758111,-0.7396926429750605
2025-02-19,139.52781677246094,143.42696317894493,139.17568755001426,142.3877560628006,1208852,144.82903060913085,144.69531158447265,27.057861052387707,-1.7072030432735232,-0.933194723034753
2025-02-20,137.7843780517578,139.75113874177998,136.6507104455014,139.75113874177998,898037,144.322314453125,144.63742553710938,24.90589505633578,-1.9227547638528222,-1.131106731198367
2025-02-21,135.86915588378906,139.10700233169467,135.2679675379384,138.01626647962937,468454,143.7447425842285,144.53539520263672,16.471956749285283,-2.222503837377104,-1.3493861524341144
2025-02-24,132.58836364746094,136.1267973405942,128.48308967195538,136.1267973405942,7249879,142.88031616210938,144.27722625732423,16.360944246261255,-2.6937379185362147,-1.6182565056545344
2025-02-25,133.74778747558594,137.41505543693705,132.4337570563639,134.83852314749447,2334637,142.08287887573243,144.1690118408203,22.65344592355339,-2.939750891348524,-1.8825553827933326
2025-02-26,132.0386962890625,134.31462790584214,131.31725728730436,133.1294188575232,808789,141.18409881591796,144.06783966064452,25.456145511129662,-3.2353324217776844,-2.153110790590203
2025-02-27,130.278076171875,132.60553656825923,129.09286700616184,131.83258204579025,670014,140.23808212280272,143.86412200927734,23.943072259588348,-3.570491836199807,-2.436586999712124
2025-02-28,130.94796752929688,131.789631120044,130.14065193810364,131.40315387668514,1146474,139.32427291870118,143.7052359008789,19.920617582367683,-3.7389531285458872,-2.697060225478877
2025-03-03,129.9688720703125,131.31725041852027,128.82660790760795,130.54429601304273,175840,138.26531753540038,143.6509567260742,19.449141787735797,-3.9064338001485908,-2.93893494041282
2025-03-04,131.343017578125,131.81538443848444,129.68545481031526,130.54429888190677,217870,137.43137893676757,143.5887759399414,26.924691310740286,-3.8835146413776442,-3.127850880605785
2025-03-05,130.26089477539062,132.26200328073526,129.7799441329755,131.40315910358763,286992,136.66400222778321,143.44225708007812,25.68187087938101,-3.9076246449361633,-3.283805633471861
2025-03-06,131.72950744628906,132.26198657529036,129.94311021086352,131.27432113828723,380000,136.17489013671874,143.35809051513672,31.57251862459873,-3.7648286267415756,-3.3800102321258043
2025-03-07,132.25341796875,132.77731343471643,131.54915946158243,132.25341796875,213958,135.73902740478516,143.30896423339843,32.44433945383034,-3.568253942583766,-3.417658974217397
2025-03-10,135.19924926757812,136.12680255473734,132.03870897496643,133.10366737120975,1360061,135.36543045043945,143.33026397705078,35.841181133038674,-3.1385834859429735,-3.3618438765625123
2025-03-11,133.67909240722656,136.54764195031677,133.12943265197927,135.69738148777955,785703,134.9411605834961,143.05801055908202,36.78693606054881,-2.8874458294468184,-3.2669642671393735
2025-03-12,134.28030395507812,135.68880800324766,133.5932259329391,133.67910249512943,766770,134.6375602722168,142.74693756103517,41.65304239794884,-2.60982029613038,-3.1355354729375753
2025-03-13,135.147705078125,138.0591859878238,134.40909864444433,134.7354635887211,1196969,134.3842010498047,142.45321258544922,48.19115505773414,-2.293371480484069,-2.9671026744468745
2025-03-14,135.18206787109375,136.45316668533735,134.58947639861833,135.68879589396482,381403,134.16433715820312,142.11620208740234,57.76749916147329,-2.0165650177268333,-2.7769951431028668
2025-03-17,134.59950256347656,135.84406765542084,134.25525886254042,135.04966325898064,1343015,133.90289306640625,141.69058776855468,52.64195703045127,-1.8231855057157986,-2.586233215625453
2025-03-18,135.3850860595703,135.84406868523774,134.60832551060932,134.60832551060932,1060902,133.59054794311524,141.30559173583984,61.01111308596751,-1.588232668916561,-2.3866331062836745
2025-03-19,135.9499969482422,136.81501715647786,135.0496620963943,135.6675336737055,1120793,133.4116569519043,140.99098236083984,70.2571469365912,-1.340989176955702,-2.17750432041808
2025-03-20,135.95883178710938,136.81503015005185,135.82643553246527,136.02944761245004,1916112,133.32037963867188,140.73769927978515,68.7831172040157,-1.1312931869689749,-1.9682620937282589
2025-03-21,134.46710205078125,137.34463964024363,134.21113147353395,136.99156051987856,1177327,133.2502769470215,140.43568725585936,66.23748022613808,-1.073107610396221,-1.7892311970618515
2025-03-24,133.69033813476562,136.28539863346546,133.2843005644825,136.28539863346546,191587,133.3053756713867,140.15129119873046,58.85514163943939,-1.0772555467191296,-1.6468360669933073
2025-03-25,133.81393432617188,136.0206284049769,133.28432235982197,133.3019796836581,818442,133.308683013916,139.85407958984376,64.44857010955627,-1.0583694126523255,-1.529142736125111
2025-03-26,134.9525604248047,136.3736717173668,134.22877188925935,135.0496554871011,754544,133.45437622070312,139.60093994140624,63.46812553400411,-0.9406808221090159,-1.411450353321892
2025-03-27,134.86428833007812,135.93233402358575,134.60831778309628,135.90585477626314,568480,133.68368682861328,139.3489547729492,61.322225457240414,-0.844796300640354,-1.2981195427855847
2025-03-28,134.86428833007812,134.86428833007812,134.86428833007812,134.86428833007812,0,133.87950286865234,139.08580474853517,48.04892616280517,-0.7600457917901053,-1.1905047925864891
2025-03-31,134.86428833007812,134.86428833007812,134.86428833007812,134.86428833007812,0,134.12427368164063,138.80822662353515,58.38915446378233,-0.6849843299639531,-1.089400700061982
2025-04-03,135.6675262451172,136.72673652945136,134.23759303469555,135.47333612165383,1200284,134.34049911499022,138.54568237304687,59.54613515562491,-0.5542934440860279,-0.9823792488667913
2025-04-04,139.67489624023438,143.4350976436145,135.93233868994852,136.35602013024442,5435627,134.81119918823242,138.35263610839843,71.75309916446467,-0.1259073265474342,-0.8110848644029199
2025-04-07,134.1758270263672,139.4630710891359,126.32000119422621,137.2651988542911,1971965,134.93351516723632,138.0777786254883,46.82985079218877,-0.22751452415135986,-0.694370796352608
2025-04-08,133.4167022705078,136.37367736124597,132.41928582773676,135.93233859955907,2340621,134.9916793823242,137.79770080566405,46.31460238251,-0.3650855053722637,-0.6285137381565391
2025-04-09,132.62228393554688,134.60830815421565,131.29826778976772,133.19601887794903,987736,134.86283111572266,137.45260864257813,41.39633145575689,-0.5320809218769966,-0.6092271749006306
2025-04-10,133.31961059570312,135.88820548652473,132.99302421369566,135.88820548652473,2934385,134.8448570251465,137.12507019042968,41.87569102694734,-0.6012269884494117,-0.6076271376103868
2025-04-11,132.392822265625,134.16699944912102,131.61606164307545,134.16699944912102,716336,134.75048294067383,136.77264068603515,39.576925821529244,-0.7224815001183913,-0.6305980101119877
2025-04-14,134.43179321289062,135.93234235031233,132.40163215939512,132.40163215939512,1745894,134.7146873474121,136.4773083496094,49.89999515966201,-0.6465951131812346,-0.6337974307258372
2025-04-15,134.5906524658203,136.46193779984438,134.21110763101893,135.84405281612018,1781141,134.68511657714845,136.18463836669923,52.64244045182538,-0.5670988284448129,-0.6204577102696324
2025-04-16,133.58441162109375,135.49099828215108,132.84296574243479,134.65245733829227,1080459,134.6343620300293,135.83336700439452,49.35953006657617,-0.5786226747013643,-0.6120907031559788
2025-04-17,134.32583618164062,135.0408161675091,133.27546142120124,133.28428334624118,916312,134.5813995361328,135.55944793701173,48.21151600286694,-0.5219123593920756,-0.5940550344031982
2025-04-18,129.4534912109375,135.40272920889677,126.13461504161192,134.6259821325658,9362714,134.25657424926757,135.23634918212892,37.87098301263107,-0.8602105731586391,-0.6472861421542864
2025-04-21,127.2026596069336,130.30968828910986,127.00846947251068,129.66532399371098,3660704,133.8187656402588,134.95016738891601,34.399685578068755,-1.295009580011282,-0.7768308297256855
2025-04-22,127.27327728271484,128.77382641448506,126.54065330462794,127.89997079683165,1889245,133.45907440185547,134.67621948242189,34.58779668641246,-1.6152728097621605,-0.9445192257329805
2025-04-23,124.20157623291016,127.105579732564,123.23062544473854,126.70837748961812,4346336,132.9846363067627,134.30682723999024,28.68393304990677,-2.0928196084430226,-1.1741793022749891
2025-04-24,122.00370025634766,123.11586919556794,121.58884070241652,122.69218771423517,1647520,132.39412460327148,133.9036114501953,14.778199274395917,-2.6184453023097376,-1.4630325022819388
2025-04-25,130.45089721679688,131.0776041459636,121.89776385583689,123.05406918524787,6914449,132.1690414428711,133.70558319091796,43.35634094593021,-2.3265700023425495,-1.635740002294061
2025-04-28,132.93124389648438,136.80619778705497,131.96029320785325,133.84922261870702,5938523,132.0723892211914,133.5599102783203,49.18423913600886,-1.8735167415687783,-1.6832953501490044
2025-04-29,134.48475646972656,135.22620240359464,131.34242644358864,132.48990998996027,3484079,132.05341262817382,133.45801849365233,53.05182901216541,-1.3732829360706376,-1.6212928673333311
2025-04-30,130.05369567871094,134.07870280183454,129.64767158341812,134.07870280183454,3494774,131.81288299560546,133.2625247192383,45.231930859154666,-1.3191868502933346,-1.560871663925332
2025-05-02,135.91468811035156,136.373684216785,131.51013566719624,131.51013566719624,4361232,131.8252410888672,133.1481787109375,54.494242220084665,-0.7942268529262151,-1.4075427017255087
2025-05-05,134.00526428222656,136.3874947508442,133.75067540194925,136.3874947508442,1110494,131.5417594909668,133.0377276611328,49.45390217790524,-0.5262010993644708,-1.2312743812533011
2025-05-06,131.850341796875,135.29640717850955,131.02293481422512,133.65066684479177,1129102,131.42548522949218,132.91904693603516,46.66210558949413,-0.48211546678015793,-1.0814425983586724
2025-05-07,127.74054718017578,130.47738489302827,126.38575958279394,127.2950096517349,1583584,131.14167747497558,132.7564747619629,43.382113691890765,-0.769928111907717,-1.0191397010684813
2025-05-08,118.14794158935547,130.43190350928793,115.94755142207741,128.9225452514454,2473224,130.417960357666,132.4676663208008,34.73876456531869,-1.7518703384188825,-1.1656858285385616
2025-05-09,127.28592681884766,127.74963937637237,118.65713835314303,119.11176340430448,1956686,130.11627616882325,132.338429107666,48.10755434235969,-1.7722778726385684,-1.287004237358563
2025-05-12,140.01541137695312,140.01541137695312,135.4782489185127,140.01541137695312,3231472,130.49740562438964,132.49796340942382,59.45625145062339,-0.752612325040019,-1.1801258548948543
2025-05-13,143.7069549560547,144.7980521028986,140.02448994566018,140.93373988037226,10567032,130.96116371154784,132.7665409851074,61.51326567536899,0.34932982625517184,-0.8742347186648491
2025-05-14,141.90664672851562,145.2981451661826,141.1610551080131,144.57074242946268,4540806,131.32696342468262,132.98571456909178,62.62896912533968,1.0650795183636035,-0.4863718712591586
2025-05-15,143.20687866210938,144.79806620279948,141.02468415592753,141.84300362723215,2983095,131.8080867767334,133.25047470092773,65.32034634659686,1.717436616360743,-0.04561017373517823
2025-05-16,143.57968139648438,144.11613560619165,141.87028683098464,141.87028683098464,1867791,132.2707790374756,133.4952079772949,60.73928908164954,2.2387099270338524,0.41125384641862794
2025-05-19,144.1251983642578,144.56164831075364,142.29761103823398,143.6705734088641,1438626,133.0043643951416,133.77249404907226,59.45592108248124,2.6651196017479037,0.8620269974844832
2025-05-20,140.760986328125,144.12520845885982,140.02449606865144,144.12520845885982,1100499,133.68228073120116,133.953123626709,55.14437606716171,2.700459331456301,1.2297134642788468
2025-05-21,142.67042541503906,143.43419210981273,138.36057528186592,140.93375452945148,3248216,134.45213813781737,134.16146377563476,60.78735351912865,2.8496926157229154,1.5537092945676605
2025-05-22,141.34291076660156,143.6615010584957,140.9428385438052,143.61603578334993,1288445,135.30920486450196,134.28433700561524,55.03118325526087,2.828239546076702,1.808615344869469
2025-05-23,140.1063232421875,141.78844122063697,140.01540657046664,140.97920930983855,487379,136.21433601379394,134.41288162231444,55.72622602036608,2.68055577678723,1.9830034312530214
2025-05-26,139.04251098632812,142.37945688506937,138.933405423945,141.38837769594477,777098,136.6439167022705,134.50812576293944,56.89144856597878,2.4494389596196413,2.0762905369263454
2025-05-27,139.77899169921875,140.61549999294314,138.68789452801533,140.57004859443518,168651,136.98630409240724,134.60075149536132,62.33231745680415,2.299201294096463,2.120872688360369
2025-05-28,139.77899169921875,139.77899169921875,139.77899169921875,139.77899169921875,0,137.25101585388182,134.69268997192384,77.57942487211848,2.155291997243893,2.127756550137074
2025-05-29,139.8426513671875,141.38837357681783,139.20617914840486,140.79736663238836,267857,137.74046363830567,134.79755294799804,70.82956292259712,2.0230590800920254,2.1068170561280644
2025-05-30,139.40621948242188,141.37929035748869,138.84247503664977,140.03359034092037,452399,137.91504020690917,134.87797561645507,48.293440663679064,1.8615879082670403,2.0577712265558596
2025-06-02,139.33346557617188,142.2976153811456,139.11524059626376,139.92447248660017,672839,138.18145027160645,134.94564498901366,34.63258703720186,1.70806074798233,1.987829130841154
2025-06-03,146.56201171875,148.20775202134698,140.02450190973886,140.02450190973886,5945782,138.9170337677002,135.15770858764648,61.840898047513555,2.1449470155662596,2.0192527077861753
2025-06-04,149.1897430419922,150.8445708427591,145.9437138524836,147.34396663487894,4475040,139.989493560791,135.4521614074707,64.25476530660472,2.672412578455436,2.1498846819200277
2025-06-05,146.8074951171875,149.92621561801167,145.92552160331047,149.10789625674857,964278,141.4224712371826,135.71450454711913,57.018532232335055,2.8651773579032067,2.2929432171166635
2025-06-06,146.8074951171875,146.8074951171875,146.8074951171875,146.8074951171875,0,142.3985496520996,135.97437576293945,55.97408997141876,2.983552300685318,2.4310650338303947
2025-06-09,146.8074951171875,146.8074951171875,146.8074951171875,146.8074951171875,0,142.73815383911133,136.2114744567871,65.84082739564812,3.0422956057062436,2.5533111482055646
2025-06-10,148.1531982421875,149.38977880568274,146.68021767172038,148.5714454756034,774292,142.96046600341796,136.4772526550293,64.80112833584468,3.160999064275842,2.6748487314196203
2025-06-11,150.17173767089844,151.74473633163518,149.11700431063554,150.0262543369199,1938183,143.37372055053712,136.7834016418457,72.97678518953865,3.37900065645087,2.8156791164258705
2025-06-12,150.6354522705078,154.3906593706337,149.5716313899461,150.02625640936844,3992975,143.74514923095703,137.0988249206543,78.55028594267576,3.5482839727226576,2.962200087685228
2025-06-13,147.8167724609375,149.91713764590668,146.84386834548067,149.12608074739828,1918468,143.95700378417968,137.3418098449707,71.72439639552508,3.4156251163576314,3.052885093419709
2025-06-16,147.8167724609375,147.8167724609375,147.8167724609375,147.8167724609375,0,144.14158248901367,137.50464736938477,70.65417189460477,3.27276561218153,3.0968611971720734
2025-06-17,148.58963012695312,149.07153150662418,146.58928294495288,146.58928294495288,949307,144.53301467895508,137.79292343139647,71.77523852622846,3.18519463939316,3.1145278856162912
2025-06-18,150.19900512695312,153.61778002775188,149.12608294525367,151.61743286373076,1827120,144.9094436645508,138.1285694885254,73.77864975650772,3.208669579352204,3.133356224363474
2025-06-19,151.017333984375,153.43594239124863,150.12627284070476,150.8445742590191,1011245,145.39316482543944,138.49647048950195,76.20016278996101,3.2557753861304093,3.1578400567168616
2025-06-20,151.20826721191406,152.29936436088292,150.57179503118664,151.39011442440002,532303,145.9482620239258,138.85424362182619,76.6530152617638,3.270809932257407,3.180434031824971
2025-06-23,146.92572021484375,150.75366923744807,145.52548116651826,150.02626638320325,816594,146.34242248535156,139.14490158081054,50.940755604039616,2.9036872671233027,3.1250846788846376
2025-06-24,153.1995391845703,153.663251695026,150.02625165490704,150.93550166493677,2138870,147.01344985961913,139.52025650024413,58.72577041899211,3.083440683567659,3.116755879821242
2025-06-25,157.84580993652344,159.573379434915,151.84475422011857,151.84475422011857,5944985,147.9167907714844,139.9853596496582,71.86604351766042,3.5597768882474554,3.205360081506485
2025-06-26,153.75418090820312,158.20950036897213,153.66325035836948,157.8458059177455,2044629,148.61236724853515,140.38875503540038,61.841319483459635,3.5660097541761786,3.277490016040424
2025-06-27,157.40936279296875,160.75541016122142,154.56341959655967,154.56341959655967,3202967,149.5125244140625,140.85042556762696,66.06948416050149,3.8218362267891166,3.3863592581901627
2025-06-30,162.92849731445312,163.6559000338794,157.75486298852564,158.20948795391044,3441747,150.69227600097656,141.51992568969726,69.88010925587093,4.418989222979889,3.5928852511481084
2025-07-01,167.11105346679688,168.02940485757458,162.93759924483888,163.665002028666,7442615,151.7197280883789,142.31809356689453,71.53757656065389,5.170136486017412,3.9083354981219696
2025-07-02,172.0301055908203,175.0306335115434,167.71116788079522,167.75663315781694,6603701,152.86174621582032,143.21323013305664,74.43407372812536,6.0921262605584445,4.345093650609265
2025-07-03,169.44781494140625,172.70293130635412,167.30198458416893,171.8482341652605,2102504,153.99376220703124,144.11815490722657,74.83815736633659,6.539062285552603,4.7838873775979325
2025-07-04,178.8585662841797,179.5859551551656,167.574770916235,168.93864586041371,4952704,155.59631576538087,145.25525222778322,79.30974766607471,7.56542181640404,5.3401942653591545
2025-07-07,185.41424560546875,189.8059244688438,179.66779321450042,180.94073757748464,6311350,157.52665328979492,146.35451919555663,81.34674174629762,8.806294194508354,6.0334142511889945
2025-07-08,185.3415069580078,188.02379154264062,183.76850842517078,186.39624023251088,1801109,159.38606872558594,147.4027244567871,80.71848009946865,9.67232851095207,6.76119710314161
2025-07-09,182.6046600341797,185.38696252284115,181.94091148845288,185.21420282109182,1434607,161.00771484375,148.36512252807617,76.7148429545244,10.022295488476374,7.413416780208563
2025-07-10,185.7324981689453,186.396246772718,181.85908435661543,182.60467600325208,2490100,162.76256713867187,149.47869857788086,77.81684634382152,10.431786099982673,8.017090644163385
2025-07-11,183.45938110351562,186.98726175989995,182.07731718323228,185.75978255276019,2145453,164.5446975708008,150.42959243774413,80.42093557841795,10.452400048507684,8.504152525032247
2025-07-14,200.7532958984375,201.80802919933,183.48664775062326,184.12311995838473,8673875,167.19152374267577,151.76455307006836,83.4569883457611,11.729006458502397,9.149123311726278
2025-07-15,198.19830322265625,211.5824637995995,196.39799217908296,200.9442419980432,11574070,169.67195739746094,153.09151229858398,79.25122882014904,12.391715694948772,9.797641788370777
2025-07-16,196.5525665283203,200.48053310179793,194.57949573644007,198.19830677241077,3070646,171.9896354675293,154.46775268554688,82.1648086431065,12.638432361050008,10.365799902906623
2025-07-17,203.17190551757812,205.49049574437183,195.48874595150417,196.62530842796642,3176593,174.59736404418945,156.16823196411133,82.92554076776574,13.21573961299552,10.935787844924402
2025-07-18,202.2353973388672,205.49051422915366,200.0350138513885,203.17192379379247,2610289,177.14872055053712,157.6672213745117,80.2773651625952,13.442731940144029,11.437176663968328
2025-07-21,206.5452117919922,212.76447781369686,203.2173538092361,203.49013155560263,5321459,180.12969512939452,158.9978173828125,80.31595560311385,13.811184267473834,11.91197818466943
2025-07-22,215.67408752441406,217.75627770022973,206.93619486247238,206.93619486247238,10906148,183.25342254638673,160.4371600341797,81.51260856018577,14.670694733153624,12.463721494366268
2025-07-23,213.00999450683594,218.2199929538747,212.4917153640248,216.86520550296015,3665011,186.01163177490236,161.8592269897461,81.41643229076683,14.964392723572871,12.96385574020759
2025-07-24,207.3271942138672,214.12838050394956,205.5905233394549,212.76450546889257,2710121,188.69028244018554,163.14163330078125,71.6978902670939,14.570634798410111,13.285211551848095
2025-07-25,205.93605041503906,208.16371027999114,203.67201277833445,207.21808245119246,3281185,191.11661682128906,164.38876068115235,66.97763535040089,13.985113445189057,13.425191930516288
2025-07-28,202.94461059570312,206.3997635981483,199.5985770348037,205.49051353824456,2250610,193.11742248535157,165.56514892578124,63.892114141925745,13.128363756135059,13.365826295640044
2025-07-29,196.66168212890625,204.62672124051414,194.57950567278607,202.94460314185199,1463605,194.59495391845704,166.68316284179687,60.50559638729395,11.806307868429371,13.05392261019791
2025-07-30,202.97189331054688,205.03589489556143,196.72534964411372,196.94357465994852,2784711,196.14204330444335,167.88919219970703,62.298934158631944,11.139342946757438,12.671006677509816
2025-07-31,201.79893493652344,208.58193175417813,199.95315865879854,205.03586251964583,6469386,197.7595993041992,169.09831268310546,63.292468344840785,10.396278674052411,12.216061076818336
2025-08-01,210.3731689453125,212.76450089506977,200.48962584343113,201.85350084916874,6775996,199.33532943725587,170.50364959716796,57.98130006289353,10.379614179909936,11.848771697436657
2025-08-04,216.4378662109375,222.25707459762563,211.855252266495,211.855252266495,9247674,200.8865104675293,172.05155670166016,64.29998105056437,10.732065264891958,11.625430410927718
2025-08-05,215.4649658203125,217.76536712722276,213.66465477013347,214.56480335819626,2808951,202.39268341064454,173.56527618408202,64.98559164917764,10.80828912920245,11.462002154582667
2025-08-06,236.38682556152344,237.01421028289073,216.41968940860667,216.41968940860667,14442976,205.08179168701173,175.49743286132812,71.45542906560684,12.41381755918107,11.652365235502348
2025-08-07,243.14251708984375,249.95278990546143,236.8777720112573,238.23257321983047,10786603,207.95229263305663,177.56343017578126,74.57662016686392,14.069157760891471,12.135723740580174
2025-08-08,241.68133544921875,246.00022398009358,239.61902080717465,246.00022398009358,3172573,210.8633903503418,179.6089324951172,71.85761554389528,15.089182941772663,12.726415580818673
2025-08-11,245.67652893066406,247.3874383545482,241.37615480574613,241.37615480574613,3749318,213.10955200195312,181.73579376220704,69.93747333206787,16.035096361874395,13.388151737029817
2025-08-12,250.6797637939453,253.39871577580692,246.00021312541838,247.38743237236625,4502657,215.73362503051757,183.81814880371093,74.27786718129525,16.99257892954492,14.109037175532839
2025-08-13,255.0264129638672,258.475946999564,249.93068488089557,252.00225673437888,3301172,218.6573173522949,185.93488220214843,81.28050484034816,17.89583695561052,14.866397131548375
2025-08-15,253.53744506835938,256.626316696663,252.75134847680067,255.71076097806306,842332,221.17559432983398,188.06948120117187,81.1763527803134,18.280798517637237,15.549277408766148
2025-08-18,250.49478149414062,253.49119415820965,242.67087310755667,253.49119415820965,4744653,223.58856353759765,190.14322692871093,81.1219219113651,18.13135878945681,16.065693684904282
2025-08-19,249.45901489257812,254.3142824672825,247.8591066878555,249.23706883482447,2769188,225.73425369262696,192.19625732421875,87.10481062437186,17.725025953983334,16.397560138720095
2025-08-20,251.64157104492188,254.2218066852173,247.8498328823364,249.69945850086128,2308382,227.53262786865236,194.26602478027343,86.31059932679557,17.378786463084452,16.593805403592967
2025-08-21,245.14938354492188,253.16752355850542,243.25352844767596,253.16752355850542,2487382,229.13959732055665,196.16557769775392,79.9639042856067,16.391572058954722,16.553358734665316
2025-08-22,244.59451293945312,249.23706329016358,244.1505926107725,245.08466262145433,1203965,231.00296325683593,198.04475891113282,76.60306625684551,15.38705175603559,16.320097338939373
2025-08-25,242.02352905273438,244.9829131767706,240.61779548749794,244.15058727385568,797345,232.8073371887207,199.92889404296875,71.03229435092197,14.21959067582182,15.899996006315863
2025-08-26,239.2305908203125,244.6130085958398,238.60172483072466,243.59570877559503,1074871,234.62163619995118,201.75717041015625,68.96857034709167,12.920068082460318,15.304010421544755
2025-08-27,235.9197540283203,242.25472743627128,233.9776414781609,242.25472743627128,983277,236.58453979492188,203.5037728881836,49.481420241043864,11.490574020693828,14.541323141374571
2025-08-28,229.7882537841797,237.55667620856886,228.42877774318293,236.29893014722234,2483866,237.92535781860352,205.09555786132813,34.96464259662599,9.750530801592674,13.583164673418192
2025-08-29,236.9462890625,240.33110743264552,228.4287707362847,230.4633561553557,3517753,239.68272552490234,206.81413696289061,45.27500691278201,8.847143278327138,12.635960394399982
2025-09-01,238.75894165039062,241.74606903993947,237.67689821702032,238.13930463378495,922582,241.10201416015624,208.56515045166014,42.782729021882446,8.183137951972725,11.745395905914531
2025-09-02,240.12765502929688,243.2257837752261,238.13931301186582,239.06412587793133,1684644,242.28650360107423,210.42918914794922,38.087299249451775,7.6788358381665205,10.932083892364929
2025-09-03,239.88720703125,243.21651055074628,238.70341954674836,242.29169774576462,1239592,243.5076156616211,212.1629425048828,31.16223222772031,7.177038206842639,10.181074755260472
2025-09-04,237.27923583984375,241.35766382879385,236.39140930920925,239.88721480796931,1709665,243.5522361755371,213.75161102294922,30.31795021087818,6.494059019375953,9.44367160808357
2025-09-05,239.9057159423828,244.04888786301825,237.2145070371833,237.2145070371833,1499623,243.39039611816406,215.4746417236328,37.05048066785569,6.094474775046137,8.773832241476084
2025-09-08,241.8755645751953,244.6130027526962,236.75209340147532,240.45134486087338,2807728,243.40010757446288,217.16396575927735,40.93323024595388,5.8690964144417705,8.192885076069222
2025-09-09,244.2430877685547,247.84985236356385,238.6017235440279,242.39346200464752,2653543,243.32843551635742,218.79025756835938,41.19332805151337,5.8144958862084195,7.717207238097062
2025-09-10,242.15298461914062,244.33555754326895,241.6073484438704,244.14132653110272,772032,242.9020965576172,220.29109619140624,46.01573481624318,5.5387237580244175,7.2815105420825335
2025-09-11,239.81321716308594,243.13329189795502,239.06412101465565,242.30096598003783,1049025,242.1414367675781,221.64675842285158,43.93048670079134,5.072895498616333,6.839787533389294
2025-09-12,237.43643188476562,241.35765739210507,236.56711969676445,239.52651786741623,1149742,241.33638610839844,223.00653076171875,44.14815587683836,4.460518458375134,6.363933718386463
2025-09-15,235.41111755371094,239.42481611164294,234.76375137066526,235.82728052055998,1216214,240.58220291137695,224.13758178710938,45.030089922308235,3.7683402214254045,5.844815018994251
2025-09-16,235.99374389648438,238.60172299108152,235.46660789298528,237.86188397645293,1141458,239.90893936157227,225.14917175292967,50.1036337422403,3.22956860191195,5.321765735577792
2025-09-17,235.3740997314453,238.13929507282774,231.24944256195738,237.56591565474764,970098,239.09556579589844,226.14982360839844,59.25240513905121,2.7212195808437514,4.801656504630984
2025-09-18,238.16705322265625,239.29532603374696,235.873521295376,235.89202150368754,1639529,238.74644927978517,227.26107147216797,52.36391335745193,2.514729092629409,4.344271022230669
2025-09-19,235.2261505126953,239.2028344188084,233.9776475393186,238.27802158268463,951730,238.27803115844728,228.25094451904297,43.445433106755715,2.0896889886169845,3.893354615507932
2025-09-22,232.6089324951172,237.57518710638263,232.17426932573872,237.57518710638263,2240194,237.80730133056642,229.233935546875,36.66779043018858,1.5240853161096766,3.419500755628281
2025-09-23,232.6089324951172,232.6089324951172,232.6089324951172,232.6089324951172,0,237.47621841430663,229.8710482788086,36.98315521403516,1.0635800420243697,2.948316612907499
2025-09-24,230.5003662109375,232.9141283808846,230.278406040629,231.20321891629416,844670,237.2052490234375,230.51708953857423,37.65580976620894,0.5224600235098649,2.4631452950279726
2025-09-25,239.05487060546875,244.15059856910108,230.97201512360985,231.21246139053662,3218063,237.66857986450196,231.36713562011718,48.72573605933173,0.7749622396390237,2.125508683950183
2025-09-26,250.9109649658203,258.93833350282443,242.30095983413807,243.22577265793248,6556543,238.36681365966797,232.32191680908204,60.440238177013505,1.9097454378350847,2.0823560347271637
2025-09-29,257.2182312011719,258.0228139548051,247.38746499251025,250.92948618528837,3188579,239.28977813720704,233.42157348632813,63.741435630556396,3.280200857614062,2.3219249993045437
2025-09-30,270.2303161621094,277.8045353840496,257.09796288385877,257.96728918886384,7843897,240.79491119384767,234.69527557373047,74.14891707079435,5.354539364494428,2.9284478723425207
2025-10-01,266.3553466796875,272.81977919604236,262.8780414795764,272.8012931001227,3231048,242.11831817626953,235.70890075683593,72.24116428156972,6.60959858508221,3.6646780148904585
2025-10-02,281.5315246582031,282.9927164623189,267.16918302026284,267.16918302026284,6492338,244.3309326171875,237.0793313598633,80.42370176220247,8.728219310779508,4.677386274068269
2025-10-03,278.2484436035156,283.8250640791365,277.44386092252813,282.06792527123696,2024970,246.24806900024413,238.49775634765626,79.05167380595661,10.026742253207942,5.747257469896204
2025-10-06,281.2078552246094,284.6111598014245,271.71000901836294,278.83107938303647,2428524,248.21468353271484,240.00319244384767,79.7059154947651,11.165917083822222,6.830989392681408
2025-10-07,281.2078552246094,281.2078552246094,281.2078552246094,281.2078552246094,0,250.06292190551758,241.56845733642578,80.3602238102525,11.931186058419485,7.851028725829023
2025-10-08,292.72174072265625,294.09047384297713,286.86768804826227,291.40852233618835,2018472,252.59135971069335,243.48965850830078,82.39429371245744,13.313274428008924,8.943477866265004
2025-10-09,283.6678771972656,294.9228346321444,280.7732082411064,293.1656957282257,1477067,254.78409271240236,245.10357818603515,76.81757614390077,13.522143445712913,9.859210982154586
2025-10-10,278.5536804199219,282.88179838587035,274.7711705014826,282.88179838587035,2586955,256.83995513916017,246.63867309570313,74.75095209090094,13.123718648904116,10.512112515504493
2025-10-13,273.72613525390625,280.2183117216139,265.8837116170429,277.41612973331974,3610084,258.7557060241699,247.905732421875,71.05515621632797,12.276901103700538,10.865070233143701
2025-10-14,285.0550537109375,286.6919621733727,277.4438343613284,277.4530915205153,2027972,261.2087715148926,249.278076171875,75.52576582380783,12.377263746011351,11.167508935717231
2025-10-15,285.92437744140625,294.6545840531668,284.934821000783,285.7671468518588,2906550,263.7362854003906,250.68726440429688,73.62926507449937,12.384191769101221,11.41084550239403
2025-10-16,282.5118408203125,290.3912361766555,281.8829466300309,288.53235330860775,2091747,265.9535247802734,251.60976470947264,67.41416293675306,11.976264173325376,11.523929236580301
2025-10-17,278.923583984375,286.64577755715834,275.59425180785786,286.64577755715834,1053575,268.1383964538574,252.32538604736328,62.330589854340296,11.23393842706355,11.465931074676952
2025-10-20,292.2408447265625,295.0152831258653,280.49571088029523,282.9927167288865,4173770,271.1199920654297,253.33657623291015,62.460751382750345,11.586667677351272,11.490078395211816
2025-10-21,293.443115234375,300.1017792527781,291.32531406193857,292.4258436458559,3841759,274.1617012023926,254.29190795898438,65.81366213523597,11.826888325039192,11.55744038117729
2025-10-22,289.9658508300781,297.7897602305764,286.78449212753475,294.4511991365463,1351603,277.1349754333496,255.07762969970702,55.70289073352477,11.602927417613898,11.566537788464613
2025-10-23,290.1138000488281,295.4684460875517,286.9324416120456,290.39123261242327,3333369,279.68792190551756,255.77937744140624,58.37798818302095,11.307034594003028,11.514637149572296
2025-10-24,285.15679931640625,292.23161218603155,283.9175534470839,289.65140457790596,714092,281.40021362304685,256.41176452636716,52.711804235560784,10.55092437925424,11.321894595508686
2025-10-27,281.48529052734375,288.4306442568605,279.75589496506575,284.84236578261243,1292332,282.61356658935546,257.03157470703127,50.18137345854507,9.545407989890464,10.966597274385041
2025-10-28,276.1491394042969,283.8620756543553,275.5942460160304,282.0679363586888,1066557,282.90950775146484,257.5653771972656,38.21362203702441,8.223154797640007,10.417908779036035
2025-10-29,273.9202880859375,279.26570460138714,272.82901582480423,276.1490901790931,1268243,283.28775482177736,258.0109515380859,42.32219802978826,6.915690170934909,9.717465057415811
2025-10-30,271.8302307128906,277.8970006726188,270.04534870899624,273.9203167582466,1707462,282.80269012451174,258.5445684814453,44.43928427560821,5.645783790670123,8.903128804066673
2025-10-31,285.8484191894531,289.7716387497224,270.955298571169,275.64996625805196,4804883,283.1826889038086,259.3696466064453,58.70284315851973,5.704763527445721,8.263455748742484
2025-11-03,280.3540344238281,290.5619040984145,279.32854739121177,290.5619040984145,2206633,283.1399978637695,260.13625671386717,46.31645096819211,5.247662672932904,7.660297133580569
2025-11-04,277.2869873046875,282.2356648896239,275.4241594257357,282.2356648896239,789686,282.94395446777344,260.8973846435547,43.457387837301795,4.585068071740068,7.0452513212124686
2025-11-05,273.7589416503906,283.18591767679624,271.8961136498143,277.54101566330525,1921893,281.99581451416014,261.65416839599607,43.381474358708104,3.732250220072501,6.382651100984475
2025-11-06,274.7091064453125,276.600157526269,271.91487921572167,274.7185238016005,979007,281.5478759765625,262.5525854492187,46.68078953465679,3.097351941351576,5.725591269057896
2025-11-07,271.2281188964844,279.4038202580569,270.1085444606796,279.4038202580569,2266070,281.1815979003906,263.23822204589845,30.416797734242166,2.286941440551459,5.037861303356609
2025-11-10,271.4633483886719,274.62447976408055,269.562879651151,271.89611617451686,1308236,281.0684585571289,263.8923101806641,29.139535112734606,1.6447071735970553,4.359230477404698
2025-11-11,266.27001953125,272.5546989716095,264.6612304851875,270.9458812140905,1015041,280.1292068481445,264.41515747070315,28.220300996946506,0.7085064325295889,3.629085668429677
2025-11-12,262.8266296386719,269.99567946814324,260.7004026914948,266.7216258935372,875610,278.9743194580078,264.8739459228516,26.351950354609926,-0.30774469714521047,2.841719595314699
2025-11-13,263.43817138671875,267.1449925796184,262.48793705059023,264.13436676327314,758922,278.0206359863281,265.3971246337891,29.644718717536847,-1.051661827990415,2.0630433106536765
2025-11-14,272.2818603515625,274.2481645007211,263.52285609101176,266.2512197382644,1239192,277.6885498046875,266.04464752197265,42.13665078237688,-0.9170386731609028,1.4670269138907608
2025-11-17,270.4472351074219,279.51672437745265,269.7322337420739,272.94039430751786,2080936,276.59886932373047,266.6160809326172,44.81829073482428,-0.9474659796143783,0.984128335189733
2025-11-18,269.8262939453125,272.4323753124179,268.14225225103473,271.70792787439126,547070,275.4180282592773,267.1277450561523,46.16750619360618,-1.0100414721936204,0.5852943737130623
2025-11-19,270.93646240234375,272.84631956937426,269.3558681826141,270.0050341434156,685983,274.4665588378906,267.7034146118164,49.147683784776405,-0.9589969644262624,0.2764361060851973
2025-11-20,271.92431640625,272.7898806157709,271.04936355120833,272.7334338968298,292507,273.55708465576174,268.3456365966797,32.33044562603352,-0.8292729199729933,0.05529430087355919
2025-11-21,274.20111083984375,276.59076521430205,270.4848724125503,272.81810877852837,1198371,273.0093002319336,269.08093017578125,41.49768359013588,-0.5365622417816098,-0.06307700765747462
2025-11-24,276.082763671875,277.5316011981896,271.905533841438,275.6405785277513,923703,272.73917388916016,269.89436309814454,48.279602521040644,-0.15101248461172645,-0.080664103048325
2025-11-25,276.2708740234375,277.5409825673073,274.43629831469485,275.7534362184864,572965,272.74526062011716,270.6999057006836,53.967234922425135,0.167783307422269,-0.03097462095420621
2025-11-26,283.1388854980469,286.94918283471225,272.83692794120185,277.07060440925494,2235403,273.20619049072263,271.65520141601564,61.21687548373631,0.9635155890994724,0.16792342105652952
2025-11-27,287.85235595703125,288.8308136581427,283.1859117625438,283.1859117625438,2547659,274.0072967529297,272.64890747070314,71.41812411387393,1.951975668747366,0.5247338705946969
2025-11-28,290.72186279296875,298.23898123970434,288.8213941270877,288.8308114845086,3176465,274.25096893310547,273.7588217163086,73.2348949600407,2.9330719953412085,1.0064014955439993
2025-12-01,290.60894775390625,294.56977888729745,286.03656266270895,290.9946574191254,1660116,274.7637145996094,274.9188220214844,83.4669148625467,3.6593044190967134,1.5369820802545422
2025-12-02,289.8656921386719,294.47568919853074,289.3011962573425,291.6532385033372,829862,275.3926498413086,276.06395721435547,90.16195036689047,4.127297415193084,2.0550451472422506
2025-12-03,289.93157958984375,292.2177579465391,288.90606382182267,291.6532620196938,1090853,276.20128173828124,277.2525814819336,89.99985255820725,4.452179845103387,2.5344720868144783
2025-12-04,291.37103271484375,294.4662999336112,289.8657197915115,290.0162539549903,468991,277.0343780517578,278.2989047241211,87.1202014831132,4.770808438678671,2.9817393571873168
2025-12-05,291.7284851074219,295.9527724164737,291.4368341719479,292.3118156898224,1308006,278.0593963623047,279.1152551269531,93.90516629142175,4.994592759108002,3.384310037571454
2025-12-08,289.884521484375,293.5254785805417,288.9248985068557,291.65326198962885,1360952,278.98045501708987,279.76858093261717,89.3939757187518,4.965907105650217,3.700629451187207
2025-12-09,296.0186767578125,298.0508162261219,290.2420465554052,291.5497959761653,1872536,280.46788787841797,280.28434814453124,91.14201331531261,5.376175380672294,4.035738637084225
2025-12-10,296.4796447753906,298.7093763134092,295.4165170469622,295.4165170469622,1445659,282.1505386352539,280.8868341064453,90.98621107698264,5.673116060445977,4.363214121756576
2025-12-11,291.8884582519531,297.9567390539406,291.6532540148444,296.4796495541486,1276175,283.57305297851565,281.09397277832034,77.4052578769329,5.47486249930563,4.585543797266387
2025-12-12,292.9233703613281,295.4165295981295,289.87510384423285,294.37223653932904,819070,284.6051284790039,281.38747131347657,76.79641285568192,5.339701131076822,4.736375264028474
2025-12-15,293.72308349609375,295.38831927611403,292.59409159378583,294.466308265514,424687,285.7689208984375,281.63777587890627,77.23941096561171,5.236748957248324,4.836450002672445
2025-12-16,294.607421875,300.6850910928793,292.5940598999783,293.62896424641684,1673622,287.0079772949219,281.90576721191405,72.01155046887172,5.16695588311029,4.902551178760014
2025-12-17,301.6541442871094,305.20101386441746,294.5697937782355,297.2887398429257,3511411,288.54386138916016,282.0844152832031,74.31225211025469,5.615523713932703,5.045145685794552
2025-12-18,306.1324768066406,312.44535123738746,303.4605310912769,305.2763298370243,3431276,290.2542694091797,282.5337072753906,75.69013216065215,6.260217073383728,5.2881599633123875
2025-12-19,301.52239990234375,307.62832112351464,300.12059190524764,307.62832112351464,1109243,291.6203338623047,282.9930816650391,65.82099166328963,6.326221780606431,5.495772326771196
2025-12-22,297.5521545410156,302.0022288726771,296.4514148319498,301.53182041648915,840450,292.69380340576174,283.46960205078125,60.189542399047184,5.989126445126772,5.594443150442312
2025-12-23,301.5130615234375,304.83414459455986,297.5522010312345,297.5522010312345,1653618,293.9559127807617,283.79876220703125,63.91589344332026,5.972738047606583,5.670102129875167
2025-12-24,299.9700927734375,303.78980754667646,299.273897371962,302.002260965496,597127,294.79747314453124,284.07967651367187,60.30668320960271,5.768746917952797,5.689831087490693
2025-12-26,302.3127136230469,305.7655246420455,300.96735220537136,301.06143964755245,1766219,295.520491027832,284.47569396972654,62.109793449432196,5.73005983949821,5.6978768378921965
2025-12-29,305.1728210449219,306.6593280581017,302.0022721892912,304.81530597310757,1276741,296.2430389404297,285.0006787109375,67.09440761075415,5.862606340579418,5.730822738429641
2025-12-30,305.0034484863281,308.57854140200465,304.35428249568065,305.76550791683525,987463,296.96276397705077,285.2559307861328,61.592514338409295,5.886131784438078,5.761884547631328
2025-12-31,304.2696228027344,307.63773495649497,299.9324415970363,305.0222649017948,1506326,297.6829605102539,285.4724609375,59.98066910544565,5.7789461741325,5.765296872931563
