Date,Close,High,Low,Open,Volume,SMA_20,SMA_50,RSI,MACD,MACD_Signal
2023-01-02,431.21636962890625,440.2775690123083,429.0075208374093,439.56090950789473,73567,,,,0.0,0.0
2023-01-03,423.5099182128906,431.9526347939303,422.1355294577046,431.9526347939303,189273,,,,-0.6147596571180429,-0.1229519314236086
2023-01-04,424.69775390625,428.02576679465034,420.1819096920124,426.9458792810355,379679,,,,-0.9946470293828611,-0.2972909510154591
2023-01-05,422.86199951171875,428.5166619575574,421.1538327143004,423.6081091287194,138474,,,,-1.4273865231212426,-0.5233100654366158
2023-01-06,425.1886291503906,429.98920797612874,420.1721027711943,422.1355238121812,241503,,,,-1.5645608387985703,-0.7315602201090068
2023-01-09,415.8427734375,425.9642069367924,414.2818572387697,424.0989628605415,478912,,,,-2.399742187564982,-1.065196613600202
2023-01-10,428.7326354980469,431.2163620079912,419.0922306414927,419.0922306414927,594843,,,,-1.9984879552720827,-1.2518548819345783
2023-01-11,425.8954772949219,431.9330211814053,424.1284102780278,429.0075129393536,443762,,,,-1.8876662002460876,-1.3790171455968803
2023-01-12,427.6527404785156,438.82461121297183,423.1172425789504,425.0806636582031,343433,,,,-1.6391476345089018,-1.4310432433792846
2023-01-13,420.34881591796875,428.80135932853545,419.1904046597573,423.12707355048775,137109,,,,-2.008408864080252,-1.5465163675194782
2023-01-16,412.58349609375,421.1538402720942,411.82758972993827,419.1904191053245,81708,,,,-2.894283957396283,-1.8160698854948392
2023-01-17,384.56549072265625,417.2269904611245,382.86712065844364,417.2269904611245,1268802,,,,-5.7904169067493285,-2.610939289745737
2023-01-18,392.3995361328125,393.6659511973746,378.9501188680614,382.8671345809878,264057,,,,-7.368541185839717,-3.562459668964533
2023-01-19,384.7912902832031,396.6110946612534,382.96532289127964,393.17510745502966,196907,,,26.413939998889887,-9.127916957337106,-4.675551126639048
2023-01-20,376.8786926269531,391.3785773352426,373.7372366886223,391.3785773352426,265883,,,24.448314628348015,-11.033527794110398,-5.947146460133318
2023-01-23,382.04248046875,384.8109114044738,370.10487660950304,370.10487660950304,79978,,,30.022679497504896,-11.98886343332947,-7.155489854772549
2023-01-24,386.61724853515625,389.74890752601493,368.68137795852425,384.63417408836665,345277,,,32.23413173448084,-12.235781784305402,-8.17154824067912
2023-01-25,389.5624084472656,396.611083382463,386.7939773581446,388.2665432617924,414048,,,34.623760464798394,-12.054855692687454,-8.948209731080787
2023-01-26,397.4258728027344,404.46475069973025,388.7573817405174,391.7025134203698,1246390,,,37.804037713063686,-11.14844230260536,-9.388256245385701
2023-01-27,390.6520690917969,399.0653356335467,388.7573749345252,397.59276981940076,164850,407.17328491210935,,38.678071134361396,-10.851601996118916,-9.680925395532345
2023-01-30,387.9327392578125,397.43569006232343,386.79395144016695,392.67438796768454,132553,405.0091033935547,,29.817393081763854,-10.71229642085774,-9.887199600597423
2023-01-31,401.274169921875,402.40313101356185,387.92290102861347,389.7194480345337,550034,403.8973159790039,,38.967084403292844,-9.416802752840567,-9.793120231046053
2023-02-01,397.6614990234375,405.338482702049,395.16794584190677,405.338482702049,181757,402.5455032348633,,36.78060977286258,-8.582691115918067,-9.551034408020456
2023-02-02,409.1474914550781,410.8458614766841,394.68691435778226,400.04704552389194,508311,401.8597778320312,,45.23828612809074,-6.915114897390083,-9.023850505894382
2023-02-03,406.02569580078125,411.1403997936119,404.3568057057102,404.3568057057102,124295,400.9016311645508,,47.097678856219176,-5.778836716864589,-8.374847748088424
2023-02-06,415.6366271972656,419.0922376288895,404.4647560828284,410.35501952092784,355686,400.8913238525391,,66.42792947603996,-4.05605060400552,-7.511088319271844
2023-02-07,411.96502685546875,424.0007777463852,408.9806184145845,417.12880394187516,354070,400.05294342041014,,60.82095321039289,-2.952957800923002,-6.599462215602076
2023-02-08,413.24127197265625,415.9016993718968,408.68612030217804,415.057442616786,276397,399.42023315429685,,66.91969249231286,-1.9532506347331946,-5.6702198994283
2023-02-09,422.3220520019531,426.06236669531216,415.2635509495784,415.2635509495784,1162792,399.15369873046876,,76.65557306632317,-0.42335230407377367,-4.620846380357395
2023-02-10,406.6343078613281,422.13552542788966,405.56424698502593,422.13552542788966,1153956,398.46797332763674,,62.839577814382245,-0.47133346017028543,-3.790943796319973
2023-02-13,408.3130798339844,412.3184458399953,402.5013399866621,402.5013399866621,158136,398.25445251464845,,61.68078852375248,-0.3696350808297666,-3.106682053221932
2023-02-14,403.91497802734375,409.37328611208403,400.1452132323782,408.3621254766591,300432,399.2219268798828,,57.608229677765856,-0.6365902259692575,-2.612663687771397
2023-02-15,408.70574951171875,411.3367266350163,398.09346070340257,410.0506881919332,357696,400.0372375488281,,56.18075642817464,-0.4563187229692858,-2.181394694810975
2023-02-16,402.4718933105469,412.2889992478635,401.51963283624997,405.4464752111766,448344,400.9212677001953,,56.51516996783055,-0.8071678267183415,-1.9065493211924485
2023-02-17,403.47320556640625,405.93730861077034,398.5744795549523,398.69228002633685,60049,402.250993347168,,58.731383462101654,-0.9929743482570075,-1.7238343266053604
2023-02-20,401.8043212890625,403.35541078321353,396.130035481736,400.5379062849627,194413,403.2390853881836,,50.3428317921822,-1.2603636810083572,-1.6311401974859598
2023-02-21,405.7900695800781,407.184081810407,399.5562014767008,407.184081810407,82515,404.1977264404297,,55.231242946796506,-1.1375421984845957,-1.532420597685687
2023-02-22,408.0086975097656,409.37328952203103,404.46473688987237,407.4098684691676,570180,405.1200408935547,,49.167854511461286,-0.8513665331876155,-1.3962097847860728
2023-02-23,406.4183349609375,408.2836089457294,400.96985347326944,406.4281616533084,859992,405.56966400146484,,50.29347975842779,-0.7443191750046481,-1.265831662829788
2023-02-24,408.1559753417969,412.2202413152921,398.57447108052895,409.176932711708,393219,406.44485931396486,,43.66266076933498,-0.5133527053055218,-1.1153358713249348
2023-02-27,406.35943603515625,410.3550051173511,402.60929458760097,407.4098735016763,719757,407.366194152832,,45.095325066487234,-0.4698595731044861,-0.9862406116808452
2023-02-28,406.09442138671875,410.2372414292687,402.0105015850092,406.42819940462465,446097,407.6072067260742,,43.63413366503497,-0.4515700019038036,-0.879306489725437
2023-03-01,400.4593811035156,405.937312795365,399.5561942145431,405.937312795365,682583,407.7471008300781,,29.252867371679258,-0.8816133518807305,-0.8797678621564958
2023-03-02,389.5329284667969,403.9738819329158,387.8836320119762,393.67574808985665,368237,406.76637268066406,,32.158976004727236,-2.080120877989657,-1.1198384653231281
2023-03-03,397.3375244140625,399.0653445951448,382.9750940573879,384.83054140540406,324469,406.33196411132815,,39.84740349377572,-2.3728285692847066,-1.3704364861154439
2023-03-06,402.7271423339844,403.4830486957814,397.3473575659794,399.4580293227454,225792,405.6864898681641,,48.921021657185214,-2.145176144986067,-1.5253844178895686
2023-03-07,405.740966796875,409.86416317667545,394.6574760269102,405.9765977062027,271139,405.3752868652344,,47.21708193208706,-1.7019504862310555,-1.560697631557866
2023-03-08,409.3438415527344,411.23853568842776,407.40987060713786,410.1390246865628,355037,405.18041534423827,,56.78556318547206,-1.0478896564116553,-1.458136036528624
2023-03-09,412.6129150390625,414.6254395586084,407.6651156434092,410.35499285164013,583727,404.69495849609376,,58.63796516779267,-0.2627262819297016,-1.2190540856088397
2023-03-10,413.6241149902344,416.1274950023948,410.45320891803317,414.77272957736704,323838,405.04444885253906,406.3239111328125,61.31154071484103,0.43608976292239277,-0.8880253159025933
2023-03-13,414.1444091796875,417.22699476862164,413.4866798710973,415.1653965672909,387649,405.33601531982424,405.98247192382814,58.56308036292409,1.0201304768463046,-0.5063941573528137
2023-03-14,407.51788330078125,415.26359451517254,407.01723125427515,415.26359451517254,203183,405.5161605834961,405.6626312255859,49.53861353985515,0.9374750632061932,-0.2176203132410123
2023-03-15,416.7361145019531,424.0007663364857,404.4647330384092,409.2554851552851,1225873,405.9176788330078,405.5033984375,58.48265473199424,1.5973905464795166,0.1453818587030935
2023-03-16,418.4737548828125,424.9727040375746,416.38273652966456,418.2087038136772,481208,406.71777191162107,405.4156335449219,58.48265473199424,2.234829652970518,0.5632714175565784
2023-03-17,412.33807373046875,419.14135092965046,411.4545401859891,419.14135092965046,784196,407.16101531982423,405.15862243652344,54.587936304527226,2.219323565812431,0.8944818472077489
2023-03-20,408.0774230957031,414.28184079262303,407.40986713018617,414.2327672502338,40588,407.47467041015625,405.0033154296875,51.43380540635482,1.8420025230626607,1.0839859823787314
2023-03-21,405.9569396972656,411.72940257947135,404.9752291379634,411.72940257947135,57896,407.48301391601564,404.54780151367186,54.18784097809277,1.3562337709125813,1.1384355400855015
2023-03-22,398.9180908203125,407.40988114629533,397.59277557650506,407.40988114629533,123447,407.02848358154296,404.0082537841797,57.59937807927116,0.3986864476088954,0.9904857215901803
2023-03-23,398.9180908203125,398.9180908203125,398.9180908203125,398.9180908203125,0,406.6534713745117,403.4335607910156,51.46498098059138,-0.3560721270320073,0.7211741518657429
2023-03-24,395.53118896484375,400.5379189435237,393.4695907431015,400.5379189435237,93925,406.02223205566406,402.9372082519531,43.07311859923633,-1.213529595611078,0.3342334023703787
2023-03-27,396.4736328125,400.43975206792555,382.97511191688244,400.43975206792555,50233,405.52794189453124,402.6150109863281,40.70866642842106,-1.7963166547062883,-0.0918766090449547
2023-03-28,393.0965881347656,402.50136289539114,391.80072289810727,402.50136289539114,188397,404.87805023193357,402.7856329345703,33.636572639737196,-2.50183923478869,-0.5738691341937018
2023-03-29,388.8555908203125,397.09212751788016,387.7757031235253,394.64767760925866,132665,404.29786071777346,402.7147540283203,26.53224133856179,-3.364401278629714,-1.1319755630809043
2023-03-30,390.7306213378906,392.6842157241011,388.75737356686005,392.6842157241011,82490,404.3577453613281,402.8335406494141,27.765006325129434,-3.8522819123892305,-1.6760368329425694
2023-03-31,395.07958984375,399.43838701305333,387.77566107137295,392.67438705080195,927557,404.2448486328125,403.19755859375,32.76531411734847,-3.8436976630167123,-2.109568998957398
2023-04-03,392.69403076171875,396.61104611029634,391.80067060232915,396.61104611029634,34948,403.7431930541992,403.41058959960935,35.48629984725818,-3.98347029853619,-2.4843492588731566
2023-04-04,394.5691223144531,397.5633275451858,388.8653563857887,393.66593541514254,75944,403.1846008300781,403.5696270751953,24.652008107247937,-3.8980031478158708,-2.7670800366616994
2023-04-05,395.541015625,397.53388691531916,393.68556823775657,397.49461010325626,44633,402.4944595336914,403.68919921875,23.3089436669745,-3.709090065950761,-2.955482042519512
2023-04-06,402.3638610839844,402.4031378935936,395.53116422392213,395.54099091618133,92124,401.9820068359375,403.787958984375,38.573936682335614,-2.974539836240581,-2.959293601263726
2023-04-07,396.984130859375,407.4098924707812,393.665944291044,407.4098924707812,53116,401.1500076293945,403.91460021972654,37.60964546007975,-2.794291898274139,-2.9262932606658087
2023-04-10,392.6351318359375,399.5463522797998,383.84881075683745,399.5463522797998,85550,400.07454376220704,404.0086480712891,35.82616138205391,-2.96815691856591,-2.934665992245829
2023-04-11,391.8006591796875,392.68419262119994,388.85552773502855,392.68419262119994,25660,399.28868255615237,403.8191778564453,41.27551425027271,-3.1371184207908414,-2.9751564779548314
2023-04-12,391.0840148925781,395.6293393917536,387.77565523509344,395.61951269954096,89374,398.0060775756836,403.6876281738281,40.56286022458825,-3.2909132340892597,-3.0383078291817176
2023-04-13,394.8537902832031,396.5816104310278,391.08402538202694,393.7739026908127,60563,396.8250793457031,403.4017541503906,49.19144565015463,-3.0731816380300643,-3.045282590951387
2023-04-14,394.8537902832031,394.8537902832031,394.8537902832031,394.8537902832031,0,395.9508651733398,403.1783160400391,48.02202789932275,-2.8675721922512025,-3.0097405112113504
2023-04-17,389.6900329589844,397.67131493635213,388.7573959092685,397.67131493635213,57502,395.03149566650393,402.6593841552734,46.01421124044847,-3.0857269464390242,-3.0249377982568855
2023-04-18,385.78277587890625,392.5860224447475,385.3213707461326,389.68999444919064,101026,394.0227874755859,402.1357391357422,46.37639956123809,-3.533170957430741,-3.1265844300916568
2023-04-19,387.5204162597656,390.710975574763,385.70427569415625,385.7827993566845,37401,393.4529037475586,401.6213220214844,46.20207645238299,-3.704853260931941,-3.2422381962597138
2023-04-20,393.3321533203125,394.6476418647302,385.8122468976094,387.7658413088779,210004,393.1736068725586,401.04152404785157,48.00180626105358,-3.333527285786033,-3.260496014164978
2023-04-21,393.3321533203125,393.3321533203125,393.3321533203125,393.3321533203125,0,393.063655090332,400.7754809570313,50.77180088349239,-3.0046134615460005,-3.209319503641183
2023-04-24,393.3321533203125,393.3321533203125,393.3321533203125,393.3321533203125,0,392.90658111572264,400.4758624267578,48.432817989129134,-2.712676836155083,-3.109990970143963
2023-04-25,393.3321533203125,393.3321533203125,393.3321533203125,393.3321533203125,0,392.918359375,400.2642059326172,47.130815469970685,-2.4530378637131776,-2.978600348857806
2023-04-26,389.6998291015625,399.55621185638995,387.775684725489,395.62936947942296,168959,392.9605712890625,399.88408752441404,32.06346544350862,-2.5114202262448657,-2.885164324335218
2023-04-27,394.6770935058594,396.6012378063727,388.747553360849,390.72080116480396,199552,393.15789489746095,399.72819152832034,46.69477675304019,-2.1314944868457246,-2.7344303568373194
2023-04-28,393.83282470703125,397.592762837644,391.0349437173993,395.6293417865939,119995,393.095556640625,399.53538391113284,51.90744938547139,-1.8768904130139958,-2.562922368072655
2023-05-01,393.83282470703125,393.83282470703125,393.83282470703125,393.83282470703125,0,393.1524963378906,399.3759539794922,53.324805374810765,-1.6560252222567442,-2.381542938909473
2023-05-02,423.3627014160156,423.3627014160156,408.3916145833333,408.3916145833333,769270,394.59217529296876,399.72740661621094,77.18255477589018,0.8915490689080343,-1.7269245373459716
2023-05-03,449.91790771484375,455.1111646201877,436.8611701197543,436.9102436607162,2448615,397.31101989746094,400.5655908203125,83.51056776305745,4.995715764525869,-0.3823964769716036
2023-05-04,448.0330810546875,456.3874477103377,446.7862894391528,450.10447600610206,588714,399.59448089599607,401.3978857421875,81.63770775091423,8.003943205415965,1.29487145950591
2023-05-05,447.0709533691406,450.20261224451065,441.79917280522966,450.20261224451065,319493,402.09882202148435,402.1761853027344,85.93380677909093,10.192852602076357,3.0744676880199995
2023-05-08,438.8835144042969,449.6038067513616,437.8429036220391,446.97279971827896,296957,404.41124114990237,402.8266668701172,81.56147595548467,11.138523207938647,4.687278792003729
2023-05-09,435.0941467285156,445.10757679978104,432.19808849587866,438.82463499751907,764925,406.57591552734374,403.40666137695314,77.60315663773602,11.45021274884607,6.0398655833721975
2023-05-10,436.22308349609375,445.49043337037637,424.1971294071401,433.9160577402048,600790,408.8328689575195,404.1219354248047,76.31615410599038,11.65398483501798,7.162689433701354
2023-05-11,449.12274169921875,450.6051341895608,436.22308088759655,440.7880288695268,573903,411.5463165283203,405.3137316894531,79.55282452649746,12.709858949105524,8.272123336782188
2023-05-12,456.3972473144531,459.4111060161175,446.28564022088517,451.58687141517737,704003,414.6234893798828,406.49492614746094,81.01588378407179,13.972571492707232,9.412212967967198
2023-05-15,458.38031005859375,459.4405442863366,452.56857033333586,457.4771231569078,235186,418.0580032348633,407.6079895019531,81.37909754131327,14.96083764756645,10.52193790388705
2023-05-16,458.8319091796875,465.6744333220753,458.4588543547979,464.1036903559544,381577,421.71045989990233,408.66980834960935,84.40497670208435,15.600651372314701,11.537680597572582
2023-05-17,457.2709655761719,461.30578155705535,452.61763719571206,460.42224805374195,176808,425.19798736572267,409.62835083007815,82.24765533171876,15.799625013106947,12.390069480679454
2023-05-18,460.0491943359375,464.36871477521044,458.4588280343376,458.4588280343376,233493,428.5338394165039,410.57707641601564,83.4474155913584,15.997088421764715,13.111473268896507
2023-05-19,463.11212158203125,466.05725320857795,453.5502704881933,460.42224428346896,245236,432.02283782958983,411.56683654785155,83.9442309233561,16.213829295224684,13.731944474162143
2023-05-22,462.62127685546875,465.0264797224083,459.44054421331685,463.36738647155033,166476,435.48729400634767,412.5363739013672,76.88587227536082,16.159711832765538,14.217497945882823
2023-05-23,461.19781494140625,465.82166331613604,460.42225520604387,462.3856763369865,172517,438.88057708740234,413.6099725341797,61.77986109694658,15.819603333902137,14.537919023486687
2023-05-24,460.5400390625,464.3000071698625,458.94967279733106,462.38565965249825,164001,442.4225875854492,414.4860510253906,63.4048471336913,15.320384031530523,14.694412025095454
2023-05-25,469.12017822265625,473.47897536087896,461.40394785814954,462.3365848429105,779713,446.1447418212891,415.4989794921875,70.3147924149306,15.439122072003613,14.843354034477088
2023-05-26,498.021728515625,504.30469973172995,472.21258084192385,476.0903193712402,1641016,451.35418701171875,417.2126525878906,89.43441364274048,17.66174281572222,15.407031790726114
2023-05-29,504.0102233886719,514.6519322605338,501.16323880889433,503.6175151987518,1422158,456.8630569458008,419.13130859375,94.64509960839887,19.679553612602604,16.261536155101414
2023-05-30,527.1982421875,531.1054311762775,504.50109805532384,506.5626663344902,1645312,462.054833984375,421.5561346435547,95.8353731438749,22.885947575733326,17.5864184392278
2023-05-31,506.4153747558594,529.1419984722575,503.6175235923341,527.4240049707242,1234159,464.8797073364258,423.7060803222656,76.74116367110861,23.479378520098294,18.7650104554019
2023-06-01,507.1712951660156,514.8973523342613,501.6639134086198,505.58092888226344,674562,467.8366180419922,425.8711444091797,75.23414664332176,23.73704737224739,19.759417838771
2023-06-02,506.169921875,512.1289119420358,504.5992090051719,507.5345138829906,397315,470.7915664672852,428.0839190673828,73.98495443690335,23.588535385647788,20.52524134814636
2023-06-05,502.6259765625,508.4279194866641,498.61078399491043,508.4279194866641,256167,473.9786895751953,430.2069659423828,71.31793378956769,22.920656734344448,21.004324425385978
2023-06-06,505.54168701171875,510.4894866189291,500.7803548871319,501.64426496568785,348203,477.50106658935545,432.4558679199219,73.19118751442362,22.368778205946626,21.277215181498107
2023-06-07,505.2078857421875,507.15165348521936,503.61751942173277,505.5612871647646,184830,480.95030670166017,434.78291381835936,72.2178980381417,21.654851870675714,21.35274251933363
2023-06-08,498.6697082519531,508.52609106982334,496.7553905565954,505.58095926826064,251793,483.4276550292969,436.94169555664064,66.91573859932608,20.32716492079328,21.147626999625565
2023-06-09,498.9053039550781,501.6540814587522,492.8186866776783,498.6991231727317,253503,485.5530578613281,439.01820983886716,67.30334923438878,19.074099703661204,20.732921540432695
2023-06-12,516.5859375,528.7492858507294,497.7272559930638,500.5545872111484,1408856,488.4633392333984,441.4960479736328,72.86799807274384,19.285405702897265,20.44341837292561
2023-06-13,501.9093322753906,522.2699989637657,500.731267662378,519.2168936135066,782207,490.6172103881836,443.6428521728516,65.30803203917154,18.06039881027408,19.966814460395305
2023-06-14,502.7831115722656,509.2133040672809,499.98520038972134,504.5011051353004,314140,492.89281768798827,445.7876940917969,63.20980421696486,16.964522256427983,19.36635601960184
2023-06-15,502.14495849609375,510.48949837335044,492.7205309957768,501.6541032091963,1049027,494.9976058959961,447.78331604003904,52.07922443743521,15.861694827749318,18.66542378123134
2023-06-16,501.9093322753906,508.526051622614,500.7705444719925,506.53315049709647,391567,496.9374664306641,449.8818200683594,48.87532845532387,14.798099795335304,17.891958984052135
2023-06-19,502.2922058105469,507.5443633379413,501.1632446499401,504.5992316357869,722738,498.92101287841797,452.07496154785156,32.359930297472104,13.826702148295965,17.078907616900903
2023-06-20,503.3132019042969,506.0619795567987,502.3903915582221,502.63581920431795,272018,501.0267822265625,454.3052124023437,46.94867389244895,12.989513342301677,16.26102876198106
2023-06-21,503.38189697265625,506.95533765414825,502.6357873887343,504.5893817409823,948588,503.1688751220703,456.5511700439453,46.221632039766725,12.19104749300368,15.447032508185584
2023-06-22,503.7745666503906,506.5528243237491,500.37788644707047,505.5711137597638,419280,504.901594543457,458.7295855712891,47.582269255814154,11.457863596843026,14.649198725917074
2023-06-23,503.3622741699219,505.58094967200475,500.37789557177337,505.3845955718555,367898,505.1686218261719,460.8997552490234,50.79332824330091,10.719968396601757,13.86335266005401
2023-06-26,515.7122192382812,521.6613830735588,505.58095866277563,505.58095866277563,680316,505.7537216186523,463.4201989746094,59.106877404686955,11.004861297631123,13.291654387569434
2023-06-27,512.5413208007812,517.1160658974835,509.50780863938104,514.4163617091245,650584,505.02087554931643,465.9553698730469,56.24899231611784,10.84970729860703,12.803264969776952
2023-06-28,512.5413208007812,512.5413208007812,512.5413208007812,512.5413208007812,0,505.3271728515625,468.4557879638672,63.302590660837716,10.604504509644016,12.363512877750367
2023-06-29,512.5413208007812,512.5413208007812,512.5413208007812,512.5413208007812,0,505.5956741333008,470.83997131347655,63.136016011637125,10.291545008209766,11.949119303842247
2023-06-30,512.5413208007812,512.5413208007812,512.5413208007812,512.5413208007812,0,505.9142440795898,473.2241546630859,44.09071128692246,9.929066253431301,11.54510869376006
2023-07-03,550.9850463867188,550.9850463867188,540.431657970403,550.9850463867188,859865,508.33219757080076,476.37721252441406,92.31419767867152,12.598657119039274,11.755818378815903
2023-07-04,536.8975830078125,551.7213899810388,535.6213112168937,550.7004324671672,675892,509.89999237060545,479.24852111816404,73.9556684386319,13.422856221479947,12.089225947348712
2023-07-05,532.9019775390625,542.8859574844157,527.1785880092789,539.9408257078276,395836,511.2846969604492,482.11256408691406,70.62546455316125,13.59689147834689,12.390759053548349
2023-07-06,548.2656860351562,549.7579052376926,532.0871154264811,532.0871154264811,1058917,513.7644958496094,485.1843359375,75.84286771523601,14.803888537080923,12.873384950254865
2023-07-07,545.9390258789062,550.2487494657736,543.474922873229,549.7088206605952,309988,516.1161819458008,488.2264599609375,73.81619179789378,15.395233701264715,13.377754700456835
2023-07-10,547.0974731445312,554.6468299785819,544.8395507712444,546.8127986442132,395488,517.6417587280273,491.2917529296875,73.85540930650326,15.775505806059527,13.857304921577375
2023-07-11,557.1207885742188,562.5201970978455,550.2488140896028,553.4884472200064,1221868,520.4023315429688,493.96691467285154,76.41387735216223,16.693242665391722,14.424492470340246
2023-07-12,568.0668334960938,570.3640026276081,557.6115921752648,561.5384343736822,1069596,523.6665176391601,496.32989318847655,78.6308118035546,18.0952196553269,15.158637907337578
2023-07-13,571.2279052734375,578.2275061945644,562.5201376052383,567.4286902894028,948748,527.1206649780273,498.7937896728516,79.49989931553134,19.23958661651352,15.974827649172768
2023-07-14,569.1171875,577.2457792753354,564.5915164341657,570.3738057125338,269911,530.4810577392578,501.2347143554687,75.48247042096502,19.748539523077625,16.72957002395374
2023-07-17,570.6978149414062,573.3189653516071,567.5268490971215,568.4104125660625,357194,533.9013381958008,503.8710003662109,78.17730925143691,20.048327157186463,17.393321450600286
2023-07-18,571.7875366210938,574.8406422725664,567.6250931741317,572.3176387857634,505087,537.3250549316406,506.6048681640625,78.40533991946812,20.14166190870344,17.942989542220918
2023-07-19,571.0021362304688,571.7482458322818,568.4104060090727,571.7482458322818,685888,540.7060668945312,509.30044921875,77.81927240535623,19.922599795013525,18.33891159277944
2023-07-20,572.6219482421875,577.2458266900347,570.6781804487969,571.551917254075,268563,544.1484359741211,511.7704333496094,78.15602212068669,19.653147532572916,18.601758780738137
2023-07-21,572.35693359375,574.3007014090995,570.5014861779019,573.8098461087499,597692,547.5981689453125,514.0896270751953,65.5968186065903,19.19692994722334,18.720793014035177
2023-07-24,572.2881469726562,574.7914967595719,567.4286680222589,574.3006415104178,349531,550.4269653320313,516.3677838134765,82.47142561138831,18.615238832834052,18.69968217779495
2023-07-25,572.2489013671875,574.3890832108358,570.4720075720873,572.347108378827,190985,553.4123443603515,518.6361236572266,88.92761562466788,17.944227753798373,18.548591292995635
2023-07-26,573.3582153320312,575.272562912612,572.337257917855,572.3569113031388,563427,556.4531890869141,520.9578686523438,84.57778226349077,17.30250648105084,18.299374330606675
2023-07-27,573.3582153320312,573.3582153320312,573.3582153320312,573.3582153320312,0,559.4940338134766,523.2240490722656,90.37278021424976,16.60255384307436,17.960010233100213
2023-07-28,573.3582153320312,573.3582153320312,573.3582153320312,573.3582153320312,0,562.534878540039,525.4289709472656,90.03275149800886,15.864955008841207,17.540999188248414
2023-07-31,577.7759399414062,583.2342485277758,573.318995349717,573.318995349717,425780,563.8744232177735,527.7320642089844,87.97812981159856,15.45867805617172,17.124534961833074
2023-08-01,581.5260620117188,590.9897663382594,581.1628338923617,588.5256632072071,226478,566.1058471679687,530.1386291503907,83.65217922109633,15.263357668023332,16.75229950307113
2023-08-02,581.6929931640625,584.0196424228974,574.801365784352,580.1909472299787,550226,568.5453979492188,532.5616882324218,80.77348304281654,14.949703921164996,16.391780386689902
2023-08-03,588.3685913085938,591.9714521922521,582.164173541457,583.6269126505701,1444559,570.5505432128906,534.9466564941406,94.62893526706756,15.066123157564448,16.12664894086481
2023-08-04,592.432861328125,597.8519229620872,589.0263543399117,589.0460077257579,397121,572.8752349853515,536.8348791503906,95.18356015601408,15.309856371030037,15.963290426897856
2023-08-07,596.4776000976562,598.3526410745418,589.0263899011076,593.7385890365439,368184,575.3442413330079,538.6842266845703,95.71055997758101,15.64900136751396,15.900432615021078
2023-08-08,591.3038940429688,611.0166582767538,590.9897394828813,604.2428316473645,688322,577.0533966064453,539.9663397216797,82.33251681636145,15.32365976931385,15.785078045879633
2023-08-09,596.9192504882812,598.2544223505382,590.9897404439835,590.9897404439835,355816,578.4960174560547,541.7764172363281,84.32713682841735,15.34208256671127,15.696478950045961
2023-08-10,599.9724731445312,607.0800484909036,593.9349288261096,596.8800607045863,325885,579.9332458496094,543.6324407958984,86.16586067703129,15.425239755863458,15.642231111209462
2023-08-11,604.3998413085938,609.6422015801966,600.0312776542519,603.2905636033648,432893,581.697378540039,545.5970391845703,87.74507271829839,15.667785558105948,15.647342000588761
2023-08-14,604.3998413085938,604.3998413085938,604.3998413085938,604.3998413085938,0,583.3824798583985,547.6325164794922,87.82610194271665,15.679264057776209,15.653726412026252
2023-08-15,611.694091796875,615.0220452343173,601.5431777011526,605.6957944172451,568715,585.3778076171875,549.7555645751953,89.37272685102184,16.091453644243643,15.74127185846973
2023-08-16,615.1104125976562,618.8899744079481,608.6605668202815,610.6239880035727,375037,587.5832214355469,551.9536151123046,90.06958762886597,16.503542829780713,15.893726052731928
2023-08-17,612.3125,616.514250083276,607.6886814724453,609.6913495038374,189029,589.5677490234375,554.2264709472656,85.47909201381746,16.415134858182796,15.998007813822102
2023-08-18,602.7310180664062,615.5128484115137,602.0339820199001,611.9983678586237,242180,591.0864532470703,556.3029852294922,70.77468080695579,15.394467548317493,15.877299760721183
2023-08-21,594.6514892578125,605.6663123602214,594.1802873860875,603.7519648780567,1269644,592.2046203613281,557.8642962646485,60.19202314363252,13.77484308379644,15.456808425336236
2023-08-22,591.5984497070312,597.7144877025858,590.4989386048835,596.7819105476087,266037,593.1720977783203,559.6580786132813,57.361718573516484,12.105380954165867,14.786522931102162
2023-08-23,589.87060546875,594.916612236896,588.0446381681529,591.5984256787656,1091219,593.9977172851562,561.3998284912109,51.204907172842915,10.52161101645379,13.93354054817249
2023-08-24,589.68408203125,593.3459032687837,589.0361794075619,591.9518310924472,98546,594.8140106201172,563.150610961914,47.64865830049307,9.145981862075814,12.976028810953155
2023-08-25,589.2030029296875,592.9433175520893,587.170854996734,592.9433175520893,246217,595.60625,564.896484375,43.37319118983097,7.925605338583068,11.965944116479138
2023-08-28,579.4252319335938,588.8987636875632,577.2556897419772,581.3788864618101,184495,595.6887145996094,566.4391448974609,40.01653821846863,6.0991564690517635,10.792586586993664
2023-08-29,574.369384765625,580.671949566676,572.2390897010077,580.671949566676,519740,595.3308807373047,567.8602685546875,30.867955403425,4.1953565097912815,9.473140571553188
2023-08-30,569.8633422851562,577.1869248339043,568.4104297906416,577.1869248339043,717026,594.7393981933594,569.1898974609375,25.06903536470483,2.2965086343242547,8.0378141841074
2023-08-31,550.0328369140625,570.3738515329816,540.9323605907837,570.3738515329816,584526,592.8226104736328,570.1150628662109,14.132251172372364,-0.799284387559851,6.270394469773951
2023-09-01,545.0457153320312,547.7944929184599,535.5427642938879,544.8493612361026,103922,590.4532531738281,570.9487316894531,13.259716099626587,-3.613487657545079,4.293618044310145
2023-09-04,550.0033569335938,552.703061050626,545.8310869345437,549.6597821953333,92751,588.129541015625,571.6345544433593,10.675810165281717,-5.381687041510872,2.3585570271459417
2023-09-05,545.222412109375,557.9060956859446,543.3767914749038,552.938642680959,170408,585.8254669189453,572.2881762695313,6.21232782943288,-7.087084584253603,0.46942870486603283
2023-09-06,543.3865966796875,547.7944673044937,541.0304674764274,545.2223905490096,202435,583.1488342285156,572.9050817871093,6.288136721647021,-8.488904578408892,-1.3222379517889522
2023-09-07,528.6216430664062,547.6668514146062,527.1785573408815,543.3767811697912,396368,579.5812927246094,573.2266882324219,5.900222277105456,-10.668288000776101,-3.191447961586382
2023-09-08,533.765869140625,537.3883834969399,525.3132956966521,530.1237013991129,101036,576.049594116211,573.6511791992187,12.457698815566829,-11.843840590718514,-4.921926487412809
2023-09-11,531.8809814453125,536.9368151648514,529.3579779322093,535.0322941430738,92726,572.4236511230469,573.2690979003906,12.639784211285999,-12.780246446388105,-6.493590479207868
2023-09-12,522.1914672851562,534.0505476950772,520.8956021482803,534.0505476950772,178908,567.948519897461,572.9749755859375,11.494694323735487,-14.141206620200023,-8.0231137074063
2023-09-13,534.9832153320312,537.8694469568688,522.2798774892241,522.2798774892241,861488,563.9421600341797,573.0166003417969,22.782415176898397,-14.025908261239692,-9.223672618172978
2023-09-14,518.5388793945312,527.7195974943843,514.4277715988991,514.4277715988991,69164,559.2534790039062,572.4220642089844,19.65938114373678,-15.087534256940557,-10.396444945926495
2023-09-15,537.1572875976562,541.5549631391666,529.6960953331994,531.5737735294059,472615,555.9747924804688,572.2464294433594,33.13222433534166,-14.26212565894184,-11.169581088529565
2023-09-18,533.2734985351562,538.392569069228,529.7948781220374,535.6255120666648,65193,552.905892944336,571.9699499511719,33.44509021278229,-13.762724595308214,-11.688209789885295
2023-09-19,530.8226928710938,537.2956460373406,528.7078470069093,537.2956460373406,42243,549.8671051025391,571.4439880371094,34.00821437786138,-13.410121654320392,-12.032592162772314
2023-09-20,529.6071166992188,533.589748676765,528.7078457815287,533.3920888204856,38215,546.8539306640625,570.6747937011719,40.12771096705982,-13.078012929031274,-12.241676316024108
2023-09-21,543.6104736328125,552.4255477746435,528.7572139415869,531.356287086556,480606,544.5502502441407,570.1224450683594,49.361921978375634,-11.551699694526292,-12.103680991724545
2023-09-22,544.1539916992188,555.3902631950573,542.740817306747,555.3902631950573,182247,542.2977996826172,569.6231811523437,47.29326077402868,-10.180869369380048,-11.719118667255646
2023-09-25,549.5399780273438,551.4274880396105,539.5884037329697,542.5432287890819,185224,540.8035369873047,569.2000244140625,51.98678826110036,-8.561184372000525,-11.087531808204622
2023-09-26,552.5935668945312,554.6491208369949,545.5079103822204,549.8265098473607,96699,539.71474609375,568.8161450195313,54.189759175019034,-6.951045910323501,-10.260234628628398
2023-09-27,553.9771728515625,558.3550646156915,547.5832348174146,555.2915476801282,264545,538.9204376220703,568.4756457519532,63.13848598340108,-5.499954094370992,-9.308178521776917
2023-09-28,553.9771728515625,553.9771728515625,553.9771728515625,553.9771728515625,0,539.1176544189453,568.1027502441407,61.062670044846406,-4.300381257435333,-8.306619068908601
2023-09-29,553.9771728515625,553.9771728515625,553.9771728515625,553.9771728515625,0,539.5642272949219,567.7351550292968,62.34917607120295,-3.311537795363961,-7.307602814199674
2023-10-02,557.77197265625,560.311754239102,554.8962235759157,559.3432992768803,355778,539.9526580810547,567.4448315429687,71.28796825598542,-2.1963454939897247,-6.2853513501576845
2023-10-03,561.181396484375,563.2764583853589,557.5051762753243,558.4044472456061,107305,540.7506072998046,567.2234814453125,67.65680803433696,-1.0256129240713108,-5.23340366494041
2023-10-04,563.0886840820312,564.6797947301111,558.6021006885696,559.3432799464492,131821,541.7357116699219,567.0180908203125,87.3425777748673,0.05546388834522986,-4.175630154283282
2023-10-05,574.9080200195312,579.0783595149744,564.2646670254916,564.2646670254916,543549,544.0500305175781,567.0490869140625,85.71425271852105,1.844682333106448,-2.971567656805336
2023-10-06,573.3565063476562,577.1216945943477,569.8185937736099,577.1216945943477,74338,546.0295623779297,567.049052734375,89.671378518787,3.1017021626347514,-1.7569136929173186
2023-10-09,573.455322265625,575.0562645264179,564.3832356980411,575.0562645264179,152817,548.1082794189454,566.9626403808594,94.25519378076828,4.059082476517574,-0.5937144590303401
2023-10-10,575.8863525390625,582.0727379788789,573.3762473356971,576.1433043152571,127858,550.7930236816406,566.8498461914063,96.8581560020715,4.95683775876239,0.5163959845282059
2023-10-11,574.2261352539062,576.1433212742699,571.2021264091389,576.1334292337684,94306,552.7551696777343,566.7005090332032,91.32881491112286,5.4712801165910605,1.507372810940777
2023-10-12,578.1988525390625,583.2981389001659,573.7715010978524,574.166820798479,252443,555.738168334961,566.4971142578125,92.06359261152915,6.128894395568182,2.4316771278662577
2023-10-13,585.4722900390625,587.0139403991351,576.4002636527905,578.2185895557894,230267,558.1539184570313,566.3579028320313,92.41725351858977,7.154491544104985,3.376240011114003
2023-10-16,580.7979736328125,589.2375131126765,578.3767759808766,585.4822169164712,147814,560.530142211914,566.0443103027344,82.06758814230456,7.503609465176737,4.20171390192655
2023-10-17,585.4722900390625,588.0021793560361,578.119789787027,580.8374469185045,355337,563.2626220703125,565.9276782226563,83.3160301952672,8.064503624176723,4.974271846376585
2023-10-18,588.9212036132812,590.8680656217792,583.0609541427717,583.0609541427717,584167,566.2283264160156,565.7677172851562,84.4506115414841,8.68717444841161,5.71685236678359
2023-10-19,589.2374877929688,592.8346921317108,578.1197993440447,591.9551449693723,140611,568.5096771240235,565.553017578125,84.54698217350484,9.101253468075925,6.393732587042058
2023-10-20,598.1316528320312,602.8060039854995,589.2375018605512,589.2375018605512,501836,571.2085601806641,565.4276538085937,85.950831989544,10.03146240719036,7.121278551071718
2023-10-23,600.0982055664062,602.5786949619159,596.906213084878,600.8393847730015,325149,573.7364715576172,565.34162109375,85.58016925904803,10.802815926250673,7.85758602610751
2023-10-24,602.1735229492188,602.776334207152,594.1292437591525,597.3904200932204,179869,576.2154693603516,565.1512097167969,85.62433798855332,11.449596099343012,8.575988040754611
2023-10-25,599.3076782226562,607.8658016607965,596.9951723587886,599.8610896653382,231056,578.4819946289062,564.8351550292969,76.57715515063518,11.597238580423436,9.180238148688376
2023-10-26,602.1932983398438,605.9881626128467,599.8808528737642,602.7269859991861,133758,580.8928009033203,564.6327709960938,80.5231671705817,11.810942544117665,9.706379027774235
2023-10-27,605.3655395507812,606.6799142403322,599.8610413729218,601.837519268714,165113,583.4622192382812,564.6854614257812,81.71297896990762,12.096833067609623,10.184469835741313
2023-10-30,625.3280029296875,628.0258760618962,609.2592273548148,609.2592273548148,834181,586.8400207519531,565.2989916992187,86.43860264680215,13.775412943105948,10.90265845721424
2023-10-31,627.0178833007812,628.6188257112669,614.6846794519072,627.2353272533772,282880,590.1318450927735,566.0073803710937,88.890627472986,15.068360135070975,11.735798792785587
2023-11-01,630.5458374023438,631.5834762156753,619.625809286202,628.5199596587312,144422,593.5047027587891,566.8208850097657,88.81734796497602,16.191065981492102,12.626852230526891
2023-11-02,649.2631225585938,652.6330512826914,630.980701295145,630.980701295145,1100811,597.2224578857422,568.0124658203125,90.43990017218364,18.379282016292336,13.777338187679982
2023-11-03,656.8330078125,667.7530355740961,653.2259117071605,654.2141506053559,571900,601.3962829589843,569.3650659179688,96.49509653898808,20.488111271603543,15.119492804464695
2023-11-06,684.869384765625,689.2966760139647,657.6928133098774,662.1201045582169,2021377,606.9669860839844,571.4739489746094,97.27396759229693,24.143365273915947,16.92426729835495
2023-11-07,710.7216796875,712.8167414327675,688.8025470495954,688.8025470495954,2462291,613.7087524414062,574.2009948730469,97.75284555491372,28.794321534180312,19.298278145520023
2023-11-08,709.9706420898438,721.4144665438691,704.6144036243544,713.5085545817445,963437,620.4959777832031,577.0031408691407,97.17358020805014,32.05018088660654,21.848658693737327
2023-11-09,709.9706420898438,709.9706420898438,709.9706420898438,709.9706420898438,0,627.0845672607422,580.2018969726563,96.96246017198322,34.23582361700767,24.326091678391396
2023-11-10,711.9866943359375,718.3410638917926,706.5908876613782,706.5908876613782,471517,633.410287475586,583.5407165527344,96.96372237727232,35.718894612115605,26.604652265136238
2023-11-13,731.7612915039062,733.7674455936683,709.6939584204491,716.3744636028207,3361343,640.9584533691407,587.1758752441406,97.35649627690611,38.05125263464936,28.893972339038864
2023-11-14,721.91845703125,733.7674325881994,718.9438480914681,731.2968351720775,676734,647.78076171875,590.7097961425782,92.63283665712363,38.65978277830709,30.847134426892513
2023-11-15,711.571533203125,726.3556092220697,709.5555475121714,724.3791313738463,322895,653.9132781982422,594.0734948730469,86.15574514343037,37.870588451256026,32.25182523176522
2023-11-16,708.5772705078125,720.9104741954824,706.5909004236819,715.4850516178261,1148854,659.8802673339844,597.672607421875,84.15755506852635,36.58184158740198,33.11782850289257
2023-11-17,689.9785766601562,713.4887603074229,687.9823146166954,713.4887603074229,1488809,664.4726135253907,600.7968615722656,71.5907705766983,33.671596055653026,33.228582013444665
2023-11-20,673.7120971679688,695.7201971374813,670.0259853113811,688.802524722762,198775,668.1533081054688,603.6334838867188,64.2105071543099,29.710156365525336,32.5248968838608
2023-11-21,683.298095703125,691.7673113096663,669.1366137127496,675.9554870511597,287561,672.2095367431641,606.8556164550781,65.48324489020118,27.032582059933134,31.426433919075265
2023-11-22,707.8558349609375,712.520293924468,672.0222804312465,686.8260808287174,622942,677.6369445800781,610.3130688476563,66.62740681645684,26.585725754922237,30.45829228624466
2023-11-23,718.44970703125,723.3909017150963,709.9508763019616,709.9508763019616,740312,683.4497650146484,614.3112854003906,67.19051293909942,26.777748635466537,29.72218355608904
2023-11-24,709.249267578125,723.3711815174634,707.5791412147994,719.5368092787905,616218,688.6439514160156,617.753125,57.600603725102616,25.889096193644264,28.955566083600083
2023-11-27,721.4737548828125,726.3556579078383,706.6896778729289,706.6896778729289,787142,693.4512390136719,621.5171301269531,53.66331338109006,25.872998866736907,28.33905264022745
2023-11-28,752.3363647460938,764.8969027838186,722.452030288101,722.452030288101,1211459,699.7171630859375,625.9474035644531,61.97685381377866,28.027512586980265,28.276744629578015
2023-11-29,747.5928955078125,785.6499882365584,737.2361703103372,760.9440137637107,1012419,705.5695159912109,630.307119140625,60.358067440033906,29.01772365264162,28.424940434190738
2023-11-30,777.7243041992188,780.7088052626518,751.061635442551,751.061635442551,1703620,711.9925750732422,634.9893957519531,65.67242365287541,31.866488871461115,29.113250121644814
2023-12-01,808.853759765625,811.3441411080825,768.8498681876836,780.7087350491902,1087043,719.5936126708984,640.2833911132813,67.43552798570353,36.218537975589015,30.534307692433657
2023-12-04,804.8020629882812,820.2383509850479,790.5911816723353,811.3442001912341,901765,725.5902465820312,645.3886328125,69.24951329228743,38.89230390711964,32.205906935370855
2023-12-05,793.9906616210938,805.4147008548827,788.0217203989304,805.4147008548827,685811,729.753695678711,650.2165747070312,69.10043082072636,39.681469654302305,33.70101947915715
2023-12-06,799.3865356445312,805.4147693000946,795.33471963312,795.5323794927315,397787,734.2244903564454,655.1247619628906,70.81314599596165,40.27799151901547,35.01641388712881
2023-12-07,788.4566040039062,807.2924363030219,781.8452829017067,803.4382802046326,487629,738.1487884521484,659.8143505859375,73.39313758922503,39.41444012523357,35.896019134749764
2023-12-08,784.7605590820312,790.6899930314756,782.6852813266543,790.5911932592467,433520,741.7874816894531,664.4300183105469,78.0546655030022,37.993859921235185,36.31558729204685
2023-12-11,778.0009765625,788.5158530765352,774.7793080542589,788.5158530765352,392034,744.0994659423828,668.8345983886719,74.27183494028449,35.908665316302404,36.23420289689796
2023-12-12,798.4773559570312,800.4736181086731,776.8546810523642,777.7441203105255,521519,747.9274108886718,673.580517578125,73.72208497779005,35.49919365084702,36.08720104768778
2023-12-13,797.9337768554688,815.2674665131184,791.5794075758038,802.4500361442605,565497,752.2455230712891,678.2774194335938,71.96222058298247,34.73047086609665,35.81585501136956
2023-12-14,803.2505493164062,805.4345792482102,787.6264929418832,800.4736001040469,201792,756.9791870117188,682.8442700195312,76.5431332788034,34.156536335143755,35.4839912761244
2023-12-15,800.5328369140625,813.2712513839501,793.6843482672256,795.5422423081435,408502,762.5069000244141,687.3877966308594,73.59044219421578,33.10082668096072,35.00735835709166
2023-12-18,787.9625244140625,807.2825851344107,785.7982785539757,805.4147989159818,334800,768.2194213867188,691.6779406738282,61.93317329728638,30.893726362943084,34.184631958261946
2023-12-19,773.801025390625,788.6246103206997,770.8165243231604,787.6264792846366,408098,772.7445678710938,695.6362341308594,58.257564219131964,27.682759224587357,32.88425741152703
2023-12-20,758.473388671875,780.6988728468116,739.2521291691046,780.6988728468116,494419,775.2754455566406,699.3211791992187,43.31044569598029,23.62885373150698,31.033176675523023
2023-12-21,764.1260986328125,767.8616708487141,743.1556968831827,761.9322370969866,352825,777.5592651367188,703.0397241210937,31.113405441514857,20.634370692712423,28.953415478960906
2023-12-22,755.2814331054688,767.8616961618936,752.1486720748956,766.8734571706943,86342,779.860873413086,706.4359069824219,29.903010835361172,17.347558860219692,26.632244155212668
2023-12-25,755.2814331054688,755.2814331054688,755.2814331054688,755.2814331054688,0,781.5512573242188,709.925576171875,32.779473912292644,14.574728406155941,24.220741005401322
2023-12-26,734.8347778320312,774.7793816125419,721.4144752259638,755.0146014693648,337223,780.6761779785156,712.9128259277344,24.67435875086325,10.605116907157594,21.49761618575258
2023-12-27,752.2079467773438,755.0145719877041,722.8968055091696,729.3401428857902,362552,780.9069305419922,716.1785607910156,36.46293763676149,8.760060213754628,18.95010499135299
2023-12-28,774.1468505859375,788.4960994635386,749.9745644348615,754.0263200091628,548039,780.7280578613281,719.876748046875,46.51162230876661,8.964785214039011,16.953041035890195
2023-12-29,777.7243041992188,782.5864834781868,763.9186344053062,775.767610292635,299457,779.1715850830078,723.4686010742188,49.90712416840992,9.30840041459146,15.424112911630449
2024-01-01,801.1455688476562,803.4382905187033,780.8174857965769,780.8174857965769,336708,778.9887603759765,727.4895483398437,50.878323750986496,11.339898957753348,14.60727012085503
2024-01-02,790.7097778320312,808.349819720744,785.7784749103629,803.4284088397718,367894,778.8247161865235,731.2602734375,47.76740139692562,11.969814499351742,14.079778996554374
2024-01-03,793.9906616210938,802.3215082826559,784.661684023039,792.5675951970746,454598,778.5549224853515,735.1539331054687,47.101732228590905,12.58865285273032,13.781553767789564
2024-01-04,785.0471801757812,797.4495673488764,779.2264380897968,797.0147397836666,464841,778.3844512939453,738.8110107421875,45.334926866042125,12.216597169822649,13.468562448196181
2024-01-05,780.4617309570312,790.5911804566318,777.2499542864261,787.6264635299194,135389,778.1695098876953,742.3129345703124,47.626174376598655,11.420089250723208,13.058867808701587
2024-01-08,777.5562744140625,784.6617147728723,775.747780273281,776.7558032890146,241393,778.1472747802734,745.3575,51.27961525438816,10.434126806397444,12.53391960824076
2024-01-09,775.7083129882812,786.6382337734965,772.8028879533597,782.6852778248859,84690,777.008822631836,748.33130859375,56.466951962481296,9.395325953585257,11.90620087730966
2024-01-10,771.5873413085938,782.1614497788388,767.8616611799624,780.5111076275715,124079,775.6915008544922,751.152138671875,52.83219075729739,8.145642918346198,11.154089285516967
2024-01-11,780.5604858398438,786.6381793170214,771.8145955359217,771.8145955359217,271791,774.556997680664,753.7780859375,59.58624967596193,7.789525085043806,10.481176445422335
2024-01-12,778.7916259765625,795.4335973199745,774.7793780386978,780.7088120543001,578034,773.469937133789,756.2172583007813,58.797444387752535,7.280640239829495,9.841069204303768
2024-01-15,770.747314453125,785.7586667005246,768.1581331977382,783.6734969665937,277798,772.6091766357422,757.9348168945312,64.8133126487585,6.157259567323763,9.104307276907768
2024-01-16,763.3751220703125,774.779378452171,760.9539244491851,770.8264224396601,122914,772.0878814697265,758.9878857421875,55.02048387495095,4.6188546957366725,8.20721676067355
2024-01-17,753.9967041015625,769.6998367713925,751.0616631334747,765.8852485900564,146828,771.864047241211,759.8684069824219,39.787635782312755,2.612779306578659,7.088329269854572
2024-01-18,742.2959594726562,760.3511051723001,736.2380496215256,760.3511051723001,165509,770.7725402832032,760.5149133300781,33.41042352352089,0.07789982266388051,5.6862433804164345
2024-01-19,740.6553955078125,751.0615803030072,736.2379964812372,748.0968635386532,113375,770.0412384033203,761.0882873535156,14.416804118307269,-2.039875813754634,4.141019541582221
2024-01-22,741.8215942382812,748.0869954229565,736.7321395031162,748.0869954229565,56211,769.3682464599609,761.2894934082032,17.721468996677785,-3.5828251935463413,2.5962505945565084
2024-01-23,732.601318359375,744.1439422575088,728.3815186681387,744.1439422575088,422233,769.2565734863281,761.5031506347656,12.415315134199119,-5.486379333939226,0.9797246088573615
2024-01-24,741.34716796875,755.8545079635786,731.316579199058,734.1627120919345,405717,768.7135345458985,762.0986633300781,23.18043528259807,-6.217570451346091,-0.45973440318332914
2024-01-25,740.8530883789062,753.0183076315409,738.2145072298658,743.3533619139392,244876,767.0488464355469,762.7441796875,24.406086870098704,-6.758999237662806,-1.7195873700792246
2024-01-26,734.9730834960938,751.9411906323309,732.285102356089,743.2545311794337,334711,764.9112854003906,763.6440698242187,23.502616381304236,-7.575230166452457,-2.8907159293538713
2024-01-29,731.7514038085938,739.2027034634973,730.3777372497984,735.0421959450103,340467,761.4415771484375,764.8048559570312,23.107571208794482,-8.385400012610035,-3.9896527460051043
2024-01-30,724.6361083984375,736.2380241210641,721.5132395117151,736.2182400403509,283673,758.1378936767578,765.6316162109375,22.290878256929176,-9.492190266533953,-5.090160250110874
2024-01-31,725.3377075195312,757.9792687356492,717.4614721018008,725.3673836401127,125804,754.7052459716797,765.9812536621093,13.883109604505336,-10.195192498364008,-6.111166699761501
2024-02-01,718.5782470703125,737.8884159044868,708.5673809217229,732.2851175216133,341664,751.3817993164063,765.9838244628907,13.032366951355144,-11.169009411007664,-7.122735242010734
2024-02-02,732.7297973632812,737.2262726194128,714.4967762785999,725.3674049633365,251072,748.9952026367188,766.4534350585938,28.287593637691415,-10.675790622203863,-7.83334631804936
2024-02-06,740.6751708984375,742.1674213030931,732.7791516594455,734.3603097882911,213471,747.1511474609375,766.8374633789062,37.1200241588723,-9.533885242163137,-8.173454102872116
2024-02-07,746.4366455078125,749.0851186364172,741.1792070940803,746.0611098841661,155916,745.6875640869141,766.7194689941406,45.52681225785763,-8.070976952868705,-8.152958672871435
2024-02-08,746.4366455078125,746.4366455078125,746.4366455078125,746.4366455078125,0,744.430029296875,766.6963439941406,52.84374473407774,-6.8328467894288,-7.888936296182909
2024-02-09,738.2244262695312,745.1322072402576,711.5320811843309,737.325095000334,310675,742.3132263183594,765.9063464355469,48.468681972285644,-6.440040397885127,-7.599157116523353
2024-02-12,713.3800659179688,737.7105047205235,701.9955335947417,736.2380382947055,317638,739.0426483154297,763.9968725585937,36.20056336560011,-8.040781624602232,-7.687482018139129
2024-02-13,714.210205078125,719.3391677261246,689.7907985056179,702.1437855848733,499121,736.2157928466797,762.1850354003906,40.28601640274411,-9.137068845013687,-7.97739938351404
2024-02-14,721.7406005859375,733.253548663028,719.1019590463777,720.4262258365079,123083,734.134066772461,760.7400341796875,39.50932891630951,-9.291141882091551,-8.240147883229543
2024-02-15,714.7339477539062,730.180127782869,711.5419551611715,729.3203646986505,142380,732.1709289550781,759.046982421875,36.935230572713266,-9.864907685410572,-8.565099843665749
2024-02-16,695.1766967773438,716.4732339435113,691.7969364798662,716.4732339435113,183662,729.8149658203125,757.1813842773438,32.489757422243414,-11.762141282318794,-9.204508131396357
2024-02-19,702.2623901367188,709.5555987486856,685.640202994806,695.7202528120818,139861,727.8953155517578,755.5314208984375,37.451639981217,-12.549295869093726,-9.873465678935831
2024-02-20,691.6585693359375,708.5179233162606,688.812436350418,704.6143674220576,129391,725.3871643066407,753.8045727539062,36.37179034454926,-13.868889345756543,-10.672550412299975
2024-02-21,717.184814453125,719.4380284395648,696.7184223295874,696.7184223295874,182507,724.6163391113281,752.1787219238281,47.20436395235382,-12.708427195950094,-11.079725769029999
2024-02-22,707.9546508789062,721.4144610668501,705.6026372626451,721.4144610668501,152491,722.9467132568359,750.3791394042969,46.417853498672784,-12.390717167738103,-11.34192404877162
2024-02-23,719.9913940429688,732.285089455426,701.6496808547267,711.5320707259201,413445,721.9036285400391,748.7139562988282,45.64262265236603,-11.04039826453868,-11.281618891925033
2024-02-26,725.0017700195312,751.061627179301,720.4262187022506,720.4262187022506,352438,721.405062866211,747.2033349609375,44.528801489365605,-9.45695148738264,-10.916685411016555
2024-02-27,727.6897583007812,734.7556912270011,721.4144648227449,724.3791818014685,224226,721.2019805908203,745.9978796386719,43.3124239303436,-7.894161340538062,-10.312180596920857
2024-02-28,751.9312744140625,760.8155331283451,724.3791670283096,724.3791670283096,288583,722.5667388916015,745.5604846191407,51.67107961573931,-4.645994996047307,-9.178943476746147
2024-02-29,743.53125,770.8264058536898,740.190997415915,746.1204313070972,268473,723.476416015625,745.2616418457031,51.612120897478924,-2.718276930162915,-7.886810167429501
2024-03-01,738.28369140625,749.0851360641896,735.269574624073,746.1204191668379,170588,724.4616882324219,744.7447937011718,58.58777878852041,-1.5955876560493607,-6.628565665153473
2024-03-04,754.89599609375,755.9929268842683,739.914259394612,747.1086681139492,181396,725.5699981689453,744.7370849609375,62.652885201616,0.6273936324276974,-5.177373805637239
2024-03-05,754.757568359375,762.9204313298143,747.1283929983884,758.9674757270691,167621,726.2741180419922,744.7266076660156,60.76279239300676,2.3508531858150263,-3.6717284073467855
2024-03-06,749.8560180664062,758.9675527025257,748.1562156198255,756.0028356997815,100091,726.4450866699219,745.0270324707031,61.608325136389354,3.283344799020597,-2.2807137660733092
2024-03-07,744.0352172851562,755.8841923222947,739.222498555069,755.8841923222947,204927,726.3250152587891,744.8635778808593,67.76115283371526,3.5121749772555404,-1.1221360174075392
2024-03-08,749.0653686523438,759.9557815991698,743.1557188069905,744.0352659822676,93203,726.8670623779296,744.3619482421875,67.2720433546713,4.052698730494285,-0.08716906782717437
2024-03-11,754.0855712890625,764.8969072486547,747.1184991198344,755.0145182661139,388908,728.9023376464844,743.8891735839844,74.02811946166699,4.83047340584119,0.8963594269064984
2024-03-12,749.7868041992188,759.9458693585048,746.1204159377928,759.9458693585048,143115,730.6811676025391,742.8619982910157,64.99954789428253,5.041871307782685,1.7254618030817357
2024-03-13,746.071044921875,755.004703765345,744.1439668089055,755.004703765345,93099,731.8976898193359,741.9692236328125,68.47401711859303,4.853625376264631,2.351094517718315
2024-03-14,756.1015625,759.9557183585235,702.1734185040435,702.1734185040435,165575,733.9660705566406,741.2114416503906,67.84876238355581,5.450982525879908,2.9710721193506338
2024-03-15,765.9840087890625,770.6781439411086,752.0597553473241,759.9557751417841,358248,737.5064361572265,740.8301782226563,69.32613692555046,6.645221221419661,3.7059019397644395
2024-03-18,752.7910766601562,769.7295080105574,748.9468123799843,765.6282919333299,83479,740.0328704833985,740.2767651367187,60.77005105600238,6.452721668081722,4.255265885427896
2024-03-19,753.927490234375,759.8371396277118,750.1425183118503,759.8371396277118,104882,743.1463165283203,739.804189453125,51.06831939437728,6.319021714343307,4.668017051210978
2024-03-20,753.3345336914062,760.7167099557806,748.946750374671,759.9557466686277,47462,744.9538024902344,739.3567138671875,55.72482679420108,6.094958018222201,4.953405244613223
2024-03-21,742.2366333007812,758.167040304028,736.257799733772,757.9792724913699,272994,746.6679016113281,738.7696997070312,52.160759290113916,4.96464873205764,4.955653942102106
2024-03-22,738.5603637695312,753.0281966424286,736.277534181099,747.9980941059601,47870,747.5963500976562,737.929697265625,39.599788298766086,3.7292379186717426,4.710370737416034
2024-03-26,741.9896240234375,745.1322168511235,734.261587692818,740.5863415118521,46839,748.4457427978516,737.1936572265626,42.19810597358269,2.992384248453959,4.3667734396236195
2024-03-27,751.4371337890625,754.0263149994549,743.2050864887514,743.2050864887514,55438,749.6331115722656,736.8074536132813,50.915295343070575,3.134623499547388,4.120343451608373
2024-03-28,760.657470703125,763.0193160977285,752.0498872049791,752.0498872049791,89014,750.0694213867188,736.7531005859375,59.25809840122654,3.9458677549499726,4.085448312276693
2024-03-29,755.9830322265625,769.8183778844797,751.0715134703157,760.9440111854439,54348,750.6920104980469,736.7928271484375,53.86825958182564,4.16360115059706,4.101078879940767
2024-04-01,747.7510375976562,762.9204815957211,744.4601849527008,747.2074579126119,74041,751.1653778076172,736.9019287109375,46.580640995144336,3.6300582149593765,4.006874746944489
2024-04-02,753.225830078125,755.706319435321,742.6813376173495,751.0516923755638,62737,751.0818695068359,737.1533374023437,51.83310050186189,3.60740764314437,3.9269813261844657
2024-04-03,789.2669067382812,790.5417736086241,748.1067899586675,753.0380927525621,316381,752.8073364257813,738.1022436523438,67.12370463030396,6.42362305243978,4.426309671435529
2024-04-04,781.776123046875,795.522500962755,777.249971549384,791.8758966492138,110907,754.4033416748047,739.0857397460937,60.387064147872174,7.959300550978583,5.13290784734414
2024-04-08,790.2354125976562,791.5794031005468,773.8306097512485,782.6852525039114,116878,756.7133514404297,740.0635046386719,59.925598293736854,9.746577523389078,6.055641782553128
2024-04-09,787.21142578125,801.4618150238979,784.9977801106236,790.5911862134627,108312,758.620654296875,740.9906713867188,65.36663761969615,10.794563923559963,7.003426210754496
2024-04-15,790.2156372070312,794.5441287037132,779.572284241137,780.2640635808356,138491,760.4271575927735,742.0955224609374,65.93475099447298,11.732273109527569,7.949195590509111
2024-04-16,790.620849609375,802.4500410903765,786.1440981371854,790.5911734880557,256560,762.4688598632813,743.2729113769532,66.40010523574686,12.365569066703188,8.832470285747927
2024-04-17,794.6923828125,799.4853176355506,787.9229097546134,790.620843127801,134742,764.8999267578125,744.6740368652344,74.59231471386917,13.04561761839534,9.675099752277411
2024-04-18,782.4580078125,796.2933537325947,776.9041094899619,796.2933537325947,146719,766.2177490234375,745.8164428710937,69.05134137290003,12.453789644725134,10.230837730766957
2024-04-19,779.2462158203125,787.6264630262514,777.744073276863,787.6264630262514,53963,766.880859375,747.0298022460937,66.1997390683104,11.591971903644094,10.503064565342385
2024-04-22,796.777587890625,804.4265481200118,779.2264535535986,779.2264535535986,187168,769.0801849365234,748.3107580566407,68.41981805774861,12.183170341128061,10.839085720499522
2024-04-23,816.47314453125,825.0807275423447,796.5205976198661,796.5205976198661,383432,772.2074676513672,749.8267175292968,70.8968552481845,14.078675967569893,11.487003769913596
2024-04-24,849.7866821289062,864.7090658817674,815.2971192599521,815.2971192599521,659963,777.0300750732422,751.8937182617187,78.91791444967153,18.06080815029236,12.801764645989348
2024-04-25,837.5424194335938,863.691183986641,833.0854520264297,833.0854520264297,232047,781.7953643798828,753.7158337402344,77.01276142560731,19.99814080607223,14.241039878005925
2024-04-26,853.6012573242188,855.8149028494096,831.1089299034104,837.5225908294211,221777,787.5474090576172,756.0233703613281,78.38899152378818,22.56914188314545,15.90666027903383
2024-04-29,836.7122802734375,860.4596919141775,832.0972211258766,857.2973151148431,128096,792.2835418701172,758.4900146484375,65.04924552914406,22.978991943660162,17.321126611959098
2024-04-30,827.79833984375,847.9089773593204,824.6853631775675,830.110785095215,252683,796.1016021728516,760.76177734375,64.4672193425296,22.3271471198301,18.3223307135333
2024-05-02,826.88916015625,844.9443051359605,822.2642090925315,828.2430426969887,447573,799.4131866455078,762.8647485351562,62.09640545190786,21.48947490819876,18.955759552466393
2024-05-03,838.8270874023438,841.9795720154228,827.1658800411806,829.9131529135027,256691,803.5553894042969,765.346611328125,66.08759240172384,21.540597999535635,19.472727241880243
2024-05-06,849.8855590820312,854.7279544176837,840.0031688601472,844.9443639710892,274088,808.6621154785156,768.4407885742188,67.70883826143157,22.217332088284138,20.021648211161022
2024-05-07,843.6497802734375,859.7679564465411,840.0031758385747,849.8855661425579,182509,813.1833129882813,771.2685363769531,65.21148727056519,21.99690684444397,20.41669993781761
2024-05-08,832.2058715820312,848.689689710533,830.3282538038065,847.8991106293164,54435,815.3302612304688,774.079482421875,60.324174035505486,20.660627605716854,20.46548547139746
2024-05-09,826.2764892578125,838.0266653507388,820.5348231260622,838.0266653507388,263201,817.5552795410156,776.2613159179688,62.49294367819692,18.90523727480263,20.153435832078493
2024-05-10,852.0892944335938,863.7208867755813,831.1089997462974,834.0737167489596,560989,820.6479736328125,779.1440087890625,68.39713836919107,19.373628314179314,19.997474328498658
2024-05-13,856.5264282226562,876.5679429506617,849.8854914741479,853.8384472484462,445005,824.1137237548828,781.8747094726563,66.15884286558016,19.873778652257897,19.972735193250507
2024-05-14,869.225341796875,871.6267552109084,858.7796488415867,859.7678877930729,311745,828.064208984375,784.7591809082031,64.82777456770367,21.052171268898064,20.18862240838002
2024-05-15,882.5567016601562,902.2621893473128,869.6503029853617,869.6503029853617,443988,832.661001586914,787.8565197753907,60.376769197942984,22.798972866255212,20.71069249995506
2024-05-16,881.4498901367188,891.3915719970753,876.577879137607,883.4658759689066,221413,836.998876953125,790.4468920898438,64.95858722467034,23.819439604579884,21.332441920880026
2024-05-17,876.251708984375,892.3797759607472,870.7373187291237,883.4856253697762,139452,841.6885620117188,793.1013012695313,58.33332959075842,23.932834255164835,21.852520387736988
2024-05-20,873.6823120117188,888.4268203278658,860.3608098857976,879.4338699664913,264729,846.410366821289,795.8092736816407,65.20359494563054,23.54397122569435,22.19081055532846
2024-05-21,871.7255859375,878.4258752188435,864.7091132596927,873.6823401467117,193024,850.1577667236328,798.1458654785156,69.16112185521865,22.814906986135156,22.315629841489802
2024-05-22,865.588623046875,874.4926655821658,855.5678656795941,855.5678656795941,274529,852.6135406494141,800.3624865722657,66.14445094017164,21.494145576560186,22.15133298850388
2024-05-23,862.1693115234375,869.6305036329725,859.8172979653715,866.6756787834433,42404,853.2326721191406,802.6087524414063,60.48286429309556,19.941647876857473,21.7093959661746
2024-05-24,880.0070190429688,890.403312312915,861.5368302738626,862.7326211422583,241438,855.3559020996094,805.3281884765624,62.75097070772525,19.920999305977602,21.3517166341352
2024-05-27,877.5166625976562,887.4385597474131,876.5679315099726,881.3114663137559,109209,856.5516723632812,807.8972143554688,64.80597666479349,19.479140802602842,20.97720146782873
2024-05-28,877.5166625976562,877.5166625976562,877.5166625976562,877.5166625976562,0,858.5918914794922,810.3658361816406,72.0115470099459,18.910970854914808,20.563955345245947
2024-05-29,876.0540771484375,882.4974146397351,870.7966385039946,879.5326976812589,235912,861.0046783447266,812.891181640625,75.27852511251348,18.133640337501674,20.077892343697094
2024-05-30,887.4088745117188,896.8268203766362,870.6977809052568,882.4973560290206,598327,864.0306640625,815.7179382324218,71.02349846685945,18.223765330473952,19.707066941052467
2024-05-31,888.278564453125,892.1821204058821,881.5091517087467,887.4089093435424,193496,866.5032379150391,818.3614782714844,69.73830086408445,18.15607481795223,19.39686851643242
2024-06-03,890.7788696289062,898.3092459411127,874.5915100746807,891.3816809393543,262561,868.5479034423828,820.8573754882813,65.34404201901944,18.095588649025103,19.136612542950957
2024-06-04,898.0918579101562,908.1916314314321,884.5134035266665,891.391568608435,588112,871.2700073242188,823.7633911132813,62.09605061058138,18.425353950517888,18.994360824464344
2024-06-05,899.1096801757812,906.2151206665465,894.3562532205284,902.1435810021325,245445,874.6151977539063,826.6670349121093,63.769423616147655,18.55493533383958,18.90647572633939
2024-06-06,904.2979736328125,912.124809595448,896.3327697345238,899.0899348202432,273011,878.5162719726562,829.6863037109375,71.87118036120218,18.858887914680054,18.896958164007522
2024-06-07,900.177001953125,906.956306751625,882.4973924589498,904.2287575676102,221783,880.9206573486329,832.8451110839844,70.17305302566285,18.553372817931177,18.828241094792254
2024-06-10,891.6583862304688,910.1779747002691,888.4268255279517,910.1680826598927,298509,882.6772552490235,835.9070715332032,63.79806713237785,17.4230269970991,18.547198275253624
2024-06-11,885.89697265625,903.2504471047824,879.5327110757728,899.2678149775968,268849,883.5108367919922,838.7852185058593,64.13150764055824,15.879275462069586,18.013613712616817
2024-06-12,880.0465698242188,896.2339286647431,877.5561883665015,891.3816416383064,251016,883.3853302001953,841.3574072265625,62.03273187681219,14.02212431312853,17.21531583271916
2024-06-13,945.9917602539062,950.6760033517414,881.548674882155,889.1186192198386,1082726,886.6124237060546,845.0640930175781,76.95599747468451,17.66788006475258,17.305828679125845
2024-06-14,935.3088989257812,963.5330016696898,929.9328764832596,963.5330016696898,100018,889.565283203125,848.6506103515625,72.12804741250375,19.470703979994823,17.73880373929964
2024-06-20,939.8646240234375,954.6388081172876,938.8269852085126,938.9752451752095,165345,892.874398803711,852.4928820800782,73.06763148659921,21.02470416092376,18.395983823624466
2024-06-21,906.6301879882812,946.6736507526014,904.189266660411,946.6637587120318,247404,894.61962890625,855.5609692382812,59.15926765204806,19.351447819406303,18.587076622780835
2024-06-24,889.7609252929688,906.6202795716775,886.4503488972591,894.8602721144914,130452,895.8282440185546,857.570849609375,50.68203861156931,16.474266506974345,18.164514599619537
2024-06-25,893.75341796875,902.6475683147659,879.5227532881976,889.4150346015927,455950,897.4074493408203,859.8103955078125,51.559336129592126,14.350813139382126,17.401774307572055
2024-06-26,891.3816528320312,902.7068930653774,889.4150669458887,893.7633425112186,133057,897.9761810302734,861.8333203125,50.17180922982285,12.33439618076818,16.388298682211282
2024-06-27,892.3599853515625,903.7445173262576,889.415052590084,892.3698773918068,111105,898.7183471679688,863.9362915039062,48.305058132042696,10.692063024656932,15.249051550700411
2024-06-28,896.06591796875,900.6810374695384,884.4837859858267,899.2974787599024,81042,899.6458099365234,866.0532971191407,49.114030016632476,9.579117848736814,14.115064810307693
2024-07-01,888.4169311523438,901.2739296459813,884.4738673609137,895.3444958983104,341903,900.2639526367187,868.00921875,45.442673440084015,7.987812932405291,12.889614434727214
2024-07-02,891.0457153320312,899.1789029717827,889.4150968608577,889.4150968608577,194171,900.4457946777344,869.9362854003906,47.356991860410474,6.859738440412343,11.683639235864241
2024-07-03,902.4301147460938,906.2150866862055,889.5237169056546,898.1510836649094,103739,901.1533721923828,872.3357275390625,53.06694647632381,6.805902954754288,10.708091979642251
2024-07-04,915.23779296875,927.9564241160734,901.2739710264739,902.2523179889877,383353,902.376318359375,875.0555590820312,58.031704448246366,7.707859136689876,10.108045411051776
2024-07-05,908.2608032226562,920.0504869723111,901.2739464218557,920.0504869723111,124806,902.884765625,877.2852233886719,57.67597069241851,7.770112129837685,9.640458754808957
2024-07-08,917.2537841796875,926.9582984870455,905.2269323278931,905.2269323278931,171837,903.7919708251953,879.3008361816406,38.67072699474926,8.447726350331095,9.401912273913386
2024-07-09,913.0142211914062,927.7093297978113,909.1798491760175,923.9935416330163,92486,904.227783203125,880.5653869628907,40.7404384245594,8.544151539967856,9.23036012712428
2024-07-10,899.7421875,918.9337715194677,897.5186498046492,909.970436771686,70321,904.2060424804688,881.8093823242187,34.46115181582748,7.463591362278066,8.877006374155037
2024-07-11,895.72998046875,907.5987407583979,894.8801093870862,907.5987407583979,49481,904.4096221923828,882.6519567871094,44.543425216794574,6.211881358891105,8.34398137110225
2024-07-12,892.616943359375,899.1986485721823,879.641361065074,891.2136609332312,65700,904.7456207275391,883.7700500488281,51.65806211576281,4.91207276792386,7.657599650466573
2024-07-15,913.6071166992188,919.0622149540361,897.3209582561988,900.9774544006623,172639,906.4236480712891,885.4862255859375,59.62623515520267,5.512155958601738,7.228510912093606
2024-07-16,913.6071166992188,913.6071166992188,913.6071166992188,913.6071166992188,0,904.8044158935547,887.2205847167969,61.02988660609461,5.919490014448002,6.966706732564486
2024-07-17,913.6071166992188,913.6071166992188,913.6071166992188,913.6071166992188,0,903.7193267822265,888.7161853027344,60.647760994985546,6.171167807325332,6.807598947516656
2024-07-18,916.7201538085938,919.0622754270382,909.3083612648273,914.1210803978605,46238,902.5621032714844,890.0528771972656,60.41251400801126,6.546358009246774,6.75535075986268
2024-07-19,916.789306640625,925.9799170192948,909.179854490663,918.0740052411152,120286,903.0700592041015,891.5156677246093,65.4870983325282,6.77122454140715,6.7585255161715745
2024-07-22,898.9713134765625,916.7892907909063,889.3162599001577,910.1680777276862,146243,903.5305786132812,892.8509765625,53.71085969359324,5.448858699768266,6.496592152890914
2024-07-23,896.97509765625,905.1675767513121,885.4719819231319,903.7445102655931,130416,903.6916625976562,894.2649487304687,47.199713751998196,4.1914795424505655,6.035569630802844
2024-07-24,901.8767700195312,904.1200918279557,890.4033298239283,898.2993497017842,35821,904.2164184570313,895.2606982421875,42.53532903176527,3.5496038721934156,5.538376479080959
2024-07-25,892.7553100585938,903.2504029125644,889.3656576883678,891.3915354782637,38839,904.2361846923828,895.9852758789062,41.53995345745567,2.278620670723967,4.886425317409561
2024-07-26,890.1265869140625,899.198673848058,880.6197327326153,893.368039727334,112225,903.9392181396485,896.40330078125,34.09433489603836,1.0471702116531105,4.118574296258271
2024-07-29,892.033935546875,903.2504237941964,885.4621222315099,885.4621222315099,71928,904.120068359375,896.5928454589844,37.35259640057427,0.2225782020452698,3.3393750774156707
2024-07-30,884.8099365234375,899.0899418796789,883.5548536866123,896.332776772311,48696,903.8082794189453,896.6600463867187,40.29049536134517,-1.002279598828295,2.471044142166878
2024-07-31,860.7561645507812,892.3699203465993,851.9608133693154,892.3699203465993,99298,901.7245819091797,896.3501354980468,31.960466160310133,-3.869323450905995,1.2029706235523034
2024-08-01,870.381591796875,879.3054187611701,842.2365648767984,879.3054187611701,108380,899.4817718505859,896.28412109375,39.25298600278009,-5.3036476749149415,-0.09835303614114554
2024-08-02,875.6785278320312,879.5326839447847,861.764166552701,869.6502942375399,75702,897.8526580810546,896.3631799316406,28.389681386016036,-5.9444179367906145,-1.2675660162710394
2024-08-05,859.4615478515625,889.4150684669052,851.0714086897958,889.3952843860636,77775,894.9630462646485,896.2406384277343,23.96164577522954,-7.672365485855494,-2.5485259101879305
2024-08-06,845.359375,868.6620671369608,841.2681114464573,857.7914383104459,75301,891.5803039550781,895.9044396972656,21.099807240898215,-10.063695838827584,-4.051559895915862
2024-08-07,846.39697265625,853.8384407974571,838.0266178197264,838.0266178197264,80785,888.9130432128907,895.2322387695312,19.688140444664256,-11.739787945200646,-5.589205505772819
2024-08-08,859.5900268554688,861.7443805688124,851.8619908833903,851.8619908833903,104008,887.1060455322265,894.8737060546875,27.85091585809316,-11.866741392191216,-6.844712683056499
2024-08-09,869.11669921875,875.0856411095981,859.7679364939021,869.6503265685446,188461,885.9310333251954,894.7057067871094,37.646233391523616,-11.071010355672001,-7.6899722175796
2024-08-12,850.4883422851562,879.5327006629818,847.9189450393613,869.6700948492252,75059,882.7750946044922,894.1943920898437,33.09131951551652,-11.807431773550093,-8.513464128773698
2024-08-13,858.2262573242188,860.7561466859415,841.1890270566597,850.8737569421305,47690,880.0060516357422,893.6107397460937,34.44391177205024,-11.632572918075766,-9.137285886634112
2024-08-15,838.1254272460938,862.4163574644429,834.1724714561019,844.964084191249,52423,876.231967163086,892.6076770019531,31.944090297300704,-12.966495326223253,-9.90312777455194
2024-08-16,854.589599609375,865.5887049207215,840.003181766979,840.003181766979,53771,873.125439453125,891.8838916015625,39.23873153219225,-12.550443630393602,-10.432590945720273
2024-08-19,842.9876098632812,859.6591961527307,840.596028171747,854.8266932028608,40874,869.4353546142578,890.781806640625,35.97152319152539,-13.006967054940333,-10.947466167564285
2024-08-20,839.52880859375,845.9325779665332,829.1424071270577,845.4878583562408,38419,866.4632293701172,889.5901892089844,36.763362494094345,-13.492330328665162,-11.456438999784462
2024-08-21,839.8746337890625,844.7466445871182,835.259574769444,841.9795875834064,31554,863.6082061767578,888.3017224121094,42.91367107642406,-13.691254754565307,-11.90340215074063
2024-08-22,851.6741943359375,854.8167869118098,840.0129869639875,846.8910913499277,56525,861.0980773925781,887.3316662597656,43.74379997273009,-12.749806044570391,-12.072682929506584
2024-08-23,839.963623046875,853.8384765770161,837.0384139591813,845.9325647568586,29739,858.4584930419921,886.2977709960937,38.54737231897543,-12.801083470971776,-12.218363037799623
2024-08-26,830.0811767578125,846.9207460740356,828.1738828991311,840.003073702369,24791,855.4562225341797,885.181455078125,40.17969857381955,-13.483720093394027,-12.471434448918505
2024-08-27,824.675537109375,838.0167633448744,823.2030706793394,838.0167633448744,30752,852.0883026123047,884.0740344238282,42.65975797934325,-14.296107845384881,-12.836369128211782
2024-08-28,820.337158203125,824.9818935010805,817.2736414732613,820.2383584314472,40694,848.8646636962891,881.5609423828125,40.96364071961729,-15.11575687612833,-13.292246677795092
2024-08-29,819.9320068359375,826.7113118048063,819.2501195227975,820.2383585089528,14635,846.8234558105469,879.2534045410156,34.91015396934732,-15.61799247222848,-13.75739583668177
2024-08-30,820.02099609375,825.179574782591,818.7659132473278,820.2383797240126,19073,844.3054260253906,876.8565319824219,29.873634737736538,-15.826400221003155,-14.171196713546049
2024-09-02,817.896240234375,830.1108596763396,816.8289252361745,830.1108596763396,19952,841.4163116455078,875.0818530273438,34.54838394179424,-15.978821001890537,-14.532721571214948
2024-09-03,817.7084350585938,820.2383243450859,811.35406588036,820.2383243450859,13039,839.3286560058593,873.6408032226562,29.309678489101998,-15.931125775846112,-14.812402412141182
2024-09-04,832.0082397460938,835.0421406040331,815.3959451718605,825.1597509627921,126252,838.661099243164,872.4058996582031,46.67955213180015,-14.571481270103618,-14.764218183733671
2024-09-05,831.5240478515625,835.0619603832197,822.9066326683248,835.0619603832197,52801,837.9174530029297,871.2087475585937,34.85198552483689,-13.378800953543077,-14.487134737695554
2024-09-06,832.7691650390625,839.0148422453271,829.1423450951193,834.9828105668896,36093,836.5764099121094,870.0169311523438,42.23251377250066,-12.192574252351278,-14.0282226406267
2024-09-09,843.4817504882812,849.885519754189,831.1484870463031,838.0266520366886,32658,835.2946624755859,868.9652478027343,52.70635174674916,-10.269682422108417,-13.276514596923043
2024-09-10,865.7566528320312,878.5345758182686,835.506671626339,835.506671626339,179821,836.0580780029297,868.5120422363282,63.627867694461386,-6.869194534272992,-11.995050584393034
2024-09-11,868.6422729492188,877.5562077847914,860.7759293293678,874.7891507246096,289411,836.5788787841797,868.0639733886719,59.85989273480841,-3.896521284777009,-10.37534472446983
2024-09-12,848.47265625,874.0961708842215,842.8798857762922,857.4964049352259,274866,837.096240234375,866.98482421875,54.501895541763275,-3.1320712529469574,-8.926690030165256
2024-09-13,844.5458374023438,864.6956328058235,842.9394122842259,860.6101491074137,219058,836.5940521240234,865.5709851074218,58.16756766816493,-2.810700552004846,-7.703492134533175
2024-09-16,838.7646484375,848.8296503941363,834.1040667668316,848.6213876866304,90724,836.3829040527344,864.1810620117187,57.92191337221833,-2.9880610820574702,-6.760405924038034
2024-09-17,838.7646484375,838.7646484375,838.7646484375,838.7646484375,0,836.3446960449219,862.611279296875,60.89268370823731,-3.09296678415501,-6.026918096061429
2024-09-18,848.2743530273438,852.8160053029602,839.905048821204,839.905048821204,128004,836.764682006836,861.3164819335938,65.12542059301579,-2.3813014634274623,-5.297794769534637
2024-09-19,859.24169921875,876.3967723955465,847.838029811923,849.8113507471949,218039,837.1430572509765,860.5064721679687,68.75342182708347,-0.9217035648144929,-4.422576528590608
2024-09-20,883.7943115234375,892.6594274448826,853.4903017995435,872.1228843369154,796606,839.3345916748046,860.2677587890626,75.94467118176173,2.1909727340718064,-3.0998666760581255
2024-09-23,879.7285766601562,887.502930638382,873.1243915386541,879.569943548877,70106,841.8169616699219,860.0099914550781,73.69437474933076,4.280378759956648,-1.623817588855171
2024-09-24,877.7255249023438,886.5013675238358,867.6704493973093,886.5013675238358,239434,844.4694610595703,859.2923596191406,69.27722502174707,5.708810933346285,-0.15729188441487962
2024-09-25,888.6829833984375,891.4694427507072,869.5446637511702,891.419873685143,225962,847.886752319336,858.793876953125,72.14574079259017,7.636994528330206,1.4015653981341376
2024-09-26,883.3579711914062,895.3268729836027,877.6858538277023,892.4610668100015,257603,851.0580505371094,858.1888940429687,68.999541084407,8.635861105852769,2.848424539677864
2024-09-27,888.3656616210938,891.9652594500017,875.762106260943,882.5448370322417,178960,854.4752838134766,857.6218041992188,67.61165076445567,9.719508389119255,4.222641309566143
2024-09-30,876.6347045898438,892.3618972786029,872.6285679528415,892.3618972786029,265961,857.41220703125,856.8187121582031,54.65340092574026,9.521953324922151,5.282503712637345
2024-10-01,881.9696655273438,892.4610580227894,876.5950836579399,878.5783304535461,274590,860.6252685546875,856.4786791992187,55.584158253790775,9.684242357104722,6.162851441530821
2024-10-02,887.6119995117188,891.4000081304222,863.8130381137913,891.4000081304222,320925,863.4054565429688,856.2914172363281,68.6724829846202,10.151130864182619,6.960507326061181
2024-10-03,893.3634033203125,898.4107930153357,882.5448187457491,890.943839823245,884628,866.4974243164063,856.1211499023437,72.89121971909833,10.860045743471119,7.7404150095431685
2024-10-04,924.4309692382812,936.0924698601922,892.461041180268,898.2521483446595,835312,871.0805145263672,856.7546630859375,82.47006790792062,13.77002652561805,8.946337312758146
2024-10-07,918.0350341796875,933.1176483502298,914.3858672173378,925.1846609041067,183827,874.8081787109375,857.31283203125,78.65641410352589,15.382785577889763,10.23362696578447
2024-10-08,897.2605590820312,927.1678947020146,888.4945814470642,918.2432839508722,666169,876.3833740234375,857.4173645019531,66.37496317321606,14.813817755464584,11.149665123720492
2024-10-09,897.2605590820312,897.2605590820312,897.2605590820312,897.2605590820312,0,877.8142883300782,857.666376953125,63.71440787715222,14.19922680905779,11.759577460787954
2024-10-10,866.4705810546875,881.6622586680493,863.7039735823291,881.5531946207699,398049,878.7141845703125,857.7806652832031,44.01997163283142,11.099714551896113,11.627604879009585
2024-10-11,838.040771484375,869.356255721371,820.0725601356478,869.3463298034478,980211,878.3889312744141,857.1338488769532,37.681682704221366,6.276924247349825,10.557468752677634
2024-10-14,837.5053100585938,843.3757036535023,823.6920033274648,838.9034724253211,381088,878.3259643554687,856.3703845214844,38.01136119684082,2.3841380631290576,8.92280261476792
2024-10-15,837.108642578125,844.7243031003027,828.6004967778316,837.9317069547083,231507,878.2431640625,855.9233264160156,33.59409523025511,-0.7245782968892627,6.993326432436483
2024-10-16,833.4990844726562,846.8067136567579,832.1703430520802,839.9049932225516,74381,877.5044006347656,855.6861206054688,33.96477970828779,-3.439866937261286,4.906687758496929
2024-10-17,833.5784301757812,847.8379790394314,830.9803817953725,837.9217453664556,51916,876.2212371826172,855.4297497558593,31.80291126173867,-5.521699497562622,2.821010307285019
2024-10-18,830.7225952148438,839.8951118611931,826.0223098820504,837.8226528042073,50103,873.5676513671875,854.8524011230469,33.79534444457849,-7.317655437730423,0.7932771582819305
2024-10-21,837.3961791992188,839.7562477208777,831.0795430159225,835.6410469465751,39577,871.4510314941406,854.2179907226563,34.4150777824822,-8.108985666313629,-0.9871754066371815
2024-10-22,859.271484375,865.6872589494232,832.9636855870738,839.9050496336328,235108,870.5283294677735,854.3936535644531,41.10103664180949,-6.891525054556496,-2.1680453362210446
2024-10-23,856.365966796875,872.6286151987721,843.8715358342671,864.685701869788,210643,868.9124786376954,854.3564477539062,38.17134596636274,-6.0909174298728885,-2.9526197549514137
2024-10-24,882.58447265625,884.5280763165772,856.3659474350587,856.4056511065056,398823,868.8738037109375,855.2456286621094,36.192918487001336,-3.302743838505421,-3.0226445716622155
2024-10-25,901.7625122070312,913.1860333944284,889.4862094025739,899.3925177030677,554860,869.5436462402344,856.1890869140625,45.0485894156307,0.44923285779645994,-2.3282690857704806
2024-10-28,908.3865356445312,937.0741935414079,894.4443129653835,907.3354172542415,277842,871.1312377929687,857.4970654296875,53.70442023531018,3.912108402815761,-1.0801935880532323
2024-10-29,911.0341186523438,932.1259670836789,902.3772660065403,902.3772660065403,289848,872.5844604492188,858.9271716308593,54.506488163943466,6.791808304490473,0.49420679045550897
2024-10-30,893.1849365234375,921.1190116166882,882.5547625982608,913.2851624523295,199515,872.8631072998047,859.9933776855469,59.54913411828772,7.546717535639232,1.9047089394922536
2024-10-31,875.8018188476562,900.3940676206221,870.6453649459319,897.1217224311843,238326,871.9850280761718,860.4759301757813,64.65518180728537,6.66548070800809,2.856863293195421
2024-11-01,914.6832885742188,931.0947038113796,871.6369445961742,879.5600056601604,289426,871.4976440429688,861.9703234863281,73.08261288626673,9.000748804626824,4.085640395481702
2024-11-04,950.6395874023438,962.8167517990348,914.2767742912662,914.2767742912662,364382,873.1278717041016,864.3814916992187,77.99951168832108,13.596110908726928,5.987734498130747
2024-11-05,978.4943237304688,984.6820441123676,954.9333418733232,965.7420612297319,413402,877.1895599365234,867.4578674316406,81.93973350055205,19.26355464713174,8.642898527930946
2024-11-06,993.2297973632812,1009.4725930441542,977.7406451292103,988.5989331611327,440970,881.9880218505859,870.9157202148438,83.03514415732425,24.659811260213132,11.846281074387385
2024-11-07,1007.5984497070312,1021.3721134126696,996.581528135663,1011.455879301867,121116,889.0444152832031,874.6690490722656,84.93478450605815,29.75284142882151,15.427593145274212
2024-11-08,993.5372314453125,1011.4459477283281,991.6234055354957,1011.4459477283281,65897,896.81923828125,878.1393737792969,79.96499146221788,32.28235088558472,18.798544693336314
2024-11-11,985.4058837890625,1007.4893558685095,977.7406544156992,1001.5098378250284,170978,904.2142669677735,881.4895666503907,75.55447123426978,33.24761573656065,21.688358901981182
2024-11-12,981.4196166992188,996.5616648562933,979.7239188971428,987.6569060946905,150508,911.4298156738281,884.7637902832031,75.2250505331061,33.30699434783287,24.012085991151523
2024-11-13,1009.8196411132812,1014.4307140229406,980.7155192264793,985.0489085392899,326372,920.2458435058594,888.3200183105469,75.44118892607923,35.23947817775377,26.257564428471973
2024-11-14,1032.58740234375,1038.2296812862028,1011.6739780562796,1021.3720837868088,328131,930.1962921142579,892.3412854003906,75.78875559314733,38.168174630660815,28.639686468909744
2024-11-15,1036.38525390625,1039.211356275177,1018.3971916143207,1036.2364861925646,174331,940.4794250488281,896.4136071777343,75.51595091412455,40.33073494341534,30.97789616381086
2024-11-18,1049.4251708984375,1051.1208081838977,1028.8092815950886,1036.2464571246917,357919,951.0808746337891,900.5324755859375,76.49004525764425,42.60566036226169,33.30344900350103
2024-11-19,1037.267822265625,1050.4167578292208,1001.6982363191325,1001.6982363191325,36753,959.9806915283203,903.9626989746093,78.19388868505737,42.932657761164705,35.229290755033766
2024-11-20,1019.3292846679688,1046.1626715793734,1013.4589516970766,1032.2799441840073,448085,968.128857421875,906.9764392089844,78.02428946382418,41.268596795122676,36.43715196305155
2024-11-21,1032.4486083984375,1035.006953266196,1001.7379993522139,1001.7379993522139,68353,975.6220642089844,910.6559582519532,75.56616881459725,40.54110366580949,37.25794230360314
2024-11-22,1018.2881469726562,1041.3632423874328,1016.4139642591673,1031.1593990743625,300360,981.4483459472656,914.1308044433594,66.22120411875281,38.379514078498346,37.48225665858218
2024-11-25,990.4136352539062,1031.2684703682469,981.7071528669131,1018.3972181760805,157170,985.5497009277344,917.1637841796875,52.85781769415968,34.02497983077876,36.790801293021495
2024-11-26,940.12841796875,990.4037371951417,917.2516585304271,990.4037371951417,576284,987.0044158935547,919.1910595703125,39.122512437033414,26.214202276846095,34.67548148978642
2024-11-27,987.369384765625,1031.2883645801542,951.859352248489,951.9584903816808,486464,991.7136383056641,921.9729602050782,46.348026819606744,23.56442003716984,32.453269199263104
2024-11-28,1011.1286010742188,1021.3720875984727,986.665269087845,989.6401392458988,215710,998.4799774169921,925.0106982421875,53.068346854768016,23.1151615203064,30.585647663471764
2024-11-29,1011.0096435546875,1022.7604173704336,1005.5061456904497,1010.4642627796532,63387,1003.2962951660156,927.5550048828125,54.594310787669365,22.490268218980077,28.966571774573428
2024-12-02,1031.387451171875,1045.1710403346096,1011.0096028602615,1016.4139623747388,176187,1007.3336883544922,930.5881823730468,58.46803647819846,23.36996019203025,27.847249458064795
2024-12-03,1049.325927734375,1053.0049329316562,1031.2883558442265,1032.4088951496992,405612,1010.8752685546875,934.0201904296875,56.941245456567394,25.223842800493685,27.322568126550575
2024-12-04,1058.08203125,1063.0202964685618,1036.2464643746707,1049.3259190613078,284601,1014.1178802490234,937.4081713867188,54.71137387173997,27.087356317767103,27.27552576479388
2024-12-05,1109.507568359375,1111.6098050756802,1042.6522767373924,1058.0819945789308,488098,1019.2133361816407,941.9311633300781,61.49026790126109,32.341008258056604,28.288622263446424
2024-12-06,1105.322998046875,1131.4423251028468,1090.7857647792564,1110.6281591478362,266819,1024.8026245117187,946.2703100585937,59.03510097711643,35.75474695263608,29.781847201284357
2024-12-09,1157.3533935546875,1208.7591153790713,1093.7605817262793,1110.7272431328552,288292,1033.4,951.8846838378906,67.1938865932425,42.17243990824181,32.259965742675845
2024-12-10,1192.466796875,1273.0857036039943,1147.3082302190758,1184.9799920702778,1022643,1043.952359008789,958.0946264648437,73.62781451680209,49.52101852968735,35.71217630007815
2024-12-11,1208.3228759765625,1244.4873518838237,1194.9061824860617,1199.864299425838,255483,1053.8775207519532,964.5088439941406,73.82334411982096,55.97898223801349,39.76553748766522
2024-12-12,1214.8179931640625,1249.4455270627166,1193.9146147488182,1218.705200603237,594520,1062.9890502929688,970.9379357910157,77.18583320345263,60.918832300941176,43.99619645032041
2024-12-13,1246.877197265625,1260.3533252050856,1204.8720451071038,1214.7386493912115,332665,1073.5136474609376,977.3868603515625,85.07040038807057,66.65228287913237,48.527413736082806
2024-12-16,1228.462646484375,1259.361664201789,1209.7904222372272,1249.445430625397,559581,1082.4655212402345,983.5954125976563,93.19350080662062,68.91576537375067,52.60508406361639
2024-12-17,1172.6739501953125,1239.5093911887368,1165.1574884428132,1214.738658163784,433497,1089.2358276367188,989.1036804199218,77.0661348586263,65.45340391628997,55.17474803415111
2024-12-18,1126.1767578125,1187.9648719868026,1103.3496880793348,1181.0235079601684,296068,1094.5782012939453,993.6820043945313,65.75759992469587,58.28564208385228,55.796926844091345
2024-12-19,1075.0982666015625,1167.1406935212033,1041.2045269305552,1115.5762788541663,542495,1096.7106842041017,997.8545581054688,57.70267018779343,47.93101294948747,54.22374406517058
2024-12-20,1098.153564453125,1111.5999149265228,1064.0119172400293,1074.9197747327044,281707,1100.703955078125,1003.0568139648437,57.973156334786616,41.11135846542902,51.601266945222264
2024-12-23,1122.6466064453125,1125.472708930191,1042.196195035177,1115.5763267503082,179862,1107.3156036376954,1008.7596398925781,58.620938107932844,37.25367971558126,48.73174949929406
2024-12-24,1106.4434814453125,1142.350125025272,1100.7019433837256,1122.5176575769167,143904,1115.6313568115233,1014.1463366699219,55.58840331938268,32.51418149600727,45.48823589863671
2024-12-26,1055.0872802734375,1110.6181897615131,1051.120786738575,1106.7508343554668,292070,1119.017251586914,1018.5781005859375,43.710460327076206,24.333576455610228,41.25730401003142
2024-12-27,1062.2269287109375,1078.8862501096833,1057.0705354934948,1061.0370290600745,171856,1121.57216796875,1023.1510705566407,45.05302982533577,18.216509402386237,36.64914508850238
2024-12-30,1089.7445068359375,1101.1978057334115,1046.162706032192,1070.9532914831918,192193,1125.5089111328125,1028.3315087890626,41.776427735276314,15.411474388864463,32.4016109485748
2024-12-31,1091.2716064453125,1130.450655968899,1082.109016075492,1105.6600714081774,363139,1128.5031188964845,1033.4090173339844,36.59600035830622,13.159987958062857,28.553286350472412
2025-01-01,1091.2716064453125,1091.2716064453125,1091.2716064453125,1091.2716064453125,0,1130.6004028320312,1038.0490197753907,33.81594324126715,11.246031489963798,25.091835378370693
2025-01-02,1182.4613037109375,1219.6968117069575,1145.3250548955577,1189.9481089823976,362258,1136.8193664550781,1044.5709265136718,46.37516779478001,16.89272484822709,23.452013272341972
2025-01-03,1138.076171875,1208.7888927699112,1091.7872605686455,1208.7888927699112,487084,1138.2477966308593,1049.6807604980468,38.13888224983006,17.583568388749427,22.278324295623463
2025-01-06,1138.5819091796875,1156.213001814246,1115.5762953306455,1149.192351906164,183759,1139.9107421875,1054.4171484375,39.80335780166663,17.964788743791587,21.41561718525709
2025-01-07,1141.3089599609375,1146.217568661098,1088.8025467668415,1141.3585895524905,274356,1139.1085205078125,1059.075596923828,45.95473443842818,18.27628123534828,20.787749995275327
2025-01-08,1125.0364990234375,1162.1826744387224,1120.5344898598603,1140.3768846251837,178703,1135.7370056152345,1063.35564453125,49.84050118928297,17.013963297988766,20.032992655818017
2025-01-09,1093.02685546875,1137.3920781987115,1082.7932338485039,1127.4758438639365,174588,1129.9722045898438,1067.3524829101561,52.64916633087099,13.277600604264762,18.681914245507365
2025-01-10,1085.56982421875,1115.278823450211,1069.5650075306876,1090.7857731450663,215238,1123.5097961425781,1071.547843017578,48.050745733559936,9.60407633591376,16.866346663588644
2025-01-13,1094.752197265625,1110.61817113904,1086.848988081396,1086.848988081396,103194,1115.903546142578,1075.1492211914062,45.46392215075569,7.349007863470206,14.962878903564958
2025-01-14,1107.1673583984375,1114.5846819319058,1084.945044503197,1105.16425979814,150508,1109.8387817382813,1078.279776611328,50.11918227693217,6.488850172139564,13.26807315727988
2025-01-15,1101.336669921875,1119.5428617213888,1089.794158575559,1095.8430373389879,97947,1106.2719177246095,1080.7366235351562,58.957529194866176,5.27586429422422,11.66963138466875
2025-01-16,1089.94287109375,1101.6935840316064,1081.8809681076652,1101.6935840316064,87074,1104.460223388672,1082.6708850097657,55.280968288000466,3.356488394534381,10.007002786641877
2025-01-17,1118.8487548828125,1125.4826574696253,1081.266202998902,1088.8025167926462,267300,1106.6477478027343,1084.8958911132813,55.51631048409488,4.120335745249349,8.829669378363372
2025-01-20,1123.4696044921875,1135.40878892058,1120.5344379740222,1135.40878892058,84935,1107.9135498046876,1087.4945385742187,56.03194829144423,5.040451037352341,8.071825710161166
2025-01-21,1092.2532958984375,1129.4590243019093,1088.802465920541,1122.5176606758218,82978,1106.3938842773437,1089.6314868164063,50.16465121459446,3.2137081899275017,7.100202206114433
2025-01-22,1088.2470703125,1109.6265278255457,1078.7572881210708,1100.7019176821768,150327,1105.484063720703,1091.7680358886719,27.666767944210534,1.4262910041502437,5.965419965721596
2025-01-23,1097.5584716796875,1104.6585290357823,1089.5461982766142,1100.6920354811916,50224,1107.6076232910157,1093.5228125,38.47977337236334,0.7524287482413001,4.922821722225536
2025-01-24,1099.859130859375,1120.5344547755449,1096.3388193301275,1100.701986549429,117687,1109.4892333984376,1094.8682470703125,39.10135676026675,0.3994276703590458,4.018142911852238
2025-01-27,1089.45703125,1109.6266179182448,1081.8611618845443,1100.7020070502697,102444,1109.4748596191407,1095.9296826171876,36.01050995962927,-0.7114891278222331,3.072216503917344
2025-01-28,1075.7327880859375,1109.616601494836,1067.9783467586078,1097.7270472254213,355994,1108.6979187011718,1096.4558349609374,36.51255857193997,-2.6685688189400025,1.924059439345875
2025-01-29,1067.135498046875,1085.8275740852723,1064.1109983940123,1076.9029638873112,127451,1107.49111328125,1097.0531884765626,41.87666122817903,-4.85730602941112,0.567786345594476
2025-01-30,1104.3907470703125,1109.626547498716,1061.0370025233478,1061.0370025233478,594472,1103.5875854492188,1098.7544177246093,54.97480990464095,-3.5448460183160933,-0.25474012718763783
2025-01-31,1170.948486328125,1199.8841090312908,1130.450622482734,1140.3668560132842,1070641,1105.231201171875,1101.524415283203,65.45327969990632,2.8332810083024924,0.36286409991038815
2025-02-03,1189.4224853515625,1229.6130106294916,1168.3405622758185,1174.0821004720306,718482,1107.7732299804688,1104.9471020507813,66.28192550996245,9.271810298738956,2.144653339676102
2025-02-04,1185.733642578125,1207.7873366040565,1175.0736913694986,1199.8642755756064,342632,1109.9944641113282,1108.8535021972657,66.84875743521059,13.916313763179915,4.4989854243768646
2025-02-06,1184.5338134765625,1189.9480383156108,1165.1574541840355,1184.9899214892957,483790,1112.9693298339844,1113.7416101074218,69.68506997457087,17.300866420800503,7.059361623661593
2025-02-07,1199.2098388671875,1204.8224613459308,1178.1477670045183,1178.1477670045183,83026,1118.2784790039063,1117.9784191894532,67.77658124347877,20.92615766325025,9.832720831579325
2025-02-10,1198.9718017578125,1204.8224038957503,1180.230095709879,1200.8559103849823,109996,1123.9485778808594,1121.735283203125,67.03200898807097,23.50902211327366,12.567981087918191
2025-02-11,1208.38232421875,1217.7135342992253,1199.8643131124288,1204.1084903127562,249830,1129.6300842285157,1125.6827368164063,79.0551869853345,26.015421726406657,15.257469215615885
2025-02-12,1197.9703369140625,1209.7806060683222,1196.7903631143586,1208.3823831138309,172098,1134.170233154297,1129.01439453125,76.59984741797237,26.85206720268775,17.57638881303026
2025-02-13,1231.7449951171875,1239.5292143739007,1200.855902885435,1204.8223963714313,1673924,1140.6906494140626,1132.6627758789064,79.08106197612045,29.895826937314496,20.04027643788711
2025-02-14,1354.9244384765625,1354.9244384765625,1333.7334516004794,1354.9244384765625,536482,1153.9397277832031,1138.5996240234374,86.27312102353115,41.76612617758701,24.38544638582709
2025-02-17,1392.5367431640625,1428.9292723260535,1348.6077795721253,1355.5491431434525,1017829,1167.6241271972656,1144.2602075195311,90.00522375626424,53.59066269500772,30.226489647663218
2025-02-18,1447.423095703125,1478.5104645613076,1369.4517442291176,1398.1889705106933,694511,1183.8218017578124,1151.1022094726563,94.25282044082387,66.6225793975841,37.5057075976474
2025-02-19,1390.4246826171875,1461.6529507441599,1380.339828653915,1455.6040719689545,535671,1198.73037109375,1155.7636352539062,84.51264363082782,71.52665691670632,44.30989746145919
2025-02-20,1384.2269287109375,1437.8538766146494,1368.4402411918734,1388.2727084555236,645471,1213.529364013672,1159.598837890625,81.99547232170522,74.05935657686814,50.25978928454098
2025-02-21,1410.6041259765625,1522.647643277065,1393.2308647931347,1522.647643277065,2132716,1229.1816467285157,1163.644462890625,80.17380152960838,77.30384804032838,55.66860103569846
2025-02-24,1437.229248046875,1459.6597652251135,1359.6148626970407,1389.2644275079444,1462920,1246.0501525878906,1168.0926879882813,80.57255592954873,81.08881436015463,60.7526437005897
2025-02-25,1444.081298828125,1467.6025759259592,1427.9376414414737,1447.7701086837164,421255,1263.7813659667968,1172.0367700195313,81.62616880527972,83.67675710199683,65.33746638087113
2025-02-26,289.5401306152344,292.7232633864349,287.57077412909155,289.1573775559856,1248690,1224.4717330932617,1153.2583197021484,21.34701785925286,-7.3493838790925565,50.800096328878396
2025-02-27,284.9786682128906,291.5154600606111,284.1992718320417,290.9422988315962,796900,1185.3638916015625,1135.5044140625,20.540345288968098,-78.94628468122596,24.850820126857528
2025-02-28,282.4460754394531,286.55933944801177,278.8643322225715,286.55933944801177,936540,1144.2666580200196,1118.629800415039,20.510015721660125,-134.34308006446815,-6.987959911407607
2025-03-03,1400.88623046875,1421.98800622345,1397.1974203408934,1403.3950668115324,161766,1155.7635452270508,1125.145559692383,53.61443074180391,-86.99385519071711,-22.989138967269508
2025-03-04,1400.88623046875,1400.88623046875,1400.88623046875,1400.88623046875,0,1166.33673248291,1131.2002130126953,53.82487983333766,-48.90550117064754,-28.172411407945113
2025-03-05,1422.29541015625,1447.7701570775093,1417.0298318244936,1420.996325405528,284831,1178.1648208618165,1137.1931890869141,53.60861795824159,-16.799015724916217,-25.897732271339333
2025-03-06,1422.9102783203125,1437.8539903242438,1420.7484859565934,1425.0620237180094,178135,1190.083644104004,1143.522525024414,51.35018523409752,8.59612920120776,-18.998959976829916
2025-03-07,1436.8126220703125,1445.6678719547297,1421.9879012262888,1427.927715481341,323720,1201.9637832641602,1151.1570318603515,50.88766976554557,29.503667556989285,-9.298434470066077
2025-03-10,1436.3565673828125,1450.7450325846135,1427.937694410009,1437.8539283989674,129248,1213.8330215454102,1158.639624633789,49.77318117671725,45.511612988219895,1.663575021591118
2025-03-11,1426.2420654296875,1437.8539367630153,1420.0047154790607,1435.8706899536871,131405,1224.726008605957,1165.369575805664,50.74849571152436,56.72794485986651,12.676448989246197
2025-03-12,1418.9139404296875,1431.9041826975124,1416.0382083739944,1429.9209359070726,83982,1235.7731887817383,1171.9224224853515,50.72453142241599,64.28461718255426,22.998082627907813
2025-03-13,1459.0052490234375,1471.5691613841545,1421.9879901784889,1421.9879901784889,441742,1247.1362014770507,1179.277095336914,51.00522840360064,72.67066578834874,32.932599259995996
2025-03-14,1451.845703125,1477.5188471491845,1443.4069784148426,1477.5188471491845,420086,1251.9822647094727,1184.6647833251952,50.3060392489752,77.84164418801811,41.91440824560042
2025-03-17,1480.4837646484375,1486.4434307825618,1452.7282362217832,1457.6764271514403,415549,1256.3796157836914,1191.512935180664,50.75530389312454,83.29041400514961,50.18960939751027
2025-03-18,1504.094482421875,1512.2257462119012,1480.0476139985053,1487.4351602084273,524935,1259.2131851196289,1198.8231866455078,97.48586163168598,88.49369076112339,57.850425670232895
2025-03-19,1521.76513671875,1532.0581927195146,1477.5189043055514,1502.309489948262,578664,1265.780207824707,1206.432310180664,97.86443487904194,92.97148182995784,64.87463690217788
2025-03-20,1536.510498046875,1556.848703210214,1527.298278131445,1535.0230629801138,554306,1273.394386291504,1214.6617901611328,98.07862329774902,96.59648676955044,71.2190068756524
2025-03-21,1514.9923095703125,1546.9324596329589,1507.3171543582632,1538.1069874165235,166226,1278.6137954711915,1223.101099243164,77.5274241473851,96.6192250429583,76.29905050911358
2025-03-24,1483.914794921875,1529.0832894061286,1476.5272489790698,1525.116795788992,242494,1280.9480728149415,1231.0679986572266,67.41835394672955,93.05684816221492,79.65061003973385
2025-03-25,1485.322998046875,1494.6244307610962,1460.661327922438,1483.4686670549677,153127,1283.010157775879,1238.8794146728515,64.43365887586073,89.31767053442763,81.58402213867261
2025-03-26,1478.7882080078125,1502.309486561117,1467.6026667395731,1497.3513694437536,212439,1342.4725616455078,1246.311831665039,62.458548799738715,84.84895642937636,82.23700899681336
2025-03-27,1484.0635986328125,1505.2843642086837,1467.8009501986037,1473.5623404201506,265302,1402.4268081665039,1253.966370239258,60.95657451082071,80.8017163521497,81.94995046788063
2025-03-28,1484.0635986328125,1484.0635986328125,1484.0635986328125,1484.0635986328125,0,1462.5076843261718,1261.848784790039,61.08577108195873,76.70998448136356,80.90195727057723
2025-03-31,1484.0635986328125,1484.0635986328125,1484.0635986328125,1484.0635986328125,0,1466.666552734375,1269.153081665039,64.09883357522232,72.63002379078898,79.24757057461959
2025-04-03,1503.5589599609375,1517.0747922284072,1473.5623510377432,1477.5189188614759,292519,1471.8001892089844,1276.754868774414,69.48325042652239,70.16096633243114,77.4302497261819
2025-04-04,1488.8333740234375,1517.1342245189805,1484.4602807858596,1502.309502598916,311559,1475.1270874023437,1284.686470336914,57.7734343187556,66.2522738178211,75.19465454450975
2025-04-07,1463.6956787109375,1487.435084557543,1400.1722262635003,1477.5188506604927,586054,1477.166357421875,1292.1954425048827,52.82360736456138,60.429609984376384,72.24164563248308
2025-04-08,1560.9639892578125,1608.2148681727958,1481.4853500505644,1487.4450163299714,2063508,1483.37392578125,1301.4635528564454,64.45054550045415,62.938332779754546,70.38098306193737
2025-04-09,1547.904296875,1566.7649935703075,1528.091680437876,1566.7649935703075,605409,1488.9513122558594,1310.4244561767578,58.17601265551715,63.14481155722228,68.93374876099436
2025-04-10,317.68243408203125,322.4759565854687,313.35500607040854,317.91448268372164,3984900,1433.5233306884766,1294.9889642333985,9.334388248146738,-35.550372889012124,48.03692443099307
2025-04-11,317.904541015625,320.0960202482913,312.95634995148623,315.3362400504213,2280510,1378.4728607177735,1279.8323992919923,8.436155359567678,-112.4528094617126,15.938977652451936
2025-04-14,335.08740234375,336.9536262429822,318.33093961305116,320.39353327475914,5140045,1322.2769683837892,1265.1914373779298,9.636790533497958,-170.05178012398687,-21.259173902835826
2025-04-15,340.3707580566406,346.4732000554656,332.19382955389585,337.1519464129092,5753460,1266.703221130371,1249.9110375976563,10.177882777991769,-212.8198024934129,-59.571299620951244
2025-04-16,342.2171630859375,351.23301326611653,339.1351959265328,341.11844268633706,3784775,1209.789891052246,1233.3364111328126,10.20528756764952,-243.75492386320843,-96.40802446940268
2025-04-17,344.747802734375,349.03162318289657,342.50672411546464,343.49834753806994,2238735,1151.822557067871,1216.4429174804689,10.41050845880153,-265.01213403723887,-130.12884638296993
2025-04-18,347.35577392578125,356.19114216991045,344.68830452299045,346.83021472719855,5546650,1093.1020889282227,1199.675360107422,10.243345766373025,-278.43851884735295,-159.79078087584654
2025-04-21,347.35577392578125,347.35577392578125,347.35577392578125,347.35577392578125,0,1033.644352722168,1182.9317993164063,10.243345766373025,-285.78467767183145,-184.9895602350435
2025-04-22,347.35577392578125,347.35577392578125,347.35577392578125,347.35577392578125,0,975.2625259399414,1165.894718017578,10.243345766373025,-288.2834097688236,-205.64833014179953
2025-04-23,347.35577392578125,347.35577392578125,347.35577392578125,347.35577392578125,0,918.4345748901367,1148.8623974609375,9.002401737585956,-286.95582483320413,-221.90982908008044
2025-04-24,347.35577392578125,347.35577392578125,347.35577392578125,347.35577392578125,0,861.536213684082,1131.6418664550781,9.097406291853773,-282.645542335688,-234.05697173120197
2025-04-25,347.35577392578125,347.35577392578125,347.35577392578125,347.35577392578125,0,804.9645919799805,1114.6295751953126,9.264304521696616,-276.0475085574552,-242.45507909645264
2025-04-28,347.35577392578125,347.35577392578125,347.35577392578125,347.35577392578125,0,748.1292007446289,1096.9417907714844,2.331059801085459,-267.7322683202933,-247.5105169412208
2025-04-29,346.2352294921875,360.93109552254293,332.19383853635196,355.00117670451937,7838604,691.2377822875976,1076.7680065917968,2.3531299995808297,-258.25578713978035,-249.65957098093273
2025-04-30,324.5484313964844,341.0589549712465,322.27760533478096,337.1519563502324,5286939,633.2620239257812,1055.4082403564453,56.541452020047835,-249.61810871664505,-249.6512785280752
2025-05-02,333.978759765625,339.1352137163833,330.2106028291101,333.2846415204489,4552166,574.7830139160156,1033.1393536376954,63.02845224797197,-239.25376912814153,-247.5717766480885
2025-05-05,332.2037658691406,337.1519569654883,325.2524761314122,334.1770867569693,3188998,516.9515335083008,1011.9749353027344,46.88464574224039,-228.54861632401202,-243.7671445832732
2025-05-06,320.60174560546875,336.4677193409634,317.31947470989377,336.4677193409634,2354625,459.79683685302734,990.702431640625,31.208056222285265,-218.4823629933885,-238.71018826529627
2025-05-07,302.3658142089844,315.7725514062601,293.52052034810373,297.49693978393896,7169114,396.86692810058594,968.5376654052734,21.117701676384414,-209.56058795409092,-232.8802682030552
2025-05-08,285.27020263671875,315.2866612898897,272.1311930386601,303.5458140072274,7396858,333.7352233886719,945.4984844970703,14.407773245519195,-201.54619090679807,-226.6134527438038
2025-05-09,304.497802734375,306.41162862114857,277.8032876635165,292.52890111080524,3642443,333.07599182128905,922.7068145751953,28.608199370235326,-191.4364565638719,-219.57805350781743
2025-05-12,334.9505615234375,334.9505615234375,334.9505615234375,334.9505615234375,876832,333.9282928466797,923.6150231933593,45.25165102472402,-178.90483258480083,-211.44340932321413
2025-05-13,348.24822998046875,352.01638685751294,334.9703779108931,348.05981911042204,6259987,334.5863342285156,924.880414428711,50.31004365886292,-165.98702448969942,-202.3521323565112
2025-05-14,348.15899658203125,361.8929873078341,340.12684064843984,361.8929873078341,5816281,334.97574615478516,926.1946728515625,50.27887063326944,-153.9817629827038,-192.67805848174973
2025-05-15,344.5791931152344,351.0346708994962,340.1268138941446,348.15896919592853,2643581,335.09384765625,905.0685321044922,49.05938109771921,-143.10672175967164,-182.76379113733412
2025-05-16,339.5021057128906,346.0765738342315,338.6393981787681,346.0765738342315,1051595,334.8315628051758,883.840849609375,47.42790047700213,-133.36055430637555,-172.88314377114241
2025-05-19,335.31744384765625,344.09331691650345,332.2930046077788,342.11007013312303,1389149,334.22964630126955,862.1012902832031,46.162593830997395,-124.53870890849709,-163.21425679861338
2025-05-20,334.3456726074219,343.10169384906595,330.032104797104,336.16033010067446,1331099,333.5791412353516,840.3299981689453,46.20641949650542,-116.28528234062242,-153.8284619070152
2025-05-21,332.5805969238281,335.25796202935453,330.8055825096605,334.1671702032754,1037102,332.8403823852539,818.2453576660156,52.93606469743579,-108.63453784949024,-144.78967709551023
2025-05-22,322.2676696777344,334.0580860853988,320.80998211179497,332.69956690895435,1883910,331.5859771728516,795.963579711914,45.746592221768765,-102.22504803875324,-136.27675128415882
2025-05-23,322.09912109375,327.72160884326536,317.36905809279057,324.22117944040957,917946,330.32314453125,773.8807208251953,46.286714379949736,-96.05185564628562,-128.23177215658419
2025-05-26,320.17535400390625,325.07397580314546,318.321023170232,318.321023170232,495875,328.96412353515626,751.9059490966797,49.83130900924831,-90.27416376025116,-120.64025047731758
2025-05-27,321.5140686035156,327.02749233332725,316.8236789874298,322.2875336515987,2294998,327.67203826904296,729.1561254882813,58.74467473071224,-84.61192463634933,-113.43458530912395
2025-05-28,321.5140686035156,321.5140686035156,321.5140686035156,321.5140686035156,0,326.43598022460935,706.5494927978516,69.61468549323963,-79.21145894512875,-106.58996003632491
2025-05-29,330.58740234375,337.0527757907785,322.0296878598663,323.23946957593,2756891,326.73792877197263,683.5515655517578,65.86276407509885,-73.35383146480763,-99.94273432202147
2025-05-30,332.80865478515625,335.1687234191909,330.70641792988215,332.6301698284509,827975,326.6794235229492,660.1258489990234,48.0168942324754,-67.75138715908992,-93.50446488943517
2025-06-02,328.9908752441406,337.0032090368327,327.23571276994704,333.2350220659519,984536,326.5187789916992,636.2703637695313,28.374164902283212,-62.89446435122579,-87.38246478179329
2025-06-03,336.41815185546875,340.6226252312701,331.20220328164254,332.19382664476126,2955173,327.3095993041992,612.2685168457032,38.68068640131245,-57.7799476142323,-81.4619613482811
2025-06-04,342.7149353027344,345.1840980499855,338.6393778143617,340.12681285600604,3330662,329.3270553588867,588.8229693603515,48.2921466928794,-52.61207915368078,-75.69198490936103
2025-06-05,339.1947021484375,344.5891359348187,337.76676201310454,342.7149531589649,816940,332.02328033447264,565.9285675048828,49.71011765085077,-48.24442782904805,-70.20247349329843
2025-06-06,339.1947021484375,339.1947021484375,339.1947021484375,339.1947021484375,0,333.7581253051758,543.0060015869141,53.969553322926984,-44.27268473619853,-65.01651574187845
2025-06-09,339.1947021484375,339.1947021484375,339.1947021484375,339.1947021484375,0,333.97033233642577,520.2141314697266,55.0652454026649,-40.65638818497797,-60.14449023049836
2025-06-10,332.6698303222656,340.1367533406318,332.04510273610856,340.1268274227739,1141529,333.1914123535156,497.18625610351563,50.0847815396606,-37.880289343973004,-55.69165005319329
2025-06-11,349.18035888671875,351.03468983574777,337.2610260393403,342.1100790772118,5565026,333.24248046875,474.48859130859375,72.87595686674292,-33.956519718739514,-51.344623986302544
2025-06-12,353.0179443359375,370.86716624056356,349.06137649756806,352.0263208967916,9603356,333.66441802978517,451.86767822265625,74.73817502400205,-30.189240179160322,-47.113547224874104
2025-06-13,342.82403564453125,348.0598058728242,338.63938377655114,345.084935737159,3402914,333.8305145263672,428.6529797363281,66.00336044865784,-27.70682026251785,-43.23220183240285
2025-06-16,342.82403564453125,342.82403564453125,342.82403564453125,342.82403564453125,0,334.2058441162109,405.73279296875,65.347793347403,-25.446157133951544,-39.674992892712595
2025-06-17,337.9948425292969,349.0415114882676,337.112283176031,342.82404365377135,2370083,334.3883026123047,383.21877624511717,61.09775374273462,-23.770232399863346,-36.49404079414275
2025-06-18,328.7528991699219,333.6812685971239,325.94661830945705,333.1854569053005,2056615,334.19691772460936,358.5745544433594,48.76748875089753,-22.92354915937557,-33.779942467189315
2025-06-19,325.69873046875,334.18702468105846,322.2776175012659,328.72316985129123,2994913,334.3684707641602,334.13044311523436,45.27606600668632,-22.242593705988554,-31.472472714949163
2025-06-20,327.1662902832031,330.11141289431686,323.26921771290483,325.1334744851847,761312,334.6218292236328,334.3201202392578,48.748639552601176,-21.338534448694872,-29.445685061698306
2025-06-23,314.0074768066406,324.1517953197825,312.3613782927754,317.5178321979422,1695746,334.31343536376954,334.24217895507815,35.750297566955965,-21.436757650385005,-27.843899579435647
2025-06-24,343.5181884765625,345.03537105454035,328.33640651710596,332.6896477299766,4684225,335.41364135742185,334.4107946777344,50.39433332184736,-18.915288770343466,-26.058177417617213
2025-06-25,344.8271179199219,346.57238482058045,342.11007943662446,345.0849496925951,1642530,336.5792938232422,334.499921875,52.826433523382484,-16.619804093685786,-24.170502752830927
2025-06-26,338.4212341308594,348.0598148289069,337.53870503744747,344.83703876567625,1506811,336.97098541259766,334.42400329589844,49.63530831376176,-15.14295863396535,-22.364993929057814
2025-06-27,352.90887451171875,361.9425493688626,338.4212405665234,339.73019074765574,6413957,337.97599639892576,334.5872247314453,55.68902952817309,-12.657607447005091,-20.42351663264727
2025-06-30,352.2642822265625,355.99279584457855,350.052981441746,354.10871746213536,1632314,339.13966674804686,334.6853948974609,58.545225730050234,-10.617569207068584,-18.462327147531536
2025-07-01,346.8302001953125,354.0095437231305,345.06511180403345,354.0095437231305,2143278,339.66026916503904,334.67488342285156,48.86547988683379,-9.331738734317014,-16.636209464888633
2025-07-02,345.87823486328125,350.9355203294807,345.0849482364811,347.06819506542644,989113,339.8184341430664,334.64533264160156,46.4545870600323,-8.29391735070709,-14.967751042052326
2025-07-03,346.7310485839844,352.52212572393717,345.15437097800276,347.03844942315374,1500526,340.19525146484375,334.6328381347656,52.13852532705531,-7.318261128270478,-13.437853059295957
2025-07-04,350.12237548828125,351.53049402643535,347.06818874260193,350.0331330140379,962543,340.74163513183595,334.68817016601565,53.85178847761971,-6.1999259174344274,-11.990267630923652
2025-07-07,353.6029968261719,355.0011895000497,349.05144889390357,352.0163932788104,1531676,341.46204986572263,334.81311462402346,58.35634352622247,-4.9754265325039455,-10.58729941123971
2025-07-08,352.0560607910156,356.617534565025,349.1208639478393,355.0011835521918,1740065,342.43136138916014,334.9071203613281,63.596404386187324,-4.082763204864307,-9.28639216996463
2025-07-09,349.4679260253906,354.0095478052275,347.31608996857403,353.5038101959694,1014954,342.44573974609375,334.9717742919922,63.94414671637991,-3.543316781836211,-8.137777092338947
2025-07-10,350.4198913574219,351.28259889671074,347.06819933337687,351.03469304004403,1390682,342.31583709716796,335.48920349121096,63.724701198376614,-3.0043536400785342,-7.111092401886864
2025-07-11,349.0316162109375,356.8852566144041,348.55562608329467,351.4710013084746,1637078,342.62621612548827,335.7902606201172,74.007593427397,-2.6585970177363265,-6.2205933250567575
2025-07-14,350.2314758300781,352.81959841354296,347.81191228021663,350.0430649605602,1083505,342.9965881347656,336.15081481933595,57.52053797003149,-2.2616923779899594,-5.428813135643399
2025-07-15,346.93927001953125,353.0179262316674,346.07656251362897,351.034679455085,1176731,343.44380950927734,336.6775653076172,52.265465069920396,-2.187579036830641,-4.780566315880847
2025-07-16,346.6913757324219,348.1589892903284,342.1100803676704,347.0681974744482,867656,344.34073333740236,337.56407653808594,60.22057148546696,-2.1243583960128944,-4.249324731907257
2025-07-17,355.29864501953125,356.0919618808546,346.07655968848394,348.01023738464414,2044005,345.8207290649414,338.9646453857422,53.45562861303562,-1.3639975702350284,-3.672259299572812
2025-07-18,355.7052307128906,371.71004733632407,351.74866292646396,355.50692418483237,5228348,347.24767608642577,339.9887939453125,55.01012662952533,-0.7202949583150371,-3.081866431321257
2025-07-21,354.73345947265625,361.94255089341095,353.01794004946385,355.49699861722695,987508,349.2839752197266,340.3844519042969,63.226050274251044,-0.2852812734584518,-2.522549399748696
2025-07-22,354.0888671875,357.97604419596377,352.63117959206915,355.0011740225901,1121102,349.81250915527346,340.5012646484375,63.88326429009307,0.007372015558757994,-2.0165651166872056
2025-07-23,353.7814636230469,356.98441804592545,352.52211282035137,355.00117127900364,771597,350.2602264404297,340.6137139892578,62.145484214886984,0.212052547219173,-1.57084158390593
2025-07-24,350.5289611816406,356.43905869051144,350.0430753783942,354.0293907249467,688855,350.86561279296876,340.73270935058594,50.70377597494868,0.11053934966469114,-1.2345653971918058
2025-07-25,355.5366516113281,356.98441325842083,349.0613522146462,350.2413864460948,931294,350.9970016479492,341.0534002685547,53.178984844106225,0.42922039041997095,-0.9018082396694505
2025-07-28,366.2065124511719,370.11351109945065,358.70984190802517,358.85860962877354,3333943,351.69411315917966,341.671181640625,67.89564930112789,1.5251648581169661,-0.4164136201121671
2025-07-29,358.84869384765625,371.74972443333786,354.812779200426,366.90067130575227,4317828,352.2950378417969,342.1612420654297,60.58641322653324,1.7794815198997185,0.022765407890210032
2025-07-30,353.4443359375,361.93263017450005,348.0598279138367,360.94100673315006,1928440,352.6733428955078,342.5785168457031,53.10147993528217,1.527336603735307,0.32367964705922947
2025-07-31,353.9599914550781,359.31475186435495,349.5472551365199,355.0011839400684,855949,353.0347900390625,343.21236328125,55.146003055233194,1.353516535735423,0.5296470247944682
2025-08-01,356.8951721191406,359.06682972886017,352.0262977220308,355.00116784362547,1168697,353.3734298706055,343.9082843017578,56.71462151301312,1.4360534979886097,0.7109283194332965
2025-08-04,368.99298095703125,370.86716377026727,360.46504364673666,361.9128053849015,2876974,354.14292907714844,344.8846368408203,68.87307288108326,2.449421298810819,1.058626915308801
2025-08-05,371.7992858886719,374.6849136596771,368.8739847076956,368.9929746756637,3163979,355.1300903320313,345.8903411865234,70.58538294092627,3.4393215783458686,1.5347658479162147
2025-08-06,377.6399230957031,379.3058733934979,372.01743540922195,374.33783051528735,3126789,356.5386901855469,347.0128582763672,69.187547472261,4.641609704715165,2.156134619276005
2025-08-07,379.08770751953125,381.18001830962515,373.0487248128671,377.8184308132989,2162742,357.97208099365236,347.9828643798828,69.72892830455693,5.646170273945643,2.8541417502099327
2025-08-08,371.5910339355469,383.65907332385166,367.0989813089236,376.81687816741106,1639040,359.1000518798828,348.7585119628906,62.812769789095384,5.770850089019746,3.437483417971895
2025-08-11,372.7314147949219,379.1967885789595,368.8839110953495,370.86715792919546,1875675,360.225048828125,349.63332275390627,64.063466191499,5.89373958432401,3.9287346512423182
2025-08-12,375.23028564453125,378.0564183653562,373.35613316904255,375.7955182410851,1139433,361.639599609375,350.4095654296875,65.66258482177678,6.122195529225621,4.367426826838979
2025-08-13,382.1914978027344,383.7582494334865,375.83518828275163,376.92594979510034,1860408,363.41460571289065,351.1990966796875,71.93296809321149,6.78672699122194,4.851286859715572
2025-08-15,391.0367736816406,396.401459986056,379.79176779151834,384.20450409126306,3300897,365.2015121459961,352.2359381103516,73.34986784169266,7.9356357339384545,5.468156634560149
2025-08-18,407.5770263671875,410.0362632174224,391.29458758949846,391.6912308848412,3728197,367.79510192871095,353.60358459472656,75.26035911576473,10.064793672703672,6.387484042188854
2025-08-19,422.4117431640625,426.3980583032018,408.5488372579515,408.5488372579515,3914791,371.17901611328125,355.2679254150391,85.56368233482999,12.801635065245307,7.670314246800145
2025-08-20,421.0631103515625,428.82753828210684,419.46661125226245,426.39804892184446,2577062,374.52772827148436,357.035791015625,89.63149697111487,14.692413196122686,9.074734036664653
2025-08-21,416.392578125,425.3568619750247,405.573963391843,421.4399375098613,3096060,377.65828399658204,358.3800354003906,84.89247210960698,15.633779096017463,10.386543048535216
2025-08-22,413.5862731933594,420.94413211591797,412.01952154102213,416.39258435415445,1247451,380.81114959716797,359.5914019775391,81.72936404424217,15.96928897636235,11.503092234100643
2025-08-25,410.1156005859375,416.4818362553828,407.55722547848177,414.5085153340905,696364,383.54009704589845,360.9372332763672,75.47609360489562,15.77330387146651,12.357134561573819
2025-08-26,411.96002197265625,419.43687077774484,407.5572117170927,410.2346069645374,907341,385.82777252197263,362.3199530029297,75.18029152024259,15.587134867181362,13.003134622695327
2025-08-27,411.1568298339844,415.9860311221442,410.3337654359685,414.49859596914484,787919,388.44317932128905,363.78319274902344,72.43166226999153,15.199572486754107,13.442422195507085
2025-08-28,414.75640869140625,419.9525055700087,411.1568109446094,411.5237067569153,1560131,391.5087829589844,365.5032629394531,73.20346609110241,15.009858137589788,13.755909383923626
2025-08-29,423.8396911621094,431.3561832936721,415.73811458821154,416.4818321456144,2963919,395.0027679443359,367.4660821533203,83.30174491025699,15.4147613586984,14.087679778878583
2025-09-01,441.8177795410156,445.4372290440441,424.42472745358043,425.60476168254513,4086384,399.2488983154297,369.75911193847656,86.25247413765493,16.99047593128938,14.668239009360743
2025-09-02,437.02825927734375,444.2472763068523,434.33104246071724,444.2472763068523,2089897,402.6506622314453,372.21952758789064,81.6666875172017,17.649316490704166,15.264454505629429
2025-09-03,439.457763671875,446.2305383046655,437.56375931119294,437.56375931119294,2159612,406.0335861206055,374.13831909179686,80.77376335127991,18.158176920684525,15.843198988640449
2025-09-04,449.11614990234375,452.18026252353707,439.38832693874684,439.4577478384043,2993412,409.6073974609375,376.22409973144534,80.94032565016067,19.120395510470814,16.498638293006522
2025-09-05,462.2749938964844,477.9624835016673,450.29619642190585,451.08948304493146,6159407,413.76676177978516,378.7011749267578,80.22799554896994,20.706082581654016,17.34012715073602
2025-09-08,474.56121826171875,476.97085586319207,465.0713750516364,465.0713750516364,3073083,418.91527099609374,381.1342218017578,79.65492132092275,22.6925609191905,18.410613904426917
2025-09-09,476.98077392578125,481.89921744021285,468.5420492387387,473.89680946336404,3637777,424.1277389526367,383.6285516357422,81.41508560534103,24.183326895656364,19.565156502672806
2025-09-10,479.1623229980469,481.9289606901681,470.0294801792997,471.6160836331376,1838689,429.3243408203125,386.2751940917969,86.27926247675705,25.249739174770127,20.70207303709227
2025-09-11,476.6138916015625,482.9106760625947,473.9959912663245,479.4499200361253,1919069,434.0454605102539,388.8899072265625,86.53721975981864,25.594207382620937,21.680499906198005
2025-09-12,470.1980895996094,478.9541110684833,467.55044175732894,476.9708642317608,1666181,438.00352630615237,391.359248046875,83.67989182927117,25.060616133543476,22.3565231516671
2025-09-15,472.5977783203125,475.0371633373925,466.062983942845,470.1980667113803,2177425,441.2545639038086,393.80875610351563,83.78085959043612,24.548397404623813,22.794898002258442
2025-09-16,473.5199890136719,476.97084929580836,471.0211089719522,475.8800575173792,1586736,443.8099761962891,396.2070959472656,84.69605912902452,23.94089928309296,23.024098258425347
2025-09-17,480.55999755859375,487.5,477.0,478.79998779296875,2244163,446.7848205566406,398.7771746826172,85.26032355905807,23.75370457854723,23.170019522449724
2025-09-18,484.45001220703125,486.0,480.55999755859375,481.0,1319613,450.1876922607422,401.47681640625,84.39163343371042,23.64665913151589,23.265347444262957
2025-09-19,487.989990234375,494.5,480.54998779296875,485.989990234375,1361634,453.90787811279296,404.22821838378906,81.33305333928114,23.57570542868382,23.32741904114713
2025-09-22,482.3999938964844,491.9800109863281,481.010009765625,489.4700012207031,874264,457.5220977783203,406.8955859375,80.45892614298235,22.805520279240795,23.223039288765865
2025-09-23,482.3999938964844,482.3999938964844,482.3999938964844,482.3999938964844,0,461.0440963745117,409.5389562988281,79.80001329969161,21.942206896865343,22.966872810385762
2025-09-24,474.8299865722656,481.0,473.0,476.70001220703125,578674,464.2277542114258,412.0967706298828,68.37692064426778,20.41189290023044,22.4558768283547
2025-09-25,464.6199951171875,477.6000061035156,460.0,475.04998779296875,1187814,466.72093353271487,414.4553430175781,51.74964945987904,18.165842525821063,21.597869967847974
2025-09-26,470.55999755859375,474.0,460.75,465.0,2136072,469.05694885253905,416.76057006835936,46.702321594572076,16.67294464916438,20.612884904111255
2025-09-29,467.1000061035156,473.9800109863281,466.0,473.9800109863281,847609,470.32106018066406,418.98846557617185,41.993890319514435,15.037279534009258,19.497763830090857
2025-09-30,475.8900146484375,478.0,463.1000061035156,467.25,1588041,472.26414794921874,421.4115966796875,47.605025143137425,14.285607780317378,18.45533262013616
2025-10-01,479.07000732421875,483.0,469.54998779296875,478.8900146484375,996089,474.24476013183596,423.91121948242187,51.78114424165597,13.787566844520597,17.52177946501305
2025-10-02,472.1400146484375,484.989990234375,470.1000061035156,479.0,1566426,475.3959533691406,426.2783905029297,51.39783500657038,12.687420634708417,16.554907698952125
2025-10-03,474.1199951171875,479.7900085449219,473.010009765625,475.0,837163,475.98820343017576,428.7502111816406,51.10238183430326,11.838843890799069,15.611694937321515
2025-10-06,470.6499938964844,474.0,467.0,472.5,827392,475.7926422119141,431.05247802734374,47.99553255522495,10.762279747443017,14.641811899345816
2025-10-07,470.6499938964844,470.6499938964844,470.6499938964844,470.6499938964844,0,475.4761032104492,433.14134765625,42.32377209807425,9.7961707491163,13.672683669299914
2025-10-08,443.95001220703125,459.989990234375,440.0,457.0,2592217,473.7154876708984,434.8433740234375,26.820034863289095,6.797697401990945,12.29768641583812
2025-10-09,450.8800048828125,463.489990234375,445.1099853515625,445.1099853515625,1481644,472.4287933349609,436.7920874023437,29.5537133275986,4.923819438613293,10.822913020393155
2025-10-10,448.3399963378906,460.0,443.0,450.0,1114027,471.335888671875,438.6796875,30.581518516559527,3.1969477664164287,9.29771996959781
2025-10-13,431.3800048828125,450.0,425.0,441.0,2567586,469.275,440.16938415527346,25.625827927535724,0.45461938561294346,7.5290998528008375
2025-10-14,467.1600036621094,472.0,440.0,440.0,1942602,468.9570007324219,442.132724609375,47.113725176750314,1.1551355780827635,6.254306997857223
2025-10-15,458.54998779296875,470.010009765625,454.04998779296875,468.0,1873814,467.85650024414065,443.86773864746095,47.687967835992204,1.0039702398518102,5.204239646256141
2025-10-16,454.5899963378906,465.95001220703125,452.1000061035156,458.3500061035156,1593384,466.3634994506836,445.4067401123047,43.823958657150484,0.5581978475010487,4.275031286505123
2025-10-17,459.8900146484375,463.0,451.1199951171875,457.0,986837,464.95850067138673,447.0227862548828,47.25082251789502,0.6253782275832123,3.545100674720741
2025-10-20,462.45001220703125,467.5,456.0,465.0,666061,463.96100158691405,448.8399658203125,44.619693201737135,0.8751019405544298,3.011100927887479
2025-10-21,462.4100036621094,465.0,458.010009765625,463.010009765625,718850,462.9615020751953,450.63353759765624,43.15867012913579,1.057590185702736,2.620398779450531
2025-10-22,459.8500061035156,463.75,457.1099853515625,462.29998779296875,861474,462.21250305175784,452.32593200683596,44.76530785998671,0.9842966672763964,2.2931783570157043
2025-10-23,451.7799987792969,460.0,450.0,457.989990234375,635349,461.5705032348633,453.7177020263672,40.95400293559897,0.2718946464374312,1.8889216149000498
2025-10-24,452.32000732421875,455.0,443.0199890136719,451.7799987792969,510119,460.6585037231445,454.94336669921876,42.397352223934945,-0.24627599475530815,1.4618820929689782
2025-10-27,445.20001220703125,452.32000732421875,443.79998779296875,452.32000732421875,388945,459.5635040283203,455.6958264160156,40.032905532723746,-1.2174203982602876,0.9260215947231251
2025-10-28,452.6400146484375,464.8999938964844,450.510009765625,455.0,1406545,458.4010040283203,456.30039184570313,54.00793270990153,-1.3709103156717788,0.4666352126441443
2025-10-29,442.2799987792969,458.0,440.0,452.510009765625,736919,456.5615036010742,456.7247296142578,46.155220989010246,-2.3019830517441733,-0.0870884402335192
2025-10-30,445.92999267578125,452.8500061035156,442.0,442.0,1121777,455.2510025024414,457.31547790527344,48.933155046259984,-2.714054963742342,-0.6124817449352838
2025-10-31,459.8699951171875,462.0,450.0,450.0,754891,454.5385025024414,458.24115234375,62.95823538360575,-1.8939509397684446,-0.868775583901916
2025-11-03,459.9200134277344,465.4800109863281,458.0,465.0,709293,454.0020034790039,459.23724060058595,45.12130519686698,-1.225845745901779,-0.9401896163018887
2025-11-04,454.760009765625,462.04998779296875,449.82000732421875,460.0,718536,453.20750427246094,460.09324035644534,47.32157260934342,-1.100055977360796,-0.9721628885136702
2025-11-05,442.0199890136719,455.8500061035156,440.010009765625,455.8500061035156,1120641,453.11100311279296,460.71050354003904,42.097326136723815,-2.0052644411684355,-1.1787831990446231
2025-11-06,439.6600036621094,444.8399963378906,427.989990234375,443.95001220703125,1702646,452.5500030517578,461.2085754394531,36.79331777505147,-2.879882274861302,-1.519003014207959
2025-11-07,439.8399963378906,445.0,432.54998779296875,440.0,682624,452.1250030517578,461.52858154296877,34.76620409875335,-3.5179466060413347,-1.9187917325746344
2025-11-10,441.4200134277344,446.5,439.0,441.989990234375,708042,452.6270034790039,461.52062622070315,36.14523213081415,-3.851722748875318,-2.3053779358347715
2025-11-11,430.6199951171875,443.989990234375,430.0,441.0,1365386,450.8000030517578,461.3924609375,32.59912934695208,-4.930873919756095,-2.8304771326190363
2025-11-12,424.3399963378906,434.0,422.0,430.0,1132424,449.0895034790039,461.0901055908203,33.309015820120194,-6.221138997059484,-3.508609505507126
2025-11-13,445.8999938964844,449.0,425.010009765625,425.010009765625,2584227,448.6550033569336,461.0257824707031,46.89013294149126,-5.44124842335458,-3.895137289076617
2025-11-14,442.4100036621094,450.8900146484375,441.510009765625,448.1099853515625,997259,447.7810028076172,460.6284826660156,48.599253470418745,-5.04661829543511,-4.125433490348316
2025-11-17,432.6300048828125,447.8999938964844,431.0,445.1000061035156,1116466,446.2900024414063,459.7898583984375,40.184440684014945,-5.46009466996702,-4.392365726272057
2025-11-18,430.239990234375,436.0,425.0,435.989990234375,1244144,444.6815017700195,458.85504272460935,43.59301733778126,-5.912476534561449,-4.6963878879299354
2025-11-19,428.0799865722656,434.5,426.9100036621094,430.239990234375,911237,443.093000793457,457.83339599609377,40.34822424249824,-6.371836104830038,-5.031477531309957
2025-11-20,429.7799987792969,432.8900146484375,426.1000061035156,430.0,644548,441.99300079345704,456.89671813964844,31.247682084946277,-6.523506177786373,-5.32988326060524
2025-11-21,428.4200134277344,435.0,426.5,431.0,838510,440.7980010986328,456.06115661621095,30.684335964166365,-6.676482916235329,-5.599203191731259
2025-11-24,426.9800109863281,431.0,421.8699951171875,428.010009765625,984016,439.88700103759766,455.14880126953125,32.15112742827765,-6.8351232004743565,-5.846387193479878
2025-11-25,430.5299987792969,433.45001220703125,423.0,428.1000061035156,606817,438.7815002441406,454.28900146484375,41.62903291789469,-6.598330970163033,-5.996775948816509
2025-11-26,436.70001220703125,440.0,423.5,427.5,1197282,438.5025009155273,453.4118017578125,47.95693670048847,-5.845420533716208,-5.966504865796449
2025-11-27,451.5799865722656,457.0,438.0,438.07000732421875,1937982,438.7850006103516,452.7544012451172,56.73627969982531,-4.001912458547224,-5.573586384346604
2025-11-28,458.239990234375,460.4800109863281,452.0,453.5,1906835,438.70350036621096,452.1594012451172,59.11948415961666,-1.9806803416107641,-4.855005175799436
2025-12-01,465.3500061035156,469.0,455.0,464.0,2448671,438.975,451.81840148925784,69.61482631040649,0.19265868363123673,-3.8454724039133015
2025-12-02,476.7099914550781,481.3999938964844,463.25,468.989990234375,4149100,440.07249908447267,451.7046014404297,77.9724406111732,2.799431296311411,-2.5164916638683588
2025-12-03,471.1300048828125,480.0,466.0,480.0,973670,441.5279998779297,451.63060180664064,66.2501734623959,4.364745026449214,-1.1402443258048442
2025-12-04,471.44000244140625,472.9800109863281,465.0,469.0,568533,443.1169998168945,451.767001953125,69.49631022099322,5.566118893465557,0.20102831804923593
2025-12-05,475.6000061035156,478.0,468.010009765625,478.0,1475173,444.9050003051758,451.86780212402346,81.21459363905896,6.775786814817934,1.5159800174029756
2025-12-08,476.05999755859375,477.9800109863281,471.5,475.0,755301,446.6369995117187,452.047001953125,84.24516622281585,7.6830098685353505,2.749385987629451
2025-12-09,485.9200134277344,488.70001220703125,473.489990234375,479.45001220703125,1639272,449.4020004272461,452.24760192871094,88.76678671887656,9.092795465783524,4.018067883260265
2025-12-10,497.2799987792969,504.0,485.2699890136719,485.9200134277344,2634361,453.0490005493164,452.6118017578125,90.05461729861682,10.99991639804523,5.414437586217259
2025-12-11,487.239990234375,496.0,484.5199890136719,495.0,1026336,455.1160003662109,452.91380126953123,81.64406852567612,11.567831929446868,6.645116454863181
2025-12-12,488.82000732421875,492.7699890136719,481.0,487.239990234375,761289,457.4365005493164,453.2078015136719,83.21873939564827,12.006994100197005,7.717491983929946
2025-12-15,488.6000061035156,496.0,487.0199890136719,490.0,697626,460.23500061035156,453.5668017578125,82.35097901070682,12.196685229472848,8.613330633038528
2025-12-16,488.29998779296875,500.0,487.5,491.9800109863281,1138092,463.13800048828125,453.9198016357422,80.75820969373277,12.182376987129885,9.3271399038568
2025-12-17,476.6300048828125,490.5,471.20001220703125,488.79998779296875,1401564,465.5655014038086,454.57340148925783,65.52622668954129,11.101397511126436,9.681991425310727
2025-12-18,485.489990234375,495.0299987792969,477.0,479.1099853515625,1456032,468.3510009765625,455.2656011962891,66.4414152320544,10.83474407493918,9.912541955236419
2025-12-19,499.0400085449219,503.0400085449219,485.6700134277344,485.6700134277344,2918362,471.8820007324219,456.2796014404297,68.86127161704556,11.583267839737175,10.24668713213657
2025-12-22,512.7000122070312,529.5,495.0,498.989990234375,3865992,476.16800079345705,457.90600158691404,69.64305999213158,13.12740193232844,10.822830092174943
2025-12-23,509.20001220703125,520.0,505.1000061035156,510.0,1265993,480.10150146484375,458.7468017578125,71.26102695553767,13.908391299090056,11.439942333557967
2025-12-24,490.4200134277344,502.0,487.9599914550781,495.010009765625,1659599,482.7875015258789,459.3842022705078,58.78703964034479,12.863657808613596,11.724685428569094
2025-12-26,486.3599853515625,497.79998779296875,485.0,491.8900146484375,1277190,484.52650146484376,460.01960205078126,54.98608608441571,11.574663144088504,11.694680971672977
2025-12-29,486.739990234375,495.0,484.79998779296875,489.8900146484375,941680,485.9515014648438,460.5566015625,54.952692406103736,10.463175826134147,11.44837994256521
2025-12-30,487.239990234375,492.0,486.1000061035156,487.0,1120108,487.0460006713867,461.0524011230469,50.67031083838369,9.512999997809288,11.061303953614027
2025-12-31,474.9599914550781,492.0,470.0,492.0,3110153,486.95850067138673,461.30340087890625,38.7703800968283,7.680548947664306,10.385152952424084
