Date,Close,High,Low,Open,Volume,SMA_20,SMA_50,RSI,MACD,MACD_Signal
2023-01-02,66.78392791748047,67.62426640444774,65.90329937946976,67.04869173737814,103673,,,,0.0,0.0
2023-01-03,66.74940490722656,67.5724769808914,66.21987718758837,67.27893262686476,174878,,,,-0.0027539723279517148,-0.0005507944655903429
2023-01-04,66.42707824707031,67.19834623739507,65.75940948712964,67.05445256236852,123547,,,,-0.030592926701885403,-0.006559220912849355
2023-01-05,66.20259857177734,67.33648140786228,66.1335324197552,67.33648140786228,110505,,,,-0.06996264651449735,-0.019239906033178954
2023-01-06,65.88603973388672,66.8990524834527,65.62127588629417,66.2026031991165,31589,,,,-0.12526313034167913,-0.04044455089487899
2023-01-09,64.67156982421875,66.18532961496277,63.8945449033621,65.61551192517273,65165,,,,-0.2640430106887379,-0.08516424285365079
2023-01-10,64.79244232177734,65.6730708900347,64.03268391080177,65.38528354661536,123426,,,,-0.3601223984979782,-0.14015587398251628
2023-01-11,64.6082534790039,65.49463895346527,63.94634176332261,65.49463895346527,95244,,,,-0.4459874402393069,-0.2013221872338744
2023-01-12,64.45286560058594,65.0284403788358,64.17658777485968,65.0284403788358,73626,,,,-0.5205737573721052,-0.2651725012615206
2023-01-13,64.18234252929688,64.46437293131103,64.00391136814405,64.45286336831097,96463,,,,-0.5946580541758806,-0.3310696118443926
2023-01-16,64.24565124511719,65.27017353482788,64.00390652752986,65.27017353482788,40445,,,,-0.6408743087666693,-0.39303055122884795
2023-01-17,63.31321334838867,65.02267081140097,63.08298260341002,65.02267081140097,275307,,,,-0.7441627243957214,-0.46325698586222264
2023-01-18,63.52617263793945,64.46435769133436,62.96786455175698,63.8887830690903,1088179,,,,-0.7996180044327161,-0.5305291895763213
2023-01-19,63.11177062988281,63.83123904930399,62.766426666818,63.48013810932351,413322,,,8.891659905197073,-0.8670111275609997,-0.597825577173257
2023-01-20,62.242637634277344,63.485880892906906,61.580725958133954,63.313206754335326,70498,,,7.443261113271859,-0.9792640854726358,-0.6741132788331328
2023-01-23,61.908809661865234,63.01966894275523,61.73038292063954,63.01966894275523,39064,,,7.047901058051693,-1.0826820065876035,-0.7558270243840269
2023-01-24,62.19084548950195,62.449852337150745,61.59224729959243,61.59224729959243,49367,,,12.139886689299715,-1.1288706023324266,-0.830435739973707
2023-01-25,65.08598327636719,65.60400134599523,62.16206296449875,62.16206296449875,258446,,,43.24511557753692,-0.9212424638374799,-0.8485970847464617
2023-01-26,65.97811889648438,66.76665772810162,64.75214650354684,65.03993382134038,409976,,,50.52076141886668,-0.676904841886639,-0.8142586361744972
2023-01-27,64.57947540283203,66.47887354638611,63.888787564059385,66.47887354638611,102269,64.54696006774903,,49.489781253909804,-0.5893309171522816,-0.7692730923700541
2023-01-30,64.16506958007812,65.90330324440198,64.06146595827826,65.6040063321393,94259,64.4160171508789,,46.63373445838293,-0.5470608603618246,-0.7248306459684082
2023-01-31,65.0341796875,65.55795473659114,64.18233164872443,64.2629117499252,133130,64.33025588989258,,52.12889689529672,-0.4383782618813825,-0.6675401691510031
2023-02-01,65.25291442871094,65.61552495946569,64.78094328447854,65.60976798210184,50437,64.27154769897462,,53.973701661645734,-0.33078338899376547,-0.6001888131195556
2023-02-02,65.7133560180664,66.17381748954604,64.53343063323963,65.61550938254494,95518,64.24708557128906,,57.463469823738734,-0.20598541719313346,-0.5213481339342713
2023-02-03,65.01116180419922,66.16231122537167,64.75215494095004,66.16231122537167,60069,64.20334167480469,,53.512934595982934,-0.16187730914280962,-0.44945396897597895
2023-02-06,65.04570007324219,65.61551781417344,64.1823379967399,65.01116260410721,321097,64.22204818725587,,58.66442666980053,-0.12271972941741183,-0.38410712106426553
2023-02-07,65.23564910888672,65.89756104148698,65.0457127524103,65.89756104148698,97462,64.24420852661133,,58.56907111620178,-0.07548956890401826,-0.3223836106322161
2023-02-08,66.17958068847656,67.04869532047123,64.50465620997839,66.07022009067751,1033562,64.32277488708496,,64.60275172518483,0.03767378336183924,-0.250372131833405
2023-02-09,67.3134536743164,67.63002148886382,66.19108486144118,66.19108486144118,685880,64.46580429077149,,73.5436685136262,0.21635660485236485,-0.15702638449625103
2023-02-10,66.81270599365234,68.34948924530119,66.02992412341379,67.31345312548957,420309,64.59732246398926,,72.42113524779586,0.31393898215119975,-0.06283331116676087
2023-02-13,66.24288177490234,67.34223142130672,66.13928255758096,67.11200069203652,135049,64.69718399047852,,68.05130281009184,0.3413586964064024,0.01800509034787178
2023-02-14,65.5636978149414,66.45007874025987,65.50038426437791,66.45007874025987,288764,64.80970821380615,,52.65169706070932,0.30477133388687605,0.07535833905567264
2023-02-15,66.43858337402344,66.7666607555328,65.52917435465146,65.96085535091568,417131,64.95532875061035,,52.56084956016558,0.3424242843879739,0.1287715281221329
2023-02-16,66.19683837890625,66.47886871358565,65.61550678224039,65.61550678224039,108273,65.10958213806153,,60.32328847706525,0.34873768719984355,0.17276475993767504
2023-02-17,66.40979766845703,66.76665551153675,65.68457681341958,66.5939813700788,237868,65.31794013977051,,64.70580002938951,0.36669807219097095,0.21155142238833424
2023-02-20,66.17958068847656,66.4788775991813,65.94934993108791,66.3637644161302,218657,65.53147869110107,,58.18936173926704,0.35822581619196114,0.24088630114905965
2023-02-21,66.45585632324219,66.67457313492254,65.61551776305569,66.67457313492254,75544,65.74472923278809,,58.53057594047771,0.3695447452772527,0.26661798997469827
2023-02-22,66.53067016601562,67.33647553586695,66.19108323808966,66.19108323808966,206052,65.81696357727051,,56.13126178296339,0.3801695718157134,0.2893283063429013
2023-02-23,66.36376190185547,67.14078683622796,66.19108774253434,66.68032533889581,122037,65.83624572753907,,61.03289306641841,0.3708468299762018,0.3056320110695614
2023-02-24,66.20259857177734,66.62277002548637,65.78818848578533,66.62277002548637,342489,65.91740188598632,,59.24560605524792,0.3464601787854491,0.31379764461273896
2023-02-27,66.77242279052734,67.34224051920656,65.90330375597566,65.96086034824758,185963,66.04776954650879,,61.57845120941783,0.3688616270259075,0.3248104410953727
2023-02-28,67.26165771484375,67.34799479543314,66.62276946628319,66.76666313683671,64829,66.15914344787598,,58.75232337992847,0.42123635534180437,0.3440956239446591
2023-03-01,67.8199691772461,68.20560317928772,65.90330433779278,67.34224111372713,7090626,66.28749618530273,,54.517543501514695,0.5020079388539642,0.3756780869265201
2023-03-02,68.2689208984375,68.49915167483881,66.85300755180663,68.2631639214236,403334,66.41527442932129,,63.108900527875186,0.5953834428533611,0.4196191581118883
2023-03-03,69.07472229003906,69.1553023982684,66.82998003909725,68.43583400958748,305389,66.61845245361329,,74.45341745032236,0.7260363453982848,0.4809025955691676
2023-03-06,68.78118133544922,69.07472568200599,67.97537582229958,69.06321172810124,86320,66.80522651672364,,79.76597835109176,0.7967094396710479,0.5440639643895436
2023-03-07,67.9235610961914,69.03442027144116,67.77391046772176,68.49337873171031,229725,66.93962211608887,,63.78203539559828,0.7745866375830417,0.5901684990282433
2023-03-08,68.61425018310547,69.06895466158186,67.923562393004,69.0056411018392,59323,67.06135559082031,,70.71009978077772,0.803524464674382,0.632839692157471
2023-03-09,68.78694915771484,69.0574700304006,68.20561734989784,69.0574700304006,92853,67.13503036499023,,70.50664736080032,0.8308161338495523,0.6724349804958873
2023-03-10,69.6100082397461,69.93232867864997,68.06171083333628,69.12076621332706,217295,67.27489547729492,65.84401763916016,76.84680650342426,0.9083876403585123,0.7196255124684123
2023-03-13,69.02867126464844,70.04743651189983,68.5048962001814,69.27041157534723,401882,67.41418495178223,65.88891250610351,69.21745176033463,0.9124365817425542,0.7581877263232408
2023-03-14,69.68302154541016,69.97384453473755,68.94989928902274,69.07107476415113,535852,67.62015113830566,65.94758483886719,71.67014037851746,0.9574095743777917,0.798032095934151
2023-03-15,69.31948852539062,70.2161981099455,69.07107279913214,70.2161981099455,186203,67.76419639587402,66.00543304443359,69.78367375702543,0.9527343895248919,0.8289725546522992
2023-03-16,69.30131530761719,69.97384987779373,69.0710800382737,69.97384987779373,359862,67.91942024230957,66.0674073791504,71.14551412408201,0.936764408071042,0.8505309253360478
2023-03-17,69.54973602294922,70.13138671007205,69.04078878262378,69.66485597711008,145970,68.07641716003418,66.14068130493165,69.82174866649098,0.9333939735901424,0.8671035349868668
2023-03-20,69.16197967529297,69.9799259370604,69.0710957300856,69.9799259370604,72027,68.225537109375,66.23048950195313,63.761985429077534,0.8891842211371994,0.8715196722169334
2023-03-21,69.3740234375,69.8587346205805,69.01655252245315,69.8587346205805,34116,68.37144546508789,66.32212112426758,61.84858190228336,0.8613289690935773,0.8694815315922622
2023-03-22,69.54973602294922,69.79814717042153,69.25285282924615,69.6769716773934,237328,68.52239875793457,66.42095077514648,60.18988701710343,0.8437062973107032,0.8643264847359504
2023-03-23,69.54973602294922,69.54973602294922,69.54973602294922,69.54973602294922,0,68.68169746398925,66.52288818359375,54.33490917445884,0.8202844741496307,0.8555180826186866
2023-03-24,69.16802215576172,69.9799080476209,69.14378613506541,69.9799080476209,79834,68.82996864318848,66.62260177612305,53.47434259934328,0.7621359626193112,0.8368416586188115
2023-03-27,69.08319854736328,70.27679606951035,68.96202305805386,70.27679606951035,252204,68.94550743103028,66.71935272216797,62.09388924252069,0.7011261462190959,0.8096985561388684
2023-03-28,70.01627349853516,70.2525689684796,68.94991611405993,68.98020767895969,99294,69.08323822021484,66.8534139251709,63.918081706227184,0.7197697204010893,0.7917127889913127
2023-03-29,69.91326141357422,70.252556464376,69.37402265531495,70.252556464376,60340,69.18790283203126,66.98115570068359,61.33792908533476,0.7179565170949331,0.7769615346120369
2023-03-30,69.88297271728516,70.28286017503554,69.40432627186715,70.25256398973364,24062,69.26860542297364,67.11657974243164,53.269630761469934,0.7059378832668273,0.762756804342995
2023-03-31,69.67696380615234,70.14349448641144,69.16802124586968,69.28919672520892,590527,69.2987174987793,67.26526626586914,58.532607931621044,0.6720429392567979,0.7446140313257555
2023-04-03,69.67696380615234,70.13137878749681,69.19225264369895,69.6709036454209,191205,69.34350662231445,67.42062934875489,49.90367911802098,0.6378284624482973,0.7232569175502639
2023-04-04,69.67090606689453,69.94355783870641,69.37402289641122,69.68302638877866,178922,69.43087387084961,67.57023056030273,56.30438888721603,0.6032703095384591,0.6992595959479029
2023-04-05,69.67090606689453,69.67696622783659,69.0165519841525,69.37402289641122,431639,69.48370666503907,67.66192901611328,56.67393167220956,0.5693199582895829,0.673271668416239
2023-04-06,69.67696380615234,70.28285044794497,69.1437852254922,69.1437852254922,684888,69.52820739746093,67.73590591430664,52.51781616137214,0.5367159419722611,0.6459605231274435
2023-04-07,69.68302154541016,70.1010801703868,69.6163736473251,69.67696138488931,495069,69.53185806274413,67.83797683715821,62.14633799309927,0.505538302211761,0.617876078944307
2023-04-10,70.15562438964844,70.25862402340918,69.13167434595356,70.25862402340918,320465,69.58820571899415,67.9577879333496,66.24672515398913,0.5130507680114391,0.5969110167577334
2023-04-11,69.82843780517578,70.28285280173874,69.55579065625736,69.55579065625736,132135,69.59547653198243,68.05367309570312,55.450026257996754,0.4869895163237885,0.5749267166709444
2023-04-12,70.01019287109375,70.6160794225613,68.65300366757222,68.65300366757222,48041,69.63001174926758,68.14881866455079,58.406670399683534,0.4755203982790448,0.5550454529925646
2023-04-13,69.87691497802734,70.28285796201696,69.7133229786264,70.27679780063762,64106,69.65879173278809,68.23208984375,64.23363031409698,0.4504837314377994,0.5341331086816116
2023-04-14,69.87691497802734,69.87691497802734,69.87691497802734,69.87691497802734,0,69.67515068054199,68.32940490722656,66.4987725118784,0.4257343915315488,0.512453365251599
2023-04-17,70.17379760742188,70.28285739863205,69.8284423723478,69.98597420910663,78193,69.72574157714844,68.43196685791015,54.451876096959346,0.42517515387544336,0.4949977229763679
2023-04-18,70.21014404296875,70.42220807063704,69.46490604461174,70.27073640661588,431109,69.76754760742188,68.5314567565918,58.71890586279369,0.42279113457168194,0.48055640529543076
2023-04-19,70.88873291015625,71.03414440129956,70.28284630408655,70.42825779522984,220743,69.83449745178223,68.62563980102539,71.39166642326055,0.47023762583785356,0.47849264940391534
2023-04-20,71.87028503417969,72.31257975511348,71.12504232798389,71.49463360029782,1188804,69.95052490234374,68.71677642822266,85.07781023429703,0.5803524237509663,0.4988646042733256
2023-04-21,71.87028503417969,71.87028503417969,71.87028503417969,71.87028503417969,0,70.08563804626465,68.81792800903321,85.07781023429703,0.6600109984834575,0.531093883115352
2023-04-24,71.87028503417969,71.87028503417969,71.87028503417969,71.87028503417969,0,70.22499237060546,68.93047607421875,85.24297957137793,0.7149000698723427,0.5678551204667501
2023-04-25,71.87028503417969,71.87028503417969,71.87028503417969,71.87028503417969,0,70.3176929473877,69.05660781860351,85.24297957137793,0.7497573187397393,0.6042355601213479
2023-04-26,72.06417083740234,73.00935267917852,71.50069598037064,71.94905087678382,178925,70.4252384185791,69.16911956787109,86.08084796265717,0.7839895599186804,0.6401863600808144
2023-04-27,72.7063980102539,73.37287240083823,71.34315304756164,72.06415964037878,844487,70.56640968322753,69.29931076049805,88.32584121875169,0.8531071352018103,0.6827705151050136
2023-04-28,72.7366943359375,73.30622464481375,72.49433875091331,73.30622464481375,234469,70.71939620971679,69.42584869384766,86.85138143934607,0.8999538639231588,0.7262071848686427
2023-05-01,72.7366943359375,72.7366943359375,72.7366943359375,72.7366943359375,0,70.87238273620605,69.55699096679687,95.80202293038937,0.9264012569222473,0.7662459992793637
2023-05-02,73.09417724609375,74.16053922180653,67.31401708880445,73.27594512035185,1243375,71.04354629516601,69.68975738525391,96.02219682030777,0.9650820248180736,0.8060132043871057
2023-05-03,73.3486328125,74.20899532691057,73.00933778417068,73.85757997754203,1918828,71.2274326324463,69.82611663818359,100.0,1.004687833739581,0.8457481302576008
2023-05-04,73.76065063476562,74.33624581286728,73.43347123956606,73.43347123956606,1506515,71.43161697387696,69.9740544128418,100.0,1.057136110497126,0.8880257263055059
2023-05-05,73.89999389648438,74.52405639334123,73.61522643732488,73.918169755997,912303,71.64246559143066,70.12800231933593,100.0,1.097296631848863,0.9298799074141774
2023-05-08,73.56864166259766,75.19358982814333,72.96327148578315,73.90000596744774,804680,71.81311645507813,70.26392669677735,91.7598711359277,1.089823966024099,0.9618687191361617
2023-05-09,73.19904327392578,74.17401014235948,73.09070984054935,74.17401014235948,565198,71.98164672851563,70.38267440795899,81.11770835260097,1.0420660348311657,0.9779081822751625
2023-05-10,73.19267272949219,73.5367795558355,72.93140454475251,73.0588542184211,365036,72.14077072143554,70.4901284790039,74.15734721866045,0.9922652642855212,0.9807795986772343
2023-05-11,73.28824615478516,74.04655092033352,72.96325562000321,73.37745848014379,344085,72.31133728027343,70.59051498413086,75.02929095683793,0.9495637912114745,0.9745364371840824
2023-05-12,73.54953002929688,73.8554044174014,73.15444815255961,73.28189297827322,230055,72.49496803283691,70.68001113891602,77.13810841335365,0.9261301394340222,0.9648551776340705
2023-05-15,73.70246124267578,73.91911839400393,73.218162209161,73.5941278053038,156819,72.67140121459961,70.77843673706055,78.21494617768765,0.9094158920781155,0.9537673205228795
2023-05-16,73.92549133300781,74.237734520356,73.61324328395176,73.70246048490196,2896743,72.85716857910157,70.89847534179688,78.40875480627034,0.9037485443234345,0.9437635652829905
2023-05-17,73.76618194580078,74.23773357029097,73.72794461396636,74.23773357029097,411981,73.00104103088378,71.00151397705078,68.97183752629135,0.8763007447461462,0.9302710011756218
2023-05-18,73.25640106201172,74.20587811454402,73.18630495125011,73.91275113395379,305148,73.07034683227539,71.09090301513672,57.94044346838813,0.8041434438662804,0.9050454897137535
2023-05-19,73.56226348876953,73.66421835767818,73.14806059112946,73.60049595689684,246924,73.15494575500489,71.16994812011718,61.53547663567342,0.7628452000822108,0.876605431787445
2023-05-22,73.13532257080078,73.60050539339113,72.64465467399644,73.50491934911003,188422,73.21819763183593,71.25208114624023,50.56396677897898,0.6877376686176149,0.838831879153479
2023-05-23,72.75296783447266,73.28187295390622,72.33239613517273,73.15442816301706,187638,73.26233177185058,71.31348007202149,42.111963143697146,0.5905540377218301,0.7891763108671492
2023-05-24,73.14805603027344,73.339223220698,72.65101452877943,73.15442972846643,34587,73.31652603149413,71.39005142211914,41.85123691838044,0.5392000628933289,0.7391810612723853
2023-05-25,73.29462432861328,73.40295776181337,73.03336101726656,73.2818817926703,1441261,73.3459373474121,71.46991760253906,41.96279346788946,0.5045127951557191,0.692247408049052
2023-05-26,73.57501220703125,73.98284144035236,73.28188524943845,73.3774712894967,2309611,73.38785324096679,71.5504231262207,50.085738987930824,0.4939538515296249,0.6525886967451666
2023-05-29,73.38384246826172,73.91911649547126,72.70199767472782,73.79167168757597,1047180,73.420210647583,71.63486038208008,52.61262932633813,0.4648020635272303,0.6150313701015794
2023-05-30,72.72111511230469,73.66421831137389,72.58092291364932,73.66421831137389,701900,73.40155754089355,71.70180221557617,44.37685821691237,0.3837983144629362,0.5687847589738508
2023-05-31,73.35835266113281,73.66422214529327,72.81033123516188,73.14806435220513,2742558,73.4020435333252,71.77797454833984,50.74035221718931,0.366793833313821,0.528386573841845
2023-06-01,73.14805603027344,73.67058746283217,72.96963137452761,73.67058746283217,411229,73.37141380310058,71.84994094848633,45.714122821306404,0.33251544780577547,0.4892123486346311
2023-06-02,73.1289291381836,73.78527896688264,72.96324704126621,73.78527896688264,98548,73.33286056518554,71.92915908813477,43.69728453523196,0.30034402106943503,0.4514386831215919
2023-06-05,73.82353973388672,73.91275208296362,73.00788119277885,73.65785757344031,185403,73.34560546875,72.02396591186523,48.984841371493516,0.32712629526577075,0.4265762055504277
2023-06-06,73.25640106201172,73.60050791619372,73.16081501445422,73.48580563146639,151479,73.3484733581543,72.08876846313477,45.30527185552002,0.2991397921615828,0.40108892287265874
2023-06-07,73.24364471435547,73.90636836096685,72.96963402259988,73.03335642172055,373912,73.35102195739746,72.1553761291504,49.870684721307015,0.27278644385197026,0.3754284270685211
2023-06-08,71.35106658935547,73.60687473704233,70.09571527429706,73.53677863283141,376631,73.25416297912598,72.1847380065918,33.0403203909856,0.09805566305269053,0.319953874265355
2023-06-09,71.95643615722656,72.63827609680641,70.73294848537057,71.65693550738823,191762,73.17450828552246,72.23032745361328,41.19893876239829,0.008332473674855123,0.25762959414725506
2023-06-12,72.6446533203125,72.71474942736525,71.733408790335,72.19221790496816,185323,73.12161788940429,72.28968124389648,49.22668647929642,-0.007157914949644351,0.20467209232787517
2023-06-13,72.6446533203125,73.24365464905114,72.51720850478466,72.77209813584035,536477,73.05757598876953,72.34915618896484,46.191066653735845,-0.019212687633228143,0.15989513633565453
2023-06-14,72.65740203857422,73.21817094270403,72.32604257298628,72.32604257298628,96118,73.0021369934082,72.40888610839843,45.078882122251976,-0.027421370328738703,0.1224318350027759
2023-06-15,73.23727416992188,73.9191140794624,72.35789335608784,72.35789335608784,296156,73.00118064880371,72.48009231567383,47.50704501375213,0.012717425733313803,0.10048895314888348
2023-06-16,72.72111511230469,73.7598043433396,72.51720051290803,73.7598043433396,190848,72.95912322998046,72.54085418701172,45.33214252320629,0.0028451909779079188,0.08096020071468837
2023-06-19,72.6382827758789,73.3965925878166,72.45348438214164,73.3965925878166,702502,72.93427124023438,72.59050735473633,49.36467977683916,-0.011529597459627894,0.06246224107982513
2023-06-20,72.42799377441406,73.14806619565881,71.94369474029577,73.14806619565881,125215,72.91802253723145,72.6424984741211,42.36408721461759,-0.03943569566902738,0.04208265373005463
2023-06-21,71.92457580566406,72.77209300643153,71.84810600471256,71.94369204047501,245665,72.85684852600097,72.6807861328125,40.41928044831583,-0.10100873655194675,0.013464375673654355
2023-06-22,71.37655639648438,73.17992428224557,71.05793950944212,73.17992428224557,129784,72.76094512939453,72.71077896118165,37.32737607215804,-0.19181527431156553,-0.027591554323389625
2023-06-23,70.31237030029297,71.81624235332269,70.10845569285034,71.81624235332269,409468,72.59781303405762,72.71948806762695,25.896693530985445,-0.345666406733244,-0.0912065248053605
2023-06-26,73.2818832397461,73.59412642444596,70.31874524944958,70.66922576614888,862075,72.59271507263183,72.78164978027344,50.13154184369679,-0.22538160184532785,-0.11804154021335397
2023-06-27,72.94415283203125,73.2818859633805,71.70154402258392,73.2818859633805,654954,72.60386695861817,72.83632995605468,48.50417596118745,-0.15551437581812877,-0.12553610733430892
2023-06-28,72.94415283203125,72.94415283203125,72.94415283203125,72.94415283203125,0,72.58315696716309,72.87743835449218,59.81163229767435,-0.0990028525681339,-0.12022945638107392
2023-06-29,72.94415283203125,72.94415283203125,72.94415283203125,72.94415283203125,0,72.57296180725098,72.89891571044922,56.57339688974371,-0.05359920497832604,-0.10690340610052436
2023-06-30,72.94415283203125,72.94415283203125,72.94415283203125,72.94415283203125,0,72.56372299194337,72.92039306640625,52.19421018270924,-0.01741572945950054,-0.0890058707723196
2023-07-03,77.78076171875,78.25231826541247,74.71566847398606,74.81125452326674,5948888,72.76158409118652,73.03860260009766,72.02187794410133,0.3969579671605601,0.008186896814256342
2023-07-04,76.27051544189453,77.74252397117596,76.11757582873453,77.74252397117596,1257189,72.91228981018067,73.12660720825195,63.72880864584059,0.5966104997814199,0.12587161740768907
2023-07-05,75.83081817626953,77.04156330436665,75.64601980067032,76.46805194245667,629396,73.04164848327636,73.20194015502929,59.96084123941404,0.7111588787959846,0.2429290696853482
2023-07-06,77.54497528076172,78.12485545535898,75.58866789584144,76.46804870574275,2732495,73.35134391784668,73.29871170043945,66.96547353214079,0.9295422623845866,0.38025170822519594
2023-07-07,77.07342529296875,77.74252272007887,76.8822580721573,76.97784411341704,273934,73.6071933746338,73.38544631958008,65.18321257066981,1.0524307574818152,0.5146875180765198
2023-07-10,78.46895599365234,78.79394653598543,76.46804260119109,77.0734126604343,2003954,73.89840850830078,73.50009155273438,69.12828010453623,1.248041790931822,0.6613583726475802
2023-07-11,80.32331085205078,81.31102018259811,78.69836295168525,79.01697980574066,2212393,74.2823413848877,73.64467422485352,74.49811575038622,1.535001343838303,0.8360869668857248
2023-07-12,82.11393737792969,82.84038342828731,80.32331218418771,80.32331218418771,3574960,74.75516815185547,73.81998031616212,79.2027403104346,1.885176313634716,1.0459048362355232
2023-07-13,82.22864532470703,83.95555320208142,81.56592645059902,83.89182593267543,1288533,75.20473670959473,73.98934020996094,84.17397308949222,2.1471969231767076,1.2661632536237601
2023-07-14,82.20315551757812,83.0952788973949,81.24730487202488,81.24730487202488,335586,75.6788387298584,74.1554034423828,80.78275176707514,2.325980869990758,1.4781267768971598
2023-07-17,81.67425537109375,82.77666712782703,81.24730988985505,82.20316059444157,223404,76.13063735961914,74.31751571655273,79.7308954251287,2.397355393615669,1.6619725002408616
2023-07-18,83.3055648803711,83.47762071432332,81.56591947659072,82.48353762644882,1580303,76.674515914917,74.51964614868164,81.75779545515132,2.556088267353985,1.8407956536634864
2023-07-19,87.88090515136719,88.41617914554767,83.38840545550502,83.4138905261453,2554124,77.47233238220215,74.81341079711915,85.75349720588773,3.0163068280278083,2.0758978885363506
2023-07-20,86.44712829589844,88.57548657494297,86.02655170947698,87.94462169531079,621230,78.22586097717286,75.0765884399414,80.24548948195178,3.2281276967459434,2.306343850178269
2023-07-21,89.05979919433594,89.59508301704349,86.12215076287728,88.06571594610557,1564497,79.163232421875,75.38679382324219,78.05959916973259,3.5657146291298574,2.558218005968587
2023-07-24,91.83812713623047,92.39889596114281,88.89411025227189,89.05341869358419,1259937,80.09104461669922,75.74950714111328,86.43005532500494,4.011203889135842,2.8488151826020385
2023-07-25,92.89595031738281,94.93509670240734,91.12444098382241,91.7553059987559,1455455,81.0886344909668,76.12891632080078,88.81161981301108,4.398906966108413,3.1588335393033136
2023-07-26,94.15764617919922,94.53362144467758,93.19542681135391,93.19542681135391,680565,82.1493091583252,76.53674560546875,88.57651467478499,4.7531810471166125,3.4777030408659737
2023-07-27,94.15764617919922,94.15764617919922,94.15764617919922,94.15764617919922,0,83.2099838256836,76.9547705078125,90.55976038680664,4.976578904919435,3.777478213676666
2023-07-28,94.15764617919922,94.15764617919922,94.15764617919922,94.15764617919922,0,84.27065849304199,77.3666781616211,89.88983268503927,5.094892566674702,4.040961084276273
2023-07-31,93.9282455444336,95.90367394699341,93.54591115012238,94.34882212924927,1315900,85.07803268432617,77.78253662109375,87.70754495150871,5.111227236026721,4.255014314626363
2023-08-01,93.9473648071289,95.45761536976852,93.03612523406196,94.88409917468755,635945,85.9618751525879,78.20642456054688,86.36900175533788,5.06730263341467,4.417471978384025
2023-08-02,95.40663146972656,96.85315470838277,92.46261485241642,93.83266343424665,2467706,86.94066581726074,78.65159606933594,87.40957130920341,5.091550469029372,4.552287676513095
2023-08-03,95.63605499267578,97.81539353858207,95.27282703998307,95.90369203619936,1486628,87.84521980285645,79.09842468261719,87.69674523844087,5.070826285441058,4.655995398298688
2023-08-04,94.18315887451172,96.85953892648124,93.9728705508219,95.52134403878834,465014,88.7007064819336,79.5105876159668,83.37300477482131,4.8809016502925004,4.700976648697451
2023-08-07,92.80670928955078,96.70020731742964,92.33515288358701,93.819908469175,1078695,89.41759414672852,79.89904495239257,75.69795074085171,4.566675241044848,4.674116367166931
2023-08-08,93.25916290283203,93.67336094963777,91.12442595781089,93.3228804435785,904091,90.06438674926758,80.30980590820313,68.72221634981332,4.304537741513769,4.600200642036299
2023-08-09,95.0179214477539,95.58505907600158,93.06798779834989,93.66061049738188,897962,90.70958595275879,80.74299728393555,79.17560718940092,4.190404624478745,4.518241438524788
2023-08-10,93.25275421142578,96.12113942673348,90.63175598558199,96.12113942673348,1392701,91.26079139709472,81.1450912475586,65.14710284052103,3.912419130747324,4.397076976969295
2023-08-11,97.45172882080078,100.24656595776933,94.27577196386216,94.27577196386216,4390756,92.02322006225586,81.63154724121094,68.39146827598826,3.984999192751232,4.314661420125683
2023-08-14,97.45172882080078,97.45172882080078,97.45172882080078,97.45172882080078,0,92.81209373474121,82.10411102294921,66.03740140033679,3.9964508174807634,4.251019299596699
2023-08-15,95.90049743652344,97.5453128838081,95.61299472713756,97.1508281513342,121052,93.44184036254883,82.55699295043945,56.01267605263088,3.836134335346671,4.168042306746694
2023-08-16,96.24149322509766,96.87668235464717,94.28242462705994,96.87668235464717,335043,93.85986976623535,83.0169499206543,57.02382299392082,3.6940155665484298,4.0732369587070405
2023-08-17,94.509765625,96.11445505452899,93.9414325924266,93.9414325924266,431985,94.26300163269043,83.4801239013672,51.06278620250068,3.402428397065677,3.939075246378768
2023-08-18,93.77427673339844,94.94436574789717,93.27281001289899,94.77721017439735,128602,94.49872550964355,83.91648071289063,49.54905917131998,3.0765313196842925,3.766566461039873
2023-08-21,91.54777526855469,94.23564009937203,91.01956807610851,94.2088894907808,203509,94.48420791625976,84.29454315185546,43.77678344237649,2.6085260132049797,3.5349583714728943
2023-08-22,91.40738677978516,92.26990531872184,90.93266031410268,91.03964236304095,995011,94.40977973937989,84.66979782104492,38.86652849714521,2.200929315141792,3.268152560206674
2023-08-23,89.89627838134766,91.58789221348256,87.42237757644574,91.0329344049655,3422066,94.1967113494873,85.01457534790039,35.0854008515106,1.7359610975229884,2.961714267669937
2023-08-24,93.53358459472656,93.90132894524054,91.26027257724215,91.26027257724215,5534190,94.16550827026367,85.42050155639649,48.484183817169864,1.6420422078915067,2.697779855714251
2023-08-25,93.37310028076172,94.26906191816002,92.76466174047405,93.54025585606016,762789,94.1262809753418,85.83354125976562,51.401223536659664,1.5369441330446705,2.465612711180335
2023-08-28,93.09899139404297,93.60714077109046,92.71118915799278,92.93851833701123,345279,94.08481826782227,86.2427554321289,49.600215716698166,1.4152210676794823,2.255534382480165
2023-08-29,92.55738830566406,93.43997471712322,90.93264086961545,93.43997471712322,183047,94.01531944274902,86.6453433227539,43.46127598250053,1.260521313489292,2.05653176868199
2023-08-30,93.20596313476562,93.59376537042084,92.27657836043683,93.19928058328436,4806067,93.90528602600098,87.07097106933594,49.86781056972286,1.1766910501234378,1.88056362497028
2023-08-31,86.4261245727539,93.87457742673605,86.2188532687554,91.9355766189917,3354645,93.44478950500488,87.37196243286132,22.815696885242446,0.556760661626484,1.615803032301521
2023-09-01,87.2552261352539,88.12443732496769,85.11563642375204,87.54942163352952,316942,93.098392868042,87.71081954956054,25.847354709244996,0.13085451993654829,1.3188133298285265
2023-09-04,86.9810791015625,88.24477493552905,86.75374995102972,88.21803453055882,80576,92.80711135864257,87.98480346679688,27.511851094394032,-0.22619312675244885,1.0098120385123315
2023-09-05,86.55316925048828,87.58953603025118,86.25897375663368,86.25897375663368,88497,92.4718116760254,88.25698379516602,25.67982901334109,-0.5374888708052765,0.70035185664881
2023-09-06,87.22179412841797,87.52267218204928,85.9179824277699,86.63341332644548,101952,92.08200531005859,88.54253662109375,30.673828097339666,-0.721918721373001,0.41589774104444777
2023-09-07,87.16829681396484,87.92384337157335,86.25228741393887,87.58953218004646,430503,91.77778244018555,88.82701950073242,31.824935127961965,-0.8624556411032671,0.16022706461490482
2023-09-08,88.36514282226562,88.8732921963561,86.28572665628501,86.28572665628501,726128,91.32345314025879,89.13543930053712,40.71769146761203,-0.8672594648325713,-0.04527024127459042
2023-09-11,87.42906188964844,88.92009719653723,86.92091253537113,87.62296810016893,649275,90.82231979370117,89.32840530395508,38.91166322393572,-0.9358129684779044,-0.22337878671525324
2023-09-12,85.34964752197266,87.58284891580097,84.580730767486,87.58284891580097,2165322,90.29477729797364,89.50998794555665,37.71681328375559,-1.1447376520205665,-0.4076505597763159
2023-09-13,84.19962310791016,85.59035389026549,83.92548546208461,85.59035389026549,386819,89.69268379211425,89.67736404418946,20.868251224993543,-1.3871194781171567,-0.603544343444484
2023-09-14,84.68102264404297,84.90166924642305,83.91879356416973,83.91879356416973,148944,89.20124664306641,89.82008499145508,23.404361609248,-1.5228098976395756,-0.7873974542835024
2023-09-15,84.04582214355469,86.64007996546424,83.2434774137748,83.7115109892825,27208683,88.71482391357422,89.9595329284668,22.89837515913355,-1.6624373614338452,-0.962405435713571
2023-09-18,85.02201843261719,85.75081432804572,84.25978427883456,84.7946841864615,1091915,88.38853607177734,90.09059417724609,28.014141455513894,-1.675013734664418,-1.1049270955037405
2023-09-19,84.41357421875,86.17873686758598,84.08595068575723,84.34671300198183,1252869,88.03884544372559,90.17239944458008,24.286336484147895,-1.7143154032912946,-1.2268047570612512
2023-09-20,84.60748291015625,84.90167841175546,83.87868180879033,84.90167841175546,416907,87.77440567016602,90.22227035522461,41.348696459459475,-1.7101024514390133,-1.3234642959368037
2023-09-21,86.43282318115234,86.62003664276016,84.25311266132361,84.70108845891151,1092615,87.4193675994873,90.30635391235352,46.42652080225427,-1.5417021689517725,-1.3671118705397975
2023-09-22,86.79386901855469,87.22178693121027,85.04876420865013,86.57322241013367,721236,87.09040603637695,90.39816818237304,49.19263772998868,-1.3633939928632657,-1.366368295004491
2023-09-25,86.53977966308594,87.62295473009,85.61708782380347,87.08805484794026,1793427,86.7624454498291,90.4954786682129,49.94137716562103,-1.2284258377559496,-1.3387798035547829
2023-09-26,87.41568756103516,87.57615039157191,86.18541471350615,86.57321689124856,505460,86.50536041259765,90.57768112182617,50.833778426352296,-1.0388094071345364,-1.2787857242707337
2023-09-27,86.71363067626953,87.9104601450395,86.32582850476169,87.57614898363965,811342,86.18074378967285,90.55433563232423,48.148143544511804,-0.9344157795676296,-1.209911735330113
2023-09-28,86.71363067626953,86.71363067626953,86.71363067626953,86.71363067626953,0,86.19511909484864,90.55966567993164,42.54672863408396,-0.8419772875472091,-1.1363248457735322
2023-09-29,86.71363067626953,86.71363067626953,86.71363067626953,86.71363067626953,0,86.16803932189941,90.51274230957031,46.473285910819904,-0.7599587848241072,-1.0610516335836473
2023-10-02,86.53311920166016,86.92092146015129,85.85781417701499,86.88748829603891,475798,86.1456413269043,90.40664215087891,57.177666684558396,-0.7014385509235836,-0.9891290170516346
2023-10-03,87.94390869140625,88.25816205430426,86.58660595479093,86.91423462314829,423583,86.21517829895019,90.30760131835937,72.01254448294824,-0.5350541513816154,-0.8983140439176308
2023-10-04,91.78849029541016,92.26989928176542,87.91047799526795,87.92385330110255,1285269,86.44351310729981,90.2602182006836,79.94364773858105,-0.09190824998083258,-0.7370328851302712
2023-10-05,91.9489517211914,92.53733247265045,91.03293213128055,91.73498766439339,200214,86.68254585266114,90.21604431152343,84.6831312481292,0.26913356143515443,-0.5357995958171862
2023-10-06,91.29370880126953,92.52398191653337,90.93933970355937,92.26321955779629,258078,86.82897415161133,90.15876556396485,78.32132897947258,0.49666393789055974,-0.329306889075637
2023-10-09,92.72454833984375,92.93851240222294,90.47129414564115,91.92889626408724,368256,87.0937484741211,90.13469161987305,84.93539746721126,0.7834095357644912,-0.10676360410761132
2023-10-10,93.33300018310547,93.87458270526236,92.26989299499245,92.93851540799963,523667,87.49291610717773,90.12240432739257,85.44273081745648,1.0476774926978436,0.12412461525347968
2023-10-11,93.34638214111328,94.14204450168009,93.13911081068713,93.27283326234571,204096,87.95025405883788,90.08119934082032,82.92998815329491,1.2438531992793145,0.3480703320586466
2023-10-12,93.50016784667969,94.5967083373564,93.27952119764251,93.94146114475402,273345,88.39121131896972,90.03848159790039,82.58616905802732,1.3956449550304342,0.5575852566530042
2023-10-13,95.28536987304688,95.60631595499488,93.53358253580988,94.02167400718362,482187,88.95318870544433,90.0605258178711,86.99108704491329,1.6410746124370377,0.774283127809811
2023-10-16,96.26156616210938,96.94356385556368,92.93851207253505,96.61593521209579,547339,89.51516609191894,90.12962295532226,87.10052317488761,1.8925343088211264,0.9979333640120742
2023-10-17,95.1048583984375,96.76972172456487,94.55658310707263,96.6159414218715,166280,90.04973030090332,90.16653686523438,83.9007944311529,1.9757065649109506,1.1934880041918494
2023-10-18,95.9072036743164,96.28163060540287,94.67694084292697,95.78016377933307,256392,90.61471633911133,90.18432250976562,84.88096092702503,2.0823595902376297,1.3712623214010056
2023-10-19,97.27790069580078,97.6188945312414,95.67989317287049,96.10781120655645,343946,91.15697021484375,90.26482543945312,86.30534370359183,2.2515324113357877,1.547316339387962
2023-10-20,98.6485366821289,98.95610745108608,96.01417320240614,97.61886275580113,312519,91.74970359802246,90.28876159667969,88.4877439669915,2.4677552141102552,1.7314041143324208
2023-10-23,98.77558898925781,99.95905355016039,98.6218086866131,98.78228174309149,395352,92.36149406433105,90.31523880004883,87.46539070111605,2.6191732041562545,1.908957932297188
2023-10-24,98.20726013183594,99.45758073922846,96.88338045091298,99.45758073922846,239864,92.9010726928711,90.36137405395507,78.70820727811495,2.662620629906158,2.059690471818982
2023-10-25,98.60174560546875,101.62392169361986,98.2072608401924,98.2072608401924,883655,93.49547843933105,90.4085791015625,79.14478288683404,2.6977863074654636,2.1873096389482782
2023-10-26,99.70496368408203,100.32678778801505,98.84912787410114,99.22355476567184,808708,94.14504508972168,90.51248306274414,85.45663181294253,2.782599761311957,2.306367663421014
2023-10-27,99.49769592285156,100.23986718160353,98.95611342096704,99.75845824606886,409038,94.78424835205078,90.6269514465332,81.83541416842141,2.8008043295401137,2.405254996644834
2023-10-30,100.38026428222656,100.79480682330987,99.29040672146942,99.32383987531689,679575,95.4766056060791,90.80360122680663,82.2917256602209,2.8535534834064435,2.4949146939971563
2023-10-31,101.72419738769531,102.94777743389528,100.88841950387292,100.88841950387292,1330493,96.16562004089356,91.00993743896484,84.21632529185692,2.9695703789413272,2.5898458309859906
2023-11-01,101.71084594726562,102.68703923363617,101.63061451635295,101.96492574831464,418499,96.66173782348633,91.2462287902832,83.92284356891048,3.025560477016242,2.676988760192041
2023-11-02,100.69453430175781,102.29922392950886,100.30003934456995,101.95823018926292,489144,97.09901695251465,91.38944778442382,73.86445337850029,2.953874747638224,2.732365957681278
2023-11-03,100.3202896118164,100.97698792786794,99.56472236244322,100.97698792786794,296717,97.55034599304199,91.52839157104492,68.91094754339154,2.834194047102997,2.752731575565622
2023-11-06,101.01934051513672,102.37511398170403,100.32027605057857,100.32027605057857,394928,97.96508560180663,91.6867985534668,78.78516256524927,2.763893353249344,2.754963931102367
2023-11-07,101.10408782958984,102.95416306857243,100.62392270364698,101.69724756274398,664927,98.35363998413087,91.85773254394532,77.19203838691907,2.6840775714314873,2.740786659168191
2023-11-08,101.16059112548828,103.09539906911371,100.30617638623146,101.66900765410908,3814912,98.74435043334961,92.01682510375977,73.55515729604835,2.5954634460739925,2.7117220165493516
2023-11-09,101.16059112548828,101.16059112548828,101.16059112548828,101.16059112548828,0,99.12737159729004,92.31151443481446,68.27995434175287,2.496458493773119,2.668669311994105
2023-11-10,104.52883911132812,104.95958055686658,101.33711578987483,101.67606729683506,3327348,99.5895450592041,92.65698669433594,78.44690871065629,2.659132988775056,2.6667620473502955
2023-11-13,108.94921875,110.13552738912084,104.13339893184887,104.13339893184887,789323,100.22392768859864,93.09634948730469,88.46218987832795,3.108903883513662,2.755190414582969
2023-11-14,107.90414428710938,109.66241872139203,107.33217848100306,109.66241872139203,1183880,100.86389198303223,93.5233689880371,81.82505361233324,3.342491620146504,2.872650655695676
2023-11-15,105.79281616210938,107.90414623638446,105.21378212218356,107.90414623638446,581773,101.35817260742188,93.89478942871094,69.4836109484656,3.318985846908461,2.9619176939382332
2023-11-16,105.84223937988281,105.91991441477622,104.33111569855457,105.22083910073557,754597,101.78638954162598,94.2682682800293,70.51237019313781,3.2666890351408284,3.0228719621787525
2023-11-17,105.84928131103516,106.97909787571996,105.22082367529568,106.08937460397294,677037,102.14642677307128,94.61795104980469,68.74281294759746,3.189050273589828,3.0561076244609677
2023-11-20,105.84928131103516,105.99051646266773,104.61354915735522,105.21376622760576,317411,102.50011138916015,94.98635543823242,65.57140232273761,3.0918797307952843,3.0632620457278312
2023-11-21,105.75750732421875,106.12468860453622,105.28439966421932,105.28439966421932,441722,102.8776237487793,95.39451263427735,65.18546512293722,2.9731928652039983,3.0452482096230646
2023-11-22,106.97205352783203,107.6146261376408,105.37618662668012,105.91285440925395,1222354,103.29613914489747,95.84996124267577,73.21162286455169,2.9432089170637,3.024840351111192
2023-11-23,108.53260040283203,109.80364149469422,106.02582701119033,106.02582701119033,650575,103.73752098083496,96.32699279785156,77.91657632629179,3.0106644472436415,3.022005170337682
2023-11-24,111.07469177246094,112.27511537943312,108.03831857266206,110.14965952693963,788577,104.31637077331543,96.86757019042969,80.37557646700915,3.231992570776754,3.0640026504254965
2023-11-27,115.73515319824219,117.21803628035582,110.86989899084797,111.56897429094109,937512,105.08411521911621,97.4818328857422,84.62577634873156,3.740340672230815,3.1992702547865606
2023-11-28,121.85733032226562,123.57322768336984,116.8649667519869,117.21097566840328,1806815,106.09077186584473,98.2307080078125,88.05514086682399,4.584372936286641,3.4762907910865772
2023-11-29,122.78233337402344,124.27933095810589,118.7079454728481,123.21307466799234,1940586,107.14434623718262,98.99420501708984,88.44809177600295,5.267197626655374,3.834472158200337
2023-11-30,118.4537582397461,124.63241925076117,117.28864361613229,124.63241925076117,1823395,108.03230743408203,99.63462371826172,73.94373199956866,5.396849750829219,4.146947676726113
2023-12-01,119.58360290527344,119.9013605340171,117.60642876292182,118.45378603114901,523438,108.99547309875489,100.2904183959961,70.61895167851553,5.527056547921106,4.4229694509651125
2023-12-04,119.15283203125,120.07786411599052,118.63734741821646,120.04255532712487,333724,109.90214767456055,100.94267944335938,72.34224525026428,5.531720532353944,4.644719667242879
2023-12-05,119.73895263671875,120.39565101584279,118.70093648445695,119.99315011916762,831451,110.83389091491699,101.58914474487305,79.48645649172161,5.519091160680858,4.819593965930475
2023-12-06,120.72046661376953,121.10177357978621,119.68950799868084,121.10177357978621,481154,111.81188468933105,102.26928146362305,80.2643295959943,5.524598139326429,4.960594800609666
2023-12-07,124.54063415527344,126.0447004148605,120.72046402897439,121.31361297440299,1355456,112.98088684082032,103.02582153320313,82.91473705565207,5.770697050244763,5.122615250536685
2023-12-08,133.8827667236328,133.8827667236328,124.64654954262865,124.98549022801748,2588728,114.44858322143554,103.96920425415038,87.14448988768316,6.642988002426023,5.426689800914553
2023-12-11,135.27383422851562,143.92395901811685,132.12447793158415,134.9490084751274,2213202,115.76481399536132,104.9440185546875,87.80749660210171,7.361671620593739,5.813686164850391
2023-12-12,131.47486877441406,136.63669785844263,129.99905379691734,136.63669785844263,624853,116.94335021972657,105.81463775634765,79.43674437132078,7.537797762470959,6.158508484374504
2023-12-13,129.42709350585938,133.4591170747679,128.51618681273948,131.34071839104143,829624,118.12506408691407,106.56740982055663,74.81138357366953,7.426532208188391,6.412113229137282
2023-12-14,130.93820190429688,132.03977813966304,127.20982152611919,127.89477121441429,562452,119.37986221313477,107.34719482421875,74.17915953425342,7.375269754900046,6.604744534289836
2023-12-15,133.3390655517578,134.15818223259473,129.29292739300695,132.00447491433047,732140,120.7543514251709,108.18810195922852,72.67605296064903,7.442580092378705,6.77231164590761
2023-12-18,130.83932495117188,134.09459717168218,130.2814848517664,134.09459717168218,144423,122.00385360717773,108.95039749145508,62.76081737700042,7.211090877622894,6.860067492250668
2023-12-19,122.37281036376953,130.01316128035245,121.02409419630582,127.81708794959725,881801,122.83461875915528,109.53119369506835,49.520859402044096,6.272155532849098,6.742485100370354
2023-12-20,121.97032165527344,123.53793741201423,117.92418352490668,120.0496394807934,1926350,123.58453216552735,110.10367248535157,54.53059428719487,5.4329375106779025,6.4805755824318645
2023-12-21,120.17675018310547,123.14956341603389,118.59500873707992,120.75577351106622,1120340,124.16673965454102,110.63720413208007,50.75133669219346,4.570439768910134,6.098548419727519
2023-12-22,118.46788787841797,121.41951743695847,117.92416267431258,121.41951743695847,547691,124.53639945983886,111.1008544921875,49.159596135847806,3.706289391152225,5.62009661401246
2023-12-25,118.46788787841797,118.46788787841797,118.46788787841797,118.46788787841797,0,124.67303619384765,111.54498092651367,48.41768707508837,2.9870115807589457,5.093479607361757
2023-12-26,118.74329376220703,119.83073352900514,114.39351314555175,117.91711968245691,939531,124.51733436584473,112.01774963378907,47.49462772669215,2.4114045168413156,4.557064589257669
2023-12-27,120.34618377685547,121.10175089307299,116.58250619004535,118.63028658913272,689702,124.39552688598633,112.50652923583985,44.36856306605019,2.06081579822434,4.057814831051003
2023-12-28,123.0154037475586,124.18757604410244,120.74871264647092,120.92524585209442,733636,124.62360916137695,113.021279296875,32.22455749423898,1.9755821753386584,3.6413682999085344
2023-12-29,121.84320831298828,124.25818102790528,120.78400918672305,124.25818102790528,308816,124.7365894317627,113.48517272949219,27.873472561345793,1.7927814711708692,3.2716509341610016
2024-01-01,126.44717407226562,127.10387224030407,120.92521178417817,120.92521178417817,317535,125.10130653381347,114.03860443115235,41.931056134253595,1.9963989119940635,3.016600529727614
2024-01-02,125.80460357666016,128.11364973241365,125.55039537537088,127.06151891227657,293301,125.40458908081055,114.59055130004883,43.91165828442087,2.081918076385662,2.829664039059224
2024-01-03,124.97844696044922,127.10390278930034,124.35704665445417,125.69163720275256,445499,125.61748809814453,115.11808532714844,39.74734449217556,2.0592904770929152,2.6755893266659623
2024-01-04,124.76660919189453,126.08001666284284,123.7709593337319,126.08001666284284,73947,125.62878684997558,115.61931823730468,34.05149299597032,2.001195863892292,2.540710634111228
2024-01-05,125.06316375732422,125.550397047512,123.22015696711344,123.67913891526513,334883,125.18780670166015,116.13062759399413,38.294206978145795,1.9565312648788904,2.423874760264761
2024-01-08,123.70033264160156,125.55040781332836,123.5732339157305,125.51509902012054,137216,124.60913162231445,116.59702896118164,53.77812132910939,1.7905251081027131,2.2972048298323515
2024-01-09,123.58735656738281,124.9854963914473,122.51403177353733,124.41353058954503,387254,124.21475601196289,117.03429214477539,54.67918110136091,1.6310461234190115,2.1639730885496835
2024-01-10,123.83450317382812,124.10989452924748,122.88123037802164,123.63678685582094,129254,123.93512649536133,117.47676528930664,61.624747527405255,1.5072261795408792,2.0326237067479225
2024-01-11,123.69328308105469,124.27937460654196,122.86710898601308,123.57324179627751,156553,123.57288055419922,117.93674026489258,68.4447798189301,1.3817744647764698,1.902453858353632
2024-01-12,123.8486328125,126.04470627722694,122.51404223584804,123.71446585497054,342848,123.09835891723633,118.40730712890625,68.78709723477925,1.2801319378851588,1.7779894742599374
2024-01-15,124.42764282226562,125.55039118434372,123.92628388447311,123.92628388447311,149221,122.77777481079102,118.87547317504882,69.43510155275469,1.2320979140298363,1.6688111622139172
2024-01-16,123.57325744628906,125.19736527052974,122.52111554684251,125.16205647059849,156158,122.83779716491699,119.32485656738281,61.62874262033047,1.112267319318505,1.557502393634835
2024-01-17,124.25112915039062,124.98550250331368,122.88122982837471,122.88122982837471,199819,122.95183753967285,119.78666732788086,55.19908273195396,1.0597827748511435,1.4579584698780967
2024-01-18,124.49826049804688,125.51509335806911,122.23863790618103,124.83720119314414,258712,123.16791305541992,120.25342071533203,62.113561572215346,1.02629929025413,1.3716266339533034
2024-01-19,125.3597412109375,126.24240711298867,124.35703403917499,125.59982375036016,160238,123.5125057220459,120.67003875732422,42.46567232345616,1.0570921806693434,1.3087197432965114
2024-01-22,125.78343963623047,126.2565473212348,124.42059772368924,125.62102133374681,317787,123.87828330993652,121.00672317504883,49.84877823278776,1.1029703346571154,1.2675698615686322
2024-01-23,125.8187484741211,127.1039154578442,125.12674128466458,126.5248813377758,1285313,124.23205604553223,121.36501525878906,56.769198242737275,1.129161954226774,1.2398882801002606
2024-01-24,125.85405731201172,126.73672339185894,124.98551690636714,125.91761745855736,173479,124.50744972229003,121.7662400817871,59.01657388663968,1.1396311708241598,1.2198368582450405
2024-01-25,125.53628540039062,127.11802671448176,125.4797934847376,126.39071080938724,387122,124.63349380493165,122.16012100219727,53.90913297217154,1.1094969724070438,1.1977688810774412
2024-01-26,125.60690307617188,126.39071089746562,124.4347200686999,126.32715075810468,1499028,124.82167854309083,122.5552734375,70.03004129475735,1.0788770364171256,1.173990512145378
2024-01-29,124.04634857177734,126.31303961689916,123.29079207322442,126.31303961689916,381346,124.7016372680664,122.91921478271485,53.69745988236668,0.9181034846623106,1.1228131066487645
2024-01-30,125.83991241455078,127.07564463176038,124.27935441650783,125.51508663371742,759027,124.70340270996094,123.32086288452149,62.93266236124054,0.9247549004071374,1.0832014654004392
2024-01-31,126.43306732177734,127.10389125959021,125.02080186333745,125.02080186333745,287765,124.77613372802735,123.71008316040039,66.69539821083374,0.9667448067619517,1.0599101336727417
2024-02-01,127.26628112792969,127.81000627097892,125.34559950873003,127.802948823568,176938,124.9011173248291,124.08475677490235,69.23686059354714,1.0550930449180669,1.058946715921807
2024-02-02,129.95669555664062,130.42274586153096,127.2663309029976,127.2663309029976,195987,125.14579391479492,124.46239685058593,75.14468435910032,1.3269078520894766,1.1125389431553407
2024-02-06,131.1712188720703,133.46615036399896,129.22229631475096,129.92842908149825,1607305,125.51933822631835,124.7711181640625,83.45759377318124,1.6216317648980407,1.2143575075038808
2024-02-07,131.06532287597656,131.94093151664842,130.64870706720012,131.376023063787,305260,125.89323654174805,124.95527801513671,81.59798825728684,1.8256131354739438,1.3366086330978935
2024-02-08,131.06532287597656,131.06532287597656,131.06532287597656,131.06532287597656,0,126.25477752685546,125.12093780517579,81.16633234606167,1.9646228915037938,1.4622114847790737
2024-02-09,129.75894165039062,134.16521359689676,127.17450414568728,131.31244221708602,156627,126.55806045532226,125.34704147338867,70.03204504649727,1.9469320568194348,1.559155599187146
2024-02-12,128.6150360107422,130.63457637927047,127.8171024476464,127.84535379530814,352317,126.79638061523437,125.52767013549804,62.10020324421322,1.8196327244102122,1.6112510242317595
2024-02-13,130.38742065429688,131.2347886564653,125.7693167611913,129.92843863206542,191116,127.09436950683593,125.75236190795898,66.99946914361794,1.8405470341234746,1.6571102262101025
2024-02-14,131.383056640625,131.6937567719796,128.55146821574442,130.28149128380824,66268,127.48485946655273,125.98524398803711,69.20055723443005,1.9153819476614729,1.7087645705003767
2024-02-15,131.0087890625,132.66113686961884,129.99902454972596,131.41128984293437,451644,127.8227424621582,126.19101043701171,68.9300858975753,1.9223294725754556,1.7514775509153926
2024-02-16,131.62313842773438,132.18804677468745,130.63455690161436,130.91700568772563,918448,128.1789863586426,126.33266052246094,70.05646412493323,1.9548737280957056,1.7921567863514554
2024-02-19,131.5030975341797,132.7529555045245,129.22229179429777,129.299966826912,699953,128.48615417480468,126.28506713867188,77.49998733848835,1.9485176891673461,1.8234289669146335
2024-02-20,130.0908203125,132.57641035715903,129.9284128134075,132.0609365188997,215374,128.70152320861817,126.18140686035156,66.13070860761883,1.8086722656089478,1.8204776266534966
2024-02-21,132.39988708496094,132.75295345052083,130.28854634000982,131.65844556233907,323214,129.03058013916015,126.1999072265625,70.03316135331929,1.8626941718423211,1.8289209356912615
2024-02-22,132.49876403808594,133.28257191184153,130.63457379438773,133.03542111098642,916771,129.36281547546386,126.26134063720703,68.47886534606513,1.891679363336067,1.8414726212202228
2024-02-23,135.42921447753906,135.93057354161368,132.04684286899615,132.73885004464663,277694,129.8574619293213,126.35116088867187,69.0043673583152,2.1265990855928294,1.8984979140947442
2024-02-26,136.62255859375,138.40201610343294,134.87135242732498,134.87135242732498,176305,130.4082447052002,126.41683074951172,68.95870635096684,2.3816137936616144,1.9951210900081184
2024-02-27,136.35423278808594,137.90065439690468,135.23147357246378,136.9897479273413,440567,131.0236389160156,126.52712890625,68.18831545010327,2.532865836355853,2.1026700392776654
2024-02-28,138.83982849121094,140.16736161080416,134.2711483868047,134.2711483868047,1383363,131.67363471984862,126.85646926879883,72.83274657986061,2.820784719783177,2.2462929753787675
2024-02-29,139.8142852783203,141.22655078618214,138.38083664981903,139.8001596063171,868142,132.3426956176758,127.21334854125976,80.11848360726916,3.0919509422972737,2.415424568762469
2024-03-01,141.4313507080078,141.93270979692912,140.17443503546636,140.52044402780544,195687,133.0509490966797,127.63844055175781,87.33022222222222,3.3981638752130436,2.611972430052584
2024-03-04,141.63609313964844,142.9848091338354,140.16733588376786,141.22653489548398,3220381,133.6349189758301,128.1018046569824,86.0569149035033,3.6156815080817637,2.8127142456584204
2024-03-05,142.10215759277344,143.34494734603308,141.22654910939218,142.28574822771262,144888,134.18146591186525,128.57449005126952,85.56690904930045,3.78207588897655,3.0065865743220463
2024-03-06,144.02987670898438,145.11025879570397,141.94678755761717,141.94678755761717,559949,134.82969360351564,129.08022171020508,89.16734902199815,4.023119440099265,3.2098931474774903
2024-03-07,142.3563690185547,145.30094134084055,141.9326850517913,143.4861749720389,4087394,135.39424591064454,129.52042541503906,80.35152578969034,4.032624521199892,3.374439422221971
2024-03-08,141.8055877685547,144.67248508524375,141.22655372640557,144.67248508524375,174300,135.99657821655273,129.89622909545898,78.4406313026219,3.9501787212508077,3.4895872820277383
2024-03-11,140.24502563476562,142.61763210112412,138.4020187298735,142.61763210112412,515982,136.5780776977539,130.26426544189454,77.80365397535272,3.7160788647918537,3.5348855985805616
2024-03-12,140.3297576904297,141.2124236235258,139.49652622145766,141.2124236235258,1048818,137.07519454956054,130.5419171142578,74.7248679765926,3.4970780715531475,3.527324093175079
2024-03-13,140.24502563476562,141.36777411913894,139.46827530138938,140.5204169757389,215985,137.51829299926757,130.83072555541992,74.17370857590738,3.2788842596287964,3.4776361264658227
2024-03-14,139.74208068847656,141.93884227381469,139.05421154870618,139.7864691725403,344691,137.9549575805664,131.12599822998047,65.86245445790598,3.0304475251165286,3.388198406195964
2024-03-15,139.72727966308594,140.533495428179,137.5822879611686,140.1562780034694,217322,138.36016464233398,131.4252116394043,62.502872690940244,2.8000876367909484,3.270576252314961
2024-03-18,138.10003662109375,140.1636548586423,137.50091072681025,139.7938299117857,59655,138.69001159667968,131.68594909667968,56.336879884354005,2.4578878504305806,3.108038571938085
2024-03-19,142.36041259765625,143.12225106737,138.3145268713085,139.79382662394278,791088,139.3034912109375,132.05915069580078,61.320403859608845,2.501631539014454,2.9867571653533593
2024-03-20,143.1592559814453,144.231746195926,142.01279625445022,142.02018869123646,139079,139.84145965576172,132.45058868408202,60.87857969466771,2.571120436309627,2.903629819544613
2024-03-21,144.63113403320312,145.71102783484457,139.05417884746586,143.93587261934155,313177,140.44807815551758,132.86652130126953,60.50560947774795,2.7136775601277066,2.865639367661232
2024-03-22,144.128173828125,144.97137422677304,142.7524246212612,144.78646175964707,309789,140.88302612304688,133.27521911621093,58.02491580572472,2.7543203323991463,2.843375560608815
2024-03-26,143.3663330078125,144.80125553488878,143.151828229225,144.80125553488878,41927,141.22021484375,133.6655731201172,53.99475973773615,2.694001067659258,2.8135006620189036
2024-03-27,145.80718994140625,147.04240393313705,143.0556913813988,143.0556913813988,414428,141.692862701416,134.0931640625,55.43984681487016,2.8107537516094396,2.812951279937011
2024-03-28,147.9595489501953,148.15186513163755,145.71101840368377,145.71101840368377,602903,142.14884872436522,134.5808898925781,66.66134292574651,3.041893424902753,2.8587397089301594
2024-03-29,150.3412322998047,150.84420009287675,147.863411944593,148.6622351786522,239673,142.67519607543946,135.1026919555664,72.88890416474355,3.378312143549806,2.962654195854089
2024-04-01,150.8590087890625,151.62823977125882,150.14893987105143,150.14893987105143,157131,143.14657897949218,135.62990692138672,80.14817550137306,3.6446928864357346,3.099061933970418
2024-04-02,152.21995544433594,152.67114234594828,150.8885833341551,150.8885833341551,64276,143.67577209472657,136.1671112060547,81.49013554034285,3.9204263311523846,3.2633348134068116
2024-04-03,151.68002319335938,152.68593630741847,150.89598475290776,151.70960422594115,99896,144.15466537475587,136.68504287719728,79.57157355919256,4.048708066038785,3.4204094639332063
2024-04-04,153.18890380859375,153.69926408725135,148.66964209737142,148.66964209737142,142213,144.61261672973632,137.23244598388672,83.05450677293108,4.2234411203298805,3.5810157952125414
2024-04-08,159.9123077392578,160.87385487621006,151.6356234688062,151.6356234688062,332836,145.49041366577148,137.91361099243164,87.31199391656259,4.848549768498884,3.83452258986981
2024-04-09,158.2998809814453,164.20228425536405,154.96405257815871,160.43006510260025,747931,146.31512832641602,138.56888290405274,87.35984593424097,5.1544264920137834,4.098503370298605
2024-04-15,153.26284790039062,157.90784798021352,151.29537662259992,153.92113580477493,370465,146.96601943969728,139.1220018005371,69.60106660229012,4.93351898981723,4.26550649420233
2024-04-16,153.7140350341797,155.2524967682372,152.5157946198191,153.14450149774365,307624,147.63523330688477,139.71535552978514,69.21624645937996,4.740213008856472,4.360447797133158
2024-04-17,153.37380981445312,155.68891770508662,151.6356279658685,153.69925758918066,305944,148.29167251586915,140.2660334777832,66.60116523397977,4.507602459135711,4.3898787295336685
2024-04-18,155.9552001953125,156.43596815982556,153.16671665711343,153.16671665711343,571132,149.10232849121093,140.8564761352539,70.8149423645209,4.4799119168403365,4.407885366995003
2024-04-19,157.13124084472656,158.1963386033279,153.1223393766642,158.1963386033279,275873,149.97252655029297,141.45377532958983,73.87739350424745,4.500979128763419,4.426504119348686
2024-04-22,157.02027893066406,158.75846078347254,156.06613548531453,157.47146584014868,569952,150.91853866577148,141.99504699707032,71.16136534189701,4.457339907025641,4.4326712768840775
2024-04-23,157.85609436035156,158.43302043083244,156.06614279730024,156.07353523394028,468625,151.69332275390624,142.52874450683595,69.6533914812072,4.439028472339743,4.433942715975211
2024-04-24,157.93743896484375,160.49663253161827,157.39749770917987,157.85607702608658,1047692,152.43223190307617,143.06618682861327,66.60201388522975,4.380583715923251,4.423270915964819
2024-04-25,158.3368682861328,160.50403719588985,157.47887164589977,159.0247373139001,459644,153.11751861572264,143.6116177368164,66.42834395438257,4.316735790333098,4.401963890838475
2024-04-26,157.61941528320312,161.23630323466196,157.40491046871,160.48185709478918,453335,153.79208068847657,144.16882720947265,62.207397318684144,4.160286198365441,4.353628352343868
2024-04-29,156.1475067138672,159.02474466591087,155.21555180814607,159.02474466591087,547277,154.4311393737793,144.71947662353514,59.69190454973084,3.8728838549865827,4.257479452872412
2024-04-30,153.93594360351562,158.65491388447194,153.48475668367973,158.24810415574078,788529,154.83757705688475,145.19044708251954,51.57270323265394,3.427154661428233,4.091414494583576
2024-05-02,154.00990295410156,155.2303207736321,151.88711135442097,151.88711135442097,695094,155.14009475708008,145.64298400878906,32.742251814468275,3.044780629924418,3.8820877216517444
2024-05-03,157.08668518066406,157.70513906561692,150.74755940095736,154.61288143687935,790334,155.47736740112305,146.16454193115234,46.73258912353433,2.9559427984728472,3.6968587370159653
2024-05-06,159.16624450683594,159.44454819006336,154.69793277881604,157.31089448267178,510166,155.89272918701172,146.71540405273439,68.91190494114059,3.018545323514843,3.561196054315741
2024-05-07,158.8802032470703,159.90064214975718,158.59416138974947,159.32858202716938,1130463,156.22574157714843,147.26294616699218,66.7271387042779,3.0103754027713876,3.4510319240068705
2024-05-08,157.21812438964844,159.01936609933026,156.66925519763345,158.71014501616926,1140064,156.50264663696288,147.80549224853516,61.465758050437486,2.837080708117952,3.328241680829087
2024-05-09,157.71287536621094,158.3236028920103,156.93208451249697,157.19492359639742,299968,156.72884521484374,148.31175201416016,55.987574811548185,2.708444421740694,3.2042822290114086
2024-05-10,157.09442138671875,159.05027336846877,156.93207267301221,159.05027336846877,432199,156.58795089721679,148.8036651611328,49.869620424152366,2.5274601828048446,3.068917819770096
2024-05-13,157.6974334716797,158.42410420163353,156.9475599541048,157.68196887860842,417144,156.5578285217285,149.24902954101563,52.31709380110314,2.404963977506611,2.936127051317399
2024-05-14,161.42361450195312,162.32037225379713,157.32636983220948,157.6974493270598,413194,156.96586685180665,149.7450506591797,60.19144846104555,2.57882938058529,2.8646675171709775
2024-05-15,164.11386108398438,164.74005325126677,160.797419497109,161.50091103845565,417165,157.48585815429686,150.30024322509766,65.35550999907437,2.9002669094205658,2.871787395620895
2024-05-16,167.88641357421875,168.14152627098085,163.88967158366867,164.6627360722709,257407,158.21148834228515,150.8811749267578,70.33155456853204,3.4199983126074187,2.9814295790182
2024-05-17,167.27569580078125,167.9096025398543,164.97195515939447,167.75499200320436,165726,158.7775131225586,151.43040313720704,70.65266485998194,3.739502714230497,3.133044206060659
2024-05-20,163.8741912841797,167.27568178562396,161.2612415844463,166.98191353338294,500372,159.11466064453126,151.87925994873046,65.26566040375124,3.6758661704258486,3.2416085989336976
2024-05-21,164.65501403808594,166.20886945479077,160.22534590784812,164.64727584353693,261924,159.49639739990235,152.3396383666992,72.4467513345318,3.6464061216549055,3.3225681034779395
2024-05-22,161.77919006347656,166.12380821064087,160.7973949739692,165.4357813674491,189820,159.6925521850586,152.73317901611327,64.56093671714318,3.352359941632983,3.3285264711089484
2024-05-23,158.8029022216797,163.03929221998885,158.09168432386338,161.9647330771103,864106,159.7358253479004,153.0286395263672,53.228638124074955,2.8463536771234033,3.2320919123118395
2024-05-24,162.83058166503906,164.27620852533292,158.88022154348286,160.72010705766735,1565614,159.96051101684571,153.4381237792969,56.42276770670076,2.738769309503539,3.1334273917501796
2024-05-27,159.7924346923828,164.64727895762155,158.55553853205825,163.85102344187888,366234,160.06916198730468,153.79786071777343,51.45825162011697,2.380909213868648,2.9829237561738733
2024-05-28,159.7924346923828,159.7924346923828,159.7924346923828,159.7924346923828,0,160.25140838623048,154.18880889892577,54.34612138742024,2.0734016265322737,2.8010193302455537
2024-05-29,158.1148681640625,161.57046713694146,156.24405364431593,159.88519232841952,326987,160.46035461425782,154.54451110839844,50.65260698469067,1.6750253991345403,2.575820544023351
2024-05-30,156.40640258789062,160.3335595481491,155.81886606619318,158.20763234596473,657317,160.58017959594727,154.86773864746092,48.92122889470103,1.2075308114885956,2.3021625975164
2024-05-31,160.89791870117188,161.64779221237754,155.58695754700065,156.93209402809734,671117,160.77074127197267,155.29085540771484,54.472761081837234,1.1857966699594726,2.0788894120050148
2024-06-03,159.36724853515625,163.88968076525032,158.86476130782518,160.91337759897937,163638,160.78079147338866,155.68365478515625,46.938291462766315,1.0331504014444306,1.869741609892898
2024-06-04,157.8983917236328,160.6195815081219,156.7774507878599,159.36720925381445,361996,160.7317008972168,156.07962188720703,40.39655127700356,0.7846081901336959,1.6527149259410576
2024-06-05,157.19491577148438,159.24354355479886,155.77248007480063,158.47820553515697,151942,160.73054046630858,156.3763119506836,31.74985023311541,0.5248222427515259,1.4271363893031515
2024-06-06,155.9889373779297,157.70514133020524,155.69516912425266,156.24405005148705,301423,160.64434356689452,156.63290557861328,31.117482810961164,0.21910195921697095,1.1855295032859154
2024-06-07,154.17996215820312,156.9243430721691,149.2014256531885,156.9243430721691,699289,160.49862060546874,156.82388214111327,32.868915538159285,-0.167225083407601,0.9149785859472122
2024-06-10,154.14906311035156,156.15903561389234,153.4533097492952,154.17999229743728,167872,160.32120208740236,157.0242999267578,30.929021807654337,-0.4704621481596405,0.6378904391258416
2024-06-11,152.1468048095703,154.03308385937817,151.5206245241562,154.03308385937817,200580,159.85736160278321,157.19990936279297,31.94206062603267,-0.8624039619375594,0.3378315589131614
2024-06-12,152.9276123046875,155.3086403857102,150.7862205152971,153.0281026600119,356711,159.29804916381835,157.3423178100586,37.99750999524318,-1.0973662783987663,0.05079199145077584
2024-06-13,165.92282104492188,165.92282104492188,154.61288475068093,154.61288475068093,1630443,159.19986953735352,157.70158325195314,54.62317305810215,-0.23229313648047878,-0.005825034135475082
2024-06-14,173.367431640625,177.03176142944633,166.20885898397802,166.9741970463346,819530,159.50445632934571,158.16210723876952,67.93296165960692,1.0419900066908667,0.2037379740297933
2024-06-20,188.10203552246094,188.10203552246094,173.3674181456964,173.47564668988548,1830228,160.71584854125976,158.9069677734375,76.91850993779124,3.203895456938028,0.8037694706114403
2024-06-21,189.65591430664062,197.36336827899626,189.01426935914145,189.40080160731964,1769890,161.9658935546875,159.6556869506836,80.06187842347018,4.98514053655984,1.6400436838011203
2024-06-24,190.57586669921875,195.0055230477221,184.07439132572858,189.40080533871918,416046,163.4057273864746,160.43360382080078,83.06400744635236,6.3972787181608055,2.5914906906730577
2024-06-25,186.2235107421875,192.95690786516525,185.53548379495567,185.69009433891244,74166,164.7767578125,161.09429595947265,74.57243142025017,7.08355483859026,3.4899035202564983
2024-06-26,185.61279296875,189.3930779385755,184.62327134283444,186.22350873942122,573110,165.91586837768554,161.6083056640625,75.9278866764789,7.491793061118756,4.29028142842895
2024-06-27,183.17764282226562,190.15841476733067,179.52105080247654,187.83149471765196,141738,167.0851287841797,162.1058609008789,74.50543195771466,7.5320042715156035,4.938625997046281
2024-06-28,175.50108337402344,183.13122522656172,173.5529577833232,182.09532176170765,1459298,167.8705612182617,162.55062561035157,65.63241332815255,6.865298861892512,5.323960570015528
2024-07-01,177.37191772460938,180.43324648631756,176.0654368546571,176.25097657804434,512174,168.83341369628906,163.02378326416016,68.05482225078997,6.413954641728623,5.541959384358147
2024-07-02,177.8589324951172,179.24271258339422,177.41828012421914,178.5624121354225,504332,169.9060401916504,163.51348571777345,70.44997927097617,6.026094056150981,5.638786318716714
2024-07-03,178.91030883789062,181.67015472279414,178.2145555169379,179.24273270174345,364787,170.80665969848633,163.972587890625,71.01426416218281,5.737411720935029,5.6585113991603775
2024-07-04,177.9748992919922,180.12401752739217,177.61155805544357,178.57788862157764,339610,171.73704223632814,164.38946105957032,72.32391791637278,5.371232927905709,5.601055704909443
2024-07-05,176.38238525390625,179.73748208851194,175.14547743295077,179.14221916752473,719151,172.6612419128418,164.77670318603515,69.99207148977436,4.8960919226034605,5.460062948448247
2024-07-08,174.61981201171875,177.4183017105948,173.93951148097528,176.6452372151238,379690,173.53248672485353,165.1119775390625,59.1687117867121,4.3274303985869835,5.233536438475994
2024-07-09,173.21282958984375,177.03177009854812,172.41657410033167,176.2587056003012,456510,174.39368133544923,165.4174853515625,49.81323708862206,3.720344505392177,4.930898051859231
2024-07-10,170.8936309814453,175.3310253151725,170.53028973445927,175.3310253151725,273743,175.22936477661133,165.66862060546876,20.304243462178107,3.0173030248072905,4.548179046448843
2024-07-11,169.30885314941406,172.30834720630565,168.6285644056867,170.83952936386413,656831,175.98735427856445,165.90240936279298,14.925411607876057,2.30568080669633,4.099679398498341
2024-07-12,170.42979431152344,171.60484378565366,167.75498611682795,170.8395175274814,773155,176.9015037536621,166.1880551147461,15.510866629294313,1.811286274877972,3.6420007737742677
2024-07-15,177.35646057128906,178.50059275676514,170.84725873544397,173.1664522929387,2053735,178.1229461669922,166.65646545410155,36.04963747988867,1.955853266114076,3.3047712722422293
2024-07-16,177.35646057128906,177.35646057128906,177.35646057128906,177.35646057128906,0,178.69462814331055,167.1233966064453,36.755962652434924,2.046829076727988,3.053182833139381
2024-07-17,177.35646057128906,177.35646057128906,177.35646057128906,177.35646057128906,0,178.89407958984376,167.5287921142578,39.87086647121578,2.0947807337419704,2.861502413259899
2024-07-18,180.15493774414062,180.87389383056805,177.03176249560568,177.80482696065198,527004,178.49672470092773,167.94856597900392,59.75374118071452,2.331717894949179,2.7555455095977552
2024-07-19,177.13226318359375,180.15493625190686,176.25869657059837,180.15493625190686,428591,177.87054214477538,168.31360717773438,49.520855857724754,2.2496551030884007,2.6543674282958847
2024-07-22,174.00909423828125,178.42329794586414,173.56071539017435,175.4856503386978,343597,177.0422035217285,168.64942657470704,43.03694761959169,1.9105821155020521,2.5056103657371183
2024-07-23,175.39288330078125,176.25098539583252,173.94724461695665,173.94724461695665,299486,176.50067214965821,169.00302673339843,43.71375807739464,1.7335413568175397,2.3511965639532026
2024-07-24,176.529296875,178.56244864512493,175.48565500129433,176.2509931617471,257161,176.0464973449707,169.39172424316405,47.43489008683127,1.6657328269389495,2.2141038165503524
2024-07-25,173.52978515625,178.42328474108572,172.84948463760404,177.10133928708558,93940,175.56410446166993,169.70837127685547,45.17900411265392,1.3543464874820472,2.0421523507366914
2024-07-26,173.74624633789062,175.4856414625191,173.2437591314092,175.09138281417347,91587,175.4763626098633,169.95482391357422,48.44223451866815,1.1122162418563164,1.8561651289606165
2024-07-29,175.7252960205078,176.64524469644468,171.6203252630666,171.6203252630666,298252,175.3940315246582,170.18705261230468,54.39071517216259,1.0677111381491216,1.6984743307983177
2024-07-30,176.47515869140625,177.79710414351237,174.34150497147527,177.40283370894022,133032,175.32484283447266,170.35882751464842,60.32018760745757,1.080492923656493,1.5748780493699528
2024-07-31,176.2123260498047,178.34597984784423,174.71257901514204,177.02404614337274,260236,175.18994369506837,170.5375601196289,63.42051619149774,1.0572271269472253,1.4713478648854075
2024-08-01,175.4469757080078,177.80482465503002,174.3260346074316,177.79709825704967,201670,175.06354751586915,170.76901580810548,59.89025863396604,0.9658971777359682,1.3702577274555197
2024-08-02,174.30287170410156,176.86943997440895,173.90087481982593,176.86943997440895,130111,174.9595718383789,170.96197296142577,42.2029508160953,0.7920674431108523,1.2546196705865862
2024-08-05,171.62033081054688,176.25871812975083,171.04053239564638,176.25871812975083,407463,174.80959777832032,171.15879577636719,37.11806314675599,0.4328577798234221,1.0902672924339534
2024-08-06,171.17193603515625,173.16644381244797,170.84725036853123,173.05048885866327,413004,174.70755310058593,171.4061764526367,36.38527505970796,0.11072347146370021,0.8943585282399028
2024-08-07,170.9786834716797,173.2901507006289,170.73130895198213,172.7721988726093,335041,174.71180572509766,171.56913848876954,27.18190503726403,-0.15833892301526475,0.6838190379888693
2024-08-08,172.2465057373047,174.6893924788311,171.24151949087636,171.59713436430002,801534,174.8586883544922,171.81821990966796,36.68916228020217,-0.2662015422521904,0.4938149219406574
2024-08-09,174.90586853027344,176.2510052022262,172.39340854033583,173.9240731697787,214356,175.08249206542968,172.12048858642578,52.5065317134627,-0.13553275569384482,0.36794538641375696
2024-08-12,176.088623046875,177.78163611405907,174.7125692416627,177.03176263867593,237849,175.01910018920898,172.47996368408204,51.96673171253523,0.06273839470833309,0.3069039880726722
2024-08-13,176.14273071289062,177.02402366933003,174.75121241429505,177.0162854757652,79688,174.95841369628906,172.87469024658202,48.83602327402109,0.22168035319896262,0.2898592610979303
2024-08-15,178.7711639404297,180.89709129539696,175.57840381078623,177.02404243346302,777507,175.0291488647461,173.23215515136718,66.142886817121,0.5533568419260746,0.34255877726355916
2024-08-16,175.23997497558594,179.77661937628073,174.14603174480885,179.77661937628073,1233576,174.78340072631835,173.5496096801758,53.82046212554648,0.5252209901215963,0.3790912198351666
2024-08-19,173.55079650878906,176.156958672061,171.3307406262511,174.54821932345772,171191,174.6043273925781,173.86265777587892,44.35464319386453,0.36244252779383146,0.3757614814268996
2024-08-20,172.06271362304688,174.5482128791853,171.33073430076712,172.28793614163962,85950,174.50700836181642,174.16001373291016,38.967456411430305,0.11207167864259304,0.32302352087003827
2024-08-21,171.56399536132812,173.3818786055087,171.33073356582437,172.9394728481326,364263,174.31556396484376,174.4715148925781,38.51316242951594,-0.12514878164029142,0.23338906036797233
2024-08-22,173.56689453125,173.74385684882597,170.9285628721089,170.9285628721089,228906,174.16744384765624,174.85925354003905,45.62178019817882,-0.14980363831668342,0.1567505206310412
2024-08-23,173.7840576171875,174.85387067700773,172.93946706746559,173.58296521362067,285812,174.18015747070314,175.25195343017577,48.737303777207515,-0.15008940648328917,0.09538253520817513
2024-08-26,172.50514221191406,174.1380118246612,172.1351267259966,173.84038667064877,279960,174.11810226440429,175.65912017822265,52.311386449209444,-0.25062462006604846,0.026181104153330415
2024-08-27,171.73292541503906,172.93144064794558,171.3307405780015,172.53729508911417,79547,173.91848373413086,176.03522644042968,51.441087677240255,-0.3881367441899499,-0.05668246551532566
2024-08-28,170.56658935546875,173.34166223582525,169.76221969312155,173.1325305421495,197759,173.623055267334,176.12810180664061,48.991802868659995,-0.5844920058004277,-0.16224437357234606
2024-08-29,171.29052734375,172.13511799425777,168.9176391532436,172.13511799425777,257775,173.37696533203126,176.0865637207031,47.59723469714135,-0.6739206817201193,-0.26457963520190075
2024-08-30,172.3764190673828,173.100346845494,169.73003603612474,169.73003603612474,279037,173.2234375,175.77205139160156,43.096414483328445,-0.6496820346811205,-0.3416001150977447
2024-09-02,172.352294921875,173.74385103286124,171.41922314656432,172.39251586065183,72778,173.12590866088868,175.42597900390626,39.11402039342886,-0.6252122910907474,-0.3983225502963452
2024-09-03,170.6470184326172,172.8590349972685,170.4459260176489,171.97423573563216,157357,173.07724304199218,175.02740203857422,35.39334910660912,-0.7349493653001673,-0.4656479132971097
2024-09-04,172.8992462158203,173.32556112969212,170.92854311465146,172.0868373235508,127736,173.1636085510254,174.76091674804687,34.07499553065968,-0.6328853197637159,-0.49909539459043095
2024-09-05,174.6045379638672,176.92111437090745,171.01704367485934,171.60423012357117,321410,173.34490127563475,174.5407516479492,48.08721533755293,-0.4096735740460531,-0.4812110304815554
2024-09-06,176.1167449951172,176.92111470258402,173.10035859211663,176.14087510444458,232402,173.53841323852538,174.39953369140625,57.80716676013861,-0.1094920320416577,-0.40686723079357584
2024-09-09,176.02020263671875,176.96131360440654,174.19428019152647,176.1167230620079,198933,173.59412994384766,174.40991607666015,63.15501696125692,0.11923932449457197,-0.3016459197359463
2024-09-10,178.39309692382812,178.74702152752795,175.35258068107123,176.7200066077878,361447,173.7093536376953,174.43033966064453,70.18542272158989,0.48637666292347603,-0.14404140320406184
2024-09-11,174.628662109375,179.12508566643697,174.1460353927989,179.12508566643697,242357,173.63365020751954,174.36573425292968,52.84237683877894,0.46818032848349844,-0.02159705686654978
2024-09-12,174.5884552001953,175.71456793108814,173.14058720782722,175.71456793108814,97561,173.4245147705078,174.27929718017577,52.17398834920066,0.4453811639764922,0.07179858730205863
2024-09-13,173.711669921875,176.11672724969563,173.26121262116692,175.344539281609,211815,173.34809951782228,174.19403259277342,53.33324902305464,0.35250001671636255,0.12793887318491942
2024-09-16,174.17018127441406,174.4677941548209,172.13512678543617,173.73582700912547,77922,173.37906875610352,174.14978851318358,56.852126403646054,0.3122891970801618,0.1648089379639679
2024-09-17,174.17018127441406,174.17018127441406,174.17018127441406,174.17018127441406,0,173.48444213867188,174.1407958984375,60.842219118739436,0.27722614241270094,0.1872923788537145
2024-09-18,177.11416625976562,179.36640387518077,172.93948555172383,174.7090964375116,478866,173.76195068359374,174.21882263183593,65.45684728234104,0.4814436210071449,0.24612262728440057
2024-09-19,182.817138671875,186.0104872621202,175.52955138336628,177.77373737520026,532435,174.224462890625,174.45729278564454,72.25648054843391,1.090894503253594,0.41507700247823925
2024-09-20,190.40234375,191.3595333160358,182.58386983177712,182.58386983177712,1395293,175.0553771972656,174.87916259765626,79.0974565848379,2.1610402491004947,0.7642696518026904
2024-09-23,191.66522216796875,192.96025795047024,188.1822996936175,189.83126012828706,493960,176.01338119506835,175.30387115478516,84.37251554244209,3.0755887243557822,1.2265334663133087
2024-09-24,187.69969177246094,192.88787436278542,185.8094178930696,191.4400063140717,401001,176.81171951293945,175.5107357788086,72.91981531103644,3.4407272563317974,1.6693722243170064
2024-09-25,196.72471618652344,197.07058928858868,185.81745203679915,189.01885248761852,464142,178.1196258544922,175.89810089111327,77.92445648488884,4.407538854228704,2.217005550299346
2024-09-26,196.49142456054688,199.08149591352037,194.67355350124492,197.07057171237372,299591,179.37967071533203,176.28080017089843,76.5791850808219,5.096173807155765,2.79283920167063
2024-09-27,193.87721252441406,198.30124552563674,192.24434314404112,194.41613870808183,134996,180.4547103881836,176.5552456665039,71.85898204588254,5.369085430559153,3.3080884474483345
2024-09-30,193.37046813964844,194.65746455029034,188.22250704449564,194.65746455029034,294131,181.50561904907227,176.880009765625,69.21171746890583,5.48129486628639,3.7427297312159458
2024-10-01,193.05677795410156,194.60921794327618,191.4399991862318,191.48022012819746,380916,182.6261070251465,177.2609634399414,75.93387993889448,5.481719624589914,4.09052770989074
2024-10-02,195.47792053222656,196.25816009359283,191.44802063257663,193.45090552830652,159320,183.7550407409668,177.6626641845703,77.55141140880059,5.612722252004772,4.394966618313546
2024-10-03,194.23114013671875,196.1777132145621,193.45090059524884,193.54742102554803,186663,184.7363708496094,178.01670104980468,76.80183807174666,5.551938726240792,4.626361039898995
2024-10-04,196.4833984375,197.0464547967781,193.8531059696552,195.38140355536842,147866,185.75470352172852,178.47577331542968,77.84021527100592,5.62071367761348,4.825231567441893
2024-10-07,197.99560546875,199.44347344728126,194.67356680750976,196.99014329945166,258004,186.85347366333008,178.96076049804688,78.64602118974453,5.731175369328668,5.0064203278192485
2024-10-08,199.89390563964844,200.6097941670567,197.07057246893427,197.48079658900843,222389,187.9285140991211,179.44413269042968,78.09522196439762,5.90383824263219,5.185903910781837
2024-10-09,199.89390563964844,199.89390563964844,199.89390563964844,199.89390563964844,0,189.19177627563477,179.91250762939453,74.50933929599951,5.971835214677583,5.343090171560986
2024-10-10,205.25904846191406,209.13611619976615,204.30989813361768,205.83819561174846,143058,190.7253059387207,180.49344207763673,72.77433908386084,6.3850426946696075,5.5514806761827105
2024-10-11,207.06085205078125,208.05021103835153,204.39033884470314,204.39033884470314,111653,192.39276504516602,181.1257196044922,73.21686946597205,6.779750349106678,5.797134610767504
2024-10-14,207.6641387939453,210.66442210135594,207.52738514240727,208.3237032999901,55102,194.06746292114258,181.79294494628905,83.50427026506577,7.0598575638712475,6.049679201388253
2024-10-15,208.6293487548828,210.46331054476417,206.73104819492372,206.76320530625597,38046,195.79042129516603,182.5331253051758,77.38703028158533,7.275857372164751,6.294914835543553
2024-10-16,206.33688354492188,210.58395410433565,205.51643537969179,210.57592710047513,69975,197.25155715942384,183.2364242553711,70.68961094429986,7.179297520065461,6.471791372447935
2024-10-17,200.96371459960938,206.72300435935745,199.48367735844607,205.51644985920555,236926,198.15888595581055,183.83612487792968,63.34447237985777,6.593200996201318,6.496073297198612
2024-10-18,199.0010528564453,202.29093415803857,198.67930989565184,202.29093415803857,99306,198.5888214111328,184.3712158203125,60.05170140667052,5.902306760144228,6.377319989787735
2024-10-21,198.43800354003906,201.61526141638544,197.07057749785668,200.28805631414824,135113,198.92746047973634,184.8418585205078,59.52177298553579,5.248829487165153,6.151621889263219
2024-10-22,198.96885681152344,201.04413176960048,197.8910045362006,201.04413176960048,33676,199.49091873168945,185.29946319580077,56.61984953703704,4.719377417602914,5.865172994931158
2024-10-23,194.4724578857422,200.92349377995413,193.4589442498447,200.92349377995413,393955,199.3783058166504,185.6660577392578,50.40740002277216,3.892095369962192,5.470557469937365
2024-10-24,199.41127014160156,200.15932797694688,193.20957513574763,194.65744286801956,802288,199.52429809570313,186.07885986328125,54.53183771816501,3.593564881594716,5.095158952268835
2024-10-25,206.98040771484375,208.3317428582204,199.56411843505995,199.87782211289434,425938,200.1794578552246,186.7136685180664,61.711071687125596,3.922527013285162,4.860632564472101
2024-10-28,209.4498291015625,213.149909927038,206.7230041512061,206.7230041512061,196272,200.98342590332032,187.43164916992188,62.27276771383969,4.33255059445284,4.755016170468249
2024-10-29,210.8092041015625,213.14992291784935,209.9968073816735,211.00226952540075,411640,201.87104721069335,188.20657897949218,63.54565068621552,4.712860515943703,4.74658503956334
2024-10-30,211.90313720703125,213.6405785528324,210.7367914250282,211.54921260617846,803870,202.6923080444336,189.01336181640625,59.22288557171779,5.044381636454659,4.806144358941604
2024-10-31,203.3167724609375,211.53671884726987,201.54285811432797,211.53671884726987,548000,203.14658966064454,189.608359375,45.6264981042431,4.561682401993295,4.757251967551943
2024-11-01,208.24703979492188,210.70386092820667,199.8771803271526,204.85744984543976,347807,203.73477172851562,190.29761901855468,50.6183823089014,4.524811935516709,4.710763961144896
2024-11-04,202.9669647216797,209.03822880344137,200.80162340392255,209.03822880344137,264310,203.98333969116212,190.90685546875,44.49676767221384,4.0231574395796486,4.573242656831847
2024-11-05,204.44107055664062,205.05736319910983,198.30317859811476,202.8337307502593,734005,204.21069793701173,191.56101837158204,48.12768917506447,3.7018678305708193,4.398967691579642
2024-11-06,205.3488311767578,209.4879429013317,203.20847353200145,204.86579311637098,405677,204.4834442138672,192.2566632080078,54.74968160045642,3.4803726270482116,4.2152486786733565
2024-11-07,206.0234375,210.69556777451123,205.5820430128697,205.70696118551007,269083,204.52166366577148,192.95132141113282,57.824530335039974,3.320988882244393,4.0363967193875645
2024-11-08,204.02464294433594,207.3476058812531,202.37565964615777,207.3476058812531,268697,204.3698532104492,193.58428588867187,56.03179739081097,2.998821552020445,3.828881685914141
2024-11-11,203.79144287109375,206.53975669121604,202.79205949318995,204.14122641796763,211746,204.17621841430665,194.21306884765625,55.24054546919723,2.6936337911359374,3.6018321069585006
2024-11-12,203.7165069580078,204.86580491643176,199.88552223516135,204.86580491643176,207338,203.9305763244629,194.87445861816406,61.113096334364755,2.4178520960527976,3.36503610477736
2024-11-13,201.90093994140625,204.04129761204317,200.96818379026303,203.20847598913687,116291,203.70877914428712,195.45449249267577,53.236065400797855,2.029398389508856,3.0979085617236595
2024-11-14,206.13168334960938,209.76278627540364,201.54284060326194,203.57492747565826,369539,203.9671775817871,196.08503540039064,48.79199417606627,2.039422470910779,2.8862113435610834
2024-11-15,207.3975830078125,209.91270805239301,206.53977768968096,208.18876106626337,634777,204.38700408935546,196.71065216064454,46.97537499718893,2.125018262738621,2.733972727396591
2024-11-18,205.69862365722656,209.16315205903143,205.01570380529225,208.90497938110258,226697,204.75003509521486,197.3042205810547,42.54261101128649,2.0323342396198143,2.593645029841236
2024-11-19,206.35655212402344,208.2054172457941,204.8741305698614,208.1887572542164,652301,205.11941986083986,197.8634896850586,41.80207674137168,1.9890423699735607,2.472724497867701
2024-11-20,203.2667999267578,208.12213929086988,201.84266921773823,204.97407425814316,712831,205.55913696289062,198.43625244140625,49.911810879440765,1.685981130212724,2.315375824336706
2024-11-21,204.765869140625,205.70696173653923,201.54285319936233,203.2084966142331,588491,205.8268669128418,199.03980072021486,43.010089844099475,1.548910396689081,2.162082738807181
2024-11-22,218.46580505371094,223.18789008924955,204.04132640940787,204.87414814985445,4468300,206.40113677978516,199.93488342285156,73.25668508459333,2.5167397763489987,2.233014146315545
2024-11-25,221.43896484375,234.9056769423616,215.00124421965444,215.00124421965444,1686740,207.00059356689454,200.88025909423828,74.40801513069329,3.483505002623019,2.48311231757704
2024-11-26,222.16354370117188,243.5837206617674,213.20237331476073,224.02905633465093,2609931,207.568310546875,201.84012634277343,74.27266948284543,4.259045245422669,2.838298903146166
2024-11-27,232.68206787109375,241.4350066895946,229.0259683942811,229.10925564774658,1033683,208.6072570800781,202.951484375,79.9662791455554,5.657210665781747,3.4020812556732825
2024-11-28,223.0379638671875,237.56237546432732,220.69773706589567,234.85570510408522,605361,209.59331665039062,203.75590087890626,68.2377223736759,5.91883954277958,3.9054329130945424
2024-11-29,225.9111785888672,226.94386916322932,219.864886088413,224.85347896929014,385494,210.47652359008788,204.46607757568358,70.19463279661672,6.285570583264814,4.381460447128597
2024-12-02,228.96763610839844,231.52440451704126,226.52747492314828,226.52747492314828,452878,211.77655715942382,205.2121258544922,71.86324667082039,6.745085011604544,4.854185360023787
2024-12-03,231.28289794921875,232.73202493199278,227.36865136504133,230.69160168224158,480688,213.11864852905273,206.08378997802734,75.22160870182542,7.212929624966307,5.3259342130122915
2024-12-04,228.8011016845703,232.773651816364,228.18479637919637,231.84923198185282,232403,214.29126205444337,206.72531768798828,70.0619143623766,7.299297872158547,5.720606944841544
2024-12-05,239.153076171875,239.8526433317084,227.36031815818194,231.31622112979866,2541753,215.9477439880371,207.57855072021485,74.20952221415675,8.10958095516068,6.198401746905372
2024-12-06,239.06979370117188,246.01552358665015,237.39581396142347,241.51829151739744,720145,217.70000152587892,208.48240234375,76.08384469053199,8.645357635574527,6.687792924639203
2024-12-09,228.23477172851562,241.51828771936079,226.3109556768347,241.51828771936079,1045046,218.92216796875,209.17968841552735,64.75344606287278,8.102270858757265,6.970688511462816
2024-12-10,220.32296752929688,230.69160771753883,216.6252371990521,228.23477357015108,1065009,219.75249099731445,209.72501220703126,60.79939187584621,6.953300874033914,6.967210983977036
2024-12-11,219.99815368652344,224.57033607059262,217.03331086716557,220.36459721841692,440486,220.6573516845703,210.2154168701172,59.79014978121151,5.947959743285423,6.763360735838714
2024-12-12,220.1230926513672,224.86184996726672,215.32603171904142,220.00651083421496,841408,221.3569221496582,210.73325592041016,51.290341895694866,5.1024829372645115,6.431185176123874
2024-12-13,218.77392578125,224.43710295170277,209.03823845881644,217.7912023137615,1193288,221.92573928833008,211.17906646728517,47.87120248489721,4.2742985333667605,5.999807847572452
2024-12-16,215.5259246826172,220.68940372938542,212.37784711404163,214.9262920703028,530611,222.4171043395996,211.5296728515625,44.9034198871168,3.317626351124403,5.463371548282843
2024-12-17,225.10336303710938,229.2258148112852,214.86797819950473,214.86797819950473,1130259,223.3544448852539,212.0338619995117,44.09549202291436,3.2943013323342143,5.029557505093117
2024-12-18,223.77084350585938,228.44296060276704,221.52221496161255,226.52748103966707,686586,224.379647064209,212.51140075683594,50.655929972954326,3.1321869950930648,4.650083403093107
2024-12-19,214.10177612304688,224.02068490972061,211.53669665361943,223.19619961877956,737336,224.84644241333007,212.6882553100586,40.57683424215779,2.1981582844365732,4.1596983793618
2024-12-20,222.62156677246094,226.52750258185267,209.06323050220456,215.70082047316117,858265,225.0542304992676,212.9994696044922,45.342326086450136,2.1209605910328833,3.751950821696017
2024-12-23,228.21810913085938,233.19005525415633,224.8618389950793,224.8618389950793,775282,225.39318771362304,213.41054901123047,47.85397444351893,2.4827554001069814,3.4981117373782102
2024-12-24,219.44850158691406,228.60953960382508,218.61567994901307,228.1931287848746,849408,225.25743560791017,213.62693206787108,43.98112869597733,2.0383495302052097,3.2061592959436105
2024-12-26,223.1129150390625,225.27825641304875,219.86491568593297,220.6894009867313,299274,224.7789779663086,213.96245269775392,38.705131389954516,1.9592571208500829,2.9567788609249055
2024-12-27,223.99571228027344,226.5274973077563,218.22426412878147,218.22426412878147,533456,224.82686538696288,214.4230926513672,39.503594763394595,1.9453849889351034,2.7545000865269453
2024-12-30,239.28631591796875,241.51827177808119,224.8701755909537,224.8701755909537,995328,225.49562225341796,215.22879791259766,57.245820923056485,3.132110133160495,2.8300220958536553
2024-12-31,234.27273559570312,241.0519164781497,233.19007754481137,239.43624033619025,440607,225.7608772277832,215.94549255371095,59.50732289281721,3.6262432531203217,2.989266327306989
2025-01-01,234.27273559570312,234.27273559570312,234.27273559570312,234.27273559570312,0,225.9103691101074,216.65157012939454,59.77196155389711,3.9720598769849005,3.1858250372425716
2025-01-02,235.80514526367188,240.58553362633216,234.8640526884274,236.6046469688535,677112,226.2605712890625,217.47822387695314,60.53251057771554,4.31997669395912,3.4126553685858814
2025-01-03,237.69564819335938,239.01983166734655,230.6999508862359,235.93838116249728,306258,226.1876998901367,218.2439114379883,62.61662236797178,4.694139941603908,3.668952283189487
2025-01-06,239.97755432128906,241.6848539600169,234.03953186659876,239.01981450310996,268655,226.23308792114258,218.9038543701172,66.51664422479908,5.1158257106008875,3.9583269686717673
2025-01-07,240.26071166992188,241.85140408451048,233.23169485231682,241.5182805048851,485562,226.8343849182129,219.52007202148437,61.708693801093936,5.410494341351523,4.248760443207718
2025-01-08,235.6468963623047,241.5182788367103,230.69159737161638,238.18699223206602,263871,227.60058135986327,220.0168258666992,58.73133968366508,5.2116483797496755,4.4413380305161105
2025-01-09,235.16384887695312,238.68669366052825,232.36558028925953,237.35417391680267,194201,228.35886611938477,220.48204010009766,67.90317434376921,4.957931677329839,4.5446567598788565
2025-01-10,236.65463256835938,237.35419979154483,229.9004349300555,235.1638745129209,235186,229.18544311523436,221.1487973022461,63.54721730468898,4.821573054778867,4.600040018858859
2025-01-13,235.671875,238.1869871835451,234.44762618211394,234.89733156490527,216630,230.03034057617188,221.69729400634765,57.89938899360532,4.581396059523314,4.596311226991751
2025-01-14,235.7967987060547,238.80327267417582,234.8557061715503,236.51301312817665,505248,231.04388427734375,222.35389068603516,71.21243679244162,4.350978982133483,4.547244778020097
2025-01-15,234.5392303466797,238.6866913370308,233.21504696549707,236.52134995151778,733837,231.51567764282225,222.95585388183594,65.81372021075528,4.020550132352156,4.44190584888651
2025-01-16,234.6808319091797,236.42976254704095,233.57316482506377,236.42976254704095,73954,232.0611770629883,223.5424938964844,65.09766719848217,3.72714474639983,4.298953628389174
2025-01-17,236.57131958007812,237.43746122607308,231.62435686815138,236.0966051323568,817465,233.18465423583984,224.15345153808593,43.825776766071435,3.60560228105129,4.160283358921597
2025-01-20,238.04539489746094,239.28631640663372,233.2733432320788,234.8556992431303,78562,233.95584564208986,224.83386657714843,60.22565129100166,3.5868772719107085,4.045602141519419
2025-01-21,238.12867736816406,239.111400770345,237.19592122943652,239.01980259258005,248508,234.45137405395508,225.52061126708983,60.40441270319655,3.537974202333487,3.944076553682233
2025-01-22,236.62127685546875,238.85323271850157,234.03121379220212,237.36250030384483,141447,235.3100128173828,226.17870666503907,52.20512812055767,3.3390925633062807,3.8230797556070426
2025-01-23,238.27027893066406,238.9781824156579,234.95563961703752,238.1786553330838,203864,236.0678810119629,226.90609344482422,51.57314044097558,3.2767656035335335,3.713816925192341
2025-01-24,239.41122436523438,240.26902958942833,235.11386189531092,238.27026284929366,137845,236.83865661621093,227.57168426513672,48.34627411525776,3.2816074719561357,3.6273750345451004
2025-01-27,235.39703369140625,239.00316565953787,234.02288305553682,235.7301572674201,311792,236.64419250488282,228.1316732788086,38.338674744636634,2.927783383811402,3.487456704398361
2025-01-28,235.2554931640625,237.3541947893895,234.047891480432,237.02107117808873,88714,236.69333038330078,228.7228106689453,48.80535774996856,2.605914744094406,3.3111483123375702
2025-01-29,231.9491424560547,237.35414628582097,231.5160589757326,236.5213247199058,276267,236.57715072631837,229.23466247558594,41.63050913982296,2.0602869528614463,3.0609760404423456
2025-01-30,234.61416625976562,235.68851324217673,231.5327415834035,232.3488904868878,131721,236.51760177612306,229.8616098022461,44.99374049093719,1.8219162295092985,2.8131640782557366
2025-01-31,236.22152709960938,238.93650819013413,233.31496247875526,235.68017273558502,388836,236.44389572143555,230.49072296142577,51.30846159322689,1.7426184792977608,2.5990549584641416
2025-02-03,236.32980346679688,237.76225780019658,234.0228965190903,236.5213616064827,225641,236.26150817871093,230.8480029296875,51.26983861551202,1.6692691432746187,2.413097795426237
2025-02-04,234.83070373535156,238.1869737119373,234.02286577991043,236.32977242460208,150051,235.99000778198243,231.11583770751952,50.68650987608177,1.4731924012235424,2.225116716585698
2025-02-06,233.96458435058594,237.26257644472656,222.36338465185105,236.10494213033624,1223835,235.9058921813965,231.35185852050782,48.368691102242124,1.2336903600771905,2.026831445283997
2025-02-07,232.1990203857422,241.51829741225032,229.19254619335413,236.5213671209624,757947,235.75765075683594,231.34219757080078,39.98476094607962,0.8911444518971621,1.79969404660663
2025-02-10,230.0669708251953,233.7230699095184,228.95099291252436,233.19005187712102,408176,235.42826766967772,231.48277770996094,32.259292535028536,0.44253450815813267,1.5282621389169306
2025-02-11,231.37449645996094,234.8140536370751,230.28350222811036,232.31558890782384,117064,235.2133987426758,231.5920440673828,35.756952882061,0.19032039195460015,1.2606737895244646
2025-02-12,230.46676635742188,234.64752228991773,230.2752082099814,233.0734770216036,353171,234.94689712524413,231.6220266723633,36.6847617966074,-0.08186367184848109,0.9921662972498755
2025-02-13,232.37388610839844,234.85570375876347,229.05093587972917,229.05093587972917,208126,234.83862991333007,231.64384643554686,37.38410085771895,-0.14204546623909664,0.7653239445520811
2025-02-14,230.97476196289062,234.85571404630585,230.06698938046804,231.56605824001525,71640,234.65332641601563,231.68731964111328,32.14662133885808,-0.29918873594476736,0.5524214084527114
2025-02-17,228.9093475341797,233.18172668413035,228.6095439383866,231.52441972630774,641947,234.2702278137207,231.48244506835937,35.036450110473,-0.5836595286205011,0.3252052210380689
2025-02-18,228.40135192871094,231.4994496788843,206.01510049722606,231.4994496788843,208609,233.78802566528321,231.26907623291015,34.4540310439703,-0.8404079811118663,0.09208258060808189
2025-02-19,227.56851196289062,229.75050058198815,226.53582126761071,228.45963721288825,129906,233.26001739501953,231.25575103759766,38.80850227775781,-1.0984242533444615,-0.1460187861824268
2025-02-20,230.77488708496094,231.27458516413523,227.36031319558685,227.56851861060113,165585,232.96769790649415,231.46478942871093,40.45553482705017,-1.032276887055616,-0.32327040635706467
2025-02-21,225.7779541015625,231.94082922032712,224.8701815541389,231.94082922032712,441752,232.34308166503905,231.58038543701173,27.78168049353411,-1.3673039248263024,-0.5320771100509123
2025-02-24,236.9293975830078,240.68543095340056,224.86182130594514,226.52746442672992,576946,232.21899032592773,231.91651153564453,50.867836621004855,-0.7246338456444334,-0.5705884571696165
2025-02-25,241.5682373046875,244.84955652401354,234.8556970740538,235.68851869488378,798392,232.5275505065918,232.3723977661133,58.93926013744828,0.1571904260496524,-0.42503268052576276
2025-02-26,239.26962280273438,243.15891065102662,239.019786502286,241.51825116955726,89557,232.7282569885254,232.84727172851564,56.78088975346865,0.6629217849014708,-0.20744178744031608
2025-02-27,237.91217041015625,242.35109859323447,237.36250507480312,237.36250507480312,58200,233.02640838623046,233.10344787597657,57.37952739268931,0.9433085927432217,0.022708288596391457
2025-02-28,238.32025146484375,240.51888745127775,237.35417528048475,238.18699694813557,50130,233.2117126464844,233.39443603515625,61.15745781249162,1.184788385668469,0.25512430801080693
2025-03-03,234.5225830078125,240.25240005771136,233.19839962694283,238.32024771935943,41973,233.12676544189452,233.80285217285157,53.987379569591134,1.0575321825769777,0.4156058829240411
2025-03-04,234.5225830078125,234.5225830078125,234.5225830078125,234.5225830078125,0,233.03640441894532,234.04087249755858,55.258020894244545,0.9457783803534312,0.5216403824099192
2025-03-05,237.4291229248047,241.8930602183629,234.43929622882197,236.10493954128253,15418,233.16632537841798,234.2250927734375,56.38814631535268,1.0793046155183674,0.6331732290316088
2025-03-06,240.1774444580078,240.68545345781212,235.89672903780377,235.89672903780377,46900,233.47696838378906,234.63967163085937,61.24568106343266,1.3908587441165707,0.7847103320486011
2025-03-07,241.65150451660156,244.84953622558268,239.10307260138694,241.3933318688031,130802,233.94959259033203,235.01044342041016,65.7992621322486,1.7366924535999715,0.9751067563588752
2025-03-10,241.81809997558594,244.01676149370078,241.50996000881264,243.6003506379095,222183,234.53714904785156,235.3668911743164,66.77774487325483,2.001143089340985,1.1803140229552973
2025-03-11,241.65988159179688,243.89183762696956,241.51829072122422,243.89183762696956,86202,235.05141830444336,235.41436248779297,67.92378124995147,2.1729072993846046,1.3788326782411588
2025-03-12,242.04295349121094,243.10062780771682,241.51827179975479,243.10062780771682,68479,235.6302276611328,235.56976684570313,65.44169800463044,2.3132763641938823,1.5657214154317036
2025-03-13,241.8014373779297,243.18392438148928,241.43499381478375,241.51828106380785,235666,236.1016052246094,235.72034088134765,75.24940069296004,2.377623760757672,1.7281018844968974
2025-03-14,242.29989624023438,244.06178544948486,240.86458104093384,243.22810502973874,178537,236.66786193847656,235.8502359008789,62.73992258191556,2.4407060603489867,1.8706227196673155
2025-03-17,242.6350860595703,247.52543441417728,241.93892287357954,243.2195148181509,40228,237.3541488647461,235.94902465820311,53.180106741915445,2.489053989373531,1.9943089736085586
2025-03-18,242.54055786132812,246.57144290493025,240.6497280777928,242.6264832097934,254723,238.06110916137695,236.0002847290039,61.225126722801726,2.4910274223464057,2.093652663356128
2025-03-19,242.28274536132812,243.64928912223382,240.86463589085943,240.86463589085943,225967,238.79682083129882,236.04072540283204,66.22329157859204,2.443619543081894,2.1636460393012813
2025-03-20,242.3944549560547,243.7523955498917,241.52638855284007,242.80700681900376,227693,239.3777992248535,236.17567657470704,65.46340943602311,2.387540408273594,2.208424913095744
2025-03-21,241.51780700683594,244.08759405812424,241.07947230036567,242.39445019103624,351776,240.1647918701172,236.3027557373047,84.11415661709223,2.2464632963547615,2.2160325897475475
2025-03-24,239.91917419433594,243.21951010850267,239.3605282968414,241.5177895662498,947709,240.31428070068358,236.36804656982423,72.76792324321123,1.9828058099926409,2.169387233796566
2025-03-25,237.74476623535156,244.0876104499815,237.2119031133623,244.0876104499815,269129,240.12310714721679,236.40950439453124,51.41936528586289,1.5801834315279564,2.051546473342844
2025-03-26,237.63302612304688,241.50921443475207,235.98287108973733,241.50921443475207,2003240,240.04127731323243,236.4462289428711,35.00211363247979,1.2378170185694444,1.8888005823881644
2025-03-27,241.21697998046875,241.85297444787378,237.650212426897,239.60978775906037,1084898,240.20651779174804,236.57978393554689,47.94890152393656,1.2413745011049002,1.7593153661315117
2025-03-28,241.21697998046875,241.21697998046875,241.21697998046875,241.21697998046875,0,240.3513542175293,236.71050689697265,47.1171760545962,1.2300149845602277,1.6534552898172552
2025-03-31,241.21697998046875,241.21697998046875,241.21697998046875,241.21697998046875,0,240.68607406616212,236.80342010498046,47.84322234144051,1.207097813654201,1.5641837945846444
2025-04-03,241.77565002441406,242.79841358169472,236.36104102718627,241.45765275897656,886073,241.0487274169922,236.87802520751953,48.720211569088704,1.2199529360948986,1.4953376228866955
2025-04-04,248.96078491210938,252.6306843394971,242.36868882090818,242.36868882090818,1866890,241.62531051635742,237.09466735839842,70.58835402868183,1.789295169092867,1.5541291321279298
2025-04-07,244.5603485107422,249.07253225617097,238.07140904452896,247.95524010594443,1178602,241.84445571899414,237.2534487915039,55.3090015890343,1.863938229377169,1.6160909515777777
2025-04-08,241.43185424804688,248.3849096439174,240.64973944739404,244.5087215189072,1462227,241.8334732055664,237.31668029785158,47.501820055010334,1.6516113043207667,1.6231950221263756
2025-04-09,240.72708129882812,243.40002589792084,238.93080608399072,241.51779910421183,530483,241.7789222717285,237.34299743652343,46.32786690742176,1.410215315187088,1.5805990807385182
2025-04-10,238.0971221923828,244.08758257443307,236.44694107940347,244.08758257443307,435487,241.6007843017578,237.39699920654297,42.267335624960886,0.995219266033331,1.463523117797481
2025-04-11,235.3898468017578,240.62397590735907,235.10620918369395,238.92222888520243,983166,241.26812896728515,237.39968627929687,38.19187717292776,0.4427733927600457,1.259373172789994
2025-04-14,233.33570861816406,237.96822890508034,232.05511655334467,235.3898387211543,1142930,240.84484252929687,237.42741760253907,36.733574998985645,-0.15896329630496098,0.975705878971003
2025-04-15,233.61935424804688,234.97729491756135,232.9575506250544,234.6163349675129,406464,240.4108154296875,237.4075213623047,39.33052338878279,-0.6059708708660594,0.6593705290035906
2025-04-16,235.819580078125,239.70434533868794,234.2725301671543,235.3898483632013,698724,240.07004013061524,237.399482421875,46.742322566585784,-0.7737682391812939,0.3727427753666137
2025-04-17,236.12896728515625,238.2346631170182,234.6421123822317,237.77054553468597,170844,239.74946060180665,237.3954656982422,47.47183806631647,-0.8717350811558617,0.1238472040621186
2025-04-18,237.67599487304688,239.60118432488167,236.35241401054088,236.35241401054088,1645145,239.51912307739258,237.45237152099608,43.61044479247204,-0.8151458183565978,-0.0639514004216247
2025-04-21,248.1614532470703,250.53358061972014,238.92222171478218,238.92222171478218,1743559,239.80747299194337,237.73630889892578,59.09090364316895,0.07492673154621343,-0.03617577402805708
2025-04-22,245.3509979248047,249.0724626039779,244.0875857802433,249.0724626039779,180199,239.9991325378418,237.99934844970704,55.04086057837041,0.547227287881384,0.08050483835383114
2025-04-23,246.3824005126953,253.71362274443152,244.97286785482675,247.40513789505982,3317598,240.32229385375976,238.32565704345703,55.553270622339774,0.9933042574015758,0.26306472216338006
2025-04-24,239.7215118408203,246.6659636675405,238.41511085660687,244.08757380341987,592202,240.4211311340332,238.4925973510742,38.71981901187549,0.8001221114641055,0.37047620002352516
2025-04-25,245.1963348388672,245.80654654393172,239.7903023977516,241.5092292966602,863049,240.7992965698242,238.7871887207031,50.75662299262547,1.0763883945599844,0.5116586389308171
2025-04-28,243.40003967285156,247.946582067711,242.79840481544085,245.19631498934697,406490,240.90844955444337,239.0077117919922,52.41817042658201,1.1372756014679055,0.6367820314382349
2025-04-29,248.42787170410156,249.33032396203535,243.4515977747051,243.4515977747051,1168476,241.268994140625,239.3567739868164,58.5528579122566,1.5730994657665178,0.8240455183038915
2025-04-30,238.767578125,249.6964615819149,236.4079309873711,249.6964615819149,2099322,241.14652404785156,239.5539385986328,50.644060422861536,1.1260081398525585,0.8844380426136249
2025-05-02,243.72633361816406,246.60047716969407,239.51268453832319,241.19813875592837,546716,241.24405822753906,239.86043823242187,57.67623416321826,1.1584611501740767,0.9392426641257153
2025-05-05,242.02313232421875,244.79085733327975,241.73040649577135,243.72634563197497,65470,240.89717559814454,240.14953063964845,58.05141180666509,1.0348175519041547,0.9583576416814032
2025-05-06,242.821533203125,247.9311190581403,241.88122625087723,242.1739520836248,392094,240.81023483276368,240.39046356201172,58.447876971419696,0.9898430928657547,0.9646547319182736
2025-05-07,242.36912536621094,246.13923289202975,235.07729278634915,235.07729278634915,771853,240.8570983886719,240.7222869873047,56.21202968475792,0.9072369161118843,0.9531711687569957
2025-05-08,236.3103485107422,244.8352137937292,224.44114527909937,242.36912105649927,3235392,240.6362617492676,240.70990600585938,50.15511679236168,0.3488568641891163,0.8323083078434199
2025-05-09,239.7965545654297,243.94810120880405,234.19017716045187,235.07726116484753,693599,240.72123336791992,240.67447235107423,51.7552791751869,0.1855059462282327,0.7029478355203825
2025-05-12,260.06646728515625,263.7744724653526,252.81897800417318,263.7744724653526,2402150,241.95506439208984,241.09040924072266,58.48060489366295,1.672383524371213,0.8968349732905487
2025-05-13,254.1584930419922,259.87131723627954,249.44807828666532,259.87131723627954,891440,242.99620361328124,241.41533569335937,56.00889287162801,2.3469662055200615,1.1868612197364514
2025-05-14,249.1553192138672,254.59314934849036,247.5408195744589,254.59314934849036,352747,243.77300186157225,241.63203704833984,51.794561666220964,2.4496257647974176,1.4394141287486446
2025-05-15,251.87864685058594,254.06086602943148,249.15529232499324,249.15529232499324,179229,244.57595520019532,241.9791583251953,58.29030693895559,2.719386589783767,1.6954086209556691
2025-05-16,252.88990783691406,255.71970810843283,251.94074848247305,252.8189530247869,487883,245.41400222778321,242.34650482177733,55.58656457180744,2.9804178949954405,1.9524104757636236
2025-05-19,252.08270263671875,254.5931387483874,250.1665977167033,252.8189705341129,256616,246.13433761596679,242.63957641601561,56.396659505895556,3.0865722874391963,2.1792428380987383
2025-05-20,249.32386779785156,253.61735181397788,248.83598234643298,252.3754394244636,298504,246.19245834350585,242.8225048828125,50.682926647723356,2.9144890774220755,2.3262920859634058
2025-05-21,248.42787170410156,251.84315063298786,247.48756479829422,251.84315063298786,377052,246.3463020324707,242.9580322265625,58.49847789136878,2.6749770270249655,2.396029074175718
2025-05-22,247.18597412109375,251.04479529346983,245.8198570542736,249.314970504304,378541,246.38648071289063,243.06538970947267,53.25652602178745,2.3577723139437126,2.388377722129317
2025-05-23,244.48922729492188,248.38353935274077,243.9481190071561,248.38353935274077,595250,246.6248664855957,243.12197662353515,52.27868996687244,1.8672557997387855,2.284153337651211
2025-05-26,244.26748657226562,248.38357015785,243.548950552899,244.83523344130927,167477,246.57842407226562,243.16646728515624,51.35046316089497,1.4439800024746887,2.1161186706159065
2025-05-27,243.12313842773438,245.63357444324348,242.17395197225702,243.96585205424037,262638,246.56457901000977,243.19290130615235,50.69523251845113,1.0046110215504882,1.893817140802823
2025-05-28,243.12313842773438,243.12313842773438,243.12313842773438,243.12313842773438,0,246.2993423461914,243.20936614990234,57.07181275597691,0.6489275063357525,1.644839213909409
2025-05-29,242.16506958007812,245.4561709438335,241.99652144245584,244.82632176781038,284925,246.4692169189453,243.1999658203125,52.59475208911787,0.28643575578371383,1.3731585222842702
2025-05-30,245.53599548339844,246.16581756268428,241.29573491599572,242.35136707415919,455631,246.55970001220703,243.25987457275392,24.722141555306507,0.2680737924447669,1.1521415763163696
2025-06-02,242.36024475097656,246.59165332759434,241.77476598340496,246.59165332759434,472011,246.57655563354493,243.26142456054689,27.31915397901139,-0.0027035739250322877,0.9211725462680892
2025-06-03,244.5602569580078,245.7134556444864,242.18287768552605,242.18287768552605,459027,246.66349182128906,243.30474060058594,40.09945845574408,-0.03932072395102182,0.729073892224267
2025-06-04,250.21983337402344,252.81898344345427,243.07878970394046,243.07878970394046,1579630,247.0560272216797,243.4787811279297,46.82734613305815,0.3839149064965284,0.6600420950787194
2025-06-05,250.81414794921875,251.99398495377739,250.18432582285797,251.99398495377739,268278,247.7812171936035,243.69668060302735,45.96554683704827,0.7585443847089834,0.6797425530047722
2025-06-06,250.81414794921875,250.81414794921875,250.81414794921875,250.81414794921875,0,248.33209686279298,243.9580682373047,47.45456326850536,1.0434131282120518,0.7524766680462281
2025-06-09,250.81414794921875,250.81414794921875,250.81414794921875,250.81414794921875,0,247.8694808959961,244.22169067382814,53.36263984459836,1.2547101423160427,0.8529233629001911
2025-06-10,249.77626037597656,252.2245939248643,248.82707395318218,250.81413354570708,286846,247.6503692626953,244.39287628173827,53.0231208810457,1.3231630946195878,0.9469713092440706
2025-06-11,251.02706909179688,254.5842579343854,249.77627725857047,249.77627725857047,754124,247.74395675659179,244.58907806396485,58.608390556178705,1.4614951560098177,1.04987607859722
2025-06-12,252.43751525878906,255.47132755751014,251.62138601914862,253.30684030417777,1312441,247.77190017700195,244.81348876953126,68.90299973654052,1.6657339848817685,1.17304765985413
2025-06-13,251.36412048339844,252.81895130283442,245.33195984237935,251.93186726317535,526702,247.69561080932618,245.00525817871093,66.2204815033115,1.721140504224536,1.2826662287282113
2025-06-16,251.36412048339844,251.36412048339844,251.36412048339844,251.36412048339844,0,247.65968170166016,245.0533248901367,69.87580954175465,1.7449360335760389,1.375120189697777
2025-06-17,250.52139282226562,254.1495630921554,249.75848651373366,252.73022329406368,527083,247.71955795288085,245.1725457763672,67.14629654253437,1.6764678054439344,1.4353897128470083
2025-06-18,245.59811401367188,250.86739622862794,244.39169251868466,250.15773971059556,1476406,247.57807006835938,245.25587097167968,56.72114771062511,1.2109793706896994,1.3905076444155466
2025-06-19,247.69163513183594,250.0956255758122,245.73118675871598,247.40776170928964,368318,247.60335311889648,245.39516204833984,54.44247101915956,0.9994846535057036,1.312303046233578
2025-06-20,246.52064514160156,249.79398735969602,243.99245025593387,249.26173153034662,222946,247.70492401123047,245.56363250732423,59.346291593767305,0.7289812188442113,1.1956386807557047
2025-06-23,242.71507263183594,247.94001108341033,242.1739643140287,244.8352166691279,269270,247.62730331420897,245.71013702392577,46.133718365013614,0.2051624163350425,0.9975434278715722
2025-06-24,248.62301635742188,252.10927695965844,246.5028997307657,246.5028997307657,1470335,247.90229721069335,246.01588317871094,46.688597337815665,0.26371399457164557,0.8507775412115869
2025-06-25,250.76979064941406,252.81895262601873,248.0819270780458,248.62303535067474,1878442,248.28462982177734,246.35889190673828,49.913578492549675,0.4778351005903403,0.7761890530873377
2025-06-26,248.20611572265625,251.48833766011094,246.60937520109644,251.48833766011094,367365,248.58668212890626,246.6066226196289,45.38025586441543,0.4356387068683034,0.7080789838435309
2025-06-27,253.1028594970703,253.70607022978885,248.47227909042945,249.03999887661743,579207,248.96502532958985,246.9461004638672,53.454787845397014,0.7882377455650271,0.7241107361878301
2025-06-30,255.78179931640625,256.36727800959426,251.0891173395581,253.10281536120232,763063,249.63610305786133,247.30821655273436,58.63738052193103,1.2692123883022077,0.8331310666107056
2025-07-01,278.5621337890625,281.3564703057442,255.03667367133318,255.78182105189572,2109433,251.33619689941406,247.91623016357423,74.45633406391337,3.448815073299045,1.3562678679483735
2025-07-02,294.3167419433594,306.4165812530168,278.5887321558035,281.64918292491,1589952,253.54104232788086,248.8955450439453,79.64334201342949,6.373956117177215,2.359805517794142
2025-07-03,287.0604248046875,302.4956829793304,283.96448283702154,294.7336969791276,835301,255.3533561706543,249.70910552978515,73.2332996131347,8.014244102120188,3.4906932346593513
2025-07-04,294.8844909667969,299.8344080400714,282.97981113841064,282.97981113841064,989196,257.5568733215332,250.8123651123047,75.70743531073614,9.832181629156935,4.758990913558868
2025-07-07,299.6481628417969,306.0263000509941,294.91998915848717,295.3990221799248,1136654,259.9985740661621,251.90140167236328,77.73441712939912,11.524452016389034,6.112083134124902
2025-07-08,302.1230773925781,302.49566460949137,293.6425559405197,300.7214964886146,511703,262.6159149169922,253.07586242675782,82.81829337999665,12.916401178341118,7.472946742968145
2025-07-09,301.2271423339844,305.1303068041594,297.19089359678446,301.60858198459067,316675,265.12591857910155,254.13184783935546,81.52096121914367,13.788293580571349,8.736016110488785
2025-07-10,309.02459716796875,311.3665121339704,299.12476265651156,299.8344190919715,594438,267.95527267456055,255.53698822021485,84.13764802810044,14.93628780177528,9.976070448746086
2025-07-11,305.79559326171875,310.47939563297285,304.33191009663716,309.02456489904114,404553,270.6768463134766,256.77837341308594,84.67091088565853,15.407915010461807,11.06243936108923
2025-07-14,315.72210693359375,322.89861409159084,306.05289560727067,306.05289560727067,1150894,273.89474563598634,258.2523529052734,85.31941805527087,16.39369337273945,12.128690163419275
2025-07-15,312.17376708984375,322.89861054875706,310.4794332199587,315.881772109387,1035433,276.97736434936525,259.6393975830078,81.85166839769646,16.696145681885923,13.042181267112605
2025-07-16,306.0617370605469,312.1560273810521,303.3827529064098,312.1560273810521,311225,280.000545501709,260.9132498168945,78.94550410300242,16.25527092823188,13.684799199336462
2025-07-17,305.75128173828125,312.1737618139868,303.83517687705057,306.93109165304827,541329,282.9035278320313,262.3020684814453,77.60723389417265,15.699845315721234,14.087808422613417
2025-07-18,307.1794738769531,310.03588569497776,306.04400733839003,306.0528868421129,559747,285.9364692687988,263.6497268676758,77.30960208254892,15.199697039879368,14.310186146066608
2025-07-21,306.9044494628906,311.3576013521144,304.26980892663636,307.8181448907954,1226374,289.14593811035155,264.5864865112305,69.79307993137473,14.612687787429877,14.370686474339262
2025-07-22,307.2770690917969,310.479429643149,306.9133613684731,309.14880351610697,608314,292.0786407470703,265.64885803222654,61.527558063405856,14.015978539669277,14.299744887405266
2025-07-23,304.02142333984375,308.79393949361986,302.1940325029811,306.9399372201681,192443,294.7412223815918,266.7461801147461,66.24185245104456,13.129035410474046,14.065602992019024
2025-07-24,307.73834228515625,309.5834652650858,303.3827561918152,304.93515333607155,303268,297.7178337097168,267.8633740234375,63.35972534210121,12.581024664884808,13.76868732659218
2025-07-25,305.9552917480469,309.1487998291936,304.890807102103,307.8181737180206,152104,300.36045532226564,268.9246817016602,56.98833834226465,11.866060366492547,13.388161934572254
2025-07-28,302.2384338378906,308.92705592381486,301.6086116700562,308.7052848858222,833973,302.6832870483398,269.9277963256836,50.12439218948681,10.874175907779716,12.885364729213748
2025-07-29,301.3247375488281,307.8182000234668,300.18927091979236,303.3827792738491,336010,303.8214172363281,270.96781372070313,50.10519944472588,9.900248768546362,12.28834153708027
2025-07-30,301.981201171875,304.252134452081,299.5771836105555,304.252134452081,149356,304.2046401977539,272.0388803100586,41.0263349025719,9.076744560802751,11.646022141824767
2025-07-31,304.2875671386719,306.0440033384107,302.58438088891666,303.8262931692918,170858,305.0659973144531,273.1809121704102,48.032436625068385,8.512093881878457,11.019236489835507
2025-08-01,308.87384033203125,311.36654469218166,303.3916666406324,306.0440396547085,503149,305.76546478271484,274.46860443115236,39.618154766310866,8.338556380973614,10.483100468063128
2025-08-04,311.0649108886719,312.04070880401326,309.1488060017265,310.47943213946706,477626,306.33630218505857,275.80455291748046,48.24684905676764,8.282353923176458,10.042951159085796
2025-08-05,318.3124084472656,321.3019049120914,310.48834645459436,311.3842830790627,516788,307.145768737793,277.3083383178711,68.69753065718726,8.722082812218332,9.778777489712303
2025-08-06,318.614013671875,324.58407244325736,313.59311432960567,321.0978383665819,1958751,308.0151123046875,278.8181558227539,69.63699014344098,8.99126246898959,9.62127448556776
2025-08-07,312.9277648925781,322.0026170140178,310.4882838583579,318.46316046729714,863444,308.210270690918,280.2334097290039,57.76600078171254,8.646089790687029,9.426237546591613
2025-08-08,314.9325866699219,317.5583750911269,312.2536024402373,314.89712279760215,513343,308.6671203613281,281.62134155273435,60.3617918330177,8.437053221084966,9.228400681490285
2025-08-11,322.5526123046875,325.4533944189967,316.2454578232802,316.2454578232802,920465,309.00864562988284,283.2251889038086,66.60871054033913,8.784994669086473,9.139719479009523
2025-08-12,325.3381042480469,329.8977296646245,323.8744208498108,324.6727911514251,836011,309.66686248779297,284.8407458496094,73.41649005250486,9.179688953810512,9.147713373969722
2025-08-13,320.1930236816406,328.2122446283089,317.5761147011104,326.4469558938788,1418004,310.37342681884763,286.2402096557617,63.26531142920108,8.9738767504615,9.112946049268078
2025-08-15,320.24627685546875,323.6881678953001,319.3503131473182,322.0115657568792,951998,311.09817657470705,287.62885223388673,65.80345397567625,8.714609587909763,9.033278756996417
2025-08-18,317.917236328125,321.1468894078638,313.8687729340312,321.1468894078638,1705711,311.63506469726565,288.97091400146485,67.88717663762316,8.226375847684778,8.871898175134088
2025-08-19,324.3856506347656,325.68660729763417,317.5078327538109,318.41759731757537,802651,312.5091247558594,290.4423440551758,73.34967722159668,8.266107524702761,8.750740045047824
2025-08-20,329.9352111816406,331.1542923327468,322.5570063301225,323.3758166266089,1470941,313.64203186035155,292.04552307128904,75.75231588861243,8.645735662576385,8.729739168553536
2025-08-21,323.6396789550781,331.9731267703751,322.96646197510006,331.9731267703751,705043,314.6229446411133,293.4977752685547,66.60728727126448,8.342430514203784,8.652277437683587
2025-08-22,323.603271484375,327.33328404294423,323.0664859512269,327.0603657750821,198341,315.4161911010742,294.9210903930664,63.710966750790575,8.006823542582765,8.523186658663423
2025-08-25,322.5661315917969,325.6957240100938,319.9642181847147,323.8853013560218,682968,316.2467330932617,296.3451306152344,60.94101457942623,7.569902948969343,8.332529916724608
2025-08-26,318.5813293457031,324.78592996521564,316.60715590737334,322.96640094580266,235528,317.06387786865236,297.6894747924805,50.272753497942894,6.82344358164687,8.030712649709061
2025-08-27,321.0923156738281,322.95732197233264,318.59046305866696,318.59046305866696,320344,318.05225677490233,299.1008932495117,52.40580053620891,6.361157304858352,7.69680158073892
2025-08-28,317.7625732421875,322.9573212503694,316.59807568355905,321.146898610047,219003,318.841325378418,300.544182434082,54.91839158750668,5.660854901946095,7.289612244980355
2025-08-29,321.6836853027344,324.78598614915006,313.9142872719651,316.59810414539,738787,319.7111312866211,302.0240234375,56.610093524964896,5.360469025269879,6.903783601038261
2025-09-01,323.3940124511719,324.33106884668416,318.4175991482173,323.785204552525,293235,320.4371398925781,303.5614907836914,50.93164091934789,5.200472352817428,6.563121351394095
2025-09-02,323.0391845703125,325.4864534337385,321.1559930501378,323.8761801733541,145600,321.03585357666014,305.16797302246096,47.30970898958825,4.987548834299616,6.2480068479752
2025-09-03,323.7579345703125,327.46978980998904,322.51156146890514,323.87620841447176,567224,321.3081298828125,306.67067138671877,54.65394327221036,4.821226432790809,5.9626507649383225
2025-09-04,323.0846862792969,325.6957060729232,320.7374782129369,322.9664124466138,402155,321.5316635131836,308.1169692993164,53.64647655071993,4.582267691210973,5.686574150192853
2025-09-05,324.40386962890625,327.92468217800484,319.3273950518524,322.97556021592516,342001,322.10546875,309.6409243774414,58.55529867110597,4.448063728503769,5.438872065855037
2025-09-08,324.8587341308594,327.11496035452126,322.87545394798775,327.11496035452126,302367,322.6017761230469,311.0760418701172,50.74159191108934,4.328513476071237,5.216800347898277
2025-09-09,324.60400390625,326.60549716711677,323.4213210108914,324.87694994935697,870476,322.704345703125,312.4524859619141,39.979556788419636,4.165200599682919,5.0064803982552055
2025-09-10,324.2764892578125,326.4872105248624,323.1028851752331,326.4872105248624,170643,322.6512649536133,313.36677307128906,51.54313638198967,3.9636557177406075,4.797915462152286
2025-09-11,322.5479431152344,325.69572079937217,322.11124612030767,323.21205349215893,712254,322.76901092529295,313.93139709472655,47.63652468454873,3.6226905969506333,4.562870489111956
2025-09-12,319.92779541015625,325.6956991528825,318.6450241013885,322.54792167795324,359275,322.75308685302736,314.58874450683595,44.48249585483564,3.105253826730575,4.27134715663568
2025-09-15,319.7276611328125,321.1468916339426,318.4357832336755,320.2280205383324,258328,322.8436080932617,315.0856079101562,52.84815453416375,2.648502012248912,3.9467781277583267
2025-09-16,318.12646484375,321.1468898478432,317.06205585572786,321.1468898478432,276016,322.53064880371096,315.45517395019533,42.28218832143452,2.132734909328178,3.583969484072297
2025-09-17,318.3812255859375,320.237153225087,317.50785930555503,320.237153225087,300458,321.9529495239258,315.7803369140625,51.91659701921513,1.7246619971934365,3.2121079866965254
2025-09-18,322.3659973144531,324.76778927659103,318.4358074293984,319.3273867663398,646461,321.8892654418945,316.2031140136719,52.1055109805251,1.70316601306979,2.9103195919711786
2025-09-19,321.7291564941406,324.78595212872267,320.237129269777,324.78595212872267,170766,321.7955596923828,316.4572052001953,44.49798694540144,1.6161130140526438,2.651478276387472
2025-09-22,318.8633728027344,323.8124942465792,317.51693901832806,322.96641986630044,362552,321.6104217529297,316.71856079101565,38.16411581837338,1.300882329877993,2.3813590870855763
2025-09-23,318.8633728027344,318.8633728027344,318.8633728027344,318.8633728027344,0,321.62452392578126,316.78138610839846,35.53763722044181,1.0390818527624788,2.112903640220957
2025-09-24,316.5616760253906,320.1279654011789,315.4608686555715,317.0529566732997,456331,321.3979919433594,316.86914428710935,32.41792409994538,0.6385149912712222,1.81802591043101
2025-09-25,314.64208984375,319.2909735844238,313.86878438742434,318.4267138799051,362732,321.2419677734375,317.04075134277343,24.513087903927484,0.1642746495016354,1.4872756582451352
2025-09-26,322.0384521484375,322.96640195627,314.6875393392769,317.0347473293967,253475,321.2597061157227,317.3664947509766,44.595519219635435,0.38086995419280356,1.265994517434669
2025-09-29,321.0740966796875,322.9118109582528,320.2371011311098,322.05663011480925,199919,321.1437103271484,317.64438720703123,43.41476911725523,0.46929809051272287,1.1066552320502798
2025-09-30,324.76776123046875,327.42425818653777,288.96852039529074,322.0566528583278,890800,321.2301391601562,318.0016534423828,50.81423108827159,0.8278825707058672,1.0509006997813972
2025-10-01,324.4766540527344,327.9701468764319,321.14691219800403,327.0603822526415,556310,321.26607513427734,318.34564514160155,53.356567293863215,1.0761680430526894,1.0559541684356557
2025-10-02,337.1678466796875,342.16247323678607,323.8761991372305,324.60399971516,2034936,321.97023315429686,319.0085736083984,72.21572917764499,2.2708325053828275,1.2989298358250903
2025-10-03,332.5735168457031,338.25043858546843,331.60916867231504,338.25043858546843,840746,322.3787155151367,319.5052770996094,64.86938644303694,2.814445501871944,1.602032969034461
2025-10-06,331.55462646484375,338.3414628816749,325.6957399825992,335.6940444568626,1181087,322.71351013183596,320.0172637939453,65.75581836697572,3.1270006624501434,1.9070265077175976
2025-10-07,331.55462646484375,331.55462646484375,331.55462646484375,331.55462646484375,0,323.0610412597656,320.60358764648436,65.54986073547232,3.3362447265789683,2.192870151489872
2025-10-08,333.9563903808594,336.15803301614994,327.9883365895532,329.7714952661339,732604,323.54503631591797,321.256220703125,64.21242180799231,3.6537562034380358,2.485047361879505
2025-10-09,341.48016357421875,363.9058564235578,332.2551367872511,333.95639222382107,1192975,324.4916473388672,322.0461999511719,70.71964809947465,4.461067544567868,2.880251398417178
2025-10-10,333.5469970703125,340.23377237955026,332.5189586383315,336.6220058359084,764993,325.172607421875,322.6313885498047,63.92343561634005,4.40989286229734,3.1861796911932103
2025-10-13,324.7586669921875,333.54699626836856,322.96642963829015,333.54699626836856,1509542,325.4241577148438,322.9490850830078,54.79150265225871,3.618480180641825,3.2726397890829335
2025-10-14,333.9563903808594,335.7031506981308,327.5243755045668,328.87991592784357,258204,326.21565399169924,323.40691467285154,62.712786789889186,3.690912792336917,3.3562943897337307
2025-10-15,338.22320556640625,341.1344636520446,335.7031673942197,336.61293207550483,780548,327.20775299072267,323.80513061523436,66.6623970549167,4.045973026644958,3.4942301171159764
2025-10-16,334.56591796875,340.25194648623386,333.8835945466519,340.0426906418184,447990,327.8177490234375,324.12416870117187,59.34573056065277,3.986296729191281,3.5926434395310376
2025-10-17,331.07244873046875,336.33999369446343,329.79878380548047,333.70165406521465,329543,328.28491363525393,324.4870623779297,57.18773145466736,3.6154326055776664,3.5972012727403637
2025-10-20,337.22247314453125,337.96845905285835,329.3075096282967,331.15433074690964,308147,329.20286865234374,324.9328601074219,58.648159779348134,3.7742682727505894,3.632614672742409
2025-10-21,348.30340576171875,349.5770707334238,338.978317993293,338.978317993293,2811814,330.674870300293,325.4478759765625,64.38853494967961,4.739649607972183,3.854021659788364
2025-10-22,343.1722717285156,350.25934521464774,341.9350052902305,349.3495806816227,744892,332.0054000854492,325.8045593261719,53.99030659283918,5.0326681715743575,4.089750962145563
2025-10-23,346.8295593261719,347.5300680547656,342.7265122037234,343.89100975052725,1042234,333.6147735595703,326.3372900390625,59.59349105961272,5.49663821441959,4.371128412600369
2025-10-24,344.6824951171875,346.6021127799356,340.2519461430427,342.1715360419797,311376,334.7469757080078,326.82601440429687,58.70216252301095,5.626231978160888,4.622149125712473
2025-10-27,341.4255676269531,344.8007865499199,339.3421989000531,344.8007865499199,157485,335.7645492553711,327.29618103027343,56.27238572541677,5.403837070439067,4.778486714657792
2025-10-28,340.4430236816406,346.1654511339114,339.80620508160115,341.43466382366483,218412,336.5483123779297,327.6173284912109,54.19757270126247,5.089634283048724,4.840716228335978
2025-10-29,334.8479309082031,342.0714635022002,334.61138324583027,340.0244933083705,556763,337.06687622070314,327.7155828857422,45.598336593524685,4.339130290681851,4.740399040805153
2025-10-30,329.3551330566406,335.72456152099664,326.39887925652454,334.69873077996,1398110,336.6762405395508,327.82989196777345,47.12482045695928,3.2635079006323053,4.445020812770584
2025-10-31,339.1470947265625,343.18510256874805,329.28984187951244,329.28984187951244,885939,337.0049194335937,328.14076843261716,59.73492622615719,3.1647179800958156,4.18896024623563
2025-11-03,334.04595947265625,341.30133933965703,333.40248510156994,339.45484395396704,175194,337.1294860839844,328.37036499023435,50.06415712834879,2.6443251391348213,3.8800332248154685
2025-11-04,327.6391906738281,337.1234222963955,326.39888742389604,335.72456992172164,463305,336.93371429443357,328.55152221679685,42.644312240850915,1.6953939192259782,3.443105363697571
2025-11-05,321.9411926269531,329.000740676128,320.8034582934537,326.3988674497349,731165,336.3329544067383,328.56849975585936,41.46806663243061,0.4780674050825269,2.8500977719745624
2025-11-06,321.2697448730469,326.3056074606798,320.5237016969986,324.53373357277303,230160,335.3224334716797,328.6386431884766,43.11251084428697,-0.5346892847155686,2.1731403606365363
2025-11-07,324.43115234375,325.69943138655015,321.73601668821703,323.59181822809023,289957,334.86664123535155,328.6935925292969,40.61869108508636,-1.0698742515985487,1.5245374381895194
2025-11-10,328.49713134765625,329.19655746124243,325.47561964407464,325.47561964407464,249091,335.053564453125,328.79565490722655,33.80769990758834,-1.1526348122169452,0.9891029881082265
2025-11-11,323.4612731933594,328.2639935433129,321.73601639898567,328.2639935433129,401877,334.52880859375,328.8040966796875,33.860448566033995,-1.6060611462383463,0.47007016123891193
2025-11-12,325.7926940917969,326.8651417894613,320.85006574211457,324.52438658850855,424374,333.9072830200195,328.8447918701172,32.392511294973005,-1.757024713516671,0.024651186287795335
2025-11-13,326.0071716308594,328.27333393617977,322.68723118898856,326.39886278848337,564865,333.479345703125,328.90324157714844,33.84650146950054,-1.8381686196526061,-0.347912774900285
2025-11-14,326.21234130859375,330.12913908844746,324.5337299513551,326.86515042514355,113191,333.23634033203126,328.93941101074216,36.107672525793106,-1.8644283026503672,-0.6512158804503014
2025-11-17,327.01434326171875,333.8593899077902,325.9325608178008,327.3500541272171,408653,332.72593383789064,328.9825231933594,37.69670602511373,-1.7997777183947505,-0.8809282480391912
2025-11-18,324.0021667480469,329.17793739542043,322.6779358257466,329.17793739542043,392872,331.51087188720703,328.9704864501953,39.56949521843971,-1.9689028489900124,-1.0985231682293555
2025-11-19,324.7855224609375,327.3314439370595,324.5337392880248,324.62700180160397,496005,330.59153442382814,328.9806671142578,45.16761988731751,-2.0164807394651802,-1.2821146824765206
2025-11-20,324.39385986328125,327.33144405387134,323.60117118716056,327.33144405387134,259434,329.4697494506836,329.01758544921876,30.526794921371476,-2.0620207669785486,-1.4380958993769262
2025-11-21,325.8580017089844,327.09830492598337,322.66860585713545,326.3242858214947,130454,328.5285247802734,329.1361895751953,38.04463583111354,-1.9574038234417799,-1.541957484189897
2025-11-24,325.87664794921875,327.79773624617377,324.53374740730715,326.3988838866595,446900,327.7510787963867,329.25916931152346,46.83630284286304,-1.8516449359975127,-1.6038949745514204
2025-11-25,326.4175109863281,327.3314380674583,325.46630166821353,326.86515396764713,299794,327.04980316162107,329.424990234375,59.860336547510855,-1.7045382726634557,-1.6240236341738277
2025-11-26,327.9842529296875,331.00576484221887,324.5337391468233,327.70446538907174,262544,326.7066192626953,329.61705078125,64.229329021827,-1.444876563485252,-1.5881942200361128
2025-11-27,331.12701416015625,331.95698510059754,329.19659105930464,329.19659105930464,117005,326.7952133178711,329.7922711181641,64.20103713330761,-0.9742674730833301,-1.4654088706455564
2025-11-28,335.4447937011719,337.58968918225276,331.9942799692873,331.9942799692873,612303,326.61009826660154,330.0665838623047,64.57935486349926,-0.2500156300596359,-1.2223302225283723
2025-12-01,339.89312744140625,342.2525238104847,333.4024608441313,335.44478744555477,246323,326.90245666503904,330.48717895507815,85.35323756784192,0.6751201650352527,-0.8428401450156473
2025-12-02,337.53375244140625,342.2245695693821,335.9577098325892,340.4806715070131,106258,327.39718475341795,330.86058654785154,75.23061163728032,1.2040357291120358,-0.43346497019011077
2025-12-03,336.02301025390625,340.38742298402485,335.6313190531249,337.58971813758086,174993,328.1012756347656,331.2498132324219,70.38743702672986,1.4841920138831597,-0.04993357337545673
2025-12-04,335.7059020996094,338.51291295556786,333.96197570506234,338.51291295556786,60847,328.8230834960938,331.67108947753906,69.23666756124679,1.6614774325049098,0.29234862780061655
2025-12-05,333.4957275390625,340.38742075977086,331.1643068489271,335.8178418990505,471317,329.27631225585935,331.9002349853516,62.42412684447231,1.6051318276491884,0.554905267770331
2025-12-08,333.28125,335.72457429268525,332.74034447063815,335.72457429268525,135344,329.51551818847656,332.1443780517578,69.9240276734802,1.5255849907840116,0.7490412123730672
2025-12-09,333.99932861328125,335.71525085809355,333.0201432890311,335.71525085809355,515190,330.0424209594727,332.3290093994141,69.83947998559604,1.503159010928755,0.8998647720842048
2025-12-10,334.0179748535156,338.52226687394,333.1133825336729,334.7919939607285,187764,330.4536849975586,332.5198358154297,71.06129596262217,1.4699462309363298,1.0138810638546298
2025-12-11,333.25323486328125,336.59181632570613,332.92683031808394,336.59181632570613,105302,330.8159881591797,332.44154357910156,66.69468323594131,1.3661683986052253,1.0843385308047488
2025-12-12,343.1571044921875,344.11764855165285,333.39311478920297,333.39311478920297,952509,331.66322631835936,332.65321533203127,76.97231537230394,2.0593443875622484,1.279339702156249
2025-12-15,342.3457946777344,347.3816573064742,335.7245547122972,346.91537320270714,1198327,332.42979888916017,332.86903869628907,74.65362734780481,2.5142428052494665,1.5263203227748923
2025-12-16,342.6908264160156,349.4612804343182,341.7862341531287,342.34578074682446,1371602,333.3642318725586,333.0917626953125,73.6573756343832,2.8695162591379813,1.79495951004751
2025-12-17,341.4878234863281,345.9828091307049,335.7245587252123,343.18510447466144,968435,334.1993469238281,333.24239135742187,67.77601270018127,3.0191973211082086,2.03980707225965
2025-12-18,345.09686279296875,345.98281399706644,341.32930762750595,341.32930762750595,602354,335.2344970703125,333.3147253417969,66.97280200231185,3.389962572798595,2.309838172367439
2025-12-19,343.7633056640625,348.3049085131429,342.7188337718376,345.09687143860947,240905,336.12976226806643,333.51905151367185,57.642787751097444,3.535435491072917,2.5549576361085347
2025-12-22,342.3457946777344,344.8637117622427,341.357274654526,342.2525321650363,117869,336.9532196044922,333.8707940673828,59.86992908067777,3.496042337067081,2.7431745763002437
2025-12-23,344.2948913574219,346.81283713963757,341.3293310075062,342.34582703462604,318798,337.8470886230469,334.07756408691404,66.66666666666666,3.580821312370176,2.9107039235142307
2025-12-24,344.0057678222656,346.906041311256,342.2525350239008,346.2159499390277,150872,338.6481643676758,334.19321533203123,66.74193159181624,3.583372520274679,3.0452376428663204
2025-12-26,348.4261169433594,348.7804974033675,341.319952004365,344.0057529015615,515391,339.51311950683595,334.4704193115234,77.65108826504948,3.8971556185176155,3.21562123799658
2025-12-29,352.86517333984375,353.3500985765802,347.20447732262704,348.78051991667553,847376,340.3841384887695,334.9062738037109,81.36196407766232,4.452697808387427,3.4630365520747493
2025-12-30,353.2755126953125,355.1966010211475,352.04451577010036,353.35010563332935,363525,341.05325775146486,335.2273345947266,81.17643226338879,4.869942289680182,3.7444176995958363
2025-12-31,353.7977600097656,356.2317495694588,349.2561570218811,353.4433795084175,279218,341.8664581298828,335.3372216796875,81.47815376964276,5.183006073160186,4.032135374308707
