Date,Close,High,Low,Open,Volume,SMA_20,SMA_50,RSI,MACD,MACD_Signal
2023-01-02,68.05461883544922,68.52769277941987,66.90573454706625,67.51396952870674,1045918,,,,0.0,0.0
2023-01-03,67.41934967041016,68.39252039691053,67.24363621248904,67.75049779198015,218223,,,,-0.05067674251024812,-0.010135348502049625
2023-01-04,66.81112670898438,67.98704434030083,66.70299374441738,67.98704434030083,374911,,,,-0.13832244091535983,-0.03577276698471167
2023-01-05,66.21641540527344,67.27744570142393,66.06097554708278,66.56783725204761,567575,,,,-0.25285575658958237,-0.07918936490568582
2023-01-06,65.16889190673828,66.70299089452719,64.91883830390834,66.22992208491739,2489023,,,,-0.42327141682615377,-0.14800577528977943
2023-01-09,64.23627471923828,67.57480027071252,64.10110850585919,65.04725137525752,2795241,,,,-0.6263611665348492,-0.2436768535387934
2023-01-10,64.3038558959961,65.14862540289025,63.952428893732346,64.53363072696064,373743,,,,-0.7729479572885083,-0.3495310742887364
2023-01-11,63.878089904785156,65.18241425295287,63.533427652186546,64.40523041758958,1589929,,,,-0.9129508729067624,-0.46221503401234165
2023-01-12,63.60098648071289,64.67553047109347,63.06033210870792,64.46602935107109,343849,,,,-1.0343408848082305,-0.5766402041715195
2023-01-13,63.07386016845703,64.1686779493463,62.783259304973214,64.06730975190318,373564,,,,-1.1597096212094726,-0.6932540875791102
2023-01-16,62.76974105834961,63.790223895252936,62.5129330275004,63.790223895252936,386617,,,,-1.2689771400371512,-0.8083986980707185
2023-01-17,60.17462158203125,63.188758536263315,59.559626911740935,63.188758536263315,1826716,,,,-1.5471423948929157,-0.9561474374351581
2023-01-18,60.90449142456055,62.141229804112285,58.80270492066789,62.141229804112285,612875,,,,-1.6892236482118435,-1.1027626795904952
2023-01-19,60.56658172607422,62.093920911566244,60.147574296143254,60.90448944683907,399814,,,8.779658283488132,-1.8082462169510904,-1.2438593870626145
2023-01-20,59.67451858520508,61.154551219340924,59.48528588914688,60.215167962894384,841155,,,7.994494599575418,-1.9520524547853526,-1.3854980006071622
2023-01-23,59.65423583984375,61.11399989076399,57.91739009685241,61.11399989076399,272559,,,8.519761402502056,-2.0440935444018677,-1.5172171093661035
2023-01-24,59.92456817626953,60.58686973472505,59.47177296050285,59.809680761414796,483602,,,11.835164407702678,-2.0713460231682816,-1.628042892126539
2023-01-25,60.64767837524414,61.97227606769474,60.1610904155556,60.41790359209278,7909588,,,19.571486041717478,-2.0114085929597465,-1.7047160322931807
2023-01-26,64.61473083496094,65.04725241254364,60.80989080976607,60.9855991558651,5190106,,,47.70439671160005,-1.625067007343631,-1.688786227303271
2023-01-27,62.85084533691406,66.39887692851406,62.37777652045943,64.61472431208027,1255846,63.227274131774905,,44.63066868046282,-1.4445672633878104,-1.639942434520179
2023-01-30,61.938499450683594,63.526665045611125,61.77630515383945,63.526665045611125,197699,62.92146816253662,,41.39625481551867,-1.3594675088950723,-1.5838474493951578
2023-01-31,62.49941635131836,63.154953020011185,61.850628968834464,63.121165340464046,1248242,62.675471496582034,,45.03403929172771,-1.2325558971034596,-1.5135891389368183
2023-02-01,62.864349365234375,63.18874304203213,62.310180915921094,62.51292760842751,242154,62.47813262939453,,47.36332735921474,-1.0899660360756727,-1.4288645183645892
2023-02-02,62.53321075439453,62.884637720697064,62.215576627335324,62.85084488145374,175101,62.293972396850585,,48.03729646340011,-0.992244683302367,-1.3415405513521448
2023-02-03,61.870914459228516,62.85084492520694,61.02614503819079,62.5467299960587,261622,62.129073524475096,,46.81972150056257,-0.9572074910481732,-1.2646739392913504
2023-02-06,62.512939453125,62.71568618404704,61.09372780486135,61.87091673197778,580385,62.042906761169434,,59.600455076255344,-0.867632682890914,-1.1852656880112633
2023-02-07,63.546932220458984,64.12813397739868,58.19447456479708,62.37777426377704,1018761,62.00506057739258,,60.584764296078795,-0.7050816844289258,-1.0892288872947957
2023-02-08,63.5942497253418,65.2500011117917,63.391508130064544,63.52666919358271,1210116,61.99086856842041,,62.41693077457643,-0.5659171788691424,-0.9845665456096652
2023-02-09,65.3108139038086,65.79064232237991,63.5942417995327,64.13489629835124,1543510,62.0763599395752,,71.65108933837848,-0.3135020656455296,-0.8503536496168381
2023-02-10,64.1754379272461,65.55410213731513,62.85084019350831,65.02020728468572,1073537,62.13143882751465,,65.99713532331003,-0.20273956691241324,-0.7208308330759532
2023-02-13,63.817256927490234,65.38514865806117,63.51989646194752,64.67554033112988,755610,62.18381462097168,,63.68820492018561,-0.14222225230815866,-0.6051091169223942
2023-02-14,63.830780029296875,64.40522740219407,63.32391833984435,64.40522740219407,376879,62.36662254333496,,61.780933047988576,-0.09210886947059294,-0.502509067432034
2023-02-15,62.44535827636719,64.13489716287029,61.9047037702608,64.13489716287029,1918798,62.44366588592529,,40.074172126248996,-0.16231454845583215,-0.4344701636367937
2023-02-16,65.3040542602539,66.25695665365939,62.4453573921643,62.83057204658997,7235853,62.680539512634276,,60.20238056709964,0.012574864711439204,-0.3450611579671471
2023-02-17,65.61492919921875,66.36508487134213,65.25674778310034,65.25674778310034,979631,62.97756004333496,,66.0946809199957,0.17425232184297812,-0.24119846200512207
2023-02-20,64.42549896240234,65.62169024217826,63.86457080675023,65.62169024217826,858896,63.21612319946289,,57.99219634193635,0.20405358905933468,-0.15214805179223073
2023-02-21,64.85126495361328,65.1486254702881,64.33764364919239,65.08104494087942,300027,63.46245803833008,,58.203206453982425,0.259041001829047,-0.06991024106797519
2023-02-22,64.72960662841797,65.08103356964246,64.54037911671078,64.87152726219837,426596,63.66655445098877,,59.227683242045664,0.2894653362988109,0.001964874405382018
2023-02-23,64.22274780273438,65.18240460012441,63.864566403431276,65.18240460012441,493635,63.64695529937744,,60.011477525128605,0.2695701326374049,0.0554859260517866
2023-02-24,63.9118766784668,64.50659250927288,63.66858266675897,64.50659250927288,246669,63.70000686645508,,56.127878309673896,0.22611186193391575,0.08961111322821244
2023-02-27,63.55368423461914,64.4052131278703,63.22253611460137,64.20246643459916,258796,63.78076610565186,,50.03143767135307,0.16091282968624654,0.10387145651981927
2023-02-28,64.15516662597656,65.06075693524873,63.18875023959899,63.86456575018293,647523,63.86355361938477,,52.48349443396338,0.15597870367812305,0.11429290595148003
2023-03-01,64.20246887207031,64.54037660297594,63.1955052776691,63.87132073948037,3842315,63.930459594726564,,44.241546422237704,0.15410879890229978,0.122256084541644
2023-03-02,65.62169647216797,66.50025885132268,63.661830119021026,63.661830119021026,1200964,64.08488388061524,,57.29881702826288,0.2641022854942321,0.15062532473216161
2023-03-03,67.67616271972656,68.7980189074336,65.63520220969167,65.63520220969167,4330624,64.37514629364014,,66.62780884978561,0.5111588513131835,0.222732030048366
2023-03-06,67.27067565917969,69.27108892552081,66.94628194968998,67.71671120915707,796641,64.61303310394287,,64.33799421867894,0.6665499695457839,0.31149561794784963
2023-03-07,66.35833740234375,67.5815620250568,65.8987825743308,67.27068745846921,865895,64.75360336303712,,66.97950800405484,0.7079200163958461,0.39078049763744893
2023-03-08,66.07449340820312,66.90574892104189,65.8987850526959,66.86520163224242,552305,64.87761554718017,,54.30518772925787,0.7096221559464055,0.4545488292992403
2023-03-09,66.33805847167969,66.77058002168371,65.82443719752605,66.77058002168371,614815,64.92897777557373,,54.06230043588019,0.7238940121571318,0.5084178658708186
2023-03-10,67.20984649658203,67.58154706788052,66.39886999419261,67.17605881668581,1143888,65.08069820404053,63.94012420654297,66.22041812633393,0.7963705053382881,0.5660083937643126
2023-03-13,66.99358367919922,68.25060082825047,66.73677566447041,68.25060082825047,600702,65.23951454162598,63.918903503417965,62.79249137366277,0.8268269005426845,0.6181720951199869
2023-03-14,66.64891815185547,67.5139610589729,66.36507175865682,67.5139610589729,469676,65.3804214477539,63.903494873046874,61.16352382668244,0.8137715339142346,0.6572919828788365
2023-03-15,67.89920043945312,68.35875529621673,65.82444656172574,66.39888884366417,922075,65.6531135559082,63.92525634765625,69.68169791607954,0.8940068390260762,0.7046349541082845
2023-03-16,67.44639587402344,68.25061289531303,66.9057413561944,68.25061289531303,884687,65.76023063659667,63.94985595703125,68.63861974683503,0.9105599835207272,0.7458199599907731
2023-03-17,67.41934967041016,68.39252039691053,66.90572849282829,68.12219834603202,1432843,65.85045166015625,63.99486511230469,71.12255681569474,0.9109946875115327,0.7788549054949251
2023-03-20,66.3323974609375,67.4820672144487,66.19304580666183,67.4820672144487,222235,65.945796585083,64.03678756713867,61.29734112210949,0.8142451233582335,0.7859329490675868
2023-03-21,65.53112030029297,66.1930486605282,65.35692806697578,66.1930486605282,667758,65.97978935241699,64.0613328552246,56.39389090780922,0.6652454904988758,0.7617954573538447
2023-03-22,64.74375915527344,66.12336379360828,64.72982611751927,66.11639461676901,3700308,65.98049697875976,64.07864624023438,45.50151326915394,0.4781173051459717,0.7050598269122702
2023-03-23,64.74375915527344,64.74375915527344,64.74375915527344,64.74375915527344,0,66.00654754638671,64.10150169372558,30.967500415950298,0.3260582732581412,0.6292595161814445
2023-03-24,64.53472900390625,65.25240002663499,64.1027304285896,65.25240002663499,125466,66.03769016265869,64.13071907043457,31.777891148857805,0.18653317040779882,0.5407142470267153
2023-03-27,64.62532043457031,65.25241355588057,63.75435924272974,65.25241355588057,4762770,66.09127197265624,64.16783065795899,37.03893056769655,0.08231956383548322,0.44903531038846894
2023-03-28,64.61833953857422,64.86917674161107,64.10273209496482,64.79253174535401,518723,66.11443061828614,64.25670501708984,38.63907741648998,-0.0008242685024697494,0.3590633946102812
2023-03-29,64.77164459228516,65.46144440307187,64.27693924790879,64.77861377063567,396911,66.14288940429688,64.33404808044433,37.564882010134006,-0.05372659133728064,0.27650539742076885
2023-03-30,65.447509765625,65.49628338103768,64.93886607695657,64.93886607695657,171446,66.13418006896973,64.43166664123535,35.560356413708945,-0.04064684079797587,0.21307494977701993
2023-03-31,66.3323974609375,66.88284553239862,65.16879466836868,65.80982078351649,267783,66.06699180603027,64.56482421875,45.11754995802793,0.040653370684211154,0.1785906339584582
2023-04-03,66.4369125366211,66.88981337788547,65.84466004385602,66.86891116175285,297354,66.02530364990234,64.70047775268554,48.37690328941681,0.11222421625117818,0.16531735041700218
2023-04-04,66.17910766601562,66.54142512875707,65.77498045747461,66.43690873814482,392125,66.01634216308594,64.82556854248047,34.47127279139093,0.14645370140489433,0.1615446206145806
2023-04-05,66.38815307617188,66.47176727444766,65.92131909663198,66.17912555437124,474436,66.03202514648437,64.94037803649903,40.006513137228346,0.18827867318846359,0.16689143112935723
2023-04-06,67.27303314208984,67.58657699145365,66.01884711278592,66.01884711278592,332462,66.07877388000489,64.9935440826416,48.81091738796161,0.2894906230272909,0.19141126950894397
2023-04-07,67.39845275878906,68.283346853496,67.09884194261124,67.58657800805216,212849,66.08820419311523,65.0844962310791,60.2683754905275,0.37549367995363525,0.22822775159788225
2023-04-10,67.2103271484375,67.5865829906262,66.88981409381562,66.90374713274491,513230,66.09904136657715,65.18993278503417,68.34071360597844,0.42358869090830353,0.26729993945996655
2023-04-11,66.98039245605469,67.27303943421343,66.88981441277033,66.97342859451923,204649,66.11561508178711,65.27955230712891,77.81615302869288,0.43810037712533756,0.30146002699304075
2023-04-12,67.91407012939453,68.03948875251879,66.88981892653395,66.88981892653395,635408,66.11635856628418,65.3805467224121,81.99707702756187,0.5189587448025321,0.34495977055493904
2023-04-13,68.98707580566406,69.6768753835021,68.28333787583205,68.63172225274955,1138825,66.19339256286621,65.5096240234375,88.26329496368915,0.6619911524024502,0.4083660469244413
2023-04-14,68.98707580566406,68.98707580566406,68.98707580566406,68.98707580566406,0,66.2717788696289,65.6519472503662,88.0776546939689,0.7665095212923916,0.47999474179803137
2023-04-17,68.47148132324219,69.60721809644747,67.69110351344976,67.69110351344976,1121955,66.37873306274415,65.77111808776856,80.89403491429249,0.7985319368244319,0.5437021808033116
2023-04-18,68.92439270019531,69.25884418101923,68.56207513556818,68.56207513556818,1690580,66.54839668273925,65.87866729736328,81.76988547154416,0.8506503273620467,0.6050918101150586
2023-04-19,68.35303497314453,68.98012811005741,67.83742742320523,68.84077644226582,1145741,66.7288604736328,65.97384300231934,72.58943347430734,0.8362114092166735,0.6513157299353817
2023-04-20,69.1333999633789,69.32849437337927,67.76773377745236,68.35301700745346,3552523,66.94834251403809,66.05029472351075,72.13658207164349,0.8776207300135894,0.6965767299510233
2023-04-21,69.1333999633789,69.1333999633789,69.1333999633789,69.1333999633789,0,67.17827606201172,66.1494539642334,71.66855088492864,0.90006255422756,0.7372738948063307
2023-04-24,69.1333999633789,69.1333999633789,69.1333999633789,69.1333999633789,0,67.40368003845215,66.25577682495117,74.76639100485446,0.9073880569111168,0.7712967272272879
2023-04-25,69.1333999633789,69.1333999633789,69.1333999633789,69.1333999633789,0,67.62943305969239,66.36182922363281,73.8498452320194,0.9027868062283062,0.7975947430274917
2023-04-26,68.82683563232422,69.85108683344748,68.59690060433222,69.34941234180138,1822724,67.83219261169434,66.48945877075195,65.00691175647037,0.8644383947405032,0.810963473370094
2023-04-27,70.1490478515625,70.42211120705818,68.82683393313818,68.95618088730545,827836,68.06726951599121,66.58635864257812,71.5775298652175,0.9300178118361231,0.8347743410632998
2023-04-28,71.36346435546875,71.5718569695767,69.8256758757762,70.4221093421097,2062197,68.31882286071777,66.70132934570313,78.06158744167152,1.0676757336689775,0.8813546195844354
2023-05-01,71.36346435546875,71.36346435546875,71.36346435546875,71.36346435546875,0,68.56515045166016,66.84008865356445,80.56490742711215,1.1633601370004811,0.9377557230676445
2023-05-02,70.78140258789062,71.57185370304627,70.5083392520889,71.12632960160286,900249,68.7952651977539,66.95869140625,71.0261571667862,1.1786366067325957,0.9859318998006349
2023-05-03,70.42929077148438,71.14069619838823,70.41491584350646,70.78139975294182,548179,68.99732208251953,67.07268508911133,61.826096313424024,1.1490849027155718,1.0185625003836223
2023-05-04,70.73828887939453,71.28441555186504,70.42929370414697,70.42929370414697,2849011,69.17058486938477,67.20299591064453,63.66727202357915,1.1374862953250897,1.0423472593719159
2023-05-05,70.65925598144531,70.99699559241688,70.38618711346155,70.99699559241688,303945,69.33362503051758,67.3379434967041,68.32297342888982,1.1091316418884531,1.0557041358752233
2023-05-08,70.38617706298828,70.99698545472602,69.91909603273582,70.65924589198043,360532,69.49241752624512,67.47459335327149,62.62291928272983,1.05249270747413,1.0550618501950046
2023-05-09,68.97772979736328,70.7598425722161,68.33818256551405,70.7598425722161,869007,69.59228439331055,67.57104461669923,54.713049644736905,0.8837684874418272,1.0208031776443693
2023-05-10,68.11542510986328,68.98492190515131,67.66271353353518,68.66155727669252,357456,69.60235214233398,67.64930374145507,42.413622138932354,0.6727178728872758,0.9511861166929506
2023-05-11,67.62677764892578,69.62446501575718,67.43994196152732,69.52386244925695,506590,69.53433723449707,67.68940536499024,39.53425761044688,0.46071810251604006,0.8530925138575686
2023-05-12,67.61239624023438,68.26631834223605,67.47586733160105,68.12260197027629,301935,69.46560325622559,67.68813003540039,39.45542538280486,0.2882238326997708,0.7401187776260091
2023-05-15,67.35371398925781,67.90702810226693,67.18843521229586,67.90702810226693,276205,69.40971488952637,67.68979080200195,38.08927617691842,0.12915852626781543,0.6179267273543704
2023-05-16,67.26029968261719,67.91422190509114,66.90100320409634,67.54773796191971,1028458,69.32651023864746,67.70783004760742,39.20789914358667,-0.004389034871209674,0.49346357490925435
2023-05-17,66.87944030761719,67.79205086912293,66.82195156041544,67.79205086912293,707288,69.2528305053711,67.7239289855957,24.118259516757902,-0.13935224191892814,0.3669004115436179
2023-05-18,66.48421478271484,67.18843825908954,66.3979871407625,67.18843825908954,319829,69.1203712463379,67.72685211181641,5.620962201697338,-0.27503254866454085,0.2385138195019862
2023-05-19,66.80757904052734,66.95848288316623,66.11054308946078,66.46983951929481,145597,69.00408020019532,67.71880676269531,10.864193970788506,-0.3524050698657817,0.12033004162843261
2023-05-22,65.77281188964844,67.79205632640858,65.68658424433316,67.22437271998587,350264,68.83605079650879,67.6943913269043,10.080194002840969,-0.49155408204666173,-0.002046783106586264
2023-05-23,65.42070007324219,66.54170327369741,65.38476823428242,66.54170327369741,839154,68.65041580200196,67.66982696533204,10.080194002840969,-0.6230608993712536,-0.12624960635951973
2023-05-24,65.6578369140625,66.26145233382559,65.39195556063606,65.39195556063606,238972,68.49196586608886,67.62499969482423,9.038220455023577,-0.700075998014583,-0.2410148846905324
2023-05-25,65.42790222167969,66.82915653673597,65.39197037465563,65.57161864491567,204868,68.25590858459472,67.58462982177734,8.823515281954712,-0.7707797573353048,-0.3469678592194869
2023-05-26,64.68055725097656,65.7512592823521,64.60151158264385,65.57161103294676,668107,67.92176322937011,67.52985397338867,8.21051902201549,-0.8770078882855756,-0.4529758650327047
2023-05-29,64.65179443359375,65.74405306618192,64.45777130941356,65.0326477365197,1031742,67.58617973327637,67.4962419128418,10.290206053441395,-0.9525351342824422,-0.5528877188826522
2023-05-30,64.7883529663086,65.03267197531245,64.49372717993693,64.6733754450621,608374,67.28652725219726,67.48138656616212,14.764485727583008,-0.989960243102928,-0.6403022237267074
2023-05-31,63.89009475708008,65.31290557071854,63.67451470292709,65.03265478977676,394717,66.95956745147706,67.46431327819825,13.585782697364849,-1.0796562368682316,-0.7281730263550122
2023-06-01,63.23619079589844,64.6590075010754,63.200258949065095,64.31408041173762,502721,66.58446254730225,67.43416191101075,12.080076368982759,-1.1897903800336707,-0.8204964970907439
2023-06-02,62.833770751953125,63.44457367705853,62.51758809228147,63.236181058859415,719054,66.19318828582763,67.40014274597168,11.786477253963014,-1.294620833255422,-0.9153213643236796
2023-06-05,63.832611083984375,64.8889435649021,62.62537474613968,62.83376735306614,1475068,65.86550998687744,67.38428855895997,24.868433417911845,-1.2823198703097916,-0.988721065520902
2023-06-06,63.602664947509766,64.67336693163102,63.523619282665656,63.96196143046327,743526,65.59675674438476,67.36397506713867,25.431218670039414,-1.2764123134152072,-1.0462593150997632
2023-06-07,62.869693756103516,64.13441884487528,62.733164827790766,63.94758314845436,739831,65.33447017669678,67.32593605041504,24.20528512276327,-1.3157085127305947,-1.1001491546259297
2023-06-08,62.00737762451172,63.23617073893369,61.90677506420314,63.23617073893369,830018,65.05350017547607,67.25713340759278,18.19067033107038,-1.4002910553100278,-1.1601775347627492
2023-06-09,61.86367416381836,62.510409017022276,61.79900341971295,62.00739606588033,597755,64.76606407165528,67.16775894165039,20.626579016614116,-1.4620652202317288,-1.2205550718565452
2023-06-12,61.087589263916016,62.35949639499547,60.721105318040564,61.86366549660098,2312352,64.45275783538818,67.06077247619629,19.39107616640878,-1.5557119771257675,-1.2875864529103898
2023-06-13,61.84929275512695,62.948739051760434,61.43969500770607,61.691201434643645,706924,64.18220748901368,66.97417617797852,24.952847821014885,-1.5505903602695028,-1.3401872343822123
2023-06-14,62.91999816894531,63.164322627550966,62.014574981719356,62.34512708724412,794049,63.98423538208008,66.90481307983399,35.14894159169212,-1.4434947543906915,-1.3608487383839083
2023-06-15,62.53915023803711,63.59548286450062,62.46010456650381,63.23618635114186,670411,63.78698215484619,66.81013542175293,36.74383413551796,-1.3735188895222876,-1.3633827686115843
2023-06-16,61.597782135009766,62.84094473885854,61.087581851545,62.84094473885854,1079559,63.526492309570315,66.69412200927735,33.01368892253468,-1.378136748462083,-1.366333564581684
2023-06-19,59.614471435546875,62.15829117746408,59.283919331107356,62.15829117746408,1698074,63.21857528686523,66.54220489501954,26.127260540741474,-1.5242622863525526,-1.3979193089358577
2023-06-20,60.16059494018555,60.64923830285151,59.499490826704665,59.499490826704665,831538,62.9555700302124,66.40580894470214,32.21378978613599,-1.5778121884738852,-1.4338978848434631
2023-06-21,59.83724594116211,60.53428213602634,59.499511784231004,60.18217304671413,577146,62.664540481567386,66.2442724609375,33.2625147037884,-1.6275806964571586,-1.4726344471662025
2023-06-22,59.880348205566406,60.31869031706084,59.226426029182356,59.226426029182356,93816,62.38716278076172,66.06213790893554,34.922859893687956,-1.6445868318025987,-1.5070249240934819
2023-06-23,59.63602066040039,60.146220939474766,59.42762807050886,59.42762807050886,225761,62.13493595123291,65.87511680603028,26.78840972340906,-1.6586595131628101,-1.5373518419073475
2023-06-26,62.42417526245117,62.589448580645914,60.002514902876065,60.36181139930047,1585797,62.023554992675784,65.75417068481445,44.91945701238404,-1.428366124171319,-1.515554698360142
2023-06-27,62.06488800048828,63.58830186323742,61.080413480133586,62.51759967966614,1988931,61.88738174438477,65.61698059082032,46.41492248687723,-1.2603202462955778,-1.4645078079472291
2023-06-28,62.06488800048828,62.06488800048828,62.06488800048828,62.06488800048828,0,61.79612140655517,65.4912176513672,50.27750433117333,-1.1142977465775914,-1.3944657956733018
2023-06-29,62.06488800048828,62.06488800048828,62.06488800048828,62.06488800048828,0,61.737556266784665,65.34984741210937,50.984569656058596,-0.9871941043873989,-1.3130114574161211
2023-06-30,62.06488800048828,62.06488800048828,62.06488800048828,62.06488800048828,0,61.69911212921143,65.20847717285156,55.17512060461281,-0.8763614034761389,-1.2256814466281247
2023-07-03,66.72135162353516,66.72135162353516,66.72135162353516,66.72135162353516,1280696,61.84354915618896,65.16023620605469,68.2651431186494,-0.4080838541604308,-1.062161928134586
2023-07-04,69.29391479492188,71.14069836136936,67.55492126187133,71.14069836136936,7229734,62.12811164855957,65.16344650268555,71.47705561645357,0.16866950845292195,-0.8159956408170844
2023-07-05,69.84004974365234,71.0688430158119,68.63281338255065,69.68195841932263,1813009,62.476629447937015,65.18371078491211,74.32954419200169,0.6621859621546733,-0.5203593202227329
2023-07-06,71.13350677490234,71.57903632865732,68.98491562539958,69.39451334262824,2716543,62.932935905456546,65.2033999633789,81.0483026564039,1.1444796310844794,-0.18739152996129047
2023-07-07,70.7311019897461,71.78024700476792,69.92627593822037,69.92627593822037,563674,63.37630729675293,65.19075271606445,90.34966894019324,1.4772018716741826,0.1455271503658042
2023-07-10,70.78140258789062,71.10476720877237,69.8831614382981,69.8831614382981,552268,63.86099796295166,65.17911148071289,89.98935122931971,1.7250600637639764,0.46143373304543867
2023-07-11,74.44622039794922,75.3803933239589,70.43647085881746,70.43647085881746,2768436,64.49084434509277,65.25240783691406,93.94730301055817,2.191942289551079,0.8075354443465668
2023-07-12,79.38297271728516,79.81412743779983,75.45226797510747,75.45226797510747,5297599,65.31399307250976,65.43148147583008,95.32402826980429,2.926568807712499,1.2313421170197532
2023-07-13,78.6284408569336,81.581858379515,78.05356977481213,79.72788721538973,3276575,66.11845760345459,65.58928451538085,93.1158547389216,3.408589107352654,1.6667915150863335
2023-07-14,80.18778991699219,80.84171217593703,78.32663668601899,78.32663668601899,1920209,67.0479579925537,65.7798551940918,92.70908178076635,3.8717885365642672,2.1077909193819204
2023-07-17,79.51231384277344,81.55311526181248,78.97336911109954,81.12914803779509,1298464,68.04285011291503,65.9623779296875,91.32061903170143,4.136686994709024,2.5135701344473413
2023-07-18,80.99978637695312,82.45852897531925,79.15300298434114,80.1015453205771,2743513,69.08480968475342,66.2028190612793,91.8918800306935,4.415745567267436,2.8940052210113603
2023-07-19,81.35189819335938,81.91239975503642,80.41054328759041,80.84169791330902,1254336,70.16054229736328,66.46754852294922,92.01626942140574,4.6121480061388525,3.2376337780368587
2023-07-20,81.7830581665039,82.26451958775833,81.24411347850935,81.56029611651007,897458,71.25567779541015,66.75067413330078,92.16348174269852,4.747858997344352,3.5396788218983577
2023-07-21,85.03829193115234,85.87186243235472,81.9196009814932,81.9196009814932,4292178,72.52579135894776,67.09919204711915,91.66394210178142,5.059755384815276,3.8436941344817415
2023-07-24,86.71260833740234,87.38089998768866,84.15441923767058,84.9736147467404,1814363,73.7402130126953,67.48636993408203,91.30879090299513,5.380021323249011,4.1509595722351955
2023-07-25,87.07191467285156,88.81809592584011,85.55568296631942,86.71261816386156,2269346,74.99056434631348,67.88260223388671,91.23108641895077,5.598293759627538,4.440426409713664
2023-07-26,88.56656646728516,89.02646544077255,86.3748561386123,87.6683254280632,2359953,76.31564826965332,68.31634475708007,91.31470899440286,5.824738190424469,4.717288765855826
2023-07-27,88.56656646728516,88.56656646728516,88.56656646728516,88.56656646728516,0,77.64073219299317,68.75799179077148,93.09024042633666,5.935773135459954,4.960985639776652
2023-07-28,88.56656646728516,88.56656646728516,88.56656646728516,88.56656646728516,0,78.965816116333,69.19317153930665,93.07340525978333,5.955122187718985,5.159812949365119
2023-07-31,94.76085662841797,95.21357373303563,90.21935451133125,90.21935451133125,5554674,80.36779136657715,69.77293243408204,93.82943084356198,6.396548470146556,5.407160053521406
2023-08-01,94.35125732421875,95.56568117434482,92.8781395713152,94.9261338820419,1767806,81.62065849304199,70.35154357910156,90.13483132276258,6.6368255449881985,5.6530931518147645
2023-08-02,95.07701873779297,96.93817159768469,93.41707099978919,94.1715956892973,2698878,82.88250694274902,70.93992721557618,94.17212958235433,6.807338972286146,5.8839423159090405
2023-08-03,92.05176544189453,95.35728658239674,91.26130877522078,94.135680705149,2406114,83.92841987609863,71.47240447998047,79.53495739654545,6.622024853575709,6.031558823442374
2023-08-04,93.05778503417969,93.73326414710623,89.14145573343484,91.97270816781298,2278521,85.04475402832031,72.03994903564453,83.1750040547742,6.481623333701961,6.121571725494292
2023-08-07,96.45674133300781,98.54784972493486,92.33920625647885,92.6985027788776,4242459,86.32852096557617,72.67604797363282,84.61546610169492,6.568899302554087,6.2110372409062515
2023-08-08,95.2351303100586,98.4831737708202,94.86145887637757,96.15492848153565,1837016,87.36796646118164,73.28498352050781,79.92571291557894,6.464968207344796,6.2618234341939605
2023-08-09,96.2267837524414,97.0028654476624,94.24346020970168,94.92613227831609,1899207,88.21015701293945,73.93171730041504,80.39932790208334,6.388972117244464,6.287253170804061
2023-08-10,93.92727661132812,98.08792440438368,91.98706713693842,96.47109048563011,3988784,88.97509880065918,74.54553901672364,69.49259560531266,6.073185754857747,6.244439687614799
2023-08-11,95.12014770507812,98.792158211684,92.77753857577014,93.41708587896254,5907832,89.72171669006347,75.19126655578613,68.83453160683503,5.851722501151826,6.165896250322205
2023-08-14,95.12014770507812,95.12014770507812,95.12014770507812,95.12014770507812,0,90.50210838317871,75.817017288208,68.32461078584919,5.611525108634055,6.055022021984575
2023-08-15,95.19918060302734,96.28426285714903,93.81230162333527,96.28426285714903,765778,91.21207809448242,76.44894760131837,66.14202381447525,5.365691882895177,5.917155994166696
2023-08-16,94.97643280029297,95.86029909506235,94.45186299533246,95.10578523835068,1072360,91.8933048248291,77.09108238220215,65.43259177402598,5.094170962421302,5.7525589878176175
2023-08-17,94.07817840576172,95.21355647039915,92.33918495431163,94.49496359137727,2000034,92.508060836792,77.73249839782714,62.7197554149171,4.751732044965806,5.552393599247255
2023-08-18,93.43863677978516,94.49496925241908,93.30929531694402,94.13567279138326,530774,92.92807807922364,78.36399765014649,45.896482225492925,4.378271087679579,5.31756909693372
2023-08-21,92.51885223388672,93.41709351771085,91.91523672272315,92.73443233497639,1184294,93.21839027404785,78.9926229095459,44.487679173320565,3.962405518193563,5.046536381185689
2023-08-22,91.98486328125,93.43105296307773,90.85016417684595,93.43105296307773,674116,93.46403770446777,79.59533432006836,40.58946480722909,3.548831887551799,4.746995482458911
2023-08-23,92.0219497680664,92.7042517026253,90.56092985591808,92.251854501659,2035400,93.63680686950684,80.17737335205078,49.88908730316402,3.1873229008115374,4.435060966129436
2023-08-24,93.49779510498047,95.67078288045441,91.29514129148765,92.70424697718451,2260232,93.8833683013916,80.79654624938965,51.58153200166509,2.9854978480388183,4.1451483425113125
2023-08-25,94.15043640136719,94.4841751046803,92.33343531901929,93.18631557208364,1914720,94.16256179809571,81.4475993347168,39.67131851175581,2.845412592751572,3.885201192559365
2023-08-28,93.21598052978516,94.03919473356255,92.70425125224287,93.46071545284505,1491287,94.08531799316407,82.11962951660156,40.71861033411797,2.628689344947304,3.6338988230369527
2023-08-29,92.36310577392578,93.44589081389418,92.14803121925677,93.44589081389418,292897,93.98591041564941,82.76367973327636,32.0103812767578,2.360899761784836,3.3792990107865295
2023-08-30,90.79824829101562,92.6819992769879,89.73771147453333,91.82170114525422,652749,93.77197189331055,83.38289978027343,34.361086664399096,1.9993563317611773,3.103310474981459
2023-08-31,86.75636291503906,90.77601853694152,85.2879248497486,90.77601853694152,7393117,93.50720176696777,83.9204200744629,17.463678303380846,1.3708815194794397,2.7568246838810553
2023-09-01,85.87380981445312,86.99367884667355,85.28791821900586,86.99367884667355,1117695,93.14800300598145,84.44517585754394,16.341581007206386,0.792461045770608,2.363951956258966
2023-09-04,86.12594604492188,87.51280352761452,85.70321493217652,86.7637516758314,792829,92.63146324157715,84.91921127319335,17.382771038405735,0.35036514833504384,1.9612345946741816
2023-09-05,85.7625503540039,87.29031449513582,85.51039752451217,87.20132204153548,477143,92.15783424377442,85.39316452026367,17.208751703801866,-0.02898787654767432,1.5631901004298103
2023-09-06,85.93313598632812,86.58577188736415,85.47332085669137,85.66614728630917,1516556,91.64315185546874,85.87052947998046,19.429262931584972,-0.312263468090336,1.1880993867257812
2023-09-07,86.77117156982422,88.20994323383395,86.03695554853442,86.84533383268474,1268122,91.28534660339355,86.36465515136719,25.34244488208971,-0.46379263465438214,0.8577209824497485
2023-09-08,88.89967346191406,89.2927385935994,86.77118175289712,88.2322017014019,2190543,90.97432289123535,86.9013508605957,37.713975216247896,-0.4074316582668587,0.6046904543064271
2023-09-11,89.05541229248047,90.4793482179379,87.92071317506226,89.14440475143506,2166855,90.67108612060547,87.34803207397461,39.793275883976335,-0.3462074918979283,0.41451086506555607
2023-09-12,88.26927185058594,89.51521713565722,88.12094732116573,89.51521713565722,526122,90.3245906829834,87.72753921508789,37.573624112683234,-0.35700651370419223,0.2602073893116064
2023-09-13,88.61783599853516,88.85515862789737,88.25443696005944,88.29893318487179,101505,90.00666084289551,88.10309494018554,32.53710577671775,-0.33359314846012467,0.1414472817572602
2023-09-14,88.30636596679688,89.69322367505104,88.21736784397959,88.88483961956231,186316,89.71807022094727,88.44655212402344,28.563616743569597,-0.3362943246786756,0.04589896047007305
2023-09-15,86.9120864868164,88.99607612545775,86.25203270821005,88.40276668800077,2273577,89.39174270629883,88.77017181396485,27.63151767953228,-0.4458027907779183,-0.05244138977952521
2023-09-18,86.31137084960938,87.14200304323562,86.10371421575755,86.93434640938379,181429,89.08136863708496,89.08077117919922,28.13499407625723,-0.5744399840997971,-0.15684110864357959
2023-09-19,86.72669219970703,87.1420054790195,86.11113454771245,86.61544595468575,578530,88.8184600830078,89.32638061523437,33.956764459195,-0.6355467374456083,-0.2525822344039853
2023-09-20,86.30394744873047,87.13457387697831,85.99987480394819,86.40035782823261,424669,88.53255996704101,89.46480010986328,47.50602895073967,-0.709902929034385,-0.34404637333006527
2023-09-21,86.75636291503906,87.26808661654839,85.2879248497486,86.28912979242787,1028936,88.19548835754395,89.6273585510254,55.10734078137307,-0.7239790199578522,-0.42003290265562265
2023-09-22,86.80084991455078,87.12717070726939,85.88863754318689,86.77118387355648,1227791,87.82800903320313,89.75961975097657,54.001851163219946,-0.7232080026866043,-0.480667922661819
2023-09-25,86.7785873413086,87.67596371356576,86.39293453084998,86.80825337736063,546928,87.50613937377929,89.90494522094727,56.27860576424419,-0.7161381744542439,-0.527761973020304
2023-09-26,85.97021484375,87.2087423078693,85.88122238198532,86.77859887349672,503450,87.18649482727051,90.0043537902832,50.21238770983119,-0.7669235718044689,-0.575594292777137
2023-09-27,85.90347290039062,86.73409941059492,84.91709826130429,86.02954933022967,1556672,86.94175605773925,90.09538528442383,44.54809455830511,-0.8032969746482053,-0.6211348291513508
2023-09-28,85.90347290039062,85.90347290039062,85.90347290039062,85.90347290039062,0,86.89911155700683,90.17779357910156,24.300309403024926,-0.8226402734614027,-0.6614359180133611
2023-09-29,85.90347290039062,85.90347290039062,85.90347290039062,85.90347290039062,0,86.90059471130371,90.19509719848632,22.222341754534114,-0.8284204617228994,-0.6948328267552688
2023-10-02,86.49677276611328,87.43865112977609,84.95417832169338,85.28049343932261,942555,86.91913604736328,90.19078048706055,33.82955413906339,-0.7761796460100356,-0.7111021906062222
2023-10-03,86.98625183105469,87.46089713453435,86.39294237259594,86.77117729381885,446477,86.98032112121582,90.18906723022461,35.48823139028791,-0.6873581168834448,-0.7063533758616667
2023-10-04,88.54368591308594,89.07024539256923,87.14199805657803,87.4312348740658,2209795,87.11084861755371,90.18860961914062,51.72783465756591,-0.48569570299676457,-0.6622218412886863
2023-10-05,89.10733795166016,89.73772580292948,88.54369445322469,88.54369445322469,1175497,87.2276569366455,90.19942504882812,68.18186413774278,-0.2771993961281112,-0.5852173522565713
2023-10-06,89.67837524414062,90.47934126246922,89.3817205345873,89.70062335716898,758946,87.26659202575684,90.22166122436523,78.0245166894849,-0.06513578882655224,-0.48120103957056753
2023-10-09,89.91570281982422,90.33102169930237,88.25444427656645,88.9960782620838,461753,87.30960655212402,90.12475814819337,77.3535047352798,0.12068531454205811,-0.36082376874804245
2023-10-10,92.54109191894531,93.4458863267895,89.84896246887028,90.10853324368988,1695875,87.523197555542,90.0885548400879,88.82733622288904,0.4743290665180808,-0.19379320169481784
2023-10-11,93.06764221191406,93.77961012041986,92.14801770403797,92.77840542590289,712220,87.74568786621094,90.04836730957031,88.92951733407124,0.7879989346960343,0.0025652255833525928
2023-10-12,92.43726348876953,93.62387678512874,91.59180116147493,93.44588620522948,496916,87.95223274230958,90.05607727050781,82.4232752960673,0.9744850137903427,0.1969491832247506
2023-10-13,95.21839904785156,95.55955570377431,91.77721737041824,92.19253064445431,1951060,88.36754837036133,90.09928955078125,86.85250443240261,1.3313440660697466,0.4238281597937499
2023-10-16,94.49900817871094,95.55955074225271,93.81670621872902,94.92173935589742,671870,88.77693023681641,90.06013488769531,87.53270177059608,1.5383751736954707,0.6467375625740941
2023-10-17,95.16647338867188,97.51745163966933,94.9291450940475,95.67077904009474,1551332,89.19891929626465,90.05876174926757,88.71669704595925,1.7362927799096894,0.8646486060412132
2023-10-18,96.17508697509766,96.34567093457274,94.70665489565974,95.29996432987225,1077660,89.69247627258301,90.0577278137207,89.59406642335551,1.9520288226709255,1.0821246493671557
2023-10-19,98.37774658203125,99.37895701887075,96.18992852288827,96.22701248655582,4569550,90.27354545593262,90.14673721313477,91.1046115818996,2.274518182963803,1.3206033560864852
2023-10-20,98.6002426147461,99.3715483477626,98.0885133203565,98.63732657975527,1309901,90.86351509094239,90.21633911132812,90.88178903858245,2.519009323319068,1.5602845495330018
2023-10-23,99.06747436523438,100.12059332220662,98.563157343953,99.0081422852932,1675210,91.47795944213867,90.29528564453125,90.86806473192163,2.7191276005786023,1.792053159742122
2023-10-24,98.88947296142578,99.9722635600441,98.26650312923051,99.9722635600441,700292,92.12392234802246,90.36909149169922,88.5998546004387,2.830728673334775,1.9997882624606529
2023-10-25,99.0897216796875,100.5655774506469,98.63732447567541,98.67440843989353,1510789,92.78323478698731,90.45135726928712,88.28210078137664,2.901880651756244,2.1802067403197714
2023-10-26,100.86222839355469,102.23425587989486,99.0081433127908,99.08231124259628,1277251,93.5311725616455,90.58703826904296,89.2708153618812,3.065953185793745,2.357356029414566
2023-10-27,102.02660369873047,102.93881042958427,99.83136188828576,99.83136188828576,1387699,94.3373291015625,90.75879760742187,89.92663600107852,3.2524450452298055,2.536373832577614
2023-10-30,104.53550720214844,105.1665775496851,102.73463331026102,103.05016261240588,937360,95.23926582336426,90.99913070678711,89.84866888232348,3.5616324505281085,2.741425556167713
2023-10-31,105.76686096191406,107.74475241078443,104.58936567859874,105.4359362876962,1512563,96.17829627990723,91.27477066040039,90.30279785841023,3.8615125414920897,2.9654429532325883
2023-11-01,105.4436264038086,106.9751453015212,105.05113189681758,106.20553993963975,1135954,97.02329330444336,91.54320419311523,92.09828373873317,4.0266703968259066,3.177688441951252
2023-11-02,104.01216125488281,106.58265212041043,103.62735856915518,105.52059294996342,797885,97.76853446960449,91.75349151611329,81.18809684356813,3.9959886431494738,3.341348482190896
2023-11-03,108.97612762451172,110.36140792814199,103.9736926031354,105.35897290676567,5199507,98.73342208862304,92.05000534057618,89.46327475645654,4.322397821257724,3.5375583500042618
2023-11-06,109.16084289550781,110.65387946622774,107.26761991408323,109.29937799401957,1179922,99.69567909240723,92.36890258789063,89.17846689073849,4.543608534313648,3.738768386866139
2023-11-07,109.82269287109375,111.24646761854338,108.5143659844694,108.5143659844694,2203138,100.55975914001465,92.71809432983399,88.96419679672746,4.7179399054519,3.9346026905832914
2023-11-08,112.13153839111328,112.72413801669492,109.66880271390713,109.82272149187314,9764905,101.51295394897461,93.14476013183594,89.03070647008313,4.984940025115023,4.144670157489638
2023-11-09,112.13153839111328,112.13153839111328,112.13153839111328,112.13153839111328,0,102.4976676940918,93.65226364135742,88.89041408285165,5.1373197197215745,4.343200069936025
2023-11-10,115.14836120605469,117.90355006726104,112.13150931582939,112.2084745564806,3590067,103.49416580200196,94.23775466918946,90.31047276621787,5.438818796520081,4.562323815252837
2023-11-13,113.73998260498047,116.18733400624524,112.59327801713133,115.44081579133484,1336903,104.45621452331542,94.79003540039062,85.0633793378747,5.500705890831853,4.750000230368641
2023-11-14,112.03914642333984,113.88619453572677,110.97708729993234,113.88619453572677,1613067,105.29984817504882,95.31556732177734,78.55157176822537,5.35082758395572,4.870165701086057
2023-11-15,112.06993865966797,112.36239248012649,110.03048897290964,112.03915960957876,3545898,106.09459075927734,95.83830337524414,76.7671879253501,5.1748798286577795,4.9311085266004016
2023-11-16,112.06224822998047,112.70871397913507,110.82318300581062,111.59278844335097,2234847,106.7788158416748,96.34412490844727,75.36963047367475,4.977442552154045,4.940375331711131
2023-11-17,111.04635620117188,112.71641022619119,110.63077445892843,112.24695047006172,873703,107.4011215209961,96.78705856323242,67.80297751716691,4.684992415248686,4.889298748418642
2023-11-20,112.35469818115234,113.49371090134046,110.0612656012002,112.31621556195243,1308109,108.06548271179199,97.25304428100586,67.93796712969176,4.5068437489508995,4.812807748525094
2023-11-21,112.9088134765625,114.66351285027665,112.36238847516852,112.36238847516852,1297930,108.76644973754883,97.74583511352539,70.07449381748502,4.360111469873388,4.722268492794753
2023-11-22,117.97278594970703,118.75009478332917,113.1319739980428,113.51677663068921,2730894,109.71060295104981,98.33293411254883,81.4057568304651,4.599426018654697,4.697699997966742
2023-11-23,124.69914245605469,125.4456605163786,117.36480508434194,117.74960772396274,3188282,110.9024486541748,99.06078964233399,82.77183480242411,5.271083508734392,4.812376700120272
2023-11-24,123.58323669433594,127.75449655831545,123.14455597903401,125.06087765497747,1908471,111.98028030395508,99.79421264648437,78.93761970775388,5.648223435825145,4.979546047261247
2023-11-27,121.6361312866211,124.29126746904434,115.05600301314013,121.97475952892361,8995965,112.8353115081787,100.5007078552246,72.54038067992741,5.724011569131804,5.128439151635359
2023-11-28,122.45188903808594,123.89104706532002,120.0815035123073,121.72845824046756,4241449,113.6695629119873,101.21521179199219,70.88128082117981,5.783233527604224,5.259398026829132
2023-11-29,120.46633911132812,124.52216308599996,120.44325188748677,122.75976004446308,5217781,114.42069854736329,101.89845962524414,65.60969246108576,5.605335255582247,5.328585472579755
2023-11-30,119.16569519042969,123.90646718818275,117.3648214049557,122.98294307331759,2247161,115.17837524414062,102.54664627075195,58.04067000696932,5.2983227324667865,5.322532924557162
2023-12-01,119.38887023925781,120.0584230716267,118.13440988137627,119.48121911455158,1175094,115.69901237487792,103.1984066772461,61.869338542683614,5.015209246941339,5.261068189033998
2023-12-04,119.5582275390625,120.28935046688314,117.74964978944149,117.74964978944149,978128,116.21888160705566,103.85399948120117,66.88568889887958,4.749753289355198,5.158805209098238
2023-12-05,123.22920989990234,124.29896091021409,119.98147425125161,119.98147425125161,3005900,116.88920745849609,104.59917938232422,71.53896448135713,4.780488630124168,5.0831418933034245
2023-12-06,128.23165893554688,128.75499675870523,122.99064759311273,123.22922340855726,5155029,117.69421348571777,105.44574310302734,76.16442962879928,5.149146285933327,5.096342771829405
2023-12-07,133.88824462890625,134.48853586670572,126.97719182498065,128.44712912904322,3257556,118.78204879760742,106.40543853759766,82.13519499873131,5.830538507066805,5.243181918876886
2023-12-08,134.7117156982422,137.74396266519375,133.1417259465937,133.91133129888615,3868344,119.7602165222168,107.38160339355468,81.88809704915464,6.363637927935301,5.467273120688569
2023-12-11,130.6251220703125,135.365894182322,127.75449719847978,133.21870026993025,1494980,120.6044734954834,108.26417037963867,72.95577874464638,6.382792251140614,5.650376946778978
2023-12-12,130.64820861816406,131.56404092407703,130.14027797848036,130.98683687345087,624253,121.53492660522461,109.13740951538085,68.89202481194886,6.326902488225343,5.785682055068252
2023-12-13,126.76171875,133.14174275911614,121.03585232698897,131.60253186016683,1253621,122.2695156097412,109.90177017211914,53.35846223261102,5.900979379783209,5.808741520011243
2023-12-14,123.7294692993164,128.13930516182126,123.1522652220109,126.76171659768082,1208938,122.85287666320801,110.59421279907227,50.22412159698712,5.258142465367655,5.698621709082526
2023-12-15,122.29801177978516,125.02241005950818,120.82806246894901,124.676089936113,2595594,123.41545944213867,111.24660552978516,51.03071446901941,4.580383115303192,5.47497399032666
2023-12-18,119.00407409667969,124.98389896323229,117.74961367032726,123.13685089707427,1279721,123.74792823791503,111.82837295532227,45.01559584052096,3.7344127197023482,5.126861736201798
2023-12-19,119.49665832519531,121.9824809903914,116.71838179000598,118.5192559780459,2375339,124.07732048034669,112.36748428344727,48.53491836681058,3.068352459672141,4.715159880895867
2023-12-20,117.49565124511719,121.50530041770607,115.51777153696202,121.47450962647436,1278692,124.05346374511718,112.85604446411133,47.529040234146066,2.3519188995890232,4.242511684634499
2023-12-21,117.2262954711914,118.12673234394967,114.67120000873534,117.90354021066794,727262,123.67982139587403,113.35182510375977,46.80466922560972,1.7423209899276486,3.742473545693129
2023-12-22,116.0949935913086,118.13444345528967,115.82562697082146,118.13444345528967,342332,123.30540924072265,113.76935699462891,45.02431103391444,1.1546139763854626,3.224901631831596
2023-12-25,116.0949935913086,116.09499359130858,116.09499359130858,116.09499359130858,0,123.02835235595703,114.20127670288086,38.54146192504264,0.6810017694633927,2.716121659357955
2023-12-26,114.33258819580078,116.09499132069415,112.36240004650767,116.09499132069415,992469,122.62238731384278,114.58459899902344,25.08280978546459,0.1615866268547279,2.2052146528573098
2023-12-27,121.57456970214844,122.36726234897449,112.47782795869261,115.42541814018772,1173850,122.67779884338378,115.09258865356445,29.11231567079112,0.3305039244414303,1.830272507174134
2023-12-28,124.70685577392578,127.75449837199712,122.35956866229061,122.35956866229061,2399892,122.9548568725586,115.61917083740235,34.26153401907641,0.708949084408232,1.6060078226209538
2023-12-29,124.18351745605469,125.95361207706712,123.13685372962308,124.67606440124337,694657,123.19458923339843,116.13083633422852,38.587408753500235,0.9556247247297449,1.475931203042712
2024-01-01,126.47695922851562,127.98539110609528,124.18353823221608,124.67608525980889,603653,123.5405258178711,116.67902603149415,43.16005550682,1.320951425067065,1.4449352474475827
2024-01-02,127.83914947509766,130.05561671578187,126.21528166203312,127.73909701838046,1194684,123.77102279663086,117.25801956176758,51.926216684612015,1.7007872193599098,1.4961056418300482
2024-01-03,126.1229476928711,129.239840439699,125.42260389950464,128.52411299213037,936862,123.66558723449707,117.79868408203124,54.490327670625526,1.8420921898748759,1.5653029514390138
2024-01-04,125.59960174560547,126.98489384529438,124.49907163570468,126.21528842805017,249269,123.25115509033203,118.29343154907227,56.41250345263342,1.890060314116127,1.6302544239744363
2024-01-05,125.31482696533203,126.59237452622249,124.6760531848868,126.2075718929358,520864,122.78131065368652,118.7591960144043,63.87941683706292,1.8833859524700216,1.6808807296735535
2024-01-08,125.2379150390625,126.6001202287215,124.67610624348256,126.6001202287215,174594,122.51195030212402,119.17324417114258,62.86207806556238,1.8505582396549016,1.7148162316698232
2024-01-09,124.16814422607422,125.83049486654376,122.9521661692445,124.98392414873587,214549,122.18794708251953,119.54126983642578,65.59918980535994,1.7184116962177427,1.7155353245794074
2024-01-10,121.38214874267578,124.9838959065716,120.06611851387082,124.06037189607869,779204,121.91896858215333,119.86004028320312,58.69281850974966,1.3730503863452412,1.6470383369325743
2024-01-11,122.54427337646484,125.0608865037574,120.82805649901483,122.14408699479088,1362772,121.85970878601074,120.23068252563476,63.47261774754253,1.1795259646522993,1.5535358624765194
2024-01-12,123.82948303222656,126.13829883824629,122.02860952190986,123.90644825639167,1352892,121.93628234863282,120.52774963378906,65.33405250976136,1.1169862225929137,1.4662259344997983
2024-01-15,124.10657501220703,126.21529824707487,123.52167907716779,124.67608729284225,597573,122.19140739440918,120.82666427612304,70.59010913065141,1.0773628649939155,1.3884533205986218
2024-01-16,123.20613861083984,124.6760878976421,123.13687693594282,123.90648241679247,397173,122.3768814086914,121.09433319091796,54.69027099889417,0.9622115999284375,1.303204976464585
2024-01-17,126.51541137695312,126.68472547783536,123.13684467102176,124.29125258981259,2778728,122.8278694152832,121.38201065063477,55.1466836651615,1.1250155690408263,1.2675670949798334
2024-01-18,126.38459777832031,126.90792380549112,124.6837647035226,126.55391190316881,5414426,123.28578453063965,121.6670718383789,56.40683988452143,1.2293125732232397,1.2599161906285148
2024-01-19,126.87714385986328,128.52409890908822,126.59239362610708,126.97719631745166,909282,123.82489204406738,121.90164749145508,51.30127073169158,1.3363089155038068,1.275194735603573
2024-01-22,126.92333221435547,127.62367600773744,126.29995366497606,127.36970479442593,1837901,124.36630897521972,122.16531448364258,46.743340340169794,1.4085939080705288,1.3018745700969643
2024-01-23,129.50918579101562,130.448105246111,126.90791598166167,128.508696499476,2064458,125.12513885498046,122.51471527099609,61.34012690162084,1.6554540148228085,1.3725904590421334
2024-01-24,130.6251220703125,131.29468675790494,129.1013066568975,129.84013301254367,1107720,125.57766647338867,122.88581893920899,66.18741279088341,1.9190179154436038,1.4818759503224275
2024-01-25,133.08016967773438,134.27306044406092,130.83292322910643,130.83292322910643,8505529,125.9963321685791,123.30617736816406,71.94442803470164,2.2994889525283924,1.6453985507636204
2024-01-26,131.10227966308594,133.90364274413665,130.83291308590478,132.41829827143815,861328,126.34227027893067,123.70729583740234,64.96455949736941,2.4135933940612944,1.7990375194231552
2024-01-29,128.05465698242188,130.80984604518878,127.600592561804,129.70161226091966,435690,126.42115516662598,124.02129501342773,59.00822248999024,2.2323709233681654,1.8857042002121573
2024-01-30,123.59862518310547,129.29370013459277,123.13685727104074,128.29321082061642,461285,126.20912895202636,124.2350912475586,54.7682432680844,1.7094804575136209,1.8504594516724502
2024-01-31,123.99882507324219,127.74681156167507,123.14456256278179,124.2143136575703,977142,126.10292282104493,124.35561203002929,53.23519260197718,1.312251958891892,1.7428179531163388
2024-02-01,127.4081802368164,128.9089084643188,124.68377046081497,125.29176532173058,1005572,126.19335174560547,124.40979278564453,57.27250767690367,1.2580499635173368,1.6458643551965386
2024-02-02,129.1705780029297,129.67852042654062,126.98490130788845,128.5164204057769,897500,126.38613929748536,124.52153961181641,59.705025273312934,1.3418373961928438,1.5850589633957999
2024-02-06,129.7093048095703,130.84062582536572,129.25524038642735,130.06332850388807,1884705,126.60970878601074,124.68300308227539,62.63836273298925,1.435166584189787,1.5550804875545974
2024-02-07,131.27928161621094,132.71074803262303,130.6405077684482,130.8252172794595,846847,126.96526565551758,124.8595509338379,59.92945177073448,1.617172883187905,1.567498966681259
2024-02-08,131.27928161621094,131.27928161621094,131.27928161621094,131.27928161621094,0,127.46012229919434,125.07580978393554,60.258048547433624,1.741341090286852,1.6022673914023777
2024-02-09,129.23216247558594,130.83294342789355,123.90649348171094,127.03109013406907,1148046,127.7945167541504,125.27713912963867,54.63361121060199,1.6554765793283366,1.6129092289875695
2024-02-12,128.4471435546875,130.8252332950055,125.83048974954924,128.9089115171223,2231336,128.02539978027343,125.45830459594727,52.91346613620205,1.5067153923879886,1.5916704616676534
2024-02-13,130.5251007080078,131.21774097774647,124.69148946532056,127.36971338309115,2491967,128.34632606506347,125.67764205932617,51.980859928666554,1.5387570229145382,1.5810877739170306
2024-02-14,130.00177001953125,131.9873537770878,129.6785370929405,130.90991068845196,603754,128.68610763549805,125.81309326171875,48.75581782775514,1.5045779944980353,1.5657858180332316
2024-02-15,130.24034118652344,134.68866023207437,128.14701319529377,130.8175453368276,5071966,128.87235412597656,125.85326690673828,43.78163294490605,1.479684683624086,1.5485655911514027
2024-02-16,129.08590698242188,131.60251986085237,128.13929565398783,130.83291448154912,1081197,129.00741958618164,125.75722015380859,45.41957135409734,1.3512272564455259,1.5090979242102276
2024-02-19,129.07052612304688,129.87091056781418,126.98489033297385,128.51640929849782,713794,129.11708869934083,125.64439636230469,52.676368314204744,1.233958408689432,1.4540700211060684
2024-02-20,127.45437622070312,129.98637332540062,127.06188161587734,127.84687082552892,425981,129.1436408996582,125.5809814453125,61.94572833153928,0.999095263295402,1.363075069543935
2024-02-21,130.01715087890625,130.37116282133323,128.44714913304173,129.67852259084734,935668,129.16903915405274,125.56836029052734,66.44244101361778,1.0081378399140704,1.2920876236179621
2024-02-22,134.98878479003906,135.79687282262057,129.3014012557129,129.3014012557129,1880159,129.38722229003906,125.73290161132813,69.08177120042096,1.4003313063590497,1.3137363601661796
2024-02-23,140.03741455078125,140.76083381824466,135.25815948117435,135.25815948117435,2582739,129.7350845336914,126.05906051635742,73.47078942667744,2.0943868942442805,1.4698664669818
2024-02-26,141.94602966308594,144.67042776192116,140.07588233172473,140.8377959472048,1982115,130.27727203369142,126.45202087402343,74.95295335910527,2.766549179816934,1.729203009548827
2024-02-27,141.78440856933594,142.68484553540117,140.1066743274145,141.6074026041899,1767204,130.9637596130371,126.90762756347657,72.72731474206698,3.2487515763645263,2.033112722911967
2024-02-28,141.69976806640625,143.30054899653044,141.22261639012115,142.3462456439602,3097288,131.86881675720215,127.35168975830078,72.46193669766112,3.5827707178548565,2.3430443219005452
2024-02-29,144.60116577148438,146.14806847959503,141.79980243729696,142.23077960513393,1627314,132.89893379211426,127.89380004882813,81.95198302700693,4.035087859679919,2.6814530294564203
2024-03-01,150.23468017578125,151.61226871945223,143.91621446973383,146.2173389179685,2838550,134.0402587890625,128.55396774291992,87.69645947889595,4.792880639974754,3.1037385515600873
2024-03-04,148.84939575195312,152.53580076098453,147.41792911782403,150.84267108722636,643877,135.02419967651366,129.2090557861328,82.4829984414449,5.221466190271059,3.527284079302282
2024-03-05,148.3260498046875,150.75800575840236,147.76424113431716,148.53384655689172,316293,135.95503692626954,129.8536769104004,82.4829538200538,5.456000307213969,3.9130273248846192
2024-03-06,148.11058044433594,149.6882741139813,147.37945754667052,149.2726922988946,472381,136.79660186767578,130.5292367553711,81.70405534614622,5.560387027557539,4.2424992654192035
2024-03-07,146.640625,149.68826790955785,145.45543771160118,149.68826790955785,806139,137.56466903686524,131.03055786132813,80.7994658591016,5.461543858163935,4.48630818396815
2024-03-08,145.03982543945312,147.14853652478664,144.7242844362515,146.9946178076685,326384,138.35505218505858,131.43721725463868,76.54133195101984,5.194163702291547,4.62787928763283
2024-03-11,143.8931121826172,144.68580474789334,142.73101234013603,144.68580474789334,331290,139.1273506164551,131.83140914916993,77.7546373702925,4.8340093750394715,4.669105305114158
2024-03-12,143.9469757080078,144.64731937645237,143.3082136183775,143.89310944141343,679259,139.79844436645507,132.18080947875976,75.69558400909713,4.501045560841362,4.635493356259599
2024-03-13,143.52369689941406,144.3009940263344,143.13889424867716,143.53138872486062,1482780,140.47454071044922,132.4945004272461,68.91843626209494,4.155116678253108,4.539418020658301
2024-03-14,146.60983276367188,147.61032216005233,143.53141107834543,143.53141107834543,1429431,141.29301528930665,132.90423812866212,65.95662707732887,4.08292549527431,4.448119515581503
2024-03-15,148.44918823242188,149.68825342199446,146.0326276957504,147.3794371738403,987738,142.26117935180665,133.36122985839845,65.84175308199599,4.126565597339038,4.38380873193301
2024-03-18,151.1197052001953,152.38185748946918,148.53383078518965,148.53383078518965,1546946,143.36363830566407,133.8773274230957,70.26392876400891,4.326762864507458,4.3723995584479
2024-03-19,154.92156982421875,157.5382234946148,151.61226424583796,152.3741778216472,4094341,144.73699798583985,134.47100051879883,74.71226669617485,4.737587384410432,4.445437123640406
2024-03-20,156.3838348388672,156.984126187824,154.69070509198264,155.46031058995268,1795871,146.0553321838379,135.1153143310547,73.27453430676647,5.122116768586579,4.580773052629642
2024-03-21,157.38526916503906,159.9889959796602,156.22360887726768,156.22360887726768,2375031,147.1751564025879,135.83537673950195,67.28842185105471,5.444901027010815,4.753598647505877
2024-03-22,158.0341796875,159.0276059086154,156.62416602082777,157.2250259927747,1295025,148.07499465942382,136.54517486572266,73.02653927488286,5.687509464582121,4.940380810921125
2024-03-26,165.829345703125,167.59987291351828,160.22932634648546,160.95035342523366,3646215,149.26916046142577,137.38517211914063,82.1565813154221,6.4346089828478625,5.239226445306473
2024-03-27,168.4571075439453,169.75496118988477,166.72662786634095,166.72662786634095,2375850,150.60279541015626,138.27218276977538,84.33662838066809,7.156236513146041,5.622628458874386
2024-03-28,169.20216369628906,170.56411050536101,168.6413635072038,169.04193681719715,4787576,151.9779151916504,139.19210327148437,89.029587766835,7.6994963337871525,6.03800203385694
2024-03-29,171.1409454345703,172.15840511467036,169.04995216497804,169.43451136307235,1764939,153.30490417480468,140.08461395263672,94.63087283344075,8.192044350918337,6.46881049726922
2024-04-01,172.19845581054688,174.48973562410328,171.4614023898645,172.04623599739548,1033148,154.40309295654296,141.00089111328126,98.54802331746836,8.56894696583214,6.888837790981805
2024-04-02,172.86341857910156,173.8488255499037,172.2305058707649,172.2305058707649,1763596,155.6037940979004,141.920616607666,98.5778355621087,8.819634683089987,7.274997169403441
2024-04-03,170.27569580078125,173.8087552990882,168.2568151370577,173.66455477647673,1020085,156.70127639770507,142.78766387939453,91.89498933519786,8.70910575351894,7.561818886226542
2024-04-04,174.2654266357422,174.89032005878235,169.04194693782864,170.27570742768208,1468620,158.0090187072754,143.68278869628907,92.11806015481395,8.841529071846026,7.8177609233504395
2024-04-08,179.6250762939453,180.73065023836077,173.04765763201107,174.6499507582334,1856452,159.65824127197266,144.66278778076173,92.88135394012814,9.272071768946432,8.108623092469639
2024-04-09,184.11952209472656,190.67289557921384,180.7386823800237,181.0591361382451,2593637,161.61222610473632,145.68357482910156,93.22146696010239,9.86225819928464,8.459350113832638
2024-04-15,183.4304962158203,186.66712248876598,182.76554319666414,183.47054375862305,4388357,163.58909530639647,146.73013916015626,90.65452894900496,10.157299540984042,8.79893999926292
2024-04-16,182.78160095214844,185.06487376503458,181.90034698322197,181.90034698322197,931991,165.53082656860352,147.82467803955078,88.53794932249104,10.220940861270634,9.083340171664464
2024-04-17,183.9352569580078,184.26373001932023,180.25799675803066,181.86829712823908,1623482,167.5514045715332,149.03141067504882,88.58866757565461,10.246353874939558,9.315942912319484
2024-04-18,175.45108032226562,185.865984633633,173.44821410854112,184.2636916626534,5230338,168.99346694946288,150.0604557800293,70.61828444509312,9.472696374821084,9.347293604819804
2024-04-19,178.3993377685547,183.62281757236772,174.08917692026998,177.05341720688227,2123553,170.49097442626953,151.08027893066406,66.80946160309864,8.993792131129425,9.27659331008173
2024-04-22,179.04824829101562,181.78014875770498,177.51004836966777,180.01762877852678,1604012,171.88740158081055,152.0778323364258,64.9546835605583,8.567853837936184,9.13484541565262
2024-04-23,174.81822204589844,179.0562825951982,173.8488291863893,178.65570925605905,1254857,172.88223419189453,152.98001068115235,57.21937238336147,7.799064148924316,8.86768916230696
2024-04-24,172.8313446044922,176.89316354647204,172.32663058250535,175.41103751518548,1091952,173.7046096801758,153.81105194091796,52.17030323357197,6.949360475325079,8.484023424910584
2024-04-25,174.2574005126953,176.0119136026394,170.6041738060034,173.44824681062116,3631747,174.5482162475586,154.67061431884767,52.61869672023932,6.3182026784264735,8.050859275613762
2024-04-26,176.8771514892578,178.25512466689216,174.17729126570242,175.25883187840307,1745546,175.4903648376465,155.62351409912108,54.86310522590985,5.960686503164169,7.632824721123844
2024-04-29,175.7767333984375,181.9407067860642,173.66691361480514,178.79667548083094,1517912,175.98773422241212,156.5701058959961,56.914347218695404,5.524870546603637,7.211233886219803
2024-04-30,175.96702575683594,179.29309412111832,175.40441388541242,179.29309412111832,821836,176.36323013305665,157.47894439697265,52.364617003970295,5.135637828069719,6.796114674589786
2024-05-02,174.7011260986328,176.4799990865846,173.74964499737897,175.65261982469232,1008057,176.63817825317383,158.37293151855468,42.278987771602594,4.671174183229795,6.371126576317788
2024-05-03,177.41494750976562,178.7139391458721,174.65978539109688,175.32167876956936,917389,176.9518783569336,159.31642364501954,38.86507611892566,4.4705325890640495,5.991007778867041
2024-05-06,177.1005401611328,179.5247554292987,176.6123894083003,179.5247554292987,338513,177.19698257446288,160.27671630859376,39.35477910987026,4.237307590449916,5.640267741183616
2024-05-07,174.67630004882812,177.0591562855053,174.08058598965883,177.0591562855053,1070008,177.28762664794922,161.18883178710936,37.13721572101128,3.8129063707199577,5.274795467090885
2024-05-08,174.61013793945312,176.21525594870906,172.9222895674895,176.21525594870906,909953,177.5043487548828,162.13194702148436,34.672362342925396,3.4316684790643706,4.906170069485583
2024-05-09,174.6018524169922,176.02494582092257,173.84893422512548,176.01667657286472,881765,177.52117004394532,163.0236410522461,48.06495869848958,3.0932095367554098,4.5435779629395485
2024-05-10,174.84182739257812,176.19044728003607,174.16337019935204,175.4044393456657,3379285,177.28200759887696,163.82070190429687,40.752566450868756,2.811928203520125,4.197248011055664
2024-05-13,174.618408203125,176.4220890628028,174.41156337289738,174.57703671211817,807659,176.80695190429688,164.51232177734374,38.22454303857849,2.541683711330734,3.866135151110678
2024-05-14,179.56613159179688,181.19606985112713,174.6018557054646,174.6184068266982,1304562,176.6137336730957,165.26472381591796,62.15708935309667,2.695678824394605,3.6320438857674637
2024-05-15,183.669921875,185.12610479122114,180.12045786855333,180.12045786855333,2617264,176.65814971923828,166.10243408203124,75.03801612574614,3.1129781654905457,3.5282307417120804
2024-05-16,185.48190307617188,187.40142929486123,183.67822209032758,184.2573851305158,3134728,176.7354820251465,166.97807678222657,75.47530110426251,3.5489920679755187,3.532383006964768
2024-05-17,184.9110107421875,186.57403864817877,184.50559032613688,186.1603489837704,918987,177.20847854614257,167.78427368164063,70.1034368210646,3.8046127789723982,3.5868289613662943
2024-05-20,186.34234619140625,186.86359913225976,184.10842485529875,185.00199591470272,841740,177.60562896728516,168.5064270019531,76.00801393047682,4.075708610842412,3.684604891261518
2024-05-21,194.14454650878906,196.08889290183092,185.3329620675533,186.90497767802526,2757096,178.36044387817384,169.41233001708986,82.54804823511668,4.864056554453839,3.9204952238999824
2024-05-22,195.41046142578125,197.7023059080361,191.952021579642,194.43415978972357,1927786,179.39005584716796,170.3540182495117,87.08140873654467,5.527261899043879,4.241848558928762
2024-05-23,194.8892059326172,196.494323871121,194.0204551012324,194.43414477095783,403204,180.49294891357422,171.28959075927733,83.95488467662311,5.942296851629351,4.58193821746888
2024-05-24,199.45632934570312,201.78126310552048,194.84782069027676,194.84782069027676,8615485,181.7528953552246,172.34590484619142,87.27915967575396,6.564077136874062,4.978366001349917
2024-05-27,199.69627380371094,201.88055471033874,197.74365809742196,199.45633935507664,865800,182.89385147094725,173.43903381347656,94.9999478566618,6.995563503594894,5.381805501798913
2024-05-28,199.69627380371094,199.69627380371094,199.69627380371094,199.69627380371094,0,184.08982849121094,174.55509704589844,95.22658061747448,7.2539011014121115,5.756224621721553
2024-05-29,199.3322296142578,200.2258008188394,198.4055687909022,200.2258008188394,962411,185.25808868408203,175.66280212402344,94.02052279344662,7.344596251524365,6.073898947682116
2024-05-30,199.34878540039062,200.58985444276894,198.69514863484605,200.15961363979847,1315420,186.49047164916993,176.77930389404298,93.97258188691725,7.333275292226631,6.325774216591019
2024-05-31,203.58497619628906,204.11449851523565,199.34879764471643,199.34879764471643,1048137,187.7989730834961,177.9188067626953,95.43212080686611,7.578765256070994,6.5763724244870145
2024-06-03,201.111083984375,204.36267843560978,199.81209247854153,203.6180421471027,1703377,188.9995002746582,178.97204467773437,86.6346945193125,7.487385475727194,6.758575034735051
2024-06-04,199.41494750976562,201.05315486632352,199.23292306739194,200.63946524725702,1636665,190.23643264770507,179.9379495239258,79.16019049276949,7.195160966363886,6.845892221060819
2024-06-05,199.3653106689453,199.77071842367252,196.502572894183,198.74477622822684,1482973,191.47419128417968,180.8268243408203,77.50810401926704,6.880254369545241,6.852764650757703
2024-06-06,197.77676391601562,199.6052779236199,196.51087445875407,198.57105368567366,933385,192.63293685913087,181.6546829223633,74.50360418064031,6.428403541381897,6.767892428882542
2024-06-07,190.40481567382812,199.3736048835275,182.56953214451562,199.3736048835275,2707686,193.41108627319335,182.31507385253906,56.30947765360746,5.41305555650527,6.496925054407088
2024-06-10,187.641357421875,191.10807892185977,185.01029714611414,191.10807892185977,521770,194.06223373413087,182.90721740722657,38.02564274022298,4.335420943622722,6.064624232250215
2024-06-11,183.86851501464844,189.46987691966496,181.60977285531203,189.46987691966496,1039627,194.27735290527343,183.26800079345702,30.543942309819272,3.1407463290371425,5.4798486516076
2024-06-12,184.62142944335938,185.6639228895327,182.18893211081448,183.67821748021004,757265,194.3249282836914,183.5912872314453,32.82591906519529,2.229017268287066,4.829682374943494
2024-06-13,192.77938842773438,194.43414712668488,184.50559493298184,184.6214275369161,1584794,194.68980255126954,184.06283172607422,40.02967537545364,2.140075076785905,4.2917609153119765
2024-06-14,200.6312255859375,201.83919238185385,191.9602808017807,194.02045995346663,3177696,195.47581329345704,184.65263732910157,51.13752267229552,2.6723600837936488,3.9678807490083114
2024-06-20,211.44505310058594,213.05017097175966,201.05317105296155,201.05317105296155,2276547,196.730948638916,185.43756927490233,61.31653517384096,3.921579761862347,3.958620551579119
2024-06-21,204.6522979736328,218.33716020810223,202.70795134954068,211.39543497880672,2221530,197.2563362121582,186.07334686279296,54.55965466228927,4.313750556354506,4.029646552534197
2024-06-24,198.63720703125,206.0174282470513,197.41268930593185,204.6522575676254,1004030,197.41767349243165,186.64057708740233,49.44699164593804,4.092011011833733,4.042119444394104
2024-06-25,198.76132202148438,200.39126022227003,197.74364903628515,198.58757944159487,1540226,197.611279296875,187.13049499511717,45.99530315287708,3.881551755241162,4.010005906563516
2024-06-26,197.82640075683594,200.80495873839234,196.91627845355654,198.98472675664013,940542,197.52978286743163,187.494521484375,47.20147580176519,3.597847202551492,3.9275741657611114
2024-06-27,195.9399871826172,200.6229447913552,194.43415067915205,198.61241899530376,572608,197.34196853637695,187.7309307861328,47.048929445654615,3.184087314010185,3.7788767954109264
2024-06-28,198.06631469726562,199.19155096262824,194.43412035812102,196.08887882925396,1001578,197.26047058105468,188.02364715576172,48.93442744015503,2.9932521339682125,3.621751863122384
2024-07-01,197.24722290039062,200.63948312898887,196.90800697737592,198.57103484930857,751953,197.15622024536134,188.31295959472655,49.560061315566756,2.7442856001792677,3.446258610533761
2024-07-02,198.87716674804688,199.81210943669504,197.32997143127025,197.32997143127025,933377,197.13263931274415,188.61179779052733,57.7811517097838,2.647976450725423,3.2866021785720934
2024-07-03,198.53793334960938,200.225781489899,198.07459035785385,199.39840222754404,1195930,196.88028717041016,189.0735348510742,60.47399768378095,2.5152828408708388,3.1323383110318423
2024-07-04,200.22579956054688,200.88770555512988,197.7436615494657,198.9847305550063,963460,196.83602294921874,189.51006408691407,66.37946340305155,2.517301017032537,3.0093308522319813
2024-07-05,198.65377807617188,202.08739717476632,198.1573454385119,200.80495671481674,3371691,196.79796447753907,189.9021746826172,63.82459161694794,2.36479159484972,2.8804230007555294
2024-07-08,197.8594970703125,200.22580251410787,197.41271777664238,199.31568018003006,588101,196.72267379760743,190.36300018310547,55.85431541454103,2.1549935160926452,2.7353371038229524
2024-07-09,197.2803497314453,200.05206319679476,196.90803151965903,198.5710595988687,1659890,196.6978530883789,190.85198028564454,45.360829969136,1.9198636835830882,2.5722424197749794
2024-07-10,196.90798950195312,198.4055439035659,196.13025099784795,197.74363798785055,569043,197.02301177978515,191.3049920654297,21.688658179909808,1.684062415491269,2.3946064189182374
2024-07-11,195.9399871826172,196.90801952421313,195.2615300437442,196.50259909063237,591806,197.43794326782228,191.68624877929688,28.053323616325798,1.402906679512256,2.1962664710370414
2024-07-12,196.24609375,197.4954319198232,190.29723469753,195.26151038529164,995728,198.05682220458985,192.09563598632812,41.544760367251264,1.1910591859921453,1.9952250140280623
2024-07-15,196.22955322265625,200.6394865449931,195.2615209262613,198.98472789307564,1598960,198.6372283935547,192.50088653564453,40.978754221861685,1.0101890087054812,1.7982178129635462
2024-07-16,196.22955322265625,196.22955322265625,196.22955322265625,196.22955322265625,0,198.8097366333008,192.931455078125,43.90392230647978,0.8569694793930864,1.6099681462494542
2024-07-17,196.22955322265625,196.22955322265625,196.22955322265625,196.22955322265625,0,198.58965301513672,193.3077471923828,51.29144611749527,0.7271596546680712,1.4334064479331776
2024-07-18,199.45632934570312,200.43263083745032,195.8820447916052,197.3216892855845,1400102,197.99021682739257,193.7548629760742,55.645247249137995,0.8745767231218053,1.321640502970903
2024-07-19,198.21527099609375,200.21752744808097,196.50258973303966,200.21752744808097,1327195,197.66836547851562,194.22564239501952,53.80123476318527,0.8811059343560714,1.2335335892479367
2024-07-22,195.24496459960938,200.62293007496578,194.43413641673214,197.6609106520235,3418732,197.4987533569336,194.63833892822265,37.095780921011254,0.639232801166429,1.1146734316316351
2024-07-23,196.80044555664062,198.4882938144953,195.26151951647614,195.26151951647614,783996,197.4007095336914,195.08231079101563,44.318202231044204,0.5665303053404216,1.0050448063733926
2024-07-24,201.0531768798828,201.8805562086066,195.26152157881623,198.48829591091638,1501062,197.56204833984376,195.60653778076173,52.31695884143085,0.8423626970135274,0.9725083845014195
2024-07-25,198.3228302001953,202.54246998895127,197.74366717276786,202.54246998895127,381002,197.68119049072266,196.08062622070312,49.12968632754034,0.8310656881553768,0.944219845232211
2024-07-26,195.7496795654297,198.90199290404888,194.9305820796888,197.7519360997399,599189,197.56535873413085,196.40429718017577,44.92637372718099,0.6074783435341828,0.8768715448926054
2024-07-29,196.65150451660156,197.90912457829035,196.08889265664976,196.9162719505597,436320,197.53557281494142,196.66392883300782,48.51088185047826,0.4973206953513909,0.8009613749843626
2024-07-30,196.99900817871094,198.24007707704433,195.2615066711219,198.24007707704433,348340,197.4416648864746,196.8942709350586,50.21578809139142,0.4330684631786994,0.72738279262323
2024-07-31,197.17279052734375,200.14307965988758,196.91630492325336,196.99904791642172,308107,197.37340774536133,197.1395065307617,53.03711845713044,0.39165612147360207,0.6602374583933044
2024-08-01,198.18215942382812,199.19983241096148,196.91627012586065,196.91627012586065,244448,197.2712257385254,197.37630279541017,54.6099280473077,0.4352666931168301,0.6152433053380096
2024-08-02,198.6041259765625,198.98472601783163,197.73538779233814,197.74365704058943,218841,197.26874313354492,197.46549438476563,55.5469534172826,0.4981353652136704,0.5918217173131418
2024-08-05,197.36305236816406,199.31566801819892,195.8406774884233,198.98472134862266,899172,197.2439208984375,197.50454620361327,52.502717158764945,0.44271166814988305,0.5619997074804901
2024-08-06,199.57215881347656,200.14303990362922,196.83352283122653,197.32995544200924,1145706,197.35851135253907,197.59820526123048,56.72435312239273,0.5704684120348418,0.5636934483913605
2024-08-07,200.13479614257812,200.45747359323738,198.57931888052465,199.57218422852912,587585,197.5198516845703,197.61177459716797,51.52874370988526,0.708944412419612,0.5927436411970108
2024-08-08,200.1927032470703,201.01180068345823,198.5710342458147,200.2257928645298,1082045,197.73248748779298,197.62170318603515,54.70656128629713,0.8139772368695333,0.6369903603315153
2024-08-09,203.10508728027344,205.55413580737812,198.8689088818302,200.19272094374745,845899,198.07543716430663,197.6898794555664,68.75990126233583,1.1193187488522653,0.7334560380356654
2024-08-12,199.4232177734375,205.19005210259567,199.2742955697212,205.09903988094507,308309,198.2351203918457,197.69169921875,55.682985890235045,1.0520802719532298,0.7971808848191784
2024-08-13,198.4800262451172,200.22579713004498,197.04038167123525,200.22579713004498,303842,198.34764404296874,197.67432403564453,43.49100503940121,0.912170684978804,0.8201788448511036
2024-08-15,199.87002563476562,200.47400899508682,197.32996509750288,198.1573444060878,609828,198.52966766357423,197.60002502441407,54.198456214271694,0.903042946381305,0.8367516651571439
2024-08-16,205.4300079345703,206.42287322869402,199.89485083130586,199.89485083130586,3126150,198.82835159301757,197.68640350341798,72.6042830593118,1.3291318480755763,0.9352277017408304
2024-08-19,205.9748992919922,209.35488782743295,202.24585391101198,206.0345022845611,2111123,199.2163330078125,197.8176025390625,72.13987349844626,1.691282499304748,1.0864386612536139
2024-08-20,206.09410095214844,207.73726240678755,205.35338958423503,206.0344979608303,439069,199.75878982543946,197.95217834472658,71.83448087904101,1.9652538542198101,1.2622016998468533
2024-08-21,205.96636962890625,206.88586391635064,205.18309960428192,206.88586391635064,706608,200.21708602905272,198.11597045898438,71.15742141264857,2.14731832753597,1.4392250253846766
2024-08-22,204.37429809570312,206.4346414445197,204.33172638782673,205.966378640002,103794,200.38314208984374,198.39536010742188,64.49198349846297,2.138487711929457,1.5790775626936329
2024-08-23,205.16607666015625,205.4981151948589,204.33172575083748,204.33172575083748,592637,200.7253044128418,198.7458544921875,65.09617031792791,2.1703607309185884,1.6973341963386241
2024-08-26,204.5105438232422,205.56624953940585,203.48036554520934,205.16609882729134,255553,201.16334762573243,199.15869506835938,66.89851324772326,2.1183057960602696,1.7815285162829535
2024-08-27,204.23806762695312,204.9617476656994,203.9060291012949,204.54456572687306,162383,201.54267578125,199.55102783203125,62.143432971554056,2.0316457853298857,1.83155197009234
2024-08-28,203.56549072265625,204.74891146977023,202.33097613067267,204.3317295119013,273235,201.87099990844726,199.7667498779297,58.87787658142877,1.886944248542136,1.8426304257822992
2024-08-29,201.4881134033203,204.3232176718336,201.18161529345235,204.3232176718336,1001804,202.0867660522461,199.78388763427733,53.03501767471657,1.5863537512424273,1.791375090874325
2024-08-30,200.44090270996094,202.37354391831428,199.64912350915216,200.84105337845395,315746,202.19970321655273,199.56380462646484,43.16030122879537,1.24923209546904,1.6829464917932682
2024-09-02,196.64373779296875,201.68391860223565,195.90303947370128,201.68391860223565,457054,202.10168380737304,199.40363342285156,42.90630004174689,0.667961436223095,1.4799494806792335
2024-09-03,194.7962188720703,200.92616713562325,193.68941959048425,196.66925681495326,1016702,201.97334213256835,199.32681365966798,41.013137342781455,0.057557428181212344,1.1954710701796292
2024-09-04,191.93560791015625,196.2435998233706,191.54396637665423,196.2435998233706,377519,201.59151458740234,199.19029937744142,31.93942366203288,-0.6495321412143085,0.8264704279008417
2024-09-05,190.55638122558594,193.26377054196175,189.86675069133608,192.4123882928782,433157,201.11259384155272,199.0448989868164,8.185781866912833,-1.3061414010059877,0.3999480621194758
2024-09-06,188.65777587890625,191.98668335109704,187.72977241204833,191.10125159184184,637181,200.53584747314454,198.8992547607422,4.759790129785642,-1.9571497501390809,-0.07147150033223554
2024-09-09,186.99758911132812,190.25838455245648,185.7886279254186,188.99834251223638,478443,199.73047256469727,198.67788024902345,3.828703693455793,-2.5773318769289233,-0.5726435756515731
2024-09-10,188.01925659179688,188.8365892835991,185.4140289352123,188.15548087227432,914732,199.16027450561523,198.49332092285155,8.405699517778828,-2.952357711419978,-1.0485864028052543
2024-09-11,184.41787719726562,190.70959039650802,183.58352637677766,188.581135146547,465653,198.45716705322266,198.20413513183593,7.689530499056644,-3.499825793147153,-1.5388342808736342
2024-09-12,184.528564453125,185.60130124223886,183.821915738092,184.66477571844572,384279,197.69009399414062,197.92394775390625,4.944300828824993,-3.880039970179439,-2.0070754187347952
2024-09-13,183.03013610839844,187.30407825889392,181.62536071788114,187.30407825889392,585444,196.57010040283203,197.5800344848633,4.76878984166153,-4.253244336149493,-2.456309202217735
2024-09-16,181.0379180908203,185.6013273940975,180.49303397958104,183.03014940462685,456975,195.32325134277343,197.22771728515625,4.4467347568557045,-4.656094272871314,-2.896266216348451
2024-09-17,181.0379180908203,181.0379180908203,181.0379180908203,181.0379180908203,0,194.07044219970703,196.89128570556642,4.567367907301076,-4.918656539273059,-3.3007442809333725
2024-09-18,185.37142944335938,186.4441792525257,181.03789747472345,181.03789747472345,1364327,193.0406951904297,196.65310729980467,20.207712204079215,-4.722621437370776,-3.5851197122208536
2024-09-19,192.0718231201172,193.6468723430286,185.43954872798844,185.60131341917122,1577593,192.4255714416504,196.55638397216796,37.2038679838666,-3.980709295713126,-3.6642376289193086
2024-09-20,200.93470764160156,201.77758069343216,193.17010616193065,193.17861530711875,2089920,192.21400299072266,196.65627838134765,55.680797569733,-2.6470641597009887,-3.460802935075645
2024-09-23,199.240478515625,201.99043955574638,197.47811101593032,200.95175216763943,328336,191.95049972534179,196.71616607666016,55.90771551187327,-1.7071716995448583,-3.110076687969488
2024-09-24,198.30393981933594,200.90065811909253,193.99594797993387,200.0748163484968,623784,191.65379333496094,196.75765380859374,58.92174228305793,-1.0260434093880804,-2.6932700322532064
2024-09-25,199.74278259277344,200.93471250100066,197.52067448517278,198.37205670278126,2475481,191.4626579284668,196.8279183959961,62.84826734913039,-0.3659236057216617,-2.2278007469468974
2024-09-26,198.6785430908203,201.78608280519813,197.5206628235913,200.92619149296357,301120,191.3221794128418,196.87689819335938,64.3501472552916,0.07053774577823901,-1.7681330484018702
2024-09-27,197.17160034179688,199.2234345591713,195.94560789670908,199.2234345591713,138139,191.1587142944336,196.83120361328125,64.63382729922392,0.29147883895970494,-1.3562106709295554
2024-09-30,194.2428436279297,198.20177865041333,177.4535856137762,197.52067029257148,285910,191.03866958618164,196.75175506591796,58.48615750290349,0.22762612465996312,-1.0394433118116517
2024-10-01,193.19564819335938,194.96652473679563,191.5609959204324,194.24284466689386,234917,190.9586410522461,196.71076873779296,62.86502259642393,0.09146808164271647,-0.8132610331207781
2024-10-02,194.89840698242188,195.80939215024392,192.412372577079,193.59579328700352,245754,191.10678100585938,196.6727279663086,64.52076629531342,0.11958179086622067,-0.6266924683233784
2024-10-03,196.05630493164062,197.52068345168811,193.26377217040172,194.75369111885198,494213,191.38177719116212,196.57279052734376,68.41601830722854,0.23261337334804466,-0.4548312999890939
2024-10-04,201.35189819335938,201.99043486839116,195.81791367641713,195.81791367641713,1542157,192.01648330688477,196.63337188720703,76.26595976818507,0.7409605044512944,-0.21567293910101623
2024-10-07,204.1103515625,205.6087793981021,201.777559906212,201.777559906212,776316,192.87212142944335,196.80058532714844,77.84626456838036,1.3508417391280148,0.09762999654478996
2024-10-08,205.67689514160156,206.23881046147838,204.11035515078757,204.11035515078757,1240040,193.7550033569336,196.98109313964844,76.2607328003852,1.93824114879871,0.46575222699557395
2024-10-09,205.67689514160156,205.67689514160156,205.67689514160156,205.67689514160156,0,194.81795425415038,197.15465087890624,71.28394701010413,2.3763661432837466,0.8478750102532085
2024-10-10,205.1405487060547,207.7372671435616,204.97027485578877,205.21716999001504,566684,195.8485534667969,197.31400604248046,58.89773387565369,2.64975990030635,1.2082519882638367
2024-10-11,204.8595733642578,206.88586708378168,203.4888475524142,205.3959482879108,431871,196.94002532958984,197.44755432128906,62.64361067678559,2.811346606886673,1.5288709119884039
2024-10-14,205.54917907714844,207.7287282177006,205.1830910011126,205.1830910011126,244769,198.16558837890625,197.58645538330077,66.48582249263592,2.960919022393682,1.8152805340694596
2024-10-15,206.32395935058594,206.80073130429443,204.7574192195262,206.0344925202717,290008,199.42989044189454,197.7656735229492,65.44145761998256,3.1061685546760316,2.073458138190774
2024-10-16,204.3657684326172,207.72873836507299,204.2550975854882,206.32395000325883,637454,200.3796073913574,197.86154571533203,62.80673518586221,3.028361151416277,2.2644387408358746
2024-10-17,204.3657684326172,206.4516651221842,200.93469935934084,204.75740994316985,1343617,200.99430465698242,197.94616516113283,67.3796543067889,2.9328896969943514,2.39812893206757
2024-10-18,205.1405487060547,206.1196460794423,204.33173817399503,204.33173817399503,615843,201.20459671020507,198.0451220703125,79.38476451603879,2.8864727138098374,2.495797688416024
2024-10-21,205.06393432617188,206.88589186658905,204.75743618894924,206.03450959553314,721430,201.49576950073242,198.08429901123046,83.7694093783268,2.811100167178239,2.558858184168467
2024-10-22,205.34487915039062,206.46018777692498,204.97026889606056,205.4811034230673,282690,201.84781646728516,198.20273223876953,82.34056463483533,2.7424238255421187,2.5955713124431976
2024-10-23,205.14903259277344,206.03446424370495,204.75739111822745,206.03446424370495,618763,202.11812896728514,198.33611236572267,79.93259025220891,2.6417417945866077,2.6048054088718797
2024-10-24,206.06002807617188,207.21790836112035,205.1831054696735,205.6939399743212,1050602,202.48720321655273,198.4599124145508,71.78867208243416,2.605426546279034,2.6049296363533108
2024-10-25,208.8780975341797,210.2913950479028,206.2899014650415,206.2899014650415,1397199,203.07252807617186,198.52887420654298,71.94348582721292,2.7720862196537155,2.638360953013392
2024-10-28,210.2999267578125,211.9941821270966,208.58865309694244,210.20627418984077,971936,203.87538223266603,198.61537475585936,71.56470157826783,2.9844915859248147,2.7075870795956765
2024-10-29,211.45652770996094,212.49045284173368,209.85305599089722,209.85305599089722,6944069,204.7884262084961,198.72262329101562,74.33410683586071,3.2091592099732793,2.807901505671197
2024-10-30,209.3973846435547,211.9997383933323,208.53869962398304,211.1673386948736,680133,205.51337509155275,198.7912435913086,65.8856408784661,3.1843471128623264,2.883190627109423
2024-10-31,203.17630004882812,211.3425992745653,202.40522823431309,209.39740510245764,738399,205.8693748474121,198.76728363037108,45.64786679785729,2.6323497230922044,2.8330224463059794
2024-11-01,202.86962890625,205.47198302308954,201.52902386059955,203.28145015503952,1216336,205.94526138305665,198.72135467529296,42.932017249054354,2.145411053373323,2.695500167719448
2024-11-04,203.903564453125,204.59576694674007,200.6528078407001,204.15766037940227,712700,205.9349220275879,198.7092150878906,43.70171252049823,1.8219364577217618,2.520787425719911
2024-11-05,202.53668212890625,204.15768194728426,199.77661581107645,201.52904226555958,998518,205.7779113769531,198.6751873779297,45.089278764574935,1.4387000910175232,2.304369958779434
2024-11-06,203.62315368652344,204.15764419109212,202.40521806069648,202.536644672496,527183,205.67522430419922,198.67634063720703,48.11613478608909,1.2087183314891945,2.085239633321386
2024-11-07,201.9408416748047,204.946246301077,201.52902043301938,203.67573993320693,461780,205.5152389526367,198.68539520263673,42.2402755513321,0.8805570963770037,1.8443031259325098
2024-11-08,200.36363220214844,203.28142319988558,199.77657107574964,201.9583463362062,569711,205.29044189453126,198.68384979248046,39.37448474500268,0.487598597015932,1.5729622201491944
2024-11-11,199.8554229736328,201.44136638834584,199.1369352551767,200.4074414503372,382241,205.00575408935546,198.74808349609376,37.71673271106152,0.13362754256920084,1.2850952846331958
2024-11-12,199.25086975097656,200.565189507566,198.02417665947388,198.9003898305335,317038,204.652099609375,198.83717651367186,37.03926491613488,-0.19344949554331947,0.9893863285978928
2024-11-13,196.72738647460938,199.68897792477927,195.8774586223253,199.32974068295104,1746993,204.27018051147462,198.93301208496095,30.849406342367615,-0.6488053908055917,0.6617479847171959
2024-11-14,198.3571319580078,199.7765929452873,196.63099102831427,197.84892673998093,2737833,203.96974868774413,199.08902709960938,27.304111515323882,-0.8681637272692342,0.3557656423199098
2024-11-15,201.993408203125,204.04374368213513,199.77659009317836,199.86421675260317,3688228,203.81239166259766,199.35573974609375,33.6438062456734,-0.7400587493636408,0.13660076398319967
2024-11-18,201.0996551513672,204.1576435525249,198.90036517778174,204.1576435525249,1630609,203.61417770385742,199.63778106689452,29.393187937108593,-0.7025544232318452,-0.031230273459809305
2024-11-19,202.33514404296875,203.2814558729786,200.8368270062505,202.4052427011123,5125765,203.46369094848632,199.92409881591797,35.47227329883491,-0.5666068553001651,-0.13830558982788047
2024-11-20,203.6143798828125,204.85860073025734,202.4052016723601,203.28141466661273,1336674,203.38695831298827,200.3080288696289,51.13115753939549,-0.351590866359885,-0.1809626451342814
2024-11-21,205.9451446533203,207.6625284081669,201.5290360079257,203.54432904199544,1434626,203.3812141418457,200.7363604736328,57.18970824816919,0.006805640757562514,-0.14340898795591261
2024-11-22,225.5723114013672,226.53615119694095,207.66251279962503,207.66251279962503,5502694,204.21592483520507,201.5872039794922,77.0984313978424,1.853222979331889,0.2559174055016477
2024-11-25,230.741943359375,246.21586916402302,220.84950382271603,225.57229166796813,2081690,205.2380256652832,202.5812844848633,82.20933085387851,3.69111919304936,0.9429577630111903
2024-11-26,207.67127990722656,245.33968913427535,207.67127990722656,227.81542562468425,9780616,205.04876327514648,203.1139517211914,53.077557349953736,3.248607527351197,1.4040877158791916
2024-11-27,204.55194091796875,208.5387131072444,193.64309074244125,193.64309074244125,10801776,204.80649108886718,203.4975619506836,51.94262258419515,2.6160530262810653,1.6464807779595665
2024-11-28,199.28591918945312,203.28144897845814,197.6736902166882,203.28144897845814,3149852,204.61197204589843,203.64184387207033,49.239915964487444,1.670567817455293,1.651298185858712
2024-11-29,199.23330688476562,202.4665348424883,197.32315568187812,198.46223520250476,2225444,204.4301559448242,203.6078158569336,49.55839916746691,0.9065682498536773,1.502352198657705
2024-12-02,208.5386962890625,211.15857800100187,199.77656619288342,200.09200341114385,2528738,204.6619125366211,203.79378021240234,55.868004012732314,1.039972093815095,1.409876177689183
2024-12-03,206.84764099121094,212.04357845901424,205.82245985872376,208.5387259225016,974532,204.87746047973633,203.96465423583984,56.46189733038422,0.9977402430295967,1.3274489907572657
2024-12-04,205.19158935546875,211.6054760406119,204.59577083015685,207.7238581978992,1588932,204.95588226318358,204.07363037109374,54.36241310051442,0.8211756682748614,1.226194326260785
2024-12-05,213.88363647460938,215.1103295435778,204.18395043158486,205.9100914164594,2804890,205.55302200317382,204.37773223876954,57.12935562990348,1.3668661486317717,1.2543286907349824
2024-12-06,223.3116912841797,227.81542648842193,211.60548268059193,215.6360686510602,2929183,206.7004249572754,204.9005340576172,62.081802035091215,2.530920143422634,1.5096469812725126
2024-12-09,216.79263305664062,225.18675575089284,209.41492071775636,225.18675575089284,2625079,207.5472854614258,205.3515298461914,57.436437338985996,2.894047031236596,1.7865269912653294
2024-12-10,213.3929443359375,222.55813975344466,211.12355548975967,214.67222141572418,3208349,208.25438919067383,205.75547576904296,54.92238302918951,2.8743673213910483,2.004095057290473
2024-12-11,214.75982666015625,217.95799898573568,213.01615785508827,213.39292305384927,1000996,209.15601119995117,206.15270416259764,54.480659708632516,2.9352314683569602,2.190322339503771
2024-12-12,211.57919311523438,215.98654424669658,209.7829534606934,215.98654424669658,1861976,209.8171142578125,206.46316192626952,41.45897911175164,2.695741369452037,2.2914061454934243
2024-12-13,199.79412841796875,212.05234196537734,199.33849383133918,211.60547806711392,4247367,209.7071502685547,206.43200653076173,32.52178963714674,1.5372668560614784,2.140578287607035
2024-12-16,196.68356323242188,200.58270900421311,195.8336354229588,199.86422118680338,2128923,209.48634567260743,206.28347076416014,41.98824423421189,0.36397516431802046,1.7852576629492323
2024-12-17,197.2180633544922,201.79189720503516,193.7307386559009,193.7307386559009,3652286,209.2304916381836,206.11429412841798,44.442990219825575,-0.516780141860778,1.3248501019872303
2024-12-18,188.18429565429688,201.03834052906709,185.75718156665567,198.90037837561715,2786799,208.4589874267578,205.76444213867188,42.04245969802393,-1.9215838006561796,0.6755633214585482
2024-12-19,185.2314453125,190.57635060858317,184.00475231173547,186.5983489890031,3411719,207.4233024597168,205.3662600708008,40.36422532288802,-3.235870069990739,-0.10672335683130918
2024-12-20,191.47010803222656,198.4622854721625,185.31908775877426,185.74843703059437,1696946,205.71819229125975,205.09847076416017,37.73612417902384,-3.731034422226344,-0.8315855699103162
2024-12-23,193.60804748535156,198.02415551313166,189.7614726099609,198.02415551313166,2240088,203.8614974975586,204.85964813232422,40.5479770206699,-3.90591691364628,-1.446451838657509
2024-12-24,194.29150390625,197.23558055249708,191.8994324393327,194.34407455476224,5939131,203.19250869750977,204.6189990234375,42.10861213700729,-3.943900496839234,-1.945941570293854
2024-12-26,193.65185546875,197.45463054382435,192.76688503698983,195.48315103776423,3519507,202.64750442504882,204.40472076416015,33.41950109068573,-3.979741065616196,-2.3527014693583226
2024-12-27,201.37130737304688,204.13137337660118,193.44157589544074,194.95742086237982,3683307,202.75177383422852,204.34483154296876,31.501196343067804,-3.3466713756756974,-2.5514954506217977
2024-12-30,213.3929443359375,216.3370210501512,204.16642095040066,205.0338767807325,6024573,203.45975570678712,204.50987945556642,47.37697560938856,-1.8535469164241931,-2.411905743782277
2024-12-31,212.0172882080078,214.66345555517307,208.5387210767533,214.66345555517307,1984119,203.63368530273436,204.64894653320312,48.904395954012216,-0.7723359694788314,-2.083991788921588
2025-01-01,212.0172882080078,212.0172882080078,212.0172882080078,212.0172882080078,0,203.8921676635742,204.78239471435546,47.767165563055414,0.08356817379151948,-1.6504797963789668
2025-01-02,216.9065399169922,221.24379177482552,211.4302084374173,211.4302084374173,2777521,204.4779151916504,205.01754486083985,54.219850981182766,1.143221776514423,-1.091739481800289
2025-01-03,215.6973876953125,218.61517906437348,210.6416341192554,216.42464620801704,909251,204.56860275268554,205.21029205322264,65.13254677395469,1.8639499572429656,-0.5006015939916381
2025-01-06,212.09613037109375,216.42462501049567,211.16734667015976,215.69736656902185,802312,204.00782470703126,205.27465270996095,64.5299506767845,2.120101651810643,0.023539055168818157
2025-01-07,215.3731689453125,216.86272844651066,210.29113061479822,212.9197697474832,1286956,203.93685150146484,205.37611755371094,66.27391581589038,2.5580457813746875,0.5304404004099921
2025-01-08,211.57919311523438,218.56261307994683,210.29115869860925,216.4246508273187,637784,203.84616394042968,205.3785708618164,73.14494225569322,2.5693595399570768,0.9382242283194091
2025-01-09,205.9013214111328,212.09614108264662,205.47197217847307,211.60546388529318,1735396,203.40323867797852,205.30864959716797,69.40286899041044,2.0960075107134912,1.1697808847982256
2025-01-10,204.4292755126953,207.16305609682823,203.28143849486898,205.0338646887903,1018318,203.04574279785157,205.33370910644533,63.36041203250702,1.5838333704254808,1.2525913819236767
2025-01-13,207.3032684326172,210.63288111648683,204.95502358006866,204.95502358006866,1616945,203.42119979858398,205.42238189697267,63.90817286653435,1.3937723439209435,1.28082757432313
2025-01-14,208.0129852294922,209.39740353612896,205.0426233461873,207.66250533639845,1409923,203.9876708984375,205.5045703125,63.9274130523063,1.2855962716932083,1.2817813137971457
2025-01-15,208.06558227539062,209.40618733685108,206.78630518258402,208.52997417929774,1221962,204.53004684448243,205.61514831542968,64.80650031537276,1.1903880447295592,1.2635026599836283
2025-01-16,207.10174560546875,208.9505559308368,206.34820174370853,208.9505559308368,1308848,205.475919342041,205.6847201538086,56.83529052032296,1.0253417730721708,1.215870482601337
2025-01-17,207.60116577148438,208.5387202169269,206.348187441539,207.10173125107048,682012,206.59440536499022,205.7979266357422,40.47273621750786,0.9241869948681369,1.157533785054697
2025-01-20,210.88697814941406,211.92091663656154,207.6625201195648,208.976839867157,1984007,207.56524887084962,206.0083935546875,48.25061732360226,1.0965187173651145,1.1453307715167804
2025-01-21,215.52215576171875,217.46735008015222,210.72926862404148,211.95596172127338,1218550,208.66095428466798,206.3217282104492,54.74385319964064,1.588798267113674,1.234024270636159
2025-01-22,212.95484924316406,219.9295121651239,212.043593402231,215.54844618573895,1236807,209.59412155151367,206.59580780029296,44.2926317125675,1.7515820294864852,1.3375358224062244
2025-01-23,212.27137756347656,215.1103127774694,211.16735388745468,212.95482270148307,501047,210.52509765625,206.9066876220703,44.97557010910988,1.8046361591256073,1.4309558897501011
2025-01-24,214.3217315673828,215.11031801661198,212.48167869258006,213.59447308333986,1001560,211.1726188659668,207.22597961425782,53.41951776915131,1.9891981338368225,1.5426043385674455
2025-01-27,211.99099731445312,215.54842032369268,209.85303523383902,214.67220723294596,443230,211.10252151489257,207.42593139648437,44.647838214783825,1.9252015282191621,1.619123776497789
2025-01-28,209.31857299804688,213.3579164270072,207.9867251765585,210.31745552167502,794683,210.96758575439452,207.59030975341796,46.29099626776367,1.639937273184671,1.6232864758351657
2025-01-29,207.61868286132812,211.9559348545667,206.8125684467625,209.31853834484818,162586,210.74765548706054,207.69598052978515,53.24069835006533,1.2621471220298304,1.5510586050740989
2025-01-30,208.0129852294922,209.4149315417689,206.78629223371323,207.66250533639845,1229658,210.30297775268554,207.78395263671874,57.04926338436197,0.9832285643457794,1.4374925969284351
2025-01-31,210.8606719970703,212.82339410612997,206.83885717546664,208.5387126869812,814223,210.06114196777344,207.88226318359375,57.004767633453476,0.980663640903316,1.3461268057234115
2025-02-03,213.46304321289062,218.52755414764377,212.91979533855948,214.67222163764228,1013776,210.12948760986328,207.64007781982423,59.98713772421603,1.1750749956972584,1.311916443718181
2025-02-04,210.2911376953125,215.98652267456055,209.5113085944904,214.1201845491305,588996,209.8753860473633,207.23106170654296,53.65988792543619,1.0609709161911667,1.2617273382127783
2025-02-06,206.90020751953125,211.16736111936817,205.9714237550449,210.29114800269028,1729512,209.6414367675781,207.21564025878905,49.69307475516623,0.6889807439666242,1.1471780193635475
2025-02-07,207.66249084472656,209.15205034135275,205.9100647616487,207.2243843239571,312403,209.7294952392578,207.27785125732422,50.09265103686631,0.4504927461542252,1.007840964721683
2025-02-10,207.7939453125,209.29227569719495,205.03387920958247,208.53873184564372,421383,209.89772872924806,207.44801177978516,44.83466493932473,0.26899575103919915,0.8600719219851863
2025-02-11,208.10061645507812,209.4149361379523,205.91008365028785,205.91008365028785,344587,209.9375961303711,207.62535797119142,35.51147635916483,0.14819556679816515,0.7176966509477821
2025-02-12,208.5211944580078,210.07209542328008,206.7862962247929,209.41493558358263,708868,209.96300659179687,207.6250079345703,40.5526444818137,0.08541309143794251,0.5912399390458142
2025-02-13,209.5989532470703,210.7205050081514,207.5748896421982,209.80047852774618,1844800,210.03967514038087,207.6800341796875,44.39962753717913,0.12122623389927867,0.4972371980165071
2025-02-14,207.075439453125,210.55400646127927,206.34818099003994,210.29113986246108,852505,210.03835983276366,207.71771118164062,35.10985134715659,-0.053402475471671096,0.3871092633188715
2025-02-17,205.8487091064453,208.45106272831785,204.9024108529908,207.0929433044021,530609,209.95073699951172,207.55701263427736,36.77855197027136,-0.28747009621849884,0.25219339141139746
2025-02-18,205.568359375,206.78629506963753,201.5290163814264,205.47197539758474,425272,209.684806060791,207.20214599609375,41.00082312000563,-0.48994447741787894,0.10376581764554217
2025-02-19,207.4346923828125,209.10824922873786,205.04262101333276,206.77753256327537,755375,209.2804328918457,207.01498718261718,49.561987265736924,-0.4941135734333102,-0.015810060570228296
2025-02-20,207.31204223632812,208.27586870538474,206.39201572999298,207.43471154584267,688331,208.9982925415039,206.893369140625,48.30945039933286,-0.5015330925560022,-0.11295466696738309
2025-02-21,205.55963134765625,207.83777774852825,203.71957819660892,207.31205782676687,867974,208.6627052307129,206.709365234375,36.50168899360538,-0.641424090480001,-0.21864855166990668
2025-02-24,210.32618713378906,212.04357069658943,203.9385995026082,206.74247875518452,1270099,208.4629280090332,206.68430511474608,42.80541725899126,-0.36347755502549717,-0.2476143523410248
2025-02-25,209.30979919433594,210.992126819005,208.53872735263081,210.2823963146862,1824302,208.32886810302733,206.87461853027344,47.50227002809475,-0.22265036082205825,-0.2426215540372315
2025-02-26,207.3383331298828,210.29116732603447,206.8038425447977,209.76543405973842,822532,208.22985610961913,207.08771392822266,51.20198124083746,-0.2670462866210528,-0.24750650055399578
2025-02-27,209.42367553710938,210.20350461409228,207.66249212593223,210.20350461409228,1395752,208.3201057434082,207.331826171875,54.50472285383545,-0.1324340559825714,-0.22449201163971091
2025-02-28,211.95594787597656,214.5845872297255,207.99547420935963,207.99547420935963,2170597,208.51725387573242,207.80725921630858,59.48106678642511,0.17654521791425282,-0.14428456572891818
2025-03-03,212.86721801757812,213.68208980353697,211.60546898258912,212.0435755436297,1243582,208.61758117675782,208.35997467041017,60.5672652384116,0.4893049997228047,-0.0175666526385736
2025-03-04,212.86721801757812,212.86721801757812,212.86721801757812,212.86721801757812,0,208.5877899169922,208.7879168701172,59.81795381076048,0.728768589462021,0.13170039578154533
2025-03-05,213.12132263183594,214.58459700099334,211.77196025157912,212.9197973491249,739302,208.72929916381835,209.17818237304687,58.26483030822065,0.9283479114553757,0.29102989891631137
2025-03-06,210.3349609375,213.12131222572626,209.853041050242,213.12131222572626,1293908,208.9010368347168,209.49905151367187,57.55489977775546,0.8518601463868265,0.4031959484104144
2025-03-07,209.27471923828125,212.0347983359013,209.06443666547588,212.0347983359013,585205,208.98164825439454,209.8115087890625,58.0025476762612,0.6976483413796473,0.46208642700426106
2025-03-10,209.4762725830078,211.60546400197296,207.2156411768535,209.41493124832937,1718709,209.0657646179199,209.97360809326173,59.16191296595866,0.5849550476755212,0.48666015113851313
2025-03-11,211.3426055908203,213.7083783824809,210.46639245539407,210.46639245539407,1766776,209.22786407470704,209.9326013183594,59.16191296595866,0.6388776922892134,0.5171036593686532
2025-03-12,210.32618713378906,213.35789034966746,209.44121671389885,212.83215714045588,1519352,209.3181137084961,209.898779296875,56.782284995024916,0.592762306826927,0.532235388860308
2025-03-13,211.16734313964844,211.95592952953436,210.81686327079913,211.377639082928,323714,209.396533203125,209.8817803955078,63.157796750104005,0.6169776570680199,0.5491838425018504
2025-03-14,211.8595733642578,213.34037573889196,210.8606909000004,211.82453072075393,1053094,209.63573989868163,209.7808410644531,54.448430397991366,0.6841393578574468,0.5761749455729697
2025-03-17,213.1475830078125,213.44550560776085,211.43897022405798,211.61421016111865,2204251,210.00068359375,209.7298449707031,60.96086280846806,0.8317096721172845,0.6272818908818327
2025-03-18,214.48822021484375,215.05776680850286,212.80589249979099,213.35791108611926,2126714,210.4466766357422,209.77768676757813,71.1836821789886,1.0447946850228504,0.7107844497100363
2025-03-19,216.86276245117188,217.73897563279277,213.66458968623644,213.79601631549875,2294747,210.91808013916017,209.8074786376953,71.66918236981014,1.3892573130175094,0.8464790223715309
2025-03-20,217.34063720703125,220.0187352076222,216.95290587640037,218.21530295182203,1585100,211.4195098876953,209.92270751953126,67.81743254801337,1.6814245113381219,1.0134681201648492
2025-03-21,216.27662658691406,218.98177506825584,215.87084330743545,218.215310828237,713313,211.9553596496582,210.13021362304687,61.168521263971954,1.8062905629892327,1.172032608729726
2025-03-24,212.33612060546875,218.21531390708273,211.81312357393867,216.2766296384065,812469,212.05585632324218,210.28835052490234,48.61722042474208,1.5691932253015466,1.2514647320440901
2025-03-25,215.61839294433594,217.75546988881743,212.8050425474674,212.8050425474674,715765,212.37128601074218,210.45465301513673,55.61590000315716,1.6273843498683789,1.326648655608948
2025-03-26,220.83029174804688,221.73200794752293,216.41188787425313,216.41188787425313,1155936,213.0458839416504,210.7109991455078,71.28206905343305,2.0701940033165727,1.4753577251504733
2025-03-27,223.08456420898438,223.61658718057186,219.11701875572896,220.92045100886256,550356,213.72892837524415,211.0113787841797,76.7097268474305,2.5733606916106737,1.6949583184425134
2025-03-28,223.08456420898438,223.08456420898438,223.08456420898438,223.08456420898438,0,214.28535919189454,211.33103515625,76.52671698961754,2.9382535591731767,1.9436173665886463
2025-03-31,223.08456420898438,223.08456420898438,223.08456420898438,223.08456420898438,0,214.79622650146484,211.640703125,74.68475271332402,3.190653913426729,2.193024675956263
2025-04-03,231.25411987304688,232.64277047165405,220.46960224930004,223.1296621831062,1421036,215.71557159423827,212.04804595947266,83.82350547599613,4.003745196503019,2.555168780065614
2025-04-04,239.2523193359375,249.77535827072646,231.47053255274758,231.47053255274758,3876121,217.02212142944336,212.52264923095703,86.86272020072668,5.23318880624916,3.0907727853023235
2025-04-07,231.6328582763672,239.8565054902652,217.3136008389245,239.8565054902652,2160581,218.0870162963867,212.8962094116211,71.95995135759489,5.528970366896544,3.578412301621168
2025-04-08,235.02330017089844,237.593169070411,230.83932421084478,231.63283879073026,1526036,219.37444534301758,213.35124786376954,73.21096384188438,5.968162448826234,4.056362331062181
2025-04-09,234.3289794921875,235.2577460576465,225.45609557565462,233.544490817834,648391,220.61708068847656,213.75139282226561,71.34454388464644,6.188858157462846,4.482861496342315
2025-04-10,231.795166015625,241.56976639924707,229.93763283029466,240.75822731642617,1214827,221.63970870971679,214.14747619628906,66.00930905797647,6.089112031825977,4.804111603439047
2025-04-11,230.74916076660156,233.35513368819488,228.9367162310011,229.93762172298267,384202,222.6608573913574,214.57608795166016,64.2025128563352,5.858129753620574,5.014915233475353
2025-04-14,232.76904296875,234.3560448358207,229.93764077169013,232.1468565628533,853512,223.7409423828125,215.0790951538086,67.12230158843312,5.771531622962982,5.166238511372879
2025-04-15,230.8573760986328,235.34793276834924,229.9376354633297,233.10266819258857,1009297,224.69083251953126,215.5359829711914,70.07428654781393,5.48541400249016,5.230073609596335
2025-04-16,228.21533203125,233.9051586098885,225.60937296600824,230.8573536876881,988044,225.44421997070313,215.883076171875,63.84535786820334,4.987974585035147,5.181653804684098
2025-04-17,228.0620574951172,229.75728833798902,227.23248025005785,228.12518423288662,420150,226.1229118347168,216.17505645751953,58.942914084880705,4.529172803975371,5.051157604542352
2025-04-18,230.52374267578125,233.54449747103396,226.330767819419,228.13420023232274,1281552,226.80596084594725,216.5797085571289,59.152453662716084,4.314471960816519,4.903820475797186
2025-04-21,251.57879638671875,253.3822286188816,231.5606876024342,231.7410418329273,5496803,228.51786880493165,217.47328033447266,73.09267004182259,5.776696702110854,5.07839572105992
2025-04-22,243.3732147216797,252.87731187166122,242.11081745275345,252.48055451311347,2414444,229.87269821166993,218.18749481201172,64.51242089389922,6.2019067603057465,5.303097928909085
2025-04-23,242.7420196533203,245.71767219928114,239.76633958916403,243.46338162864552,824645,231.3929931640625,218.88645629882814,59.210564627280135,6.414019800329413,5.525282303193151
2025-04-24,239.13514709472656,243.46337384468762,234.44621185043994,234.44621185043994,1073742,232.56883087158204,219.5071469116211,49.8989394365719,6.21938326233672,5.664102495021866
2025-04-25,244.9151153564453,246.04226056724931,239.13513893145284,239.13513893145284,2091238,233.77307205200196,220.23502532958983,61.83131112629782,6.4570941749600195,5.822700831009497
2025-04-28,250.01882934570312,252.43544956416466,244.915112586717,246.529192215429,1580632,235.1197853088379,221.0434228515625,62.96180229943273,6.976883679150291,6.053537400637656
2025-04-29,251.58221435546875,255.6895304352208,247.91894236547145,250.0188426470042,1992907,236.5446678161621,221.93355834960937,64.69257177310162,7.429331995985535,6.328696319707232
2025-04-30,244.41290283203125,251.52669822310781,243.29357527629088,249.7690696752796,1636928,237.61108474731446,222.70484222412108,59.95880705699521,7.12723865265076,6.488404786295938
2025-05-02,252.76626586914062,253.94112352529694,244.21862309471751,246.99383472079384,674314,238.68669204711915,223.6488003540039,65.58027217774372,7.4756988834524805,6.6858636057272465
2025-05-05,251.64698791503906,255.31026007734275,248.84402475061643,254.39444909449634,422772,239.30642547607422,224.53304626464845,63.53133671146907,7.574228755879318,6.8635366357576615
2025-05-06,249.16775512695312,253.9133715051813,247.45636898498663,251.10114916421045,643335,240.18317031860352,225.37016052246094,63.01859223898188,7.36733497191193,6.964296302988516
2025-05-07,243.19183349609375,251.61921345471177,231.27690505009878,231.27690505009878,1779567,240.5915969848633,226.12280456542967,60.16626478070285,6.6445687720750755,6.900350796805828
2025-05-08,234.10765075683594,248.8440203540555,218.87173507283606,241.44345469296834,2366753,240.5805305480957,226.59843383789064,53.66005879683756,5.2779132257996935,6.575863282604602
2025-05-09,237.04010009765625,238.66823351521924,226.64231477220432,234.0428801525212,1243316,240.84277725219727,227.15303985595702,53.92270402183346,4.380952124415188,6.1368810509667195
2025-05-12,260.7219543457031,260.74044559881725,249.7783790580183,259.0198274388157,5642903,242.34141693115234,228.22071228027343,55.335250157687476,5.517430208651433,6.012990882503663
2025-05-13,255.2454833984375,268.1779518639096,253.93187077102561,268.1779518639096,1823012,243.46523895263672,229.1371484375,57.155659066382945,5.908087091292259,5.992010124261383
2025-05-14,259.2417907714844,262.72006546077364,254.3944295834956,256.66086397578766,1864130,244.88445968627929,230.08286529541016,59.55707212324642,6.465622421224936,6.0867325836540935
2025-05-15,264.2001953125,265.4952886352691,259.9448644826154,260.8699351747244,3181215,246.6837028503418,231.1095248413086,64.29448467774597,7.224297786452894,6.3142456242138545
2025-05-16,265.1437683105469,266.7256313553525,263.64515824379225,265.02350459861157,1555553,248.53778839111328,232.15505584716797,62.209847969223595,7.811644163197002,6.613725332010484
2025-05-19,264.5794677734375,266.4110896074179,262.35004410125396,266.4110896074179,368736,250.2405746459961,233.18421875,59.29821450147524,8.13777881252119,6.918536028112626
2025-05-20,265.9208068847656,267.252910907995,262.72007027132787,265.4952822812363,4055565,250.95767517089843,234.2959356689453,59.18245977750104,8.407560602923581,7.216340943074817
2025-05-21,267.2436828613281,270.573914731639,266.1335867506133,267.25291437112423,756808,252.15119857788085,235.45531494140624,65.80432039979415,8.628644014013986,7.4988015572626505
2025-05-22,264.8292541503906,269.18632949418605,263.18262933859853,267.3639389807769,663619,253.25556030273438,236.5623745727539,59.09856362940801,8.510921387482796,7.70122552330668
2025-05-23,266.3555908203125,271.50824121955844,263.2103561934242,264.8292298633875,833300,254.61658248901367,237.66263427734376,61.026323128348274,8.443457053898186,7.849671829424982
2025-05-26,263.3583679199219,267.80795552702716,262.2575315782805,263.64513756546717,618593,255.5387451171875,238.7232778930664,60.556030515912894,8.055283945173699,7.890794252574725
2025-05-27,267.60443115234375,269.0197880893088,263.1825946629895,263.19185440319745,1855820,256.4180252075195,239.85201965332033,68.63960902938199,7.998078901948304,7.912251182449442
2025-05-28,267.60443115234375,267.60443115234375,267.60443115234375,267.60443115234375,0,257.2191360473633,240.96691680908202,79.69487089515918,7.862113937575742,7.9022237334747025
2025-05-29,268.7423095703125,272.8033554367044,265.95783761047926,268.27051445926605,495333,258.4356063842773,242.07881134033204,79.02757627849896,7.756762868488437,7.873131560477449
2025-05-30,280.564697265625,289.5378660133862,266.6978684358377,268.2704999000323,2194180,259.8255279541016,243.40034088134766,73.20919533993502,8.528923153376752,8.00428987905731
2025-06-02,282.590576171875,286.77188510773607,277.5211791365188,284.45920861493175,1495296,261.37270736694336,244.71489715576172,84.79285290490525,9.198304905814837,8.243092884408817
2025-06-03,286.2353515625,287.69695065871394,274.4314419163723,283.07159775423304,6196558,263.2260871887207,246.0927914428711,84.65558920672484,9.908676624432246,8.576209632413503
2025-06-04,287.2159423828125,290.00964555163165,284.92175703318196,286.23536976318456,921729,265.42729263305665,247.51157775878906,82.91005568064791,10.430540040645383,8.94707571405988
2025-06-05,281.1659851074219,287.51195642972715,280.296416408605,286.7719111771206,811330,267.78020935058595,248.88817504882812,69.99077025707727,10.2379231619704,9.205245203641985
2025-06-06,281.1659851074219,281.1659851074219,281.1659851074219,281.1659851074219,0,269.9865036010742,250.19912689208985,70.99041829676632,9.970341013014547,9.358264365516497
2025-06-09,281.1659851074219,281.1659851074219,281.1659851074219,281.1659851074219,0,271.00870513916016,251.40584075927734,69.9709443176712,9.647074759410827,9.416026444295364
2025-06-10,286.1798400878906,287.6969694907068,278.557267036242,283.9689359349031,1162076,272.5554229736328,252.66774627685547,72.61877682904068,9.68383094366851,9.469587344169994
2025-06-11,287.56744384765625,292.923610725282,286.3093613357601,289.02907125926447,1271575,273.9717056274414,253.9574038696289,77.84321536381512,9.712963513952388,9.518262578126475
2025-06-12,287.6877136230469,292.9606276426539,286.77190270957715,288.5202997962913,741331,275.1460815429688,255.24946685791016,77.05303782644066,9.634693304502775,9.541548723401736
2025-06-13,283.3768615722656,286.77188306107473,280.29638892743753,286.77188306107473,861190,276.0577362060547,256.2919216918945,74.56853027629043,9.119687782455685,9.457176535212525
2025-06-16,283.3768615722656,283.3768615722656,283.3768615722656,283.3768615722656,0,276.9976058959961,257.1744125366211,71.60959227720835,8.612265361678567,9.288194300505735
2025-06-17,285.33807373046875,286.67940933053126,282.19281071036556,282.19281071036556,299491,277.9684692382813,258.24851684570314,73.05749851996109,8.273016681533989,9.085158776711387
2025-06-18,286.0133056640625,286.77187028992586,282.60905281797534,283.99665864195885,1070346,278.90695037841795,259.26831695556643,72.72941229390605,7.966808819353787,8.861488785239867
2025-06-19,284.9957580566406,289.54711815012433,283.07162349500976,286.03186091542864,1181477,279.91527557373047,260.28165252685545,58.14899499264218,7.554940641619339,8.600179156515763
2025-06-20,285.15301513671875,288.5202857032841,283.9966768758237,285.01426019159425,746532,280.85514678955076,261.3488095092773,55.060277849427116,7.158700433068759,8.311883411826363
2025-06-23,281.9245910644531,286.77195310891557,277.5674871925675,282.1465990265137,1871653,281.78345794677733,262.37231811523435,41.34482822006949,6.5091370908832005,7.9513341476377315
2025-06-24,296.47589111328125,297.87275686414614,284.96800967657816,288.62205012923476,2391204,283.2270309448242,263.646455078125,62.03418735623067,7.086829210263886,7.778433160162963
2025-06-25,296.2076416015625,300.64796955180714,294.172474822999,296.02261617408703,763581,284.65719146728514,264.9534603881836,73.00524156472142,7.437276588214104,7.710201845773192
2025-06-26,295.8005676269531,299.260322444506,294.17243442767517,296.9476460732193,469802,286.0101043701172,266.30516510009767,72.10737019908095,7.5946151958904125,7.687084515796636
2025-06-27,304.6072692871094,308.9828637221942,296.02261459314485,296.02261459314485,970170,287.2122329711914,267.8360693359375,77.96916896913838,8.333866770852751,7.816440966807859
2025-06-30,307.1697082519531,311.63781544930765,306.17064433834236,308.97360737178985,791117,288.4411895751953,269.3689886474609,76.60032146431793,9.022490722553243,8.057650917956936
2025-07-01,319.48236083984375,321.92456071333515,307.2159441889948,308.0485020618983,1458511,290.1035400390625,270.72705993652346,81.67468891330765,10.441396409984463,8.534400016362442
2025-07-02,330.3612060546875,338.5758374474069,320.9994961591536,320.9994961591536,1987911,292.26080322265625,272.4668197631836,84.89944158896814,12.301912490950997,9.287902511280153
2025-07-03,325.0883483886719,334.8755836892574,320.2594783454631,333.0254423429079,1350085,294.45692138671876,274.11374633789063,83.5842400999368,13.198762227855752,10.070074454595273
2025-07-04,328.95513916015625,330.2502324648153,323.77473771060323,325.6156193282645,903721,296.8463790893555,275.9101461791992,84.54648955654464,14.059470975260183,10.867953758728257
2025-07-07,332.0818786621094,337.54904969935126,329.0013775274254,332.091110171769,1092919,299.39217376708984,277.6534814453125,84.81478871798835,14.82302005699762,11.65896701838213
2025-07-08,335.24560546875,337.18825952371185,328.95513619935736,333.1179542181686,1261516,301.8454620361328,279.35801696777344,85.35756366467251,15.504696033737673,12.42811282145324
2025-07-09,336.0504150390625,337.1882621361499,332.1003734070722,335.8006561191287,732003,304.2696105957031,281.0473809814453,86.77872471208346,15.92628229424281,13.127746716011155
2025-07-10,346.7072448730469,365.4029152392384,335.8006537515026,336.05041266967544,2005892,307.2205871582031,283.0932678222656,88.51595645749495,16.92520630510745,13.887238633830414
2025-07-11,347.2900390625,352.4519209157257,345.97642630572545,347.00324118590004,848725,310.41624603271487,284.98374328613284,92.30126613777617,17.561449937791338,14.622080894622599
2025-07-14,347.6600646972656,351.5268533082363,345.5138939753323,351.5268533082363,2460758,313.63040618896486,286.90400482177733,90.57049679660071,17.88931864722258,15.275528445142596
2025-07-15,338.54815673828125,349.4732404642949,337.88210464301307,347.8266155941763,1535602,316.2909103393555,288.6916128540039,79.4341254202711,17.2154531134708,15.663513378808238
2025-07-16,330.09295654296875,338.52036507240575,326.09667268241304,338.52036507240575,2749610,318.4948928833008,290.4296353149414,71.44016121911076,15.81681938211932,15.694174579470454
2025-07-17,333.8764953613281,336.4944327533116,326.5499237441072,329.3251355606294,1091216,320.93892974853514,292.4250122070313,69.52605403891147,14.842595830164726,15.52385882960931
2025-07-18,329.21417236328125,337.65081281306067,328.44634785633747,333.8765366969186,661170,323.1419876098633,294.26849365234375,64.30547584447208,13.538245676166241,15.126736198920698
2025-07-21,329.01068115234375,331.82290426367206,326.55924920060767,329.46395680636664,1000294,325.4962921142578,295.63426818847654,57.33626260015509,12.34580399821607,14.570549758779773
2025-07-22,329.6859436035156,334.7830637049867,329.04764259441424,329.14012707498995,1126535,327.1567947387695,297.1230773925781,49.38316758651181,11.324728987400249,13.921385604503868
2025-07-23,327.8080749511719,331.9801532906993,327.0217873563543,331.1753462121032,472835,328.73681640625,298.49440307617186,52.64867281044633,10.24588321478035,13.186285126559165
2025-07-24,324.8015441894531,331.17529455448386,323.8857332747179,328.0300599730546,789082,330.186865234375,299.70643005371096,45.88598584299129,9.044034264188554,12.357834954085043
2025-07-25,328.52032470703125,332.56287868762297,325.1715736722412,326.5499198240081,632227,331.3825180053711,300.9739611816406,46.51327736093592,8.296003654566618,11.54546869418136
2025-07-28,324.4407653808594,331.1752782906049,323.6729691963691,328.4000664613541,1076008,332.2460708618164,302.1711871337891,39.608516922961336,7.28996350243807,10.694367655832702
2025-07-29,327.1419677734375,331.1660021417335,324.8847933390139,324.8847933390139,787333,332.6290512084961,303.3956103515625,41.733882157586116,6.634159431632099,9.882326010992582
2025-07-30,333.9783020019531,336.72576334308263,326.36495933246607,328.4001263373471,922447,332.8099060058594,304.730302734375,37.287537396587915,6.590098466390657,9.223880502072198
2025-07-31,333.4417419433594,338.5666132464693,332.1373888810262,337.6692935467472,561432,333.2275756835937,306.10255249023436,36.15684843707386,6.437674418106951,8.66663928527915
2025-08-01,335.7913513183594,336.77192384699725,331.19374953634815,333.441692437766,499099,333.5693862915039,307.4912677001953,38.58737372907418,6.432323282920493,8.219776084807418
2025-08-04,335.1068420410156,338.57585696897644,334.00600571206945,336.1244253994006,561631,333.7206344604492,308.9262371826172,46.050890681481825,6.300223239975821,7.835865515841098
2025-08-05,336.6054992675781,337.65083376302454,334.8756214307257,335.19940184901117,591958,333.78862915039065,310.3062585449219,58.89345919026484,6.2444796433206875,7.517588341337016
2025-08-06,346.11517333984375,347.8265596652308,336.5499463367597,337.1882473350442,2369276,334.2918670654297,311.87647338867185,64.45273167465398,6.888250202779375,7.391720713625489
2025-08-07,341.8228759765625,348.29837073610537,341.31407016404836,347.8265756554453,980582,334.04764862060546,313.33808471679686,65.02097021415213,6.9717247807513445,7.30772152705066
2025-08-08,342.2668762207031,345.74515085246975,340.518507395465,343.20120659870577,1024977,333.79649047851564,314.57212829589844,65.70235655182137,6.993094058971337,7.244796033434795
2025-08-11,349.6489562988281,350.6017779434219,342.27614205558336,342.27614205558336,1409686,333.89593505859375,315.9132958984375,70.40470786694898,7.519026872253676,7.299642201198572
2025-08-12,353.5342712402344,354.2928077359932,349.6767141152957,349.6767141152957,993638,334.6452407836914,317.2592742919922,75.25885202617104,8.155335232718073,7.470780807502473
2025-08-13,358.0208435058594,370.0375308057202,352.6554448677828,355.59716284732997,5497643,336.04163513183596,318.6753723144531,81.69468883282903,8.9188323313914,7.760391112280259
2025-08-15,363.97833251953125,365.03292673443883,358.0208745798404,358.0208745798404,2219737,337.5467269897461,320.3316192626953,82.44464053346141,9.890615992908295,8.186436088405866
2025-08-18,379.38995361328125,383.4140164082657,365.40289052335874,365.40289052335874,2567111,340.0555160522461,322.2960986328125,91.64336539311041,11.768688453223092,8.90288656136931
2025-08-19,392.9422302246094,398.7054302495829,381.13834851679434,381.13834851679434,4244422,343.25209350585936,324.53162353515626,92.82365965472437,14.187089928695684,9.959727234834585
2025-08-20,394.2281494140625,397.7526666702323,393.1550639694005,395.8377634655962,1050185,346.47920379638674,326.69258972167967,92.2648271893495,16.022753129108423,11.172332413689354
2025-08-21,382.56292724609375,394.49636031842266,378.35386739748475,394.228081945441,2686806,349.2169464111328,328.5924993896484,79.80464807953322,16.347796282652382,12.20742518748196
2025-08-22,378.5296630859375,384.7368792682633,376.5130158360784,383.0717633837939,1797562,351.90335235595705,330.4093383789062,75.41257700717675,16.09441817897607,12.984823785780781
2025-08-25,373.0990905761719,380.4307933640286,367.8944151169216,380.4307933640286,1499854,354.1322906494141,332.2037829589844,71.3836130135104,15.279282334245806,13.443715495473786
2025-08-26,368.2237854003906,372.7037691908801,366.31320914661075,371.66847519867497,1783888,356.3214416503906,333.90072143554687,67.14441734318686,14.077607030656907,13.570493802510411
2025-08-27,371.7344055175781,372.6096878767416,367.9979545488437,367.9979545488437,1934069,358.55106353759766,335.62864807128904,64.85817941368765,13.255744428581977,13.507543927724726
2025-08-28,371.76263427734375,375.52731918141814,369.8802918253066,371.76263427734375,923414,360.4402801513672,337.3436346435547,68.2674260637965,12.463024234816942,13.298639989143169
2025-08-29,367.9320373535156,373.65437413227926,367.056755061712,371.76261089583653,1393018,362.164794921875,339.0023602294922,65.03787201476257,11.39434371033883,12.917780733382303
2025-09-01,368.60028076171875,371.2920164478862,367.8096717248687,368.46850301482243,1420132,363.805241394043,340.6713055419922,62.05229206202322,10.480515494831309,12.430327685672106
2025-09-02,367.0379638671875,369.8802906204894,366.86853121813357,368.9391193975365,694935,365.40179748535155,342.3735729980469,58.849280900557204,9.52048787576922,11.84835972369153
2025-09-03,365.7297058105469,368.93910298471326,364.7038326698377,367.05676062254634,1344833,366.8580078125,343.7586492919922,55.27138214870321,8.555471430381488,11.189782065029522
2025-09-04,367.45208740234375,368.4591187981484,365.2309083449364,367.99795408262287,1041203,367.924853515625,345.1835382080078,52.52142238809012,7.839304126584295,10.519686477340478
2025-09-05,368.60968017578125,369.8802669900473,366.58616792016136,367.4520580277563,1341026,369.2641937255859,346.63972045898436,40.13352013415695,7.281211171044902,9.871991416081364
2025-09-08,370.8497009277344,371.7061701990637,368.9485453712583,368.9485453712583,1746896,370.6933349609375,347.9645690917969,24.49991616542043,6.939673204085295,9.285527773682151
2025-09-09,382.4449157714844,384.9390136607748,369.88969564301016,371.2920315138769,3480828,372.3331329345703,349.4700732421875,39.01388341166475,7.517976286406565,8.932017476227035
2025-09-10,380.5155029296875,384.9390190383498,377.4096494728075,384.9390190383498,610346,373.682194519043,350.69073608398435,47.66765814661388,7.731474528350759,8.691908886651781
2025-09-11,384.28961181640625,387.7625358552209,379.2919950234321,382.3508014349114,840953,374.9956329345703,351.76930419921877,56.600469168994564,8.11170577407546,8.575868264136517
2025-09-12,380.3743591308594,384.18611996868606,378.3508466655345,384.18611996868606,525628,375.81543426513673,352.8750244140625,58.636860303686376,8.00483880621988,8.461662372553189
2025-09-15,381.54144287109375,383.99788615021885,379.76261534709147,379.76261534709147,211882,375.92300872802736,353.92675048828124,67.3364865798981,7.9229885878193045,8.353927615606413
2025-09-16,391.621337890625,392.89192474153646,382.1155031274833,383.98842460439704,1905419,375.8569641113281,355.11753967285154,72.10710115418097,8.572664645185228,8.397675021522176
2025-09-17,387.71551513671875,393.87075454615484,385.7860968049772,392.2331257318255,699558,375.5313323974609,356.16693786621096,66.32636234165355,8.672400314944468,8.452620080206636
2025-09-18,388.2990417480469,391.05666670414456,387.2919815854524,388.8919842498038,496795,375.8181381225586,357.21191040039065,72.32777078928352,8.698259155517746,8.501747895268858
2025-09-19,387.71551513671875,390.49195314249164,386.8213909436839,389.6449047461926,716016,376.27743072509764,358.0320758056641,70.99448698972478,8.5728443390459,8.515967184024268
2025-09-22,381.8896484375,388.2331333525472,381.17434910977363,387.7625477363623,1164912,376.7169586181641,358.72406799316406,64.91493467169124,7.912147132595578,8.39520317373853
2025-09-23,381.8896484375,381.8896484375,381.8896484375,381.8896484375,0,377.4002517700195,359.4086596679688,66.66670863278785,7.304339952241662,8.177030529439158
2025-09-24,376.741455078125,382.02141210727336,375.339090357037,379.3861440446041,582324,377.6506042480469,360.17252563476563,58.948343171609324,6.334215312729498,7.808467486097226
2025-09-25,380.3743591308594,381.1743604466206,376.7414518525503,379.2920179258965,357938,378.08119049072263,361.17815368652344,60.81693604369593,5.7917656727289,7.4051271234235605
2025-09-26,387.2449035644531,388.7037074424616,381.1743378067723,383.9978514201558,1590123,379.04683380126954,362.24552185058593,63.89156656413354,5.848844107058085,7.093870520150466
2025-09-29,394.23779296875,395.29190010680566,387.57428485390955,388.70370177169224,1136965,380.3287094116211,363.54599426269533,60.837243216714576,6.384747515413039,6.95204591920298
2025-09-30,410.33184814453125,412.2330037120456,396.23309260906666,396.23309260906666,2409510,382.49340362548827,365.17241760253904,71.74037459357318,8.015710456033673,7.164778826569119
2025-10-01,419.60235595703125,422.56706830315454,405.7483143314659,405.7483143314659,1376449,385.1870361328125,366.9707458496094,73.83739135307243,9.94171098479876,7.720165258215047
2025-10-02,455.8751220703125,461.17392089988834,417.8800426113274,418.8306347822671,2882630,389.6081878662109,369.5320867919922,85.47048691310107,14.23094389831175,9.022320986234389
2025-10-03,432.2799377441406,455.62100165936346,428.2329129132082,453.64453631684916,3059262,392.7917007446289,371.68165466308596,69.68810918487674,15.547041090591051,10.327265007105721
2025-10-06,424.0164489746094,436.91050621644666,416.938851718856,431.99759128432254,1806181,395.45003814697264,373.5915771484375,62.75003765473574,15.74180142668098,11.410172291020773
2025-10-07,424.0164489746094,424.0164489746094,424.0164489746094,424.0164489746094,0,397.5286148071289,375.5830908203125,64.74048394024344,15.714997685136836,12.271137369843986
2025-10-08,416.36474609375,426.3505588623143,414.1153331112987,419.7623603809982,1085737,399.32107696533205,377.36754638671874,60.77778535629296,14.904517057418161,12.797813307358822
2025-10-09,418.27532958984375,423.5270524018292,415.51767606417155,416.3647531467884,690401,401.0203628540039,379.05348693847657,61.61716704579097,14.252084285447609,13.08866750297658
2025-10-10,419.084716796875,427.29173092745594,413.36240845661274,415.20709599283157,1389100,402.9558807373047,380.7663464355469,64.70018950431691,13.643068594174622,13.19954772121619
2025-10-13,405.0330505371094,421.1553185398946,400.0919015068748,413.17417605199483,1920374,404.13046112060545,382.1511804199219,58.232343616376646,11.88951234132503,12.93754064523796
2025-10-14,422.8399963378906,424.392951875231,409.4094929661216,409.4094929661216,1180704,405.69139404296874,383.90584350585937,65.04299415292267,11.800647565037082,12.710162029197784
2025-10-15,431.3952331542969,434.623472316773,421.6541338573934,425.3905848063445,1376376,407.87537994384763,385.80163818359375,66.1310466386754,12.27901288446742,12.623932200251712
2025-10-16,427.6588134765625,437.64462654501995,426.3505716664388,434.82111282537466,1019694,409.84336853027344,387.4325109863281,63.03583399204039,12.215806788538373,12.542307117909045
2025-10-17,427.3105773925781,428.5717434705121,420.70356529771783,427.6588348954807,667864,411.82312164306643,389.14226501464844,61.14566147427331,11.999295352965134,12.433704764920265
2025-10-20,433.5693664550781,435.28227627776596,425.41882009469856,428.23291290264774,641942,414.4071075439453,390.96831481933594,58.38712370695475,12.192196400131763,12.385403091962566
2025-10-21,431.2729187011719,437.6446378192989,423.6211917282523,433.56937888342446,594672,416.8762710571289,392.6007940673828,54.43555860728325,12.021194876658683,12.31256144890179
2025-10-22,427.9505920410156,433.1270340754044,425.6447109186079,432.00703795563703,754682,419.4367279052734,394.08912048339846,35.840409020359715,11.485196742909011,12.147088507703234
2025-10-23,425.7388000488281,430.1340534888457,422.58587076967916,429.17406920038684,506623,421.7049499511719,395.4434796142578,45.76477487745233,10.757930504920296,11.869256907146646
2025-10-24,416.69415283203125,425.40940785668084,415.15064690724535,423.52706534404064,1025360,423.17741241455076,396.4977960205078,45.30647200103598,9.344027201396386,11.364210965996595
2025-10-27,413.08001708984375,415.99765343531357,409.40945530398506,415.99765343531357,529581,424.1195236206055,397.1715972900391,43.300258855122266,7.84147643770433,10.659664060338143
2025-10-28,405.5412902832031,420.7976680749597,404.7036340910707,414.1153465117933,481239,423.87999572753904,397.42357849121095,43.36027815230606,5.9735228298636684,9.722435814243248
2025-10-29,402.85894775390625,409.4094915769019,401.4095359943648,405.64480659688445,645123,423.04282531738284,397.5961944580078,40.631426053464764,4.227976036997745,8.623543858794148
2025-10-30,400.6659851074219,407.98829592372897,399.9977615949917,406.58596002126217,604303,420.2823684692383,397.95825561523435,38.992001511640254,2.6372631415912338,7.426287715353566
2025-10-31,427.7341003417969,439.0375762772769,403.76246738785125,404.69421773685156,1455911,420.0550765991211,398.94234436035157,61.74065221426326,3.520203676518122,6.645070907586478
2025-11-03,421.5207824707031,433.0106234129589,415.80452308080686,430.1429400242669,1072728,419.93029327392577,399.9107781982422,49.2247533730079,3.6762006338064452,6.051296852830472
2025-11-04,416.8177490234375,424.1303646535469,415.8140715538371,423.46122689275825,431634,419.5703582763672,400.8826574707031,41.02717460112323,3.381355688494864,5.517308619963351
2025-11-05,407.6507263183594,418.68175609680696,406.2551286327465,411.03460073430824,898687,419.13465728759763,401.6009838867187,38.456237320568775,2.3805453795009157,4.889955971870864
2025-11-06,403.2918701171875,413.83538492981,398.5984247798544,411.005945473259,658208,418.38548431396487,402.2315686035156,36.75524383262144,1.2215909916828878,4.156282975833269
2025-11-07,408.04266357421875,410.71918556583466,403.29186693997394,403.3874622203145,461153,417.83338165283203,403.0337811279297,35.68561642827585,0.678637704446885,3.460753921555993
2025-11-10,407.60296630859375,413.39568448943396,403.98011808275993,409.61035053904766,1842575,417.9618774414063,403.8138348388672,36.444532683934185,0.21043762397630417,2.8106906620400554
2025-11-11,401.6286315917969,409.10373348938157,399.56389599705926,408.64489363335605,1087757,416.90130920410155,404.5056481933594,35.37015036966527,-0.6353690560682139,2.121478718418402
2025-11-12,398.7131042480469,405.20363547456435,395.740286628631,404.81171526499446,756242,415.26720275878904,405.1653161621094,35.095605248577684,-1.523375114224791,1.3925079518897634
2025-11-13,403.3110046386719,404.2095185959772,399.5638855084545,399.5638855084545,587958,414.04981231689453,405.88249450683594,42.238662641395095,-1.834961879463151,0.7470139856191805
2025-11-14,406.30291748046875,407.6411930252608,401.9536094746439,403.38745112556416,1550393,412.9994293212891,406.6363592529297,46.04116142474834,-1.8195002081023972,0.233711146874865
2025-11-17,408.01397705078125,413.90229026975857,407.0198386705427,407.68897644353814,1039943,411.7216598510742,407.3796447753906,51.54994584515041,-1.650156537374869,-0.14306238997508183
2025-11-18,402.0109558105469,411.27357509409757,400.9977100568831,410.9390062120578,1072567,410.258561706543,407.7709655761719,49.489699784728856,-1.9775481588193315,-0.5099595437439318
2025-11-19,403.1962585449219,406.7330796013933,401.47566024109324,402.4315546702387,822743,409.0208450317383,408.2245806884766,51.54134787629658,-2.1169613402992695,-0.8313599030549994
2025-11-20,401.2940368652344,407.7845681893742,399.57343856612465,403.86539520631004,1115016,407.7986068725586,408.5646691894531,26.771916579354595,-2.353807455903336,-1.1358494136246668
2025-11-21,399.2866516113281,403.38744685761577,398.60797473844974,401.47565800994937,734517,406.92823181152346,408.9429150390625,28.908228526035558,-2.6726799319058046,-1.4432155172808945
2025-11-24,395.0425109863281,402.32645160762115,391.9167464614429,399.5639024899589,991021,406.02635650634767,409.2129364013672,29.162123028956813,-3.230614828410296,-1.8006953795067748
2025-11-25,393.53216552734375,398.607962427405,391.91670166723276,396.3138217153766,1009152,405.4259002685547,409.25115295410154,34.169354513084045,-3.7514105836144154,-2.190838420328303
2025-11-26,403.5308532714844,404.8213166677884,392.47114701682983,396.2182662545414,1831327,405.4594955444336,409.56745971679686,50.237877829640475,-3.319074211850136,-2.41648557863267
2025-11-27,421.3487243652344,423.4612429396211,403.53083774798813,403.53083774798813,4221656,406.4936325073242,410.22845336914065,60.51041488384651,-1.5211562924553732,-2.2374197213972105
2025-11-28,425.2391662597656,433.976055026311,422.505322294338,422.505322294338,2604630,406.36888580322267,410.9789263916016,63.210606468614515,0.21515261367079574,-1.7469052543836092
2025-12-01,422.00830078125,427.28482774967705,418.68177752652923,426.32893328043843,1346244,406.39326171875,411.78129943847654,65.91995407584065,1.3153238539316021,-1.134459432720567
2025-12-02,425.2774353027344,427.6576323217696,420.78474888717665,422.5053472298867,1744655,406.81624603271484,412.64905517578126,70.63720567218503,2.4230775925571493,-0.42295202766502377
2025-12-03,416.4736633300781,428.24072190402677,415.34571485838615,428.24072190402677,1260459,407.2573928833008,413.44369934082033,59.59850915267031,2.5610672008688766,0.1738518180417563
2025-12-04,414.8294982910156,419.1596988016241,413.0419804116979,416.49274522957523,400530,407.8342742919922,414.13280212402344,56.34244417880036,2.508834301690854,0.6408483147715758
2025-12-05,414.1316833496094,420.1155916693857,412.93681534144844,419.6089688007887,2235212,408.1387252807617,414.67053771972655,54.62026328805376,2.38365423661935,0.9894094991411306
2025-12-08,416.597900390625,417.2479015751753,414.7434629387866,414.75303121760055,1259670,408.5884719848633,415.11773986816405,61.638204115183854,2.455149798748323,1.282557559062569
2025-12-09,414.9824523925781,418.6817591587881,414.18904368183007,418.6817591587881,2539306,409.2561630249023,415.210751953125,59.33951824616998,2.3543182786491457,1.4969097029798843
2025-12-10,415.08758544921875,416.76996897079636,413.80669042132047,415.8140745465514,1105628,410.07488708496095,415.1204565429687,61.25059428244284,2.2568760690880936,1.6489029762015264
2025-12-11,412.0096435546875,415.90970951387953,410.89126330767937,415.08762506135366,1410189,410.5098190307617,414.24314697265623,60.19928515685205,1.9092792458615122,1.7009782301335237
2025-12-12,412.75518798828125,413.87359726564523,410.32723722913244,410.32723722913244,2954712,410.83243255615236,413.85265197753904,65.04302643167011,1.6746610144366514,1.6957147869941493
2025-12-15,412.9464111328125,413.90230560302734,412.27727333502844,412.9464111328125,1081892,411.0790542602539,413.6312512207031,66.86603695349476,1.4870131236882003,1.6539744543329595
2025-12-16,412.6023254394531,414.8582225087988,411.03464442116007,412.9464334649794,1972073,411.6086227416992,413.40296875,59.46924519742911,1.295601095583777,1.582299782583123
2025-12-17,410.9389953613281,413.9022738258062,408.16690744484816,413.42432662739304,1521535,411.99575958251955,413.29445373535157,33.60420447903529,0.9981824223685862,1.4654763105402158
2025-12-18,415.46038818359375,416.7603905666241,411.9904868404312,412.00959422668205,5916732,412.7040771484375,413.23815490722654,34.898138277065016,1.1144677049890106,1.3952745894299747
2025-12-19,419.4273681640625,424.51273367028045,416.349386849413,417.2383616921587,14227920,413.7111129760742,413.2450079345703,46.102744649868214,1.5093281646864511,1.41808530448127
2025-12-22,420.0773620605469,423.9391837627537,416.0530546397713,419.3986851767941,1950734,414.96285552978514,413.54589416503904,41.47334456903351,1.853342816708107,1.5051368069266373
2025-12-23,421.2722473144531,424.27376997832584,420.59357040298283,420.59357040298283,1737303,416.3498596191406,413.5145391845703,60.48451194076825,2.197067731661093,1.6435229918735286
2025-12-24,420.51708984375,422.50533741964006,420.11560134826203,421.5494429910888,1646026,417.1991714477539,413.2969763183594,62.92919608678339,2.381089587802819,1.7910363110593868
2025-12-26,422.5149230957031,423.46124928402685,419.6854544671496,420.59356588029755,1785462,417.25748138427736,413.1940985107422,67.99351792657492,2.6575026451886856,1.9643295778852465
2025-12-29,424.4171447753906,425.25833657663316,420.70826956350356,422.98330307006836,1758817,417.2163803100586,413.13622985839845,67.19938780031012,2.9955248310337765,2.1705686285149524
2025-12-30,427.38043212890625,428.90986914656327,424.41715337686793,425.3634795866525,2979718,417.48498687744143,413.012451171875,75.7443718228032,3.4626075879615996,2.428976420404282
2025-12-31,424.7803955078125,430.05692255822436,423.93920369435887,428.2407288727684,1226754,417.4601348876953,412.8826007080078,68.23745311642286,3.581685372613208,2.659518210846067
