Date,Close,High,Low,Open,Volume,SMA_20,SMA_50,RSI,MACD,MACD_Signal
2023-01-03,232.51052856445312,238.49846380336683,230.39484781786445,235.90725134496904,25740000,,,,0.0,0.0
2023-01-04,222.33981323242188,225.99855889308043,219.29246770974694,225.42597193507248,50623400,,,,-0.8113391148059179,-0.16226782296118358
2023-01-05,215.75013732910156,220.83552222933494,215.21636361108918,220.49584400645332,39585600,,,,-1.9634297854765066,-0.5225002154642482
2023-01-06,218.2928466796875,219.09835714227594,212.87751216247153,216.4198034707522,43613600,,,,-2.6408524449525714,-0.946170661361913
2023-01-09,220.418212890625,224.41665135349578,219.7291716302323,219.76798480761224,27369800,,,,-2.971956626348174,-1.3513278543591651
2023-01-10,222.09719848632812,224.48460157088834,220.62204584662,221.03935048334114,27033900,,,,-3.063564109820277,-1.6937751054513877
2023-01-11,228.81298828125,228.98766979827053,224.2904903213458,224.4651718383663,28669300,,,,-2.5646914239448506,-1.8679583691500805
2023-01-12,231.47213745117188,232.8211212975009,226.66820302336927,228.3180371449277,27269500,,,,-1.9324836431205483,-1.8808634239441742
2023-01-13,232.17088317871094,232.30675151679418,227.98806347571494,230.00668936190732,21333300,,,,-1.3594011511824817,-1.776570969391836
2023-01-17,233.25782775878906,233.80130107166906,230.0940134168222,230.948051370512,29831300,,,,-0.8082053160546252,-1.582897838724394
2023-01-18,228.85182189941406,235.22796439382358,228.57038560512123,234.44186787994613,30028700,,,,-0.7186226611774771,-1.4100428032150107
2023-01-19,225.0862579345703,228.57033632786354,223.8731426355433,226.88167450054485,28623000,,,,-0.940634257415951,-1.3161610940551989
2023-01-20,233.1316680908203,233.63632824749806,227.59015038517927,227.92982862321074,35389800,,,,-0.46205638721912123,-1.1453401526879834
2023-01-23,235.42202758789062,237.93559913009912,232.57847740404011,233.98570310784828,31934000,,,52.7583854002527,0.10087012494886949,-0.8960980971606128
2023-01-24,234.89796447753906,236.75160844059997,233.3451855854794,235.34439747923588,40234400,,,52.23964260306582,0.49895429377099276,-0.6170876189742918
2023-01-25,233.51016235351562,236.1207891156233,224.08667522306712,227.5610395748184,66526600,,,62.54628204609661,0.6944496492648682,-0.35478016532645984
2023-01-26,240.68209838867188,240.9829486422917,234.85914439539755,236.46045082013288,33454500,,,77.6414714184647,1.4118218234760604,-0.001459767565955783
2023-01-27,240.83741760253906,242.45813826853885,239.54666082597973,241.6429281386719,26498900,,,76.39172359194995,1.9701665488391882,0.39286549571507307
2023-01-30,235.54818725585938,238.35290934630353,235.0532267167277,237.2950615090347,25867400,,,66.49032557632106,1.9632311744017557,0.7069386314524096
2023-01-31,240.49769592285156,240.6335642533175,235.78110272448055,236.26634887736424,26541100,230.27939376831054,,68.72030454346888,2.3302570718601316,1.031602319533954
2023-02-01,245.2919464111328,247.65023576111176,238.2267631452796,240.6821076556318,31259900,230.91846466064453,,67.44754500239264,2.973704670679183,1.4200227897629998
2023-02-02,256.792236328125,256.87957707013254,249.65911289346886,251.1827927216543,39940400,232.64108581542968,,72.58084796467575,4.361343954634464,2.0082870227372926
2023-02-03,250.7267303466797,256.4041171018203,249.51361478434532,251.88161873138833,29077300,234.3899154663086,,65.10270689166968,4.914965777394286,2.5896227736686916
2023-02-06,249.1933135986328,250.67816573061054,247.26204327207444,249.84355651391297,22518000,235.93493881225587,,62.87639817719122,5.170380219571086,3.1057742628491707
2023-02-07,259.6648864746094,260.83917372488975,252.40559427354566,252.8423276033304,50841400,237.89727249145508,,72.67526247009461,6.146908684664197,3.7140011472121763
2023-02-08,258.8594970703125,268.5935364835142,258.3548219727172,265.13858526081,54686000,239.7353874206543,,75.98578940756717,6.777697259711601,4.326740369712061
2023-02-09,255.84117126464844,265.89548673151216,255.04536048337422,265.7207756113508,42375100,241.08679656982423,,68.9381677330035,6.953887990596513,4.852169893888951
2023-02-10,255.33656311035156,256.29734113427406,252.96855922241394,253.81288289399168,25818500,242.2800178527832,,67.11717229636946,6.97242893279207,5.276221701669575
2023-02-13,263.31396484375,266.4971782446964,259.26699912258107,259.74256046553177,44630900,243.83717193603516,,71.6504319806844,7.543871359879745,5.72975163331161
2023-02-14,264.138916015625,266.856282749665,261.33417890703004,264.62416219078045,37047900,245.38122634887696,,73.5382341545877,7.971420689857183,6.1780854446207245
2023-02-15,262.0276184082031,263.39944334315715,258.97262606555677,261.0546954493352,28922400,247.0400161743164,,67.78761669586977,8.047130233949957,6.551894402486571
2023-02-16,255.0517578125,259.5174708073064,254.80852706316685,256.8711190669115,29603600,248.53829116821288,,60.63603549581079,7.4582627325540045,6.733168068500058
2023-02-17,251.07254028320312,253.04757304733442,249.06832101285343,252.36654467181947,30000100,249.43533477783203,,61.848553396773816,6.594474400262214,6.705429334852489
2023-02-21,245.82850646972656,248.57215705654002,244.7777476181148,247.58949511011687,28397400,249.95565872192384,,54.050391057048195,5.4242389707504515,6.449191262032082
2023-02-22,244.6999053955078,247.45327979594094,243.56158704829775,247.21004899921323,22491100,250.44575576782228,,49.52362687903413,4.355542306713801,6.030461470968426
2023-02-23,247.87161254882812,249.88555556651798,243.69776430121092,248.6402152353794,29219100,251.1638282775879,,41.711289235913405,3.721622216844935,5.568693620143728
2023-02-24,242.471923828125,244.20372595601927,241.38225458242883,243.19189234867713,24990900,251.25331954956056,,42.233850830653395,2.7518051292067582,5.005315921956335
2023-02-27,243.386474609375,245.97445391978178,242.6373195783351,245.6242009691581,21190000,251.38077239990236,,44.47254157899828,2.0335729419067263,4.410967325946413
2023-02-28,242.66650390625,244.68046206564443,241.99518451978517,242.32598969202303,22491000,251.73668823242187,,30.1307510821013,1.3902472354604072,3.806823307849212
2023-03-01,239.601806640625,244.13561758385552,239.13479280403806,243.97022241717565,27565300,251.69189376831054,,28.61915397667825,0.6258965754830115,3.170637961375972
2023-03-02,244.3107452392578,244.5928864350576,238.95966764159195,239.8742178244938,24808200,251.6428337097168,,37.6615339801006,0.39555544433198975,2.6156214579671757
2023-03-03,248.37753295898438,248.69859936512998,244.58313878749726,245.36148024067188,30760100,251.22209854125975,,43.080783637850445,0.5349971061795031,2.1994965876096413
2023-03-06,249.91476440429688,253.07676463691814,249.04886339595808,249.48667584365674,24109800,251.18150024414064,,34.72069103755857,0.7607775878094856,1.9117527876496103
2023-03-07,247.26840209960938,250.71255821742662,246.528985881538,249.36018084473946,21473200,251.08525466918945,,31.529556024804876,0.7178954726121844,1.6729813246421252
2023-03-08,246.83059692382812,247.64784879607657,244.0188496513126,247.16138722750551,17340200,250.44354019165038,,32.72887254334117,0.6411925994167973,1.46662357959706
2023-03-09,245.48794555664062,252.53189877832503,244.76797717147787,248.8931761547208,26653400,249.77496261596679,,37.53486325965313,0.46668462560583635,1.2666357887988153
2023-03-10,241.85897827148438,245.9452528022764,240.89579379056408,244.28156241943404,28333900,249.0758529663086,,37.88071712949099,0.035153243028048564,1.020339279644662
2023-03-13,247.04464721679688,250.92661597294014,239.0764041542882,240.7011840514009,33339700,248.66125717163087,,51.602140287834864,0.11032984498740461,0.8383373927132105
2023-03-14,253.72866821289062,254.00108554117946,248.93214876608812,249.79804988364143,33620300,248.1819923400879,,60.375730033818364,0.7011698280343808,0.8109038797774446
2023-03-15,258.2527160644531,259.26456442561187,252.19139432118732,252.9405641280701,46028000,247.8876823425293,242.45001495361328,61.57019846015491,1.516980813417689,0.9521192665054936
2023-03-16,268.7214050292969,269.07164313641664,256.1512239726221,258.0289586598438,54768800,248.22237167358398,243.17423248291016,76.28607699073234,2.973970524934373,1.3564895181912695
2023-03-17,271.8638916015625,275.6582857099673,268.83811504692954,270.72558821466924,69527400,249.0629783630371,244.16471405029296,77.29901399781409,4.332277968212992,1.951647208195614
2023-03-20,264.8588562011719,269.96670228330714,262.543294560003,269.4802407516752,43466600,249.75229415893554,245.14688842773438,68.98619530430433,4.788302024674039,2.518978171491299
2023-03-21,266.3669128417969,267.5538803349331,262.2222505034053,267.4371343013886,34558700,250.77921447753906,246.10836975097655,73.5249039062479,5.211319099789705,3.0574463571509805
2023-03-22,264.917236328125,273.43031336043435,264.81019934883693,265.9971667055635,34873300,251.79008102416992,246.99835021972658,69.21262040368971,5.367710771797761,3.5194992400803367
2023-03-23,270.14178466796875,273.44971669614165,267.74840257051886,270.41420190108295,36610900,252.90358963012696,247.9592419433594,69.86324109306858,5.845842453366572,3.984767882737584
2023-03-24,272.9730224609375,273.0313954676099,267.826251303453,269.73317213434575,28172000,254.42864456176758,248.84244262695313,70.55863474468126,6.37968148704482,4.463750603599031
2023-03-27,268.8965148925781,273.83895161321755,268.05978551317787,272.90495366822654,26840200,255.70414657592772,249.59093017578124,68.80398075212739,6.400037032341913,4.851007889347608
2023-03-28,267.7776184082031,268.66298193563654,264.68370058234905,268.32245293412296,21878600,256.9597023010254,250.3030648803711,67.99866371999795,6.2537935145779215,5.131565014393671
2023-03-29,272.9146423339844,273.52758857930763,270.8714980799914,271.4065938576128,25087000,258.62534408569337,251.096201171875,72.1237051478987,6.4777380401576465,5.400799619546467
2023-03-30,276.3587341308594,276.7576360774144,273.8583448770266,276.533882815841,25053400,260.2277435302734,252.0463394165039,77.91242934784219,6.854115141827947,5.691462724002763
2023-03-31,280.4936828613281,281.4374193382453,275.3372029511124,276.0474474143603,32766000,261.83355102539065,253.15448791503906,77.53040240486439,7.400741372156006,6.033318453633412
2023-04-03,279.4527893066406,280.4646082302999,276.261601851509,278.7619923385716,24883300,263.3104522705078,254.08091033935546,73.34052160968656,7.661636609535947,6.35898208481392
2023-04-04,279.4040222167969,282.5854994542806,277.9349286652677,279.45268618193273,25824300,264.9172332763672,254.96055023193358,70.88776135092388,7.774839359751638,6.6421535398014635
2023-04-05,276.6410217285156,279.3749339662447,275.259487198861,278.11014548796777,22064800,266.4077545166016,255.79541137695313,59.22490992284789,7.554518519861119,6.824626535813396
2023-04-06,283.7043762207031,284.1713602969535,274.3934952141327,275.54153732325625,29770300,268.3185760498047,256.7992956542969,62.63765829278636,7.859269576077338,7.031555143866185
2023-04-10,281.5542297363281,281.7585352734682,277.00092706983764,281.37908101323706,23103000,270.3033386230469,257.61673828125,69.87963365373854,7.836948666084936,7.192633848309935
2023-04-11,275.17181396484375,278.23654533423,274.01406284794314,278.0127623432296,27276600,271.7096969604492,258.3034262084961,59.39379653041729,7.221012237270656,7.198309526102079
2023-04-12,275.81396484375,279.2386732168352,274.32539366289427,277.07878271017614,27403400,272.8139617919922,259.1087417602539,61.82935911605138,6.70737593452526,7.1001228077867165
2023-04-13,281.9920959472656,282.05046897208393,275.50271392776443,275.9113251014926,24222700,274.0009307861328,259.9386297607422,62.603612522111696,6.721359364455054,7.024370119120385
2023-04-14,278.39227294921875,280.6689097907965,276.00859911070734,279.2289726922403,20987900,274.4844741821289,260.6006362915039,55.67102691516676,6.3685529878953275,6.893206692875374
2023-04-17,280.9801940917969,283.7043967289592,278.4116924129814,282.07960200286976,23836200,274.94028930664064,261.08439544677736,63.051707383962636,6.226005485008443,6.759766451301989
2023-04-18,280.56182861328125,283.86005216252715,279.23866745372095,283.6751943988744,20161800,275.7254379272461,261.68109741210935,64.02053112367605,6.0099974547168244,6.6098126519849565
2023-04-19,280.6397705078125,281.2235008029145,276.8356363979775,278.2463575328291,17150300,276.4390808105469,262.31002655029295,59.5296769719708,5.778487981491196,6.443547717886204
2023-04-20,278.363037109375,281.20398586251105,277.3609274204324,277.52633742538336,23244400,277.1113708496094,262.6839895629883,52.545819478889435,5.349634442404977,6.224765062789959
2023-04-21,278.0224914550781,278.5186620047946,275.3955874268566,277.2927991907115,21676400,277.50540618896486,263.0672494506836,46.52631687320473,4.9255075497022744,5.9649135601724215
2023-04-24,274.1405334472656,277.234451496004,271.173129844423,274.45187596772155,26611000,277.56378173828125,263.43323669433596,43.085026933405366,4.227411396110256,5.617413127359988
2023-04-25,267.9625244140625,273.9751827450711,267.9138604386518,271.9417767926592,45772200,277.51708221435547,263.68575592041014,37.156072991970554,3.1394617073582936,5.1218228433596495
2023-04-26,287.372314453125,291.45860367890464,284.80381270160626,288.66631890750085,64599200,278.49681701660154,264.16692291259767,58.76921772482088,3.799661450542146,4.85739056479615
2023-04-27,296.576171875,296.9361784067996,287.2555804982626,287.95608640380885,46462600,279.67989349365234,264.8156680297852,60.162833564243115,5.007821824860912,4.8874768168091025
2023-04-28,298.94036865234375,300.56513364270495,295.0973104351293,295.7783684985938,36469600,280.80897521972656,265.55392303466795,63.68085896282621,6.085913920028531,5.127164237452988
2023-05-01,297.28643798828125,300.24413310215317,296.8875358766026,298.6582633895383,21294100,281.6486129760742,266.39861663818357,68.80068244226327,6.7292803356901345,5.447587457100418
2023-05-02,297.1404724121094,300.8083821173536,295.681087639922,299.42684782678805,26404400,282.53299713134766,267.3199752807617,68.28493037708726,7.145011409283825,5.7870722475371
2023-05-03,296.1577453613281,300.25374274084976,295.8561416167109,298.3176355367741,22360800,283.37068328857424,268.32656005859377,63.33318779751065,7.310907825748927,6.091839363179466
2023-05-04,297.1404724121094,299.42684782678805,295.1848873161754,297.94798558856564,22519900,284.3956558227539,269.3753713989258,68.56085760364292,7.43596264240648,6.3606640190248696
2023-05-05,302.23858642578125,303.5228521768905,296.03133165334634,297.442082171176,28197100,285.32236633300784,270.4627108764648,70.04946491203327,7.8558869056373055,6.6597085963473575
2023-05-08,300.2926940917969,301.80074263730194,297.80201345372643,301.73263089775384,21318600,286.25928955078126,271.61912628173826,68.08764327218708,7.9401337415756075,6.9157936253930075
2023-05-09,298.6874084472656,301.6451031506541,298.0160890953245,299.66033160181695,21340800,287.43506927490233,272.7251449584961,66.09392187310353,7.787596268270363,7.090154153968479
2023-05-10,303.8536376953125,304.52495706862396,299.33928955394174,300.2635487654328,30078000,288.8370529174805,273.94888763427736,71.61714224193261,7.99146016773841,7.270415356722466
2023-05-11,301.713134765625,302.6957964886429,297.9674049998212,301.70342572575834,31680200,289.82310485839844,275.19111419677733,69.49552401181944,7.889359454494809,7.394204176276935
2023-05-12,300.6040954589844,302.23859938067807,298.2982721245842,302.14130111816417,19774700,290.9336959838867,276.31698120117187,72.81881843740362,7.630988415902493,7.441561024202047
2023-05-15,301.0807800292969,301.50886857686805,299.26141854774806,300.73054195833356,16336500,291.93872528076173,277.3710461425781,81.6709304354881,7.379624252632539,7.429173669888145
2023-05-16,303.299072265625,305.21573217875385,301.4407853698495,301.4407853698495,26730300,293.0755874633789,278.4387322998047,72.69192707110446,7.275546021029754,7.398448140116468
2023-05-17,306.1657409667969,306.5850053814175,302.9870680194989,304.49841357542465,24315000,294.3518859863281,279.61667907714843,66.67388316698239,7.339771165924162,7.3867127452780075
2023-05-18,310.57293701171875,311.07998209113083,305.89270858681226,306.68249676156313,27276000,295.96238098144534,280.89152587890624,68.88449610098789,7.658017090254873,7.440973614273381
2023-05-19,310.3974304199219,310.7972045125446,308.47658062453104,308.83734438329236,27546700,297.5811279296875,282.18971557617186,72.35781158115499,7.806083689285117,7.513995629275729
2023-05-22,313.1665344238281,314.54135841802827,310.0756427593572,310.6509186565906,24115700,299.5324279785156,283.61586669921877,75.08464375107476,8.054029250782378,7.622002353577059
2023-05-23,307.394287109375,314.66815212283035,307.3845270869392,312.04526511786804,30797200,301.50401611328124,284.82285949707034,65.29468306854878,7.696040611477372,7.636810005157122
2023-05-24,306.0194091796875,308.60328539686515,304.8103271006574,306.8774578305602,23384900,302.4363708496094,285.86867431640627,61.95795757287308,7.218184143425958,7.553084832810891
2023-05-25,317.7882995605469,318.7438294879401,312.0159906409768,315.1751430242443,43301700,303.4969772338867,287.05938598632815,67.75226618522062,7.700365526264193,7.582540971501552
2023-05-26,324.58441162109375,325.0816668912498,315.7992015223041,315.935693050292,36630600,304.77917938232423,288.17664611816406,74.96751990053028,8.532529503104058,7.7725386778220535
2023-05-30,322.9462890625,327.36326419300417,322.2735022093098,326.86600894737563,29503100,306.06217193603516,289.1982940673828,74.91695029054077,8.956596579964184,8.00935025825048
2023-05-31,320.19671630859375,327.5583326539221,319.16313582793106,323.99940574363865,45950600,307.21498413085936,290.30505126953125,67.66329801971054,8.967434251494979,8.20096705689938
2023-06-01,324.2821044921875,325.2084138620462,316.61822604492374,317.7980281716673,26773900,308.62120208740237,291.4633551025391,73.40805358081118,9.199632233847183,8.40070009228894
2023-06-02,327.03179931640625,329.07941048845686,324.2529005654924,325.9104976467162,25873800,310.1157684326172,292.70564636230466,76.50809859736958,9.496063491082452,8.619772772047643
2023-06-05,327.5583190917969,330.11294548453895,326.31025620693947,326.8562818593042,21307100,311.38175506591796,293.8539770507812,76.53156084410152,9.66209453235399,8.828237124108913
2023-06-06,325.3547058105469,327.0025428376745,323.88240041372416,326.96353250247705,20396200,312.63485565185545,294.90161071777345,72.1071368049221,9.506279678636758,8.963845635014483
2023-06-07,315.31170654296875,326.14449888626166,314.45365769277373,323.37536016910263,40717100,313.4660705566406,295.82991455078127,58.014362447766715,8.474717903767896,8.866020088765167
2023-06-08,317.14471435546875,318.4902878696677,315.28236562629644,315.8576414500472,23277700,314.13062438964846,296.81725646972654,56.030740691368706,7.7161590976311345,8.63604789053836
2023-06-09,318.6365966796875,321.75673881470783,316.3159729270914,316.8814888323344,22529000,314.97679748535154,297.7316955566406,57.38249656416306,7.15292376144879,8.339423064720446
2023-06-12,323.5702819824219,323.81404443234743,317.0471964419212,320.38185009345415,24260300,316.12510681152344,298.67592651367187,58.973913501276684,7.0236980519918575,8.076278062174728
2023-06-13,325.9494934082031,328.5723804542734,322.1468041193806,326.12499527780267,22951300,317.36854248046876,299.58504272460937,67.00017391139019,7.032205338639301,7.867463517467643
2023-06-14,328.9233703613281,330.58096729872784,324.50639495848685,325.9982202996805,26003800,318.6497573852539,300.57445434570315,70.38713767810837,7.1959638490694715,7.733163583788009
2023-06-15,339.4149169921875,341.1114945004108,328.78687775426107,329.0598905688736,38899100,320.3122161865234,301.77467224121096,69.69808322960718,8.079191885069747,7.802369244044357
2023-06-16,333.78887939453125,342.70085137133475,333.41838536086453,342.5545998111812,46552000,321.47301330566404,302.9176293945313,58.56625461667536,8.230308379729081,7.887957071181302
2023-06-20,329.6156005859375,333.54505041870027,327.48023896465304,330.8441729587754,26375400,322.43392181396484,303.83585388183593,55.92719000096553,7.922000675660001,7.894765792077042
2023-06-21,325.2377014160156,329.3036733312241,323.784886322757,327.9775897528391,25117800,323.03748016357423,304.7095233154297,54.35403646485441,7.2409357238666985,7.7639997784349735
2023-06-22,331.2342224121094,331.63399647710884,325.0231587622799,325.7836965611128,23556800,324.22947692871094,305.830771484375,55.812829577054366,7.103174992390905,7.6318348212261595
2023-06-23,326.6612854003906,329.5279351767741,325.13047930366815,326.0177487407771,23146900,325.2615707397461,306.8477178955078,49.699370512904956,6.549502236113085,7.415368304203545
2023-06-26,320.4014587402344,327.72406452687306,320.29418775939905,325.39371033432894,21520600,325.3922286987305,307.6159051513672,44.687313672222594,5.541715445784803,7.040637732519797
2023-06-27,326.22247314453125,327.76303899280276,321.0839407974331,323.58006632131827,24354100,325.47413177490233,308.57250915527345,50.61132999694282,5.153339873696211,6.663178160755081
2023-06-28,327.4705505371094,329.5474118113246,325.48144019271336,326.3102386492254,20259500,325.7003448486328,309.5023162841797,59.777322421134,4.889891227465569,6.308520774097179
2023-06-29,326.69049072265625,327.72404134255896,324.3211263632283,326.35897729326905,16997000,326.02503356933596,310.42488952636717,57.80829687084992,4.5655333430553355,5.95992328788881
2023-06-30,332.0436096191406,334.17897197737386,328.7869454612738,329.3232111787856,26832800,326.4131088256836,311.4529663085938,60.31513545217486,4.686407353073946,5.705220100925838
2023-07-03,329.55718994140625,332.39458944231734,328.1726353949494,330.72726202126387,12508700,326.5393783569336,312.4768493652344,54.78647639077638,4.529355992294029,5.470047279199477
2023-07-05,329.713134765625,333.1258095919121,326.37848059881856,326.72948429799266,18172400,326.647119140625,313.51066223144534,53.11990722774586,4.367133504813864,5.249464524322354
2023-07-06,332.75531005859375,334.43239728548525,327.1292821478824,328.88436028376566,28161200,327.0171493530273,314.6829577636719,53.17293099326776,4.432948861300645,5.086161391718013
2023-07-07,328.8063659667969,333.26235165945616,328.5918537740865,330.8539769415479,21214800,327.69188232421874,315.89983459472654,40.14848923342533,4.118980180441213,4.892725149462653
2023-07-10,323.5508728027344,326.8660670625544,319.4166697574399,326.25178071727987,32791400,328.012190246582,316.62340576171874,40.426707363079075,3.406811757216474,4.595542471013418
2023-07-11,324.17486572265625,324.55511973893175,318.84134117994995,322.800041689948,26698200,328.28910369873046,317.17537963867187,44.550810644933726,2.8597981912396904,4.2483936150586725
2023-07-12,328.786865234375,333.1258197926784,327.29503995487715,328.20182929500714,29995300,328.5499328613281,317.7723095703125,53.538087858504475,2.766544809244124,3.952023853895763
2023-07-13,334.11065673828125,335.16369770913235,330.56146024108614,331.0879956045949,20567200,328.957991027832,318.5087939453125,52.906440700962385,3.08664538708922,3.7789481605344544
2023-07-14,336.62628173828125,342.661844143398,335.7194923009407,338.91765538868515,28352700,329.3431365966797,319.29851013183594,60.50572978969429,3.5029376302773585,3.723746054483035
2023-07-17,337.10406494140625,338.33260777182664,333.66213945063294,337.0552945851425,20363900,329.22759399414065,320.1174365234375,70.05382509957094,3.8272867643033237,3.744454196447093
2023-07-18,350.520751953125,357.6288755346599,333.63290678637566,337.2015639773949,64738600,330.06418762207034,321.18504211425784,74.67325689494888,5.108067679198086,4.017176892997292
2023-07-19,346.22076416015625,353.4166384044317,343.6466474604791,352.72436118966306,39732900,330.8944458007812,322.0646856689453,67.92836904473579,5.710297943232661,4.3558011030443655
2023-07-20,338.2155456542969,349.03860522679815,336.75297084061185,344.74839172455427,33778400,331.5433380126953,322.8231427001953,59.6821242716993,5.478463221501954,4.580333526735883
2023-07-21,335.19293212890625,341.56000752112044,331.35123269865875,340.43870595783125,69405400,331.7412734985352,323.5532531738281,52.75354569337737,4.993273534684647,4.662921528325636
2023-07-24,336.4994812011719,338.2643490243122,333.76935318489967,337.2210384138867,26678100,332.2331832885742,324.2061700439453,56.1977211588078,4.660461899385268,4.6624296025375624
2023-07-25,342.22308349609375,343.11038262849917,336.4605340248674,338.4496147386664,41637700,333.3242645263672,325.0163690185547,60.15839046187883,4.803185024607387,4.690580686951527
2023-07-26,329.3426208496094,336.07048951280683,324.7988843745913,332.92106736693563,58383700,333.4802719116211,325.5911395263672,47.61058830718792,3.832766691946688,4.51901788795056
2023-07-27,322.468505859375,332.8137710712754,320.8401594248719,331.98500245672983,39635300,333.23016967773435,326.0188940429687,45.737128500495714,2.48042672620295,4.111299655601038
2023-07-28,329.92767333984375,331.52676966933615,324.8574310459994,325.3449560601863,28484900,333.39202880859375,326.5514660644531,54.16557853208485,1.9876674440627085,3.6865732132933724
2023-07-31,327.53875732421875,329.27434485965733,325.04260234307225,328.5138071701092,25446000,333.16678619384766,326.9789263916016,52.14790011333044,1.3883821996116694,3.226935010557032
2023-08-01,327.9483642578125,330.0934864927497,325.374247332057,326.82706253525544,18311900,333.08634490966796,327.3264349365234,49.43424136948346,0.9357099008029195,2.7686899886062095
2023-08-02,319.328857421875,325.3059183538415,318.2172862001048,325.3059183538415,27761300,332.56713104248047,327.5050634765625,40.451014455268,-0.11720723076928152,2.1915105447311114
2023-08-03,318.50982666015625,321.64948875271074,317.8175495134228,317.86629010944046,18253700,331.85485687255857,327.61192932128904,38.03455876780385,-1.0061423976849824,1.5519799562478926
2023-08-04,319.60186767578125,326.7782506968959,319.0753323772253,323.5995783751702,23741500,331.39463195800784,327.8560809326172,38.53330091667693,-1.6040211808006006,0.920779728838194
2023-08-07,321.8738098144531,322.8488600222548,319.3484333469873,320.1772319748529,17741500,331.31077880859374,328.1731689453125,28.02230400064431,-1.8729277356461012,0.36203823594133505
2023-08-08,317.9150695800781,320.5477167225477,314.9411787114309,318.802368731708,22327600,330.99778900146487,328.17570434570314,28.169802377048754,-2.3780625453397306,-0.1859819203148781
2023-08-09,314.1903991699219,318.9486185830014,313.0398174565163,318.324602002666,22373300,330.26796569824216,327.9678240966797,30.16121894992979,-3.0438477133418473,-0.757555078920272
2023-08-10,314.8729248046875,320.06995855318496,313.16658711260004,317.88582607311884,20113700,329.3060791015625,327.8063568115234,32.54621081294751,-3.4763400568568272,-1.301312074507583
2023-08-11,313.0008239746094,314.3658880842269,311.2457160426732,312.26953644201075,24355500,328.1248062133789,327.6624389648438,30.010135068479215,-3.9249123003935438,-1.8260321196847753
2023-08-14,315.9552001953125,315.974690482468,312.09398089474894,313.37132372944086,18836100,327.0673629760742,327.49590087890624,26.54954872485621,-3.995952709485664,-2.260016237644953
2023-08-15,313.8296203613281,316.9790429914667,312.8935805688444,314.94119179178944,16966300,325.23280639648436,327.2318572998047,32.859441553571955,-4.1756351511209004,-2.6431400203401423
2023-08-16,313.0674743652344,316.9954936708588,312.48119971164607,313.45831419457073,20698900,323.5751419067383,326.9420404052734,37.99061401846788,-4.329624378288486,-2.980436891929811
2023-08-17,309.6280212402344,314.50381263909213,308.9733414603899,313.20426358487214,21257200,322.14576568603513,326.6275067138672,21.100107487359168,-4.675303088994838,-3.3194101313428166
2023-08-18,309.2371826171875,311.0936940527994,304.4199858602723,307.29270464284144,24755000,320.84797821044924,326.5060162353516,22.37294538217735,-4.924032190230093,-3.6403345431202725
2023-08-21,314.51361083984375,315.383227213463,309.7843803763491,310.65399674996837,24040000,319.7486846923828,326.4533941650391,32.317751093316716,-4.641879437650061,-3.8406435220262303
2023-08-22,315.080322265625,318.61747186045255,314.1032077999083,318.0507585907704,16084600,318.39154663085935,326.3822686767578,42.904108416024265,-4.322712928726958,-3.9370574033663757
2023-08-23,319.51641845703125,321.66608212966844,316.05742502712076,316.40920172771865,21166400,317.90023651123045,326.30119140625,51.499973624038866,-3.6695153930343167,-3.883549001299964
2023-08-24,312.6473083496094,325.35957674760573,312.6375276630827,325.23254709942444,23281400,317.4091766357422,326.03514770507815,41.1588708469734,-3.663896302208684,-3.839618461481708
2023-08-25,315.5884094238281,317.91391657239774,311.5040487015702,314.11295718549064,21684100,316.6922134399414,325.7684484863281,42.143225534745895,-3.383122327097567,-3.7483192346048804
2023-08-28,316.29193115234375,318.68584344960186,314.3572339791844,318.207066953983,14808500,316.12987213134767,325.30598876953127,47.79132742936541,-3.0684672249255414,-3.6123488326690127
2023-08-29,320.89410400390625,321.4510662996378,314.5135489536253,314.5135489536253,19284600,315.7771591186523,325.04809326171875,58.909249896374355,-2.4198493849233387,-3.373848943119878
2023-08-30,321.2654724121094,322.262118428765,318.97902814860515,321.14822344769897,15222100,315.8739898681641,324.8810906982422,58.566571269426724,-1.8544715531000975,-3.069973465115922
2023-08-31,320.2590026855469,323.33690686450706,319.30141990622377,321.6660497077852,26411000,315.9614486694336,324.7815167236328,59.95761328106028,-1.4706663177152564,-2.750112035635789
2023-09-01,321.1383972167969,324.3921747944003,319.30141751711045,323.7277442108601,14942000,316.03827514648435,324.57960021972656,57.540206472991315,-1.0830533494055885,-2.4167002983897494
2023-09-05,325.91650390625,327.18677054781415,321.13842988312655,321.47064520868975,18553900,316.2404098510742,324.56470458984376,66.32351522914817,-0.38586597907095666,-2.010533434525991
2023-09-06,325.2618408203125,326.80566842614127,322.62362005663084,325.7503980121673,17535800,316.6077484130859,324.6619122314453,66.5166226454869,0.11253693931092812,-1.5859193597586072
2023-09-07,322.3598327636719,325.4572688809115,321.4999672739755,323.70825547986243,18381000,317.01622009277344,324.5846594238281,67.49933307271436,0.27024186584043264,-1.2146871146387994
2023-09-08,326.6200256347656,328.4667861972207,321.92010767166425,322.5356945258159,19530100,317.6035751342773,324.56764892578127,71.59501829279851,0.7305646228856517,-0.8256367671339092
2023-09-11,330.2060546875,330.67508035139593,327.7534879124914,329.5220626550476,16583300,318.4638366699219,324.6379602050781,70.3496977285715,1.368955828505193,-0.38671824800608884
2023-09-12,324.1772155761719,329.08234867340195,323.89387388585794,328.13454656577954,17565500,318.8749374389648,324.48063232421873,60.33289957065121,1.3725862077478723,-0.03485735685529662
2023-09-13,328.36907958984375,329.141008354495,323.59100543664357,323.7277859536388,16544400,319.60191040039064,324.4568701171875,60.111585637061545,1.6941822243961724,0.31095055939499716
2023-09-14,330.94866943359375,333.0592103619418,328.8674109262189,331.38835303568044,20267000,320.49597015380857,324.48158081054686,73.17489208605292,2.132617242361107,0.6752838959882191
2023-09-15,322.66265869140625,329.6783316294123,322.10569642980454,329.20933588840836,37679800,321.1477020263672,324.2797277832031,57.890043342498316,1.790824821249089,0.8983920810403931
2023-09-18,321.529296875,322.8386267343985,318.8910757818205,320.2981230556272,16834200,321.76230773925784,324.1341864013672,55.7858567496605,1.4122198470319631,1.0011576342387072
2023-09-19,321.1286926269531,321.8517776748913,317.08345387408724,318.7054676141424,16505900,322.09306182861326,324.08574279785154,50.28567606036844,1.0675413107267104,1.0144343695363078
2023-09-20,313.4289855957031,322.04714204193704,313.1749561204339,321.96898600781554,21436500,322.0104949951172,323.8708251953125,41.902254121624175,0.1711066679864075,0.8457688292263278
2023-09-21,312.2173767089844,317.9041899225686,307.79104947595397,311.95356654433346,35560400,321.64554290771486,323.5394354248047,41.72535675661417,-0.6298306603715673,0.5506489313067487
2023-09-22,309.7550048828125,314.09339463566073,308.91467110299936,313.9663650092456,21447900,321.500927734375,323.0523223876953,38.656300919694445,-1.4465966255845615,0.1511998199284867
2023-09-25,310.27294921875,310.39997887585656,307.7910700190704,309.34467850848546,17836000,321.2351547241211,322.5252557373047,32.96458177138997,-2.0287100515816974,-0.28478215437355014
2023-09-26,304.9965515136719,308.6509504072707,302.92504360895043,307.9181144910141,26297600,320.6703857421875,321.88310546875,29.949860535839477,-2.882571839858258,-0.8043400914704918
2023-09-27,305.6316223144531,307.1070447852302,302.6025617027996,305.1528159801847,19410100,319.90726165771486,320.9853228759766,32.67210301840174,-3.468041133290626,-1.3370802998345188
2023-09-28,306.4622497558594,308.26013711370996,302.36813703202455,303.872872106608,19683600,319.16710052490237,320.1901525878906,27.522564890649946,-3.820959431869994,-1.833856126241614
2023-09-29,308.52386474609375,312.1587314237549,307.77149741019485,310.4780935014134,24147300,318.58034362792966,319.59631896972655,24.971853630423723,-3.889459359662794,-2.2449767729258503
2023-10-02,314.43536376953125,314.52333029570326,307.96687199890835,309.0417036720847,20570000,318.2451919555664,319.18116760253906,38.7242577114716,-3.4272304994010483,-2.4814275182208902
2023-10-03,306.2178955078125,314.03481069195016,304.0877634575696,313.48759919542874,21033500,317.26026153564453,318.5755358886719,26.54662692770991,-3.681553156832763,-2.721452645943265
2023-10-04,311.6603698730469,312.7156700194833,306.81389127739357,306.84320351373003,20720100,316.58018798828124,317.96428161621094,30.745112088825366,-3.4046962791684905,-2.85810137258831
2023-10-05,312.05126953125,312.6571055637684,307.6933472507753,311.78745935358154,16965600,316.0647598266602,317.61845458984374,37.42477591903574,-3.1178027837153763,-2.910041654813724
2023-10-06,319.7704772949219,321.65630098463043,309.06128169271835,309.3055602997531,25673600,315.72228240966797,317.5644940185547,48.19709936740658,-2.2417209040365265,-2.776377504658284
2023-10-09,322.2718505859375,322.7408463729551,315.78379722001137,317.31787385142707,19891200,315.32557220458983,317.41137756347655,51.12342465925974,-1.3302455402864553,-2.4871511117839185
2023-10-10,320.8746337890625,323.5226056424412,320.17111018080624,323.38579530400693,20557100,315.1604431152344,317.2780950927734,58.35167551084819,-0.7124260619960978,-2.1322061018263545
2023-10-11,324.8123779296875,325.20321772099476,321.60744393030456,323.6300480505899,20063200,314.98260803222655,317.21537536621094,63.31341706295981,0.09386139303330765,-1.6869926028544222
2023-10-12,323.5812072753906,325.99468102864705,321.1970457612764,323.00471335948436,19313100,314.6142349243164,317.30042236328126,65.00541518039009,0.6262853994169291,-1.224337002400152
2023-10-13,320.2297058105469,326.190079660526,318.8910340646987,324.7732817040409,21072400,314.4925872802734,317.3348199462891,60.17984455489721,0.7689333172009469,-0.8256829384799322
2023-10-16,325.02740478515625,328.4473057791793,323.034082713558,323.47376637843024,22158000,314.66749267578126,317.4433306884766,70.68210477757563,1.2546541588273499,-0.40961551901847587
2023-10-17,324.46063232421875,325.828586634413,319.9170559493173,322.0471583622745,18338500,314.8340896606445,317.49506713867186,69.46864482563419,1.5756940047125454,-0.012553614272271585
2023-10-18,322.5552978515625,327.9098967863461,320.78672274771935,324.8808354539655,23153600,315.2904052734375,317.5878717041016,66.27797358541585,1.6572718291147908,0.3214114744051409
2023-10-19,323.737548828125,329.1703024841639,323.33692834747904,324.5485406563444,25052100,315.86641387939454,317.7788146972656,65.66721475927923,1.7966104095646642,0.6164512614370457
2023-10-20,319.1939697265625,324.32382025517603,318.0018889823848,324.1283854502297,25027700,316.338362121582,317.8652355957031,55.04253150409922,1.5228538658088837,0.7977317823114134
2023-10-23,321.7833251953125,325.1152889172781,316.96615830256553,318.0214287466955,24374700,316.9138809204102,318.0408856201172,68.7279966748083,1.4975760542103558,0.937700636691202
2023-10-24,322.96563720703125,324.24565474799095,320.1026990318568,323.71800459686386,31153600,317.8123352050781,318.18109436035155,65.15596962350128,1.555020595297833,1.0611646284125282
2023-10-25,332.87359619140625,338.2770379621599,329.89337919706037,337.1240202368528,55053800,319.17443389892577,318.5619738769531,72.23967133946638,2.372684464187728,1.3234685955675682
2023-10-26,320.3860778808594,333.81162115649903,319.4578072066944,332.7465699625012,37828500,319.8706253051758,318.7083459472656,50.59672281674942,1.9901098584687702,1.4567968481478086
2023-10-27,322.2621154785156,329.0139799295623,320.8843805209721,322.8679216685348,29856500,320.5575378417969,318.9610278320313,49.99044762031956,1.8173480257844403,1.528907083675135
2023-10-30,329.5904846191406,331.6815239306809,324.235886505314,325.77974409067264,22828100,321.31529388427737,319.3680938720703,57.660588822553386,2.2458820424401438,1.6723020754281368
2023-10-31,330.3721923828125,331.2418386618225,327.03047725787985,331.0952774404079,20265300,322.5230087280273,319.68526550292967,55.17369464910069,2.618392423617877,1.861520145066085
2023-11-01,338.1500244140625,339.4691349616439,331.8769361620282,332.01374650613616,28158800,323.8474914550781,320.14665954589844,62.0846426963994,3.5008598937159263,2.1893880947960533
2023-11-02,340.34844970703125,340.8467577077369,336.8796761567897,339.29314959662656,24348100,325.26235046386716,320.56330017089846,67.01369300195674,4.327728904841877,2.617056256805218
2023-11-03,344.7259521484375,346.27959030223104,339.38113512943426,341.62851616542054,23637700,326.51012420654297,321.204873046875,66.77758462584553,5.275444377205588,3.148733880885292
2023-11-06,348.37060546875,349.3575005821622,345.2633887474612,345.36110615399525,23828300,327.81506195068357,321.86051696777344,69.35001234872809,6.248579050595765,3.768702914827387
2023-11-07,352.279052734375,354.16487636600215,349.4454269438777,351.1749086935178,25833900,329.3852828979492,322.58025939941405,73.2996098822183,7.251582590246471,4.465278849911204
2023-11-08,354.8879089355469,355.54255878691407,352.2985323074461,353.40267618539207,26767800,330.88905944824216,323.26013549804685,73.88371391066903,8.162886341459512,5.204800348220866
2023-11-09,352.4354553222656,356.4416310081341,352.1129908166349,354.00859546088725,24847300,332.33177185058594,323.88353515625,76.33137896974563,8.588209090877967,5.881482096752286
2023-11-10,361.2098693847656,361.6300213922687,352.80668013888885,353.2170514609085,28042100,334.3807800292969,324.7025524902344,78.44361711730554,9.523521095084675,6.609889896418764
2023-11-13,358.288330078125,360.03737334526807,357.5261819771122,359.7930947254669,19986500,336.0438262939453,325.44555114746095,74.85912958016792,9.914727978818519,7.270857512898716
2023-11-14,361.796142578125,363.4377174527681,358.9429851939613,362.5192275200011,27683900,337.9106018066406,326.16314392089845,72.3700919508324,10.388066244093523,7.894299259137678
2023-11-15,361.9430236816406,365.3306930182784,359.4365063311856,363.5193564786247,26860100,339.8799880981445,326.896767578125,89.72564775183088,10.652249802135316,8.445889367737205
2023-11-16,368.30712890625,368.48335928952025,362.44231441681825,363.2060092906745,27182300,342.1084671020508,327.8157135009766,90.53757859379374,11.245515971770772,9.00581468854392
2023-11-17,362.1192626953125,366.54477320500723,359.32882848725313,365.80064944827456,40157000,344.2547317504883,328.5256982421875,79.22490473623631,11.088552663669361,9.422362283569008
2023-11-20,369.55059814453125,370.95070053235196,363.24520725093254,363.46060991672704,52465100,346.6430953979492,329.3125891113281,81.44227133169665,11.432023524625322,9.824294531780271
2023-11-21,365.27197265625,368.3561243217149,363.3627202596963,367.8176325584251,28423100,348.75841217041017,330.13448425292967,73.06173690378202,11.229530302381761,10.10534168590057
2023-11-22,369.9520568847656,371.8515087359404,367.13225084262217,370.0989155578587,23345300,350.6123352050781,330.9661437988281,74.15257550021835,11.316249963555379,10.347523341431533
2023-11-24,369.54083251953125,370.0695536363756,367.29872033158176,369.44291677497637,10176600,353.07007293701173,331.73798706054686,71.64656060091384,11.222428381623672,10.52250434946996
2023-11-27,370.6961669921875,372.68376401378913,368.33656782207504,368.90443134275364,22179200,355.4917755126953,332.6986572265625,70.35927143839932,11.113193956201087,10.640642270816187
2023-11-28,374.70068359375,374.994400937648,370.25557188472965,370.44160282909473,20453100,357.7472854614258,333.7620849609375,70.41111600058673,11.220413961978068,10.756596609048565
2023-11-29,370.9311218261719,376.2671856758015,369.5505906614915,375.738494499301,28963400,359.7752319335938,334.75813354492186,64.30239555821088,10.87584449260072,10.780446185758997
2023-11-30,370.9899597167969,372.1452879768672,367.62186081513516,370.5787254840511,30554400,361.41722869873047,335.90935302734374,67.27860432969722,10.48663503074414,10.721683954756028
2023-12-01,366.6818542480469,370.25555453657734,363.54872995472044,368.8848238631299,33040500,362.73389892578126,336.998642578125,55.55804224590708,9.718526497244056,10.521052463253634
2023-12-04,361.4241027832031,361.79613477265366,355.3145134346435,361.3849305128498,32063300,363.56880645751954,338.03202453613284,53.04077628530083,8.58655785417534,10.134153541437977
2023-12-05,364.7333984375,365.2816906598943,357.9776315061035,358.7902991826528,23065000,364.386946105957,339.1212335205078,52.85928179290348,7.865824720442333,9.680487777238849
2023-12-06,361.0911865234375,366.35873644463544,360.3372921206186,365.73212951183393,21182100,364.82755279541016,340.2431262207031,49.22361017236728,6.920961916305316,9.128582605052141
2023-12-07,363.1962585449219,363.68580733396766,358.6630319776083,360.5331119373255,23118900,365.2429702758789,341.3944189453125,44.949715178326414,6.269739402911171,8.556813964623949
2023-12-08,366.40771484375,366.6328881744278,360.53312909562084,361.4828549867559,20154400,365.94158325195315,342.5933282470703,54.5024619935355,5.944256860381699,8.0343025437755
2023-12-11,363.5389404296875,363.83268764840955,358.44765064841334,360.77790780370736,27708800,366.0580368041992,343.69362976074217,43.019578772205605,5.392660250037295,7.505974085027859
2023-12-12,366.5545654296875,366.59373770012405,362.7164896784692,363.0983520859286,24838300,366.47134857177736,344.7360137939453,51.534280741104176,5.139605523983562,7.032700372819
2023-12-13,366.54473876953125,369.74640682649743,363.0199816736299,368.16024372357776,30955500,366.70877838134766,345.9425506591797,45.411339991796794,4.881988377986147,6.60255797385243
2023-12-14,358.28118896484375,365.9475401487158,356.5188251808004,365.50693426286074,43277500,366.5256866455078,346.8749670410156,37.483699730375555,3.9653158332782255,6.075109545737589
2023-12-15,362.98089599609375,364.61597239957655,358.6238993402138,359.1819921925265,78502300,366.259375,347.8935595703125,42.05009421122938,3.5768417128999204,5.575455979170055
2023-12-18,364.8607482910156,365.20343845853677,360.9737292655857,361.7276536100702,21802900,366.39644927978514,348.79536499023436,39.39653635863177,3.381679645384793,5.136700712413003
2023-12-19,365.45806884765625,365.45806884765625,362.1095410921175,363.72504655009095,20603700,366.1918228149414,349.6590893554687,43.669461162392565,3.2378867349510188,4.756937916920606
2023-12-20,362.8731384277344,368.1700598934919,362.785023231556,367.161590586535,26316700,366.07188110351564,350.4990594482422,41.12983158245789,2.8821242019968167,4.381975173935849
2023-12-21,365.73211669921875,366.5839268091088,362.3052751851502,364.77259031859234,17708000,365.86088409423826,351.3174542236328,48.92816674875066,2.7986147952480565,4.0653030981982905
2023-12-22,366.7503662109375,367.33783074743565,364.9194584779402,365.8691843460341,17107500,365.7213607788086,352.18083740234374,56.647052774699226,2.782522032545046,3.8087468850676416
2023-12-26,366.8287048339844,369.0610461329153,365.69294804965995,367.1615944273694,12673100,365.5279876708984,353.1128173828125,52.844264121898334,2.74445332477228,3.5958881730085697
2023-12-27,366.2510681152344,367.2203652351963,365.01739550459973,365.87900622442777,14905400,365.10550689697266,353.9372906494141,57.639896145959575,2.6372723103518183,3.40416500047722
2023-12-28,367.4357604980469,368.5910885400905,366.33917592392487,367.5238756999293,14327000,364.9307388305664,354.79679321289063,56.45302742304398,2.6177495710689413,3.2468819145955643
2023-12-29,368.1798400878906,369.2764245304369,365.6733528250178,368.14066782074684,18730800,364.7902328491211,355.7092840576172,52.91644861146129,2.6319788500676964,3.1239013016899913
2024-01-02,363.1179504394531,368.04281055620135,359.10364399056556,366.04544293017665,25258600,364.6120376586914,356.49689208984375,49.35380787272334,2.209335619777505,2.9409881653074943
2024-01-03,362.8536376953125,365.45804133585006,360.80732695196707,361.2968758344811,23083500,364.6835144042969,357.3700854492188,43.795254448187364,1.8319424925841759,2.7191790307628305
2024-01-04,360.2491760253906,365.30132326469203,359.49528162444665,362.9221232500447,20901500,364.4593032836914,358.1394024658203,40.290019608895264,1.3076239549593538,2.436868015602135
2024-01-05,360.0631408691406,364.2830491168241,358.8392688743441,361.25764113124956,21004600,364.40790100097655,358.8813525390625,53.66046923916955,0.8670909690856092,2.12291260629883
2024-01-08,366.8580627441406,367.35741205524755,361.2967958412056,361.58071261682426,23134000,364.5909912109375,359.5610418701172,57.333202500447335,1.054107714123802,1.9091516278638245
2024-01-09,367.93511962890625,368.13092123395006,363.4312643972459,364.23413165308716,20830000,364.6673614501953,360.51202270507815,55.99692358611756,1.274537249173477,1.7822287521257552
2024-01-10,374.7691650390625,376.1399255368866,368.4540036584579,368.5029465849431,25514200,365.22887268066404,361.5621636962891,64.60810262145888,1.9778798264565012,1.8213589669919044
2024-01-11,376.59027099609375,382.5137988372754,372.42910667865823,377.9316297717882,27850800,365.73065795898435,362.5021594238281,72.04915258394448,2.6516651718806656,1.9874202079696568
2024-01-12,380.3500061035156,380.55560821170843,376.6098464914054,377.43228480386114,21661200,366.4209213256836,363.5017156982422,72.8357699484454,3.4492631556753395,2.2797887975107933
2024-01-16,382.1124267578125,385.7938434606626,379.51782397721394,385.43158211314164,27202300,367.612483215332,364.3809637451172,73.45300304889412,4.175445979724259,2.6589202339534865
2024-01-17,381.3291931152344,381.95580012337945,376.7665941196336,379.8703470627965,22234100,368.52989807128904,365.20057861328127,71.67122452963402,4.634329030158312,3.054001993194452
2024-01-18,385.6371765136719,385.75466344784127,381.96556042243856,383.5321225973024,23392100,369.5687194824219,366.01880310058596,76.06642538838418,5.284696716497308,3.5001409378550234
2024-01-19,390.3367919921875,390.3367919921875,385.2748450486806,387.487614838413,29331100,370.8126556396484,366.8581268310547,78.1333251355078,6.108917685943652,4.0218962874727495
2024-01-22,388.22198486328125,392.24606151114637,385.3630068278654,391.6585969965062,27016900,372.0800979614258,367.5769854736328,73.81907626778703,6.51635499718185,4.52078802941457
2024-01-23,390.56201171875,391.0319893054533,385.69589563777015,387.4778603727062,20525900,373.3215927124023,368.29046752929685,84.87195336172351,6.947980616996404,5.006226546930937
2024-01-24,394.14556884765625,397.15140596636934,392.07968703700567,393.14689994749176,24867000,374.6913528442383,369.1246697998047,86.6682210705647,7.492837376513137,5.503548712847378
2024-01-25,396.4072570800781,398.5025403738,394.1161721859946,395.8687653294727,21021200,376.17028045654297,369.82861755371096,92.71355914361482,8.014750567022759,6.005789083682455
2024-01-26,395.48687744140625,397.68007633393063,394.01823107466254,395.917682766026,17803300,377.63207092285154,370.57258850097656,91.13244493833845,8.258900126108927,6.45641129216775
2024-01-29,401.1558837890625,401.41045873539736,395.8785331996652,397.57238286313674,24510200,379.31807708740234,371.35978332519534,90.89435745916462,8.808295299837141,6.926788093701628
2024-01-30,400.0494384765625,404.41620490062047,397.95418539261016,403.64273939955535,33477600,380.91155700683595,372.1219116210938,88.26408392832988,9.050090236663152,7.351448522293933
2024-01-31,389.2696228027344,406.6388350866889,388.907361460185,398.45356335794276,47871100,382.219140625,372.5411614990234,65.79232677002312,8.276467466900499,7.536452311215246
2024-02-01,395.3399963378906,399.4717890769623,393.401372487154,393.430744217634,30657700,383.8434585571289,373.205576171875,68.69025737810543,8.06028036556728,7.641217922085653
2024-02-02,402.6245422363281,404.02464472350925,395.12465055102524,395.36942496681314,28256700,385.9622268676758,373.86705505371094,70.7460119128152,8.380151336585357,7.789004604985594
2024-02-05,397.17095947265625,402.5657971362689,395.5456537728456,401.33212452419457,25352300,387.81761779785154,374.5050347900391,63.12289036661479,8.100218556815605,7.851247395351597
2024-02-06,397.0143127441406,399.44248577195293,394.48825385108364,397.39617518548,18382600,389.32543029785154,375.04627990722656,63.81986024455589,7.776091784558162,7.83621627319291
2024-02-07,405.39532470703125,405.64009909216526,398.8843320384044,398.92350430633786,22340500,391.1984405517578,375.76336975097655,66.24273268576653,8.102100631999406,7.88939314495421
2024-02-08,405.4541015625,406.8738050650789,403.90714046810643,405.3953580956046,21225300,392.73268737792966,376.4585284423828,63.45419266804568,8.26987779003781,7.96549007397093
2024-02-09,411.7594909667969,412.0238664464446,406.41362634312986,406.5702855474464,22032800,394.4911483764648,377.19970458984375,69.49397066591852,8.810077535396033,8.13440756625595
2024-02-12,406.58001708984375,411.9454519986709,406.08066782830315,411.7692216286035,21202900,395.8026489257812,377.91268249511717,62.67032880024411,8.719733806841134,8.251472814372987
2024-02-13,397.8269348144531,401.49855072964925,394.9581860838381,396.4757753769111,27824900,396.58837432861327,378.4494219970703,52.6918354805209,7.8513299199725,8.171444235492888
2024-02-14,401.67205810546875,402.0153819358465,396.84600689910087,400.2791853329973,20401200,397.605517578125,379.14922607421875,53.76252579529776,7.388216140997201,8.014798616593751
2024-02-15,398.79803466796875,401.3189759217452,396.5713838346197,400.34788638470263,21825500,398.26356048583983,379.8967047119141,52.302058995513,6.711914687914032,7.754221830857808
2024-02-16,396.34576416015625,400.4950166150196,395.737605866878,400.17130014605374,22296500,398.56400909423826,380.52895202636716,46.499213745680045,5.909937102249387,7.3853648851361235
2024-02-20,395.1000061035156,396.7675320143623,390.41126629664336,395.5413968145009,24307900,398.90791015625,381.20912841796877,46.405112279978454,5.114880663352778,6.931268040779456
2024-02-21,394.50164794921875,394.60956341609165,389.6363517174895,392.53004284668083,18518900,399.1048919677734,381.8352362060547,54.45973948543249,4.385951684235124,6.422204769470589
2024-02-22,403.7909240722656,404.94838876318465,400.7697394674189,402.3588062354514,27009900,399.58715972900393,382.582900390625,56.82877654128337,4.505896001759481,6.038943015928368
2024-02-23,402.505859375,407.92046175721333,401.162019956702,407.73411674298126,16295900,399.89208984375,383.36223876953125,49.89380149153061,4.446007944177438,5.720356001578183
2024-02-26,399.75933837890625,404.2911294979053,399.5827521513917,403.60448178020243,16193500,400.105712890625,384.0263342285156,52.4340239912759,4.129324652147773,5.402149731692101
2024-02-27,399.7005310058594,400.524490398334,396.13982903252327,400.2007738907874,14835800,400.03294525146487,384.6894500732422,52.5306855178616,3.8294619445636044,5.087612174266402
2024-02-28,399.9359130859375,401.48573495033145,397.58173927175767,400.38712249937714,13183100,400.0272689819336,385.52254455566407,43.924172212871,3.5696631009120097,4.784022359595524
2024-02-29,405.7428894042969,406.29219561123216,398.17027676875426,400.83834831741547,31947300,400.8509323120117,386.37778442382813,50.28493828796142,3.7886716550607957,4.584952218688579
2024-03-01,407.5673522949219,407.93028353505224,403.03556125394095,403.4180998812608,17823400,401.4623001098633,387.23191650390623,45.462521074133385,4.062625007505687,4.480486776452
2024-03-04,406.9984436035156,409.38204334564557,404.4480762959748,405.54668869062186,17596000,401.68099517822264,388.06272399902343,50.503109806439774,4.185580074551126,4.421505436071826
2024-03-05,394.9626770019531,406.3412180011649,392.991071894389,406.0567462440755,26919200,401.5705810546875,388.7045147705078,46.80803595720831,3.2740953403504136,4.192023416927544
2024-03-06,394.4133605957031,397.4247558475786,390.7840183450358,395.27656457076307,22344100,401.44053344726564,389.2781396484375,41.269495189748895,2.478837384106555,3.8493862103633463
2024-03-07,401.32879638671875,401.9565620702222,394.56050584072034,398.3664344564578,18718500,401.23720703125,389.96970825195314,52.77420943327553,2.379181870274408,3.555345342345559
2024-03-08,398.46453857421875,402.58436507476455,396.61060766849016,400.171309298901,18002200,400.8877288818359,390.6024249267578,52.30180011723174,2.0455032020837507,3.253376914293198
2024-03-11,396.7969970703125,397.93485423983793,393.5992565104688,396.0515271512708,16120800,400.13960418701174,391.21334350585937,51.8268399975032,1.627740214419532,2.928249574318465
2024-03-12,407.3515319824219,407.6360037253644,399.02363143663507,399.83777202306123,22457000,400.1781799316406,392.01165893554685,61.39128628078621,2.123840485284859,2.767367756511744
2024-03-13,407.1750183105469,410.19620253246603,403.5947092048327,410.1177430442753,17115900,400.6455841064453,392.7915625,53.57806169663819,2.4742388605962446,2.7087419773286445
2024-03-14,417.1018371582031,419.65220477798977,410.0098592258052,412.2169029464952,34157300,401.41707305908204,393.871240234375,63.048143368862725,3.512454032968435,2.869484388456603
2024-03-15,408.4698181152344,414.53182378938754,404.9091164524236,411.28501994441507,45079900,401.9006622314453,394.78356384277345,57.04540506543457,3.5972484006817353,3.0150371909016296
2024-03-18,409.3526306152344,412.69753127897746,405.8802070917239,406.34123515822085,20106000,402.5510055541992,395.7656329345703,57.70432989771082,3.6931122397655827,3.1506522006744206
2024-03-19,413.3645324707031,413.61957818454806,407.61639479250874,409.8528643144651,19837900,403.46423187255857,396.83166076660154,60.1092833404017,4.046170241879906,3.329755808915518
2024-03-20,417.1116027832031,417.8276466076136,412.62884514501485,413.94325853489937,17860100,404.5947296142578,397.8367315673828,58.83248880201739,4.575584026392448,3.5789214524109045
2024-03-21,421.17254638671875,422.5948752417206,419.004747660182,421.6237557740876,21296200,405.4638107299805,398.90148010253904,60.21505425619814,5.262173415377731,3.91557184500427
2024-03-22,420.55462646484375,421.6532390012991,417.9356179957843,421.4963200117596,17648500,406.36624908447266,399.8171893310547,60.17077022905063,5.69083902932914,4.270625281869244
2024-03-25,414.7868347167969,419.2499850699005,413.5606994442316,417.12140106535213,18060500,407.1176239013672,400.58112060546875,66.41755511119288,5.501726547203759,4.516845534936148
2024-03-26,413.59991455078125,417.85705232022457,413.3056540804049,417.48430243445387,16725600,407.8125930786133,401.2461187744141,65.72346626771846,5.196180668509385,4.652712561650795
2024-03-27,413.38409423828125,416.34645586465973,411.0103133950258,416.3366372044591,16705000,408.4850021362305,401.8715521240234,61.09801295032264,4.880360702512235,4.698242189823084
2024-03-28,412.6877136230469,413.81575210575176,411.11825446083225,412.9231220201488,21871200,408.83224334716795,402.4987225341797,63.63810340922591,4.52175503104263,4.662944758066994
2024-04-01,416.4642028808594,419.720825298805,414.15906261710444,415.856044584665,16316000,409.27708587646487,403.1152630615234,68.12514167847438,4.4905246020980485,4.628460726873205
2024-04-02,413.3939514160156,414.31600751259526,409.8626759328322,412.08932675524255,17912000,409.5968612670898,403.57640625,56.45976504487951,4.169961902998921,4.536760962098348
2024-04-03,412.42291259765625,415.17926256521645,411.0888617244366,411.71665741417434,16502300,410.469873046875,404.0604248046875,55.51664556844261,3.7938260717216963,4.388173984023018
2024-04-04,409.9019775390625,420.4859867966176,409.5978983516999,416.8762213933396,19370900,411.24430389404296,404.44722412109377,41.03565069567986,3.254798038876231,4.161498794993661
2024-04-05,417.3960266113281,418.36714603884514,410.33350586860576,411.99124304246095,16554800,412.04766540527345,404.9122332763672,61.43789622858429,3.3932067933930625,4.007840394673542
2024-04-08,416.4838562011719,419.1225019527215,415.2184760981184,417.052799785157,14272400,412.9486312866211,405.3137652587891,59.1309648478407,3.39021194676684,3.8843147050922013
2024-04-09,418.1414794921875,419.5735968535943,413.5704444183081,418.2984283713049,12496900,414.01585540771487,405.7668572998047,56.50891732193425,3.4814627203826376,3.803744308150289
2024-04-10,415.17919921875,415.9344877287147,411.68716854848634,414.12962029851764,16216600,414.40723876953126,406.0473236083984,47.30942561478143,3.2769734446179086,3.6983901354438133
2024-04-11,419.760009765625,421.17251987057847,414.29634428569665,417.6903079757618,17966400,415.03648834228517,406.4415350341797,48.061325867808605,3.444837406722513,3.6476795896995537
2024-04-12,413.8451232910156,417.06250067629605,411.7557842388935,415.95406972864896,19253800,414.87365264892577,406.9330450439453,41.960323990272975,3.0652545539101084,3.531194582541665
2024-04-15,405.7428894042969,418.6712525249299,405.5368771254888,418.4554515197094,20273500,414.73730621337893,407.14110290527344,39.73722486182488,2.086596857137465,3.2422750374608253
2024-04-16,406.6649475097656,410.4120243786573,405.83119940750504,406.65515878258486,16765600,414.6029220581055,407.2219110107422,42.082833672788944,1.3696178625850166,2.867743602485664
2024-04-17,403.9772644042969,410.88286711080787,402.49608331512337,409.28398181705415,15855500,414.13355865478513,407.358037109375,39.83460619375928,0.5778719312306748,2.4097692682346663
2024-04-18,396.5517883300781,404.0263347339794,396.23792042411,402.7903806947221,21029900,413.1055679321289,407.3487866210937,34.776850443212695,-0.6413729375029789,1.7995408270871374
2024-04-19,391.5000915527344,397.738683518828,390.1758594431205,396.31635459832717,30565800,411.6219451904297,407.0708819580078,27.00143497838536,-1.9922970312845791,1.0411732554127942
2024-04-22,393.30499267578125,395.1589237744009,388.1944686964581,392.4417885622407,20286900,410.25946350097655,406.8278997802734,31.050956239086545,-2.88402838803529,0.25613292672317733
2024-04-23,399.7887878417969,400.40676483693346,395.3648819975192,396.52234656320184,15734500,409.5095611572266,406.58848571777344,39.20540382967695,-3.0325860658298325,-0.4016108717874246
2024-04-24,401.25030517578125,404.5952057239604,399.01383568119996,401.7407592748994,15065300,408.89208068847654,406.48189147949216,42.471724287371316,-2.9978297461107672,-0.9208546466520932
2024-04-25,391.421630859375,392.25540884693,380.6218216022703,386.507271018032,40586500,407.79395751953126,406.3537854003906,28.280754867971595,-3.720489500960298,-1.4807816175137343
2024-04-26,398.5626220703125,405.1150815807432,398.01331587991365,404.30094095620495,29694700,407.0877029418945,406.2915966796875,36.42837168562903,-3.6746254572951216,-1.9195503854700118
2024-04-29,394.57037353515625,398.5626776003093,391.5687964569437,397.51309850869376,19582100,405.9930114746094,406.20704345703126,32.75938885605153,-3.915285984780269,-2.3186975053320635
2024-04-30,381.89697265625,394.4820415046003,381.74005368851095,393.82481984555585,28781400,404.4181625366211,405.91806762695313,28.684470782304814,-5.070202582297782,-2.8689985207252073
2024-05-01,387.39990234375,394.05045900742965,382.85829240714,385.11436938308555,23562500,403.1670120239258,405.7640655517578,29.516972863044955,-5.478291535967685,-3.390857123773703
2024-05-02,390.2444763183594,392.2945706625557,387.115377073286,390.0679200441085,17709400,402.18413696289065,405.6789221191406,34.45734374459869,-5.5086710938773535,-3.8144199177944333
2024-05-03,398.8961181640625,399.37675358596374,394.18774100881984,394.5997356096934,17446700,401.25914154052737,405.5810260009766,45.52332349357755,-4.779536399774713,-4.00744321419049
2024-05-06,405.644775390625,406.0273140130064,398.6116505989638,400.95603550783153,16996600,400.7171875,405.64380432128905,49.380197697448075,-3.6154549501419524,-3.929045561380782
2024-05-07,401.52496337890625,406.75322090554647,401.27973632622934,406.74340224425765,20018200,399.88636169433596,405.6791168212891,48.5355955060275,-2.9908695309925406,-3.741410355303134
2024-05-08,402.7020263671875,404.3597634781988,398.9451315189421,400.37727892161104,11792300,399.2625030517578,405.7391467285156,53.9688222623179,-2.3735412345197915,-3.4678365311464656
2024-05-09,404.4480895996094,404.84044690561177,401.28956389363333,402.73150019277335,14689700,398.49690704345704,405.8293902587891,58.727857392059924,-1.723543465357693,-3.1189779179887114
2024-05-10,406.82183837890625,407.4496339664975,403.93796601015913,405.0562156749531,13402300,398.14574279785154,405.85096923828127,59.041959001293456,-1.0052855559522413,-2.696239445581418
2024-05-13,405.8213195800781,410.36292908810583,402.9766919421273,410.0294239104783,15440200,398.1496643066406,405.81604858398435,54.35487395861422,-0.510905097424768,-2.259172575950088
2024-05-14,408.60711669921875,409.51935413927424,403.69275704643184,404.15378509704203,15109300,398.2467727661133,405.8482220458984,55.21123094762309,0.10448112998460601,-1.7864418347631492
2024-05-15,415.75115966796875,416.46852499785643,410.0418061194269,410.6608977071615,22239500,398.83546752929686,406.26399169921876,67.91531310618086,1.1553258340945831,-1.198088300991603
2024-05-16,413.6974182128906,418.05070261448816,413.06852016596474,414.49338464088675,17530100,399.6927490234375,406.6496728515625,62.047265287759735,1.8016398784014314,-0.5981426651129962
2024-05-17,412.9309387207031,415.59401656244523,410.78870878728935,415.2205942827064,15352200,400.76429138183596,406.8817156982422,65.40613900988171,2.2263361088559463,-0.03324691031920768
2024-05-20,417.9720764160156,419.3772981518083,412.71474538865465,412.9309356548489,16272100,401.99764556884764,407.2718664550781,84.71683717072706,2.9358460074550976,0.5605716732356535
2024-05-21,421.6079406738281,425.4698558470045,417.4905197677202,419.4362019217813,21453300,403.0886032104492,407.7680853271484,84.14715951358691,3.7483133502007036,1.1981200086286636
2024-05-22,423.06231689453125,424.91959180983645,419.7310556819618,422.63977275649836,18073700,404.17920379638673,408.0823010253906,83.69461205802601,4.458164632348655,1.850128933372662
2024-05-23,419.6033020019531,426.0889796466093,418.0506847119264,425.4698880093599,17211700,405.5882873535156,408.33086669921875,73.79790476390892,4.687577814881706,2.4176187096744712
2024-05-24,422.70855712890625,423.59296088139126,417.05816150216543,419.7900037534496,11855300,406.7955841064453,408.4430010986328,71.40307817624489,5.061610457308291,2.9464170592012353
2024-05-28,422.8657531738281,423.3570918822038,419.2101919839553,422.1877033571548,15718000,408.2103530883789,408.73091979980467,79.72230085320997,5.30951365986067,3.4190363793331224
2024-05-29,421.7357177734375,423.4750461602697,418.3159892619867,418.3159892619867,15517100,410.2022903442383,408.97858154296875,76.54386980354772,5.353087263426289,3.8058465561517556
2024-05-30,407.48687744140625,416.95003623481153,407.0643033400361,416.95003623481153,28394500,411.2066390991211,408.8610284423828,53.142096935938774,4.1895626555344165,3.882589776028288
2024-05-31,407.93890380859375,409.53083651523417,397.5028738526741,409.53083651523417,47995300,412.0913604736328,408.6775744628906,51.20284444911801,3.26628408142858,3.759328637108347
2024-06-03,406.3567810058594,409.21637607324783,401.83648858598,408.3319723384426,17484700,412.46439361572266,408.3812591552734,50.56944680641145,2.3794858401710712,3.483360077720892
2024-06-04,408.86260986328125,409.226195718034,402.58328662384173,405.2856495851976,14348900,412.62528533935546,408.14741882324216,50.273336798472556,1.8574794250751552,3.158183947191745
2024-06-05,416.6651306152344,416.73389525429343,409.0886648755249,410.5725176189358,16988000,413.3822937011719,408.18498474121094,50.96421748321497,2.0497554911806333,2.9364982559895227
2024-06-06,417.166259765625,417.9425834215114,413.2945078470223,416.6651146111646,14861300,414.1055053710937,408.2563116455078,53.7834896098579,2.2170162103407733,2.7926018468597733
2024-06-07,416.5078430175781,418.8957420228007,415.67256118761725,418.81714102196315,13621700,414.7084930419922,408.31878662109375,53.91057277306079,2.2702725179828462,2.688135981084388
2024-06-10,420.4582214355469,420.66457531575907,416.5471841383872,417.34315052242914,13982900,415.3903121948242,408.47419677734376,52.78447317655391,2.6012553961388676,2.670759864095284
2024-06-11,425.1849365234375,425.32252578204896,417.88364915702846,418.10967580091557,14551100,416.3584930419922,408.6486114501953,53.91066503759826,3.2079884228319315,2.7782055758426134
2024-06-12,433.4197998046875,435.71926189584553,425.7450897945803,427.7792397175461,22366200,417.5991271972656,409.04912841796875,59.86157520673644,4.303702954240123,3.083305051522115
2024-06-13,433.93072509765625,435.7093989946261,431.75901618030764,433.21338970261115,15960600,418.50810546875,409.4792846679687,64.45280007782355,5.15388128051768,3.4974202973212285
2024-06-14,434.9035949707031,435.4637283515464,429.15492551069684,430.68790003484014,13582000,419.56841430664065,409.97931701660156,62.85477892805375,5.838849574106177,3.9657061526782185
2024-06-17,440.6031188964844,443.1286073434569,433.0856417971322,434.92324397820295,20790000,420.9520233154297,410.4434588623047,66.74088266537015,6.763628925565683,4.525290707255712
2024-06-18,438.6082763671875,442.34246889984814,437.18341197055486,441.9198947788086,17112500,421.9838333129883,410.885947265625,65.66887457758543,7.2519600227986984,5.070624570364309
2024-06-20,437.9793395996094,438.79494866589,433.62605582240985,438.56892206249415,19877400,422.80240325927736,411.28270446777344,87.90605213340264,7.5017405987408665,5.556847776039621
2024-06-21,441.9886779785156,442.774807970896,438.77533339876635,439.63025801243765,34187100,423.74872131347655,411.81889404296874,88.88877270689864,7.931780970816476,6.031834414994993
2024-06-24,439.9152526855469,444.9072412251996,438.677069430459,442.00833058442447,15913700,424.7643188476562,412.2219989013672,87.90229072885575,8.012915074048351,6.428050546805665
2024-06-25,443.138427734375,443.60028735592437,439.01117026568124,440.4851865060809,16413400,425.7858123779297,412.80786499023435,88.09519610130951,8.242285784759815,6.790897594396495
2024-06-26,444.32745361328125,445.7425115856911,440.42622281234816,441.2221891732116,16507000,426.85889739990233,413.5795562744141,86.04346183669006,8.42291406657182,7.1173008888315605
2024-06-27,445.0054931640625,448.267989524247,443.9441847148766,444.3470860716105,14806300,428.0223861694336,414.3463671875,86.10750921057422,8.522532951625635,7.398347301390376
2024-06-28,439.20770263671875,447.49166642517747,438.6770484115445,445.22168389223947,28362300,429.6084274291992,415.05097595214846,75.97841340179613,8.040957244553454,7.526869290022992
2024-07-01,448.8183288574219,449.4472268960843,437.9400811658245,440.88811382009334,17662800,431.65239868164065,416.0963067626953,78.73358794486934,8.33867914129604,7.6892312602776025
2024-07-02,451.3241271972656,451.6287548273333,445.26099374388446,445.349461110364,13979800,433.90076599121096,417.29278747558595,77.73142898954822,8.67680210014123,7.886745428250328
2024-07-03,452.7882995605469,453.03396893483153,449.94837718806366,450.25300481306164,9932800,436.09705047607423,418.4824536132812,73.99557039986631,8.959632389183128,8.101322820436888
2024-07-05,459.4606628417969,460.2369864186551,451.0194672052492,451.6483651745115,16000300,438.23682708740233,419.67589111328124,77.43978640286284,9.611387294609926,8.403335715271496
2024-07-08,458.16351318359375,459.59824381659064,456.41434856608595,458.4681407863274,12962300,440.2866897583008,420.8141552734375,74.82688823582679,9.909013674621974,8.704471307141592
2024-07-09,451.57958984375,459.2346253511444,450.0662582205172,458.91035499777627,17207200,442.0402770996094,422.017314453125,61.49883853345107,9.504060245246478,8.86438909476257
2024-07-10,458.1733703613281,458.37972423311413,450.91136946375343,453.2305038870679,18196100,443.92603454589846,423.2095294189453,68.69483264700068,9.604480246479909,9.012407325106038
2024-07-11,446.823486328125,456.72886266734906,443.7280281074878,454.9600551032178,23111200,445.0079620361328,424.2545916748047,57.01376542675049,8.668300264780783,8.943585913040987
2024-07-12,445.693359375,448.45468069664645,442.8436006787632,446.459846610387,16324300,445.62164001464845,425.5305194091797,53.07854883301963,7.745889294085941,8.704046589249979
2024-07-15,446.0962829589844,449.3391368001631,443.61011000854984,445.44771219074863,14429400,446.2299179077148,426.7044470214844,55.28304209739954,6.967072445750148,8.356651760550012
2024-07-16,441.73321533203125,446.4304129687703,438.9227718455909,446.3518119574386,17175700,446.57139892578124,427.7342218017578,48.82189495660717,5.929440489539218,7.871209506347854
2024-07-17,435.83709716796875,437.1440749862863,431.5722805813875,434.92321432561624,21778000,446.33309783935545,428.4730413818359,43.40255216786295,4.578563399767404,7.212680285031764
2024-07-18,432.74169921875,436.9475578488645,426.8751131633182,436.6429302135875,20794800,446.0397689819336,429.0149798583984,40.815443110416716,3.2210802206664653,6.414360272158705
2024-07-19,429.5381774902344,433.49839687991425,424.5167095108502,425.59766083378145,20940400,445.61771087646486,429.575244140625,42.46556188872798,1.8652659655842285,5.50454141084381
2024-07-22,435.2671813964844,436.898429671943,431.306992206013,434.1371082507153,15808800,445.2816360473633,430.22654724121094,38.76117949351351,1.2387762942595373,4.651388387526956
2024-07-23,437.1440734863281,440.6227600869156,435.4243879336588,436.21051790501895,13107100,445.14307708740233,430.88046691894533,38.11561197493049,0.8835432849271001,3.897819367006985
2024-07-24,421.47039794921875,433.83249840274334,420.18309274942834,432.82034171919196,26805800,444.0596755981445,431.1734381103516,28.801392769513413,-0.6551637399880406,2.98722274560798
2024-07-25,411.1522216796875,422.35473813773996,410.2776543804513,421.37206072933304,29943800,442.40091400146486,431.2800561523438,18.838748692404266,-2.676339558901361,1.8545102847061115
2024-07-26,417.9032287597656,421.49002544679837,410.04180915234855,410.95572197330205,23583800,441.04580078125,431.4659783935547,25.737315806684066,-3.690840395720045,0.7454401486208801
2024-07-29,419.3379821777344,424.66407745687695,417.34314804369717,424.10394408211863,15125800,440.0523147583008,431.53771484375,29.284052909251983,-4.329163110361492,-0.26948050317559424
2024-07-30,415.593994140625,421.6177822082065,410.13027948455533,420.31083428857175,32687600,438.39109802246094,431.57564636230467,21.601835731054166,-5.078604019546674,-1.2313052064498102
2024-07-31,411.1031799316406,414.47375690208054,405.06952507333295,413.2159307737182,42891400,436.3800506591797,431.5390911865234,23.77728221610164,-5.966138583077452,-2.1782718817753386
2024-08-01,409.88458251953125,420.05530026736574,405.9342299111822,413.5008583778063,30296400,434.23486480712893,431.37734130859377,23.746436897852504,-6.690720287287434,-3.0807615628777576
2024-08-02,401.4139404296875,407.8111808388244,397.335834619087,405.34465060644726,29437900,431.33252868652346,430.97346130371096,20.706117828490804,-7.8578857175559165,-4.03618639381339
2024-08-05,388.3050231933594,394.09300828762184,378.90079195613237,382.4286307082766,40709200,427.83960418701173,430.2783154296875,18.57590507374023,-9.72850860379748,-5.174650835810208
2024-08-06,392.6877746582031,398.64282840268,391.59701693545804,393.07103331037194,24946500,424.8950134277344,429.7400048828125,24.16150627890326,-10.733608940793602,-6.286442456806887
2024-08-07,391.5281677246094,402.9763539760022,390.58480577308114,401.56132604317764,20650900,421.56275329589846,429.11639709472655,24.73495258424738,-11.491264641794658,-7.327406893804441
2024-08-08,395.7144470214844,398.8295182344643,393.01208360865684,395.46877762031824,20203000,419.0073013305664,428.5733709716797,29.511970772371583,-11.619966746910393,-8.18591886442563
2024-08-09,398.9867248535156,400.9815590644515,395.2918776876415,397.0312061411671,19276700,416.6719696044922,428.11839111328123,27.3497372287695,-11.32734404782866,-8.814203901106236
2024-08-12,399.7630310058594,401.6792641246606,397.23754263585204,400.008700380632,16762900,414.3553070068359,427.9639141845703,26.33745603244172,-10.907067151234855,-9.23277655113196
2024-08-13,406.83831787109375,407.7620371122612,402.475227409518,402.49487016333154,19414300,412.6105621337891,427.9419024658203,39.60633335067548,-9.889082970622894,-9.364037835030148
2024-08-14,409.6389465332031,410.48406481515934,405.3053649551057,407.61463319199424,18267000,411.30065460205077,428.0075457763672,48.796540116542936,-8.755408941876908,-9.2423120563995
2024-08-15,414.482421875,414.56116454959863,411.16483466760724,413.27153919674845,20752100,410.38769073486327,428.11994201660156,47.1944191233927,-7.381051952580776,-8.870060035635756
2024-08-16,411.9622497558594,414.787612725286,410.8104315549657,414.05913029915934,22775600,409.5088943481445,428.02588439941405,44.05659718499385,-6.421201352777757,-8.380288299064157
2024-08-19,414.9746398925781,415.19121979816396,409.98347800679744,412.44459964164133,15234000,408.49426727294923,427.98205200195315,49.49496658741744,-5.355700941994087,-7.775370827650143
2024-08-20,418.19378662109375,419.23729981689326,415.082955234779,415.14201975205145,16387600,407.5467529296875,428.0157708740234,55.90426524049821,-4.20307551426788,-7.0609117649736906
2024-08-21,417.5440673828125,419.7689009161739,415.1616884163413,417.48497282390196,16067300,407.3504364013672,427.9574877929688,56.43896597265621,-3.3039525626726913,-6.309519924513491
2024-08-22,409.0876159667969,420.1528389914807,408.1622318516386,417.7606059891525,19361900,407.24720611572263,427.63554138183594,56.45243487672807,-3.2364483396216315,-5.694905607535119
2024-08-23,410.3083801269531,412.73996960606866,405.6814592418378,410.4954277824997,18493800,406.86746368408205,427.1733129882812,73.12479072398915,-3.049294917450993,-5.165783469518295
2024-08-26,407.0597229003906,410.79079224794975,404.9431639983374,409.89494023874727,13152800,406.25355072021483,426.6358929443359,65.47328661623463,-3.127067087186049,-4.758040193051846
2024-08-27,407.4042053222656,407.9161077791715,403.8700384507919,406.4394348780717,13492900,405.84406127929685,426.0859051513672,67.39800170426346,-3.1248835274022326,-4.431408859921923
2024-08-28,404.21466064453125,408.54622911327857,400.975815861933,408.42810007077503,14882700,405.49963531494143,425.35813598632814,59.523130606743784,-3.3419981653692616,-4.213526721011391
2024-08-29,406.6954345703125,415.48655408743093,404.2146347079457,408.4871383812944,17045200,405.34017791748045,424.7198791503906,58.792309239897335,-3.2761202817726485,-4.026045433163643
2024-08-30,410.6529235839844,410.99745657650817,405.7208262421071,409.1368642535232,24308300,405.8021270751953,424.1733508300781,61.5803151517669,-2.87147472194647,-3.7951312909202084
2024-09-03,403.0726623535156,413.3503087826454,400.7001374742272,411.41094371784055,20313600,406.54050903320314,423.3950305175781,46.03815021849203,-3.1264145698471566,-3.661387946705598
2024-09-04,402.5410461425781,404.8446523736478,398.0814949690352,399.59755429893164,15135800,407.0331726074219,422.6475463867188,42.157872944756065,-3.332933241640717,-3.595697005692622
2024-09-05,402.03900146484375,406.67574622741506,399.8141378862011,401.28095677141835,14195500,407.55871429443357,421.82555786132815,34.79301892956721,-3.496802622704024,-3.5759181290949025
2024-09-06,395.4530334472656,404.26383081056673,394.5670056307313,402.6985610672717,19609500,407.54564361572267,420.8480694580078,31.647988102168284,-4.11071707795702,-3.682877918867326
2024-09-09,399.4105224609375,402.2949499033103,395.89603343829765,400.9068736495872,15295100,407.56683349609375,419.9361700439453,33.05463464489175,-4.229161278811489,-3.792134590856159
2024-09-10,407.7586975097656,409.855548179251,401.3597804269513,401.85200481793703,19594300,407.96661682128905,419.30718994140625,39.780228450988965,-3.607812585798854,-3.7552701898446985
2024-09-11,416.461181640625,417.39638986900843,403.21048066101315,409.03843011648604,19266900,408.4477600097656,418.6600469970703,49.08394912824919,-2.3856710000844714,-3.4813503518926536
2024-09-12,420.35955810546875,420.7237992857079,413.2223056552003,416.72694031699655,17395700,408.9837905883789,418.0407556152344,60.33210755312227,-1.0899839314593578,-3.0030770678059944
2024-09-13,423.893798828125,425.1145057080557,418.8435717530032,419.2078129966604,15874600,409.45435943603513,417.4628656005859,61.946039186557186,0.219510711937005,-2.3585595118573948
2024-09-16,424.632080078125,426.7880250402565,421.5606050753592,423.9035976857479,13834700,410.0878509521484,416.7662939453125,66.16555707219786,1.3018607378237448,-1.626475461921167
2024-09-17,428.3828430175781,434.9786612819886,425.54762597309116,433.3838592052121,18874200,410.7582611083984,416.17068054199217,68.16096181016782,2.434225912958368,-0.8143351869452601
2024-09-18,424.11029052734375,429.2491133188561,423.71651710377296,428.23513248274287,18898000,411.05408630371096,415.62129455566406,66.90640355253862,2.9528357414017705,-0.06090100127585396
2024-09-19,431.8677673339844,434.63406555161,430.10559589287107,434.3682752397946,21706600,411.77027130126953,415.0951824951172,69.62993213209182,3.9443334919495214,0.7401458973692211
2024-09-20,428.5010070800781,432.4092699149114,427.46734788448686,430.4206942067389,55167100,412.7409408569336,414.7287329101562,64.04774898205065,4.40762483190241,1.4736416842758588
2024-09-23,426.76837158203125,429.67247726227924,423.6968964015023,427.52638627626743,15128900,413.5639404296875,414.35023315429686,70.54106806220672,4.58215709746969,2.095344766914625
2024-09-24,422.4958801269531,426.61086866115505,419.4736152765213,426.26630559260894,17015800,414.33574829101565,413.87822509765624,66.24464250755986,4.325855057295655,2.5414468249908313
2024-09-25,425.39007568359375,426.38437839634133,421.9051492250097,423.1455340479856,13396400,415.235041809082,413.5513623046875,68.29680514665795,4.306627120853761,2.894482884163417
2024-09-26,424.6025695800781,428.5305103087993,422.45647860828996,428.32378449228514,14492000,416.2544372558594,413.3266717529297,75.12309414492705,4.179663126827052,3.151518932696144
2024-09-27,421.3637390136719,425.1341945131492,420.82230422369577,424.8093096047705,14896100,416.9878524780273,413.09911254882815,69.1581333042156,3.7741901731973257,3.2760531807963806
2024-09-30,423.6082763671875,423.7264354508624,418.75495134014767,421.55078212730024,16807300,417.6356201171875,412.9805145263672,65.48078579685244,3.5925526317656704,3.339353070990239
2024-10-01,414.1477355957031,421.81659955830685,412.2969671899716,421.78706729834266,19092900,418.1893737792969,412.55812561035157,47.77335688618322,2.654616232841704,3.202405703360532
2024-10-02,410.6430969238281,416.24461251055664,410.22961524498584,416.00832438993655,16582300,418.5944763183594,412.0281060791016,40.576688692642044,1.6099414252976203,2.88391284774795
2024-10-03,410.0622863769531,413.0254566537122,407.84727671300476,411.1353318978847,13686400,418.99564056396486,411.79994384765627,35.77064042180322,0.7267846358722636,2.452487205372813
2024-10-04,409.5896911621094,413.2223089798081,408.5166457695598,411.7357819472086,19169700,419.70247344970704,411.76869323730466,34.43987410702165,-0.011129670825994253,1.9597638301330516
2024-10-07,403.1711120605469,410.6233655735784,402.6395013728588,409.5306419831522,20919800,419.8905029296875,411.4740509033203,25.284628050911138,-1.101164230662107,1.3475782179740199
2024-10-08,408.2607116699219,409.19594995144206,401.82243880752753,404.5099645290717,19229300,419.9156036376953,411.25250549316405,34.70743670634488,-1.536623085276915,0.7707379573238331
2024-10-09,410.96795654296875,413.8425600403991,407.857094965171,409.3928325735408,14974300,419.6409423828125,411.15998474121096,27.65728103584061,-1.6443206244012458,0.2877262409788174
2024-10-10,409.37310791015625,410.8596349305785,406.72493873590105,408.77260867644156,13848400,419.09161987304685,411.12538330078127,28.746331879535774,-1.8371847340318368,-0.13725595402331348
2024-10-11,409.8456726074219,410.6430736171545,406.8234080163179,409.6684790592566,14144900,418.3892135620117,411.1246051025391,30.654901241174713,-1.929655046535629,-0.4957357725257766
2024-10-14,412.6218566894531,417.4456494762865,411.0270245046469,411.2731366880873,16653100,417.7887023925781,411.34876342773435,38.312739125911705,-1.7586509481183157,-0.7483188076442844
2024-10-15,412.2280578613281,415.9099165968068,408.8021954562943,415.6145639475164,18900200,416.9809631347656,411.82722412109376,33.44078631625425,-1.6360459234182372,-0.925864230799075
2024-10-16,409.64874267578125,409.8850007237477,404.09646824766287,408.71353454058965,15508900,416.2578857421875,412.1664434814453,31.9981278320398,-1.7271007943843983,-1.0861115435161397
2024-10-17,410.2394714355469,415.9295838303706,409.127039576057,415.7917465890575,14820000,415.1764709472656,412.54066955566407,35.696302667679575,-1.7316343586713856,-1.215216106547189
2024-10-18,411.65704345703125,413.1238623045801,409.7865970653071,410.6529166681237,17145300,414.33427276611326,412.859521484375,34.2990799587529,-1.6023699032373884,-1.2926468658852288
2024-10-21,412.2674255371094,412.44461909285747,407.31564977599334,409.6487883889798,14206100,413.6092254638672,413.12513549804686,46.7812678922931,-1.4341422590792376,-1.3209459445240306
2024-10-22,420.86163330078125,423.8838676895073,411.5389037972299,411.9818876442807,25482200,413.5275131225586,413.5471075439453,64.89650686765887,-0.6004186449407598,-1.1768404846073766
2024-10-23,417.99688720703125,424.3760949935698,415.95907136722593,424.1595150969288,19654400,413.1578536987305,413.77027893066406,60.844843421918675,-0.1689007593486167,-0.9752525395556246
2024-10-24,418.1249084472656,419.35546932603506,415.83112614516494,418.7155536346828,13581600,412.83397064208987,413.9399981689453,61.776679242740684,0.1813203697163317,-0.7439379577012334
2024-10-25,421.49169921875,425.7937351729216,419.9362835126177,420.1233311665373,16899100,412.8403686523437,414.08018371582034,77.60288163290079,0.7222197161994472,-0.45070642292109725
2024-10-28,419.9559631347656,425.2227696357769,419.670464602579,424.9471252042487,14882400,412.65775299072266,414.24005798339846,69.73406413686706,1.0152619699500178,-0.15751274434687423
2024-10-29,425.2326354980469,426.4336641349943,419.1782518516455,421.34405104712135,17644100,413.21199798583984,414.4452178955078,72.14904362379535,1.654214671014131,0.20483273872532684
2024-10-30,425.8035888671875,431.68074872313076,425.3802831426112,430.6372355196224,29749100,413.9700225830078,414.5974139404297,76.34975480359817,2.181513327551272,0.6001688564905159
2024-10-31,400.03070068359375,409.6881391925744,399.981460227055,408.90056227484143,53971000,413.4684432983398,414.2471466064453,41.31080024488415,0.5138216127274973,0.5828994077379122
2024-11-01,403.98822021484375,409.0384470027673,401.162857168779,402.6493843637014,24230400,413.18836975097656,414.14515869140627,42.51323581638642,-0.48293041334778763,0.3697334435207722
2024-11-04,402.10791015625,404.0374512515174,399.26286901744754,403.42706781751014,19672300,413.13520965576174,413.9811492919922,41.444751562233144,-1.408354251404603,0.014115904535697166
2024-11-05,405.06121826171875,408.4477238969609,401.7337771398714,402.0192756499378,17626000,412.97523498535156,413.94117919921877,46.146222260050266,-1.881760267093739,-0.3650593297901901
2024-11-06,413.6456298828125,413.91145024796907,404.1358522419557,406.00632872643234,26681800,413.10911865234374,414.0660076904297,52.52257509550089,-1.5464214860552374,-0.6013317610431996
2024-11-07,418.81396484375,420.21189508853655,413.3502870767265,414.72850912180576,19901800,413.58116149902344,414.35799377441407,55.021394423061444,-0.853779806180512,-0.6518213700706621
2024-11-08,415.968994140625,419.8674028807744,415.2208034572557,418.70576053564287,16891400,413.88732757568357,414.5434649658203,52.51811256467439,-0.5283313688506723,-0.6271233698266642
2024-11-11,411.5093994140625,418.2036383732599,409.530647967578,415.9492425000552,24503300,413.8317047119141,414.5605944824219,43.25860739979445,-0.623080675410904,-0.6263148309435121
2024-11-12,416.45135498046875,417.8394313280264,410.7120319666306,411.7456911405818,19401200,414.0428695678711,414.82816833496094,48.91832272957556,-0.2959837544509014,-0.5602486156449901
2024-11-13,418.5876159667969,422.6533640239858,411.7062988498683,415.0829808583345,21502200,414.48981323242185,415.1490997314453,50.314982549443236,0.13407577802485093,-0.42138373691102193
2024-11-14,420.2513427734375,421.51143597611144,413.4684764416515,418.390720208814,30246900,414.9904067993164,415.5133465576172,49.135599665503186,0.6022080256165054,-0.21666538440551647
2024-11-15,408.5462341308594,416.22492241780895,407.2073982420546,413.29128434963707,28247600,414.8348663330078,415.77521057128905,43.035715350134716,0.028374675169402508,-0.1676573724905327
2024-11-18,409.29437255859375,411.89330132284374,405.69128696291637,408.41819885611204,24727000,414.686213684082,415.9728875732422,39.70229900786054,-0.36185265844051173,-0.2064964296805285
2024-11-19,411.2928161621094,411.4404774532615,405.149836063281,406.6855735772408,18133500,414.20777282714846,416.04356994628904,40.794405966989196,-0.5040426447953337,-0.26600567270348957
2024-11-20,409.028564453125,410.8005900683197,404.19491792354364,410.3871084118776,19191700,413.7593566894531,415.89491760253907,58.1345687582148,-0.7903250479860162,-0.3708695477599949
2024-11-21,407.26287841796875,414.0790385036892,404.71793020151534,413.80284233986384,20780200,413.2162551879883,415.63298400878904,53.08264041147837,-1.1464662721167542,-0.5259888926313467
2024-11-22,411.3367614746094,411.7313230908911,405.47742965830406,405.7832171686565,24814600,412.70850830078126,415.38184326171876,58.34313192649262,-1.0874470298419965,-0.6382805200734767
2024-11-25,413.1025085449219,415.36138685697927,409.21601445717323,412.698073057269,27691100,412.36583557128904,415.1512518310547,57.42905942807715,-0.8879570078656798,-0.6882158176319173
2024-11-26,422.17755126953125,423.21330950979313,413.161695275106,413.891635863064,23458900,412.2130813598633,415.02714599609374,57.81152032581203,0.002392793741250898,-0.5500940953572837
2024-11-27,417.2454528808594,421.42789081016514,416.28862504102557,419.33665679394954,18332400,411.78517456054686,414.88984924316406,48.55768772060388,0.3064892877131342,-0.37877741874320014
2024-11-29,417.7090759277344,419.10980447039015,412.1259395107062,414.384847961252,16271900,412.6690933227539,414.60667541503904,51.67336277861744,0.5782329458439222,-0.1873753458257757
2024-12-02,425.126953125,427.1195090506518,415.58826631722377,415.84474493949193,20207200,413.72602996826174,414.5391943359375,62.39044307038189,1.376287463581832,0.12535721605574585
2024-12-03,425.343994140625,426.59673575541547,421.9309618493427,424.0024483022702,18302000,414.8878341674805,414.51070678710937,58.85246160613816,2.003173477716018,0.5009204683878004
2024-12-04,431.4794921875,433.698935348809,426.754535872994,427.1490975254907,26009400,416.20874786376953,414.6903790283203,61.88713606917281,2.960936740646332,0.9929237228395067
2024-12-05,436.60888671875,438.62119043191433,430.2465005729482,431.9727342727058,21697800,417.3569107055664,414.9147552490234,64.17665460954717,4.086760664345093,1.6116911111406238
2024-12-06,437.54595947265625,440.04159877439776,435.7703869006791,436.2931878578621,18821000,418.2935104370117,415.173623046875,80.90087207392824,4.996995916393985,2.288752072191296
2024-12-09,439.9626770019531,442.2413029263077,434.51765390142566,436.5891402244184,19144400,419.4931945800781,415.5456018066406,81.55670345888744,5.845983954764847,3.0001984487060067
2024-12-10,437.3092041015625,443.51378920495125,435.6027181772746,438.3548361326827,18469500,420.78318481445314,415.81962036132813,76.41396781016013,6.2328515716366155,3.6467290732921285
2024-12-11,442.8923034667969,444.2338491006331,438.0193906892449,438.0193906892449,19200200,422.10523223876953,416.39451171875,82.21053114355895,6.91029878126551,4.299443014886805
2024-12-12,443.4545593261719,449.96493127669913,443.0106586987936,443.0106586987936,20834800,423.3485794067383,417.05074096679687,85.23139739176986,7.407164740198311,4.920987359949106
2024-12-13,441.1957092285156,445.2992167545738,439.5286583553318,442.34983294961415,20177800,424.3957977294922,417.6734094238281,80.13146240842778,7.531841882680737,5.443158264495433
2024-12-16,445.4570007324219,446.0389843929351,439.2326985780913,441.1956629672055,23598800,426.2413360595703,418.39075561523435,81.08418418207108,7.883622534422443,5.931251118480835
2024-12-17,448.28802490234375,449.1067696297947,443.46445105856475,444.88489699979203,22733500,428.19101867675784,419.2930938720703,78.50530933825175,8.295228989832935,6.404046692751256
2024-12-18,431.4499206542969,446.50265760588917,431.08492025325205,445.1907332778121,24444500,429.19887390136716,419.75687805175784,62.30776227888696,7.17996956058289,6.559231266317584
2024-12-19,431.09478759765625,437.1612597390131,430.39443838506674,435.6224481744677,22963700,430.30218505859375,420.15941467285154,61.62018043450732,6.196038088012983,6.486592630656665
2024-12-20,430.6706848144531,437.71370316583733,422.80892156271733,427.22806088809443,64263700,431.47257537841796,420.5853662109375,55.47766471410194,5.320709924940445,6.25341608951342
2024-12-23,429.3389587402344,431.70635881030796,426.9518110200716,430.80871372187636,19152500,432.37268524169923,420.97523193359376,53.86227663279414,4.468042077012171,5.896341287013171
2024-12-24,433.36358642578125,433.62993890807024,428.29340677676606,428.74715123489693,7164500,433.3857391357422,421.3900665283203,51.899025418358946,4.070132529168802,5.531099535444298
2024-12-26,432.16015625,434.9517397989475,430.70027491424656,433.11698419987056,8194200,433.88486938476564,421.78870849609376,45.130645773319294,3.6159966297514643,5.148078954305731
2024-12-27,424.68304443359375,429.30935275325726,420.5598195240772,428.69777768381334,18117700,434.25674896240236,422.08939453125,37.68414236758813,2.6225194510672623,4.642967053658038
2024-12-30,419.0604553222656,421.7435167493127,416.17025429217676,420.27376177490316,13158700,434.3243179321289,422.26581420898435,31.14430693096564,1.3657422514672817,3.9875220932198867
2024-12-31,415.77569580078125,420.9346790911402,414.94710727917607,420.313230174155,13246500,433.856755065918,422.3481872558594,30.793581837344405,0.10349163751453716,3.210716002078817
2025-01-02,412.8953552246094,420.2836558558519,409.21603069875914,419.7509810335182,16896500,433.2343231201172,422.3607458496094,21.88946365368909,-1.1164013012885903,2.345292541405336
2025-01-03,417.6005859375,418.27134378737713,413.8423310893823,415.3613950253171,16662900,432.5403778076172,422.29552490234374,27.517627733061587,-1.6840893155472259,1.5394161700148237
2025-01-06,422.0394592285156,428.4215926337743,419.7016505493917,422.1874160873605,20573600,431.8119064331055,422.3763763427734,33.950417787414224,-1.7555690719873382,0.8804191216143913
2025-01-07,416.6339111328125,424.8014616583564,415.085225621156,423.1738758487943,18139100,430.7663040161133,422.3465563964844,26.30560928433269,-2.222777058918325,0.2597798855078481
2025-01-08,418.79412841796875,421.171402275518,415.81515330470927,417.70906128958796,15054600,429.70787658691404,422.29260498046875,25.48377670018172,-2.39116738423445,-0.2704095684406115
2025-01-10,413.2603454589844,418.9420997125399,409.383695034764,418.8631994200863,20201100,428.5054336547852,422.1586926269531,31.381252678626097,-2.9372887311762383,-0.8037854009877369
2025-01-13,411.52423095703125,412.8164377086338,406.690782868284,409.6007014640922,17604800,426.93703002929686,421.8845245361328,30.518456320790136,-3.4701816700336963,-1.337064654796929
2025-01-14,410.02490234375,414.03960580749714,405.1421150215387,412.1358238822972,16935900,425.26554718017576,421.5689508056641,29.878848552660457,-3.9677487146990416,-1.8632014667773515
2025-01-15,420.5203857421875,422.3353935398116,412.5895665870108,413.43790279096226,19637800,424.2317810058594,421.97874450683594,42.70799844755998,-3.47511739637406,-2.1855846526966936
2025-01-16,418.8138122558594,423.6571336957602,418.6264203199314,422.87788427352234,15300000,422.8996215820313,422.27525634765624,37.48931348628847,-3.1856871271214118,-2.3856051475816376
2025-01-17,423.2033996582031,428.579395977241,422.35509365285844,428.1946780656617,26197500,421.64539031982423,422.6971661376953,42.69855904167638,-2.572454876926031,-2.4229750934505163
2025-01-21,422.6806335449219,425.0480336398343,419.82002384260585,424.3575582513444,26085700,421.2069259643555,423.0495544433594,48.15891239043684,-2.1043886742492077,-2.3592578096102548
2025-01-22,440.1402893066406,441.1957350447454,430.0788007344463,431.61761238386987,27803800,421.65920104980466,423.57944763183593,65.91693396748147,-0.32089544985819884,-1.9515853376598435
2025-01-23,440.6432800292969,440.6827452232724,435.50404480374874,435.9972543675129,18389300,422.1578308105469,424.0160339355469,69.60037754601824,1.120209845701197,-1.3372263009876355
2025-01-24,438.02935791015625,440.58418031954517,435.40547892407693,439.1144251755467,15549500,422.592350769043,424.4572412109375,69.893915670712,2.027997018237045,-0.6641816371426995
2025-01-27,428.6583251953125,429.28964793288844,417.74853125025015,418.2516146753107,35647800,422.35708770751955,424.8002197265625,58.15036219333233,1.9685684380626185,-0.13763162210163588
2025-01-28,441.1266784667969,442.29064589853647,425.52151949148305,428.69779052094407,23491700,422.8054138183594,425.2937261962891,62.579667540374814,2.8942002280949737,0.468734747937686
2025-01-29,436.3227844238281,440.81100977301065,434.41900262341227,440.6235877197962,23581400,423.3874008178711,425.6484295654297,63.07992608994822,3.2032113624066483,1.0156300708314785
2025-01-30,409.3541259765625,417.1172408671569,407.54899194570174,413.0827896381068,54586300,422.90208435058594,425.4304852294922,45.28340150111431,1.2574642967730938,1.0639969160198017
2025-01-31,409.4231262207031,414.97667080056476,409.2751693701902,413.2899024984714,34161900,422.584455871582,425.4480230712891,47.972029235242545,-0.275807194396009,0.7960360939366397
2025-02-03,405.3393859863281,409.7683985075356,403.1100689884043,406.01014380943144,25679100,422.20665740966797,425.3689233398438,46.81045545496866,-1.7997136270354304,0.27688614974222564
2025-02-04,406.7696533203125,408.2986210393196,404.1753661823544,407.085314667825,20532100,421.6651107788086,425.2784600830078,48.320060930628415,-2.8590524564261273,-0.3503015714914449
2025-02-05,407.6771545410156,408.2097991758985,404.8263889185779,406.7499181872424,16316700,420.9469955444336,425.2514318847656,42.64402416433876,-3.5840437216028818,-0.9970500015137324
2025-02-06,410.1728515625,412.5205341470821,408.3775613386283,408.3775613386283,16309800,420.62394256591796,425.30963134765625,45.09521600506091,-3.912126076120387,-1.5800652164350635
2025-02-07,404.1852722167969,412.96439718513943,402.5576865372201,410.82388435232116,22886800,419.89349975585935,425.1666015625,39.39727099496393,-4.602229679731522,-2.1844981090943554
2025-02-10,406.6217346191406,409.81772327895646,405.3394016663598,408.0914896331453,20817900,419.5615692138672,425.0369860839844,41.2341063225552,-4.896100406251435,-2.7268185685257715
2025-02-11,405.8523254394531,406.88805357704496,403.741373863551,404.07678288840276,18140600,419.2779739379883,424.7104815673828,27.113438349679498,-5.131922358386021,-3.2078393264978216
2025-02-12,403.48492431640625,405.17169274595005,398.8783333348811,401.67976029438313,19121700,418.9509750366211,424.4352709960938,25.79982867557473,-5.447052212656047,-3.6556819037294668
2025-02-13,404.96453857421875,405.4182829681306,400.8412835235649,401.4726062482461,23891700,418.17318267822264,424.1803802490234,28.142896221383197,-5.51384224643067,-4.027313972269708
2025-02-14,402.88323974609375,403.3567318616424,400.36788249572703,402.2519470284911,22758500,417.37665405273435,423.7355059814453,31.144470400811556,-5.669364347541261,-4.355724047324019
2025-02-18,404.0767822265625,405.0237362453633,400.9794114377888,402.4590402622825,21423100,416.42032318115236,423.3101617431641,17.542266802053035,-5.631392640880563,-4.610857766035328
2025-02-19,409.1370544433594,409.84727742582396,402.11375500738893,402.3406422459273,24114200,415.7431442260742,422.8633129882812,26.290319833237874,-5.133798874597005,-4.715445987747663
2025-02-20,411.30169677734375,414.4447923675228,407.75335474991726,410.47144681938056,23508700,414.30121459960935,422.35716918945315,52.99382826089812,-4.512763357281017,-4.674909461654334
2025-02-21,403.4735412597656,413.19936436928833,403.15727713591093,412.49761092708707,27524800,412.44272766113284,421.6757208251953,42.61573937297645,-4.599237812554975,-4.659775131834462
2025-02-24,399.31243896484375,404.62012670611466,394.6867476536957,403.77011965609864,26443700,410.5068817138672,420.86271606445314,42.53405947166707,-4.946515271836859,-4.717123159834942
2025-02-25,393.2831726074219,397.2565479767241,392.0971142682963,396.4460551720573,29387400,408.73812408447264,419.9821954345703,35.002338267564326,-5.643195323754185,-4.902337592618791
2025-02-26,395.0919494628906,398.9170410828285,389.6755229646048,393.3919053914201,19619000,406.43638763427737,419.0261883544922,36.27963211134075,-5.980427463438275,-5.117955566782688
2025-02-27,387.9754943847656,401.0322110218146,387.61968592381214,396.61407498406965,21127400,404.0190231323242,417.9166070556641,28.015443772710327,-6.744182080950736,-5.443200869616298
2025-02-28,392.38372802734375,393.01631660620876,382.0846478468725,388.10398215130573,32845700,403.1705032348633,416.94036743164065,37.93412446872306,-6.914054586648547,-5.737371613022748
2025-03-03,383.98236083984375,394.1925192721913,381.67940898205217,394.1925192721913,23007700,401.8984649658203,415.71087463378905,29.36981531898563,-7.638547469754883,-6.117606784369175
2025-03-04,384.1009826660156,388.0249203607145,376.5792952112664,378.9514422192701,29342900,400.8365447998047,414.4271337890625,29.941124819884735,-8.109658415174806,-6.516017110530302
2025-03-05,396.36700439453125,397.00948665687173,384.29868393839774,384.82253320835395,23433100,400.3164123535156,413.7254754638672,44.44930456859074,-7.407858608711422,-6.694385410166526
2025-03-06,392.2849426269531,397.4838909032578,388.12376908504734,389.70521049036057,23304600,399.5468017578125,412.94927856445315,40.49787881213479,-7.0992299713322495,-6.7753543223996715
2025-03-07,388.7464599609375,390.2191619837315,381.0666253730808,387.76795648683793,22034100,398.47548217773436,412.1107940673828,39.63229580344706,-7.058796123707793,-6.832042682661296
2025-03-10,375.7490539550781,381.91664235119805,372.8431639999478,381.3631423753148,32840100,397.0536712646484,411.0389959716797,32.29093414905985,-7.983505170922911,-7.062335180313619
2025-03-11,376.0356750488281,381.5212666884101,372.5367409966354,374.6024872406928,30380200,395.5243682861328,409.89243774414064,27.993215359581882,-8.59414783951405,-7.368697712153706
2025-03-12,378.8229675292969,380.75035405096787,374.55311473502826,378.5067033632867,24253600,394.172900390625,408.82569396972656,28.584473636234492,-8.752284457894064,-7.645415061301778
2025-03-13,374.37518310546875,380.8492026304598,373.0705217726956,378.7142611357114,20473000,392.7174133300781,407.81953674316406,29.91817693579469,-9.131248549318855,-7.9425817589051935
2025-03-14,384.05157470703125,385.7022111357248,375.10659301872727,375.3734493768336,19952800,391.67176513671876,407.1193591308594,40.21297582933751,-8.552192042483512,-8.064503815620858
2025-03-17,384.1899719238281,388.15342385678485,381.0962841175908,382.2131776873556,22474300,390.73710174560546,406.48764465332033,43.691753206775736,-7.990014180318326,-8.049605888560352
2025-03-18,379.0700378417969,382.87537263830677,376.67813379609476,382.57886557924786,19486900,389.4867645263672,405.8111383056641,39.373286082442924,-7.86693493667218,-8.013071698182719
2025-03-19,383.3201904296875,385.1585946525035,379.5445060727477,381.0567525075918,19185500,388.19592132568357,405.12553039550784,46.79027645978298,-7.341810138352173,-7.87881938621661
2025-03-20,382.35150146484375,387.24407880313566,378.83281046953476,381.26425870483627,18470500,386.74841156005857,404.3317712402344,42.738607909213165,-6.923994556939647,-7.687854420361218
2025-03-21,386.7202453613281,387.194656647968,378.3583844724842,378.77352451177876,39675900,385.9107467651367,403.7334979248047,52.104556200552956,-6.1692364594531455,-7.384130828179603
2025-03-24,388.51910400390625,390.81219242783766,385.2870564688155,390.81219242783766,21004500,385.37108001708987,403.12799743652346,53.310602994276245,-5.364098383559167,-6.980124339255516
2025-03-25,390.5749816894531,391.7610400507305,388.08423198363494,389.3493790004213,15775000,385.2356704711914,402.67429016113283,44.87583014343345,-4.508161233700434,-6.485731718144501
2025-03-26,385.44525146484375,390.7232888134518,384.06150143845576,390.4168880991619,16108400,384.7533355712891,402.15271057128905,44.05909231398067,-4.195389396501412,-6.0276632538158825
2025-03-27,386.048095703125,387.6888383797828,382.9050004114053,385.6033351411741,13766800,384.656965637207,401.67317443847656,47.53026969834767,-3.8544393922631457,-5.593018481505335
2025-03-28,374.4048156738281,384.6149747790714,372.5565178920864,383.5771397086297,21632000,383.7580200195313,400.75086303710935,48.73838719323229,-4.4721967486327685,-5.368854134930822
2025-03-31,371.0343933105469,372.6948931611048,362.97893300010196,368.2174556076631,35184700,383.1106216430664,399.79527465820314,45.56296676543466,-5.174095073929038,-5.329902322730465
2025-04-01,377.7555236816406,378.4078694453165,368.89949332324585,370.3030004386035,19689500,382.79334869384763,398.88631713867187,49.11477504180889,-5.128892819712917,-5.2897004221269555
2025-04-02,377.7060852050781,380.61194495123306,372.2501138660857,373.584455994143,16092600,381.860302734375,397.986826171875,52.979665645844925,-5.038972837249901,-5.239554905151545
2025-04-03,368.7808532714844,373.1001742376296,365.06450042697054,370.4413834397649,30198000,380.6850982666016,396.55963745117185,36.153459179364624,-5.623082830452972,-5.316260490211831
2025-04-04,355.6648254394531,370.24368334469244,355.3090169453245,359.9050576420754,49209900,379.03101654052733,394.860068359375,29.0626870378932,-7.062930967506816,-5.665594585670829
2025-04-07,353.7077941894531,366.6953473866903,340.78946619633433,346.808801297969,50425000,377.92895355224607,393.17363708496094,30.477804828317815,-8.266644325967718,-6.185804533730207
2025-04-08,350.4460754394531,369.3145725706382,346.18608632628985,363.98712785508354,35868900,376.6494735717773,391.60939208984377,24.30466138425112,-9.37571190794182,-6.8237860085725295
2025-04-09,385.9591369628906,388.6673652686905,349.0029886182402,349.43788571366844,50199700,377.006282043457,390.50604125976565,51.83103801105733,-7.304843004109443,-6.9199974076799124
2025-04-10,376.92523193359375,379.44563241847453,363.5324334212975,377.6269854135807,38024400,377.13378448486327,389.3180902099609,45.25336776147568,-6.319774685733307,-6.799952863290592
2025-04-11,383.94287109375,385.52428234575257,374.4937970946495,376.2234920445777,23839200,377.1283493041992,388.8098651123047,47.889139642181064,-4.9161656179818465,-6.423195414228843
2025-04-14,383.3102722167969,390.0709046779098,379.75203666792555,388.6575040815548,19251200,377.08436431884763,388.28760803222656,46.60445276701796,-3.810910952600409,-5.900738521903157
2025-04-15,381.2544250488281,387.3429548173336,379.702634359307,384.0021677861047,17199900,377.1935836791992,387.80590881347655,47.98324385148215,-3.0655407073379024,-5.333698958990106
2025-04-16,367.2982177734375,377.1821883945702,363.7301188576812,376.25312290658945,21967800,376.3924850463867,387.01648010253905,42.00455784812934,-3.5599419137035966,-4.978947549932805
2025-04-17,363.5126647949219,369.9767899290697,362.6330071079686,369.41339637295704,21120200,375.45054321289064,386.1331903076172,45.021678352501006,-4.208705581778304,-4.824899156301905
2025-04-21,354.953125,360.25094859286406,351.543173455908,358.6102059570081,20807300,373.86218719482423,385.0287957763672,42.98281708964106,-5.35184603947414,-4.930288532936352
2025-04-22,362.5638427734375,363.5028019496421,355.68457702509073,359.1637542302739,19485000,372.5644241333008,384.1963671875,43.42206350166986,-5.579356421389207,-5.060102110626923
2025-04-23,370.0459899902344,375.9763723537339,368.69186067990836,371.6965961898571,20545500,371.53797454833983,383.46485229492185,46.88378973755929,-5.09715644210371,-5.0675129769222815
2025-04-24,382.8061828613281,383.9428636514652,370.8367085183124,371.3408006891215,22232300,371.40602111816406,383.00392944335937,55.53301543333539,-3.643370059019503,-4.782684393341726
2025-04-25,387.30340576171875,387.60980644654984,380.1375268589871,382.5096738423667,18973200,371.4687866210937,382.6802990722656,63.39217504373278,-2.104090922850901,-4.246965699243561
2025-04-28,386.6214294433594,388.1830836548117,382.15388522315925,387.4121350910717,16579400,372.0796173095703,382.3134368896484,64.08391370231445,-0.9285274207890666,-3.5832780435526623
2025-04-29,389.46795654296875,390.51565493433395,385.8504199570639,386.7597282920122,14974000,373.0012954711914,382.0451312255859,66.75720608783467,0.23015301094659435,-2.820591832652811
2025-04-30,390.673828125,392.05757796403765,379.979364791359,385.77135703314644,36461100,373.6472106933594,381.7770721435547,52.87040295373309,1.2315231276999157,-2.0101688405822657
2025-05-01,420.4641418457031,431.9196612018972,419.96994327038766,426.10788113002934,58938100,375.7851135253906,382.00361389160156,71.1595613376526,4.378473195437948,-0.7324404333782231
2025-05-02,430.2295227050781,434.34125858777406,425.00089318437847,426.73058824697114,30757400,378.8575469970703,382.3821704101563,71.90978384629764,7.573139975804565,0.9286756484583347
2025-05-05,431.1091613769531,434.40051033348516,427.0962415401901,427.84743296236513,20136100,382.6297637939453,382.9348828125,72.57280979724919,10.059951051332007,2.7549307290330693
2025-05-06,428.2823486328125,432.65107712392626,426.1671945058241,427.18524232094876,15104200,386.3584915161133,383.5142810058594,72.04817656729081,11.668163258536481,4.537577234933751
2025-05-07,428.3218994140625,433.0365428333408,426.1078693467033,428.80620435216304,23295300,390.2522827148438,384.2150555419922,82.90344577019071,12.798343104183402,6.1897304087836815
2025-05-08,433.0859680175781,438.5221520354275,430.60508165893515,432.8487322038109,23491300,392.60862426757814,384.9749359130859,87.12161574213987,13.918001241034176,7.735384575233781
2025-05-09,433.6394958496094,435.626153625383,430.82255791751214,434.89474938101273,15324200,395.44433746337893,385.8882159423828,95.90591903350975,14.68077264264872,9.12446218871677
2025-05-12,444.0472717285156,444.15598092637396,434.6772567640601,440.7657862582039,22821900,398.4495574951172,386.92148681640623,96.03531171196148,15.941333239465735,10.487836398866563
2025-05-13,443.9287109375,445.4409573721911,440.19254074927665,442.5844751269483,23618800,401.48047943115233,388.1204138183594,95.52937494898843,16.73782648453232,11.737834415999714
2025-05-14,447.6845397949219,448.6333924695745,442.94024625817593,442.94024625817593,19902800,404.801985168457,389.3920849609375,94.9713071614482,17.470725471606386,12.88441262712105
2025-05-15,448.6946105957031,451.7246558325709,446.0210270484144,446.3576953837484,21992300,408.87180480957034,390.43863708496093,94.71585394967255,17.92641294163718,13.892812690024277
2025-05-16,449.82342529296875,449.91254071320964,444.3376746324017,447.6251542704443,23849800,413.18734283447264,391.58940673828124,95.73707250474928,18.169191329145292,14.748088417848482
2025-05-19,454.37841796875,455.0913715701619,446.3874026485213,446.46663650360125,21336500,418.15860748291016,392.9020458984375,95.83993889692044,18.51570724415967,15.501612183110721
2025-05-20,453.6852722167969,453.8535912700005,449.87295142774695,451.13050930908776,15441800,422.7146789550781,394.46077026367186,94.82344880825178,18.52089518318428,16.105468783125435
2025-05-21,448.1401062011719,453.2991005803846,447.38753565613104,450.12052955644793,19216900,426.619384765625,395.9028588867188,80.05425690705141,17.871546049456413,16.458684236391633
2025-05-22,450.40765380859375,455.74490907390424,449.4570590917957,450.4967994491365,18025600,429.9994583129883,397.33455261230466,76.1744304897871,17.340019374341978,16.634951263981705
2025-05-23,445.7734375,449.24908978205974,444.5158796844098,445.57541331723985,16883500,432.92295989990237,398.7625177001953,67.33362720575663,16.356292964671127,16.57921960411959
2025-05-27,456.1806335449219,456.43809825868186,451.6553587930952,452.0118507212909,20974300,436.40092010498046,400.2050988769531,77.9651424945992,16.229374317205725,16.509250546736816
2025-05-28,452.8831787109375,457.9926743719098,452.45739496057166,456.7054113344306,17086300,439.5716812133789,401.57896301269534,73.11068331842057,15.681941665714703,16.34378877053239
2025-05-29,454.1903076171875,457.2005597280811,450.85329893273473,457.03221043821725,13974800,442.7475051879883,403.0813684082031,71.23966728932696,15.178602245635204,16.110751465552955
2025-05-30,455.8537902832031,457.16087682654637,451.08099341488645,455.2200705832806,34770500,444.5169876098633,404.53204040527345,71.86817293664966,14.743971946900217,15.837395561822408
2025-06-02,457.4480895996094,457.5867035205711,452.41782757710985,452.6653804963421,16626500,445.87791595458987,406.0339721679687,65.96175152595504,14.362607732996139,15.542437996057156
2025-06-03,458.43829345703125,459.5968543955761,456.3489311405408,456.9529759669727,15743800,447.24437255859374,407.4683331298828,66.93084651027638,13.97913228642119,15.229776854129964
2025-06-04,459.3294677734375,461.1316602074749,458.48778183720145,459.4582001214203,14162700,448.796728515625,408.8845404052734,64.56165925699784,13.590473038288906,14.901916090961754
2025-06-05,463.1022033691406,465.0529216385449,459.4879366863286,460.4088263203011,20131700,450.5357437133789,410.3350848388672,66.85194809645105,13.432049708631212,14.607942814495647
2025-06-06,465.7757873535156,468.7068055435685,464.1914425792919,465.4886174973397,15285600,452.1702346801758,411.94169555664064,68.00804205127427,13.368134429634324,14.359981137523384
2025-06-09,468.12255859375,468.7958952647425,464.0329796350046,465.10242514198006,16469900,453.89438781738284,413.58318481445315,66.32937204317294,13.352921766625514,14.15856926334381
2025-06-10,466.31048583984375,468.172058367284,462.38922592870773,466.57783210788693,15375900,455.0075485229492,415.4212982177734,64.61148976779307,13.044280152656029,13.935711441206255
2025-06-11,467.99383544921875,470.81594475736864,465.0628173622344,465.4192790589967,16399200,456.21080474853517,417.36048706054686,75.23273393823601,12.78809845638898,13.706188844242801
2025-06-12,474.1826477050781,475.7174938929388,468.88500933710617,470.37032681118086,18950600,457.535710144043,419.2890295410156,77.47761220350938,12.93534741042049,13.55202055747834
2025-06-13,470.3109130859375,474.48960742449077,468.13246560456287,471.74673205457395,16814500,458.6165252685547,421.1411260986328,78.86761833639706,12.594445710651371,13.360505588112947
2025-06-16,474.45001220703125,475.98482813726486,470.3505215770748,470.5584575569121,15626100,459.8478546142578,423.25450927734374,75.21172932001514,12.514015582763989,13.191207587043156
2025-06-17,473.36077880859375,474.0539088222925,469.4395189734987,470.7466055851971,15414100,460.79697265625,425.6084283447266,80.09315733957133,12.221500247560698,12.997266119146666
2025-06-18,475.5392150878906,476.29178558337986,469.81579317674493,473.3211507460615,17526500,461.88966979980466,428.0450567626953,80.59021950449477,12.026823602686534,12.80317761585464
2025-06-20,472.7270202636719,478.7277002496467,472.2022093150259,477.5097592999014,37576200,463.1190155029297,430.4906756591797,73.40662783215362,11.512906717133092,12.545123436110332
2025-06-23,481.24285888671875,482.97572926336846,467.8849134818946,473.52910172023695,24864000,464.66077575683596,432.39635009765624,77.69072047787994,11.65839022439684,12.367776793767634
2025-06-24,485.3125915527344,487.0355802812341,482.03499358247046,484.16397269221426,22305600,466.63773345947266,434.56409729003906,79.18279156545455,11.964164920261226,12.287054419066354
2025-06-25,487.45147705078125,489.71907018583636,484.59969288856837,487.2237477118272,17495100,468.20127563476564,436.6342694091797,79.73200918899386,12.23801157446917,12.277245850146917
2025-06-26,492.580810546875,493.1650318097281,487.98621386300664,488.15456314430565,21578900,470.1861572265625,438.81968017578123,80.29718975769273,12.72227687788768,12.366252055695071
2025-06-27,491.0855712890625,494.4126679494895,488.2040517426954,492.6797975508017,34539200,472.0309204101562,441.01630310058596,76.65830290944321,12.837425458257485,12.460486736207555
2025-06-30,492.5411682128906,495.8583832017286,490.4815111095117,492.17479474651304,28369000,473.86528930664065,443.521162109375,76.2117224512045,12.897462129584653,12.547881814882976
2025-07-01,487.2336120605469,493.1748817381986,486.1741086010328,491.61036068604886,19945400,475.3545654296875,445.9955810546875,70.8917707127791,12.37412498950215,12.513130449806813
2025-07-02,486.2829895019531,488.6694029786285,483.91639959647097,485.193750746375,16319600,476.7468002319336,448.62217834472654,68.5329304097043,11.74725420568069,12.359955200981588
2025-07-03,493.9571838378906,495.2345653483035,488.6100468852986,488.9764203666982,13984800,478.4781860351562,451.25004516601564,69.45251999072963,11.73443072714116,12.234850306213504
2025-07-07,492.8481140136719,493.8680307430937,490.3824968234557,492.51144569917784,13981600,479.9654815673828,453.7060876464844,73.44448712535595,11.502185329462975,12.088317310863399
2025-07-08,491.7589111328125,493.3234624825612,489.27347018920887,492.37283752871576,11846600,481.26463775634767,455.88514221191406,69.22564295864021,11.102259670364845,11.891105782763688
2025-07-09,498.5815124511719,501.81949389446856,494.8483949293652,495.40291107466015,18659500,482.78758544921874,458.11070434570314,74.84874561541187,11.206659220167182,11.754216470244387
2025-07-10,496.5713806152344,499.50239882384955,492.87788004768845,498.125990037999,16492100,484.3006301879883,460.3097033691406,70.79090775256847,11.000390125890078,11.603451201373526
2025-07-11,498.393310546875,500.0865639242522,492.9273231662245,493.5907782355643,16459500,485.8206039428711,462.48821044921874,75.87852769570753,10.858761854255192,11.45451333194986
2025-07-14,498.09625244140625,499.0369655948213,496.1257409313552,496.6109349689791,12058800,487.0162841796875,464.63665893554685,70.3685317006602,10.600356016449723,11.283681868849833
2025-07-15,500.8688659667969,503.3245715280963,497.8685258646023,498.0962552049,14927200,488.54418182373047,466.24475341796875,69.40941829773689,10.498276669579695,11.126600828995805
2025-07-16,500.67083740234375,501.760076321519,496.97736708309617,500.23514183467364,15154400,489.85522308349607,467.65357971191406,67.3331476661961,10.2828643423083,10.957853531658305
2025-07-17,506.6913146972656,508.34495123446135,500.67081092720053,500.7302212088446,17503100,491.52174987792966,469.1652227783203,68.07911482237718,10.477176356236896,10.861718096574023
2025-07-18,505.05743408203125,509.6025320949179,502.4630844244223,509.4440643876484,21209700,492.9976608276367,470.7007244873047,67.8381069935759,10.379679037658093,10.76531028479084
2025-07-21,505.06732177734375,507.0774803175347,500.60145783110823,501.7501069031347,14066800,494.6146759033203,472.23563293457033,66.60533578656853,10.185794071016915,10.649407042036055
2025-07-22,500.3242492675781,506.1962275502158,500.3242492675781,505.9684679829346,13868600,495.5687454223633,473.5803985595703,67.61730936355676,9.539447710949105,10.427415175818664
2025-07-23,500.9183349609375,501.8293429250601,495.79895793496456,501.78972599996087,16396600,496.3490325927734,474.92597534179686,69.88701534909296,8.971730786594776,10.136278297973886
2025-07-24,505.8793029785156,508.6419715627398,502.33432855643633,503.7899408054956,16107000,497.27042388916016,476.16261596679686,67.48982837167989,8.82044311465279,9.873111261309667
2025-07-25,508.68157958984375,513.2167048175048,505.3643347489547,507.45366654244924,19125700,498.0754623413086,477.4576733398437,72.12848082639906,8.824938450477589,9.663476699143251
2025-07-28,507.4834289550781,509.9589578768102,505.1267205865717,509.04798015617376,14308000,498.8953552246094,478.65365112304687,71.9094979526059,8.63231237006869,9.45724383332834
2025-07-29,507.55279541015625,512.5533521818816,506.5526719682665,510.4838436674275,16469200,499.6459365844727,479.83081481933596,65.39768173937638,8.388554077047274,9.243505882072128
2025-07-30,508.2162170410156,510.89971236727115,504.4534248625209,510.12731827097724,26380400,500.69506683349607,480.99867065429686,70.95509332583535,8.15490182284492,9.025785070226686
2025-07-31,528.2778930664062,550.0130499577134,526.6935786680993,549.795171976257,51617300,502.79481201171876,482.47666015625,82.46562335476804,9.479269206075458,9.11648189739644
2025-08-01,518.979736328125,530.5553112156109,515.7615489434008,529.7631541007601,28977600,504.04593963623046,483.78254943847656,68.97599348675111,9.667119818304059,9.226609481577963
2025-08-04,530.3969116210938,532.9813491761439,522.9604134562841,523.0990575737549,25349000,505.9233795166016,485.427685546875,73.188123424588,10.614901434522722,9.504267872166915
2025-08-05,522.5841674804688,532.0406760929504,522.0791498987046,531.9218555369729,19171600,507.4646423339844,486.8712158203125,65.37015203704988,10.613258992313433,9.72606609619622
2025-08-06,519.8017578125,526.495598904166,518.9006917137275,525.7034415927023,21355700,508.5256546020508,488.3517822265625,59.63333487310143,10.269064752199597,9.834665827396897
2025-08-07,515.7418823242188,522.9209170643583,512.4840471895837,521.6435053063135,16079100,509.4841796875,489.54300720214843,57.58049736972928,9.558505810000327,9.779433823917584
2025-08-08,516.9300537109375,519.524403327164,514.3257923084495,517.4845698020915,15531000,510.4110168457031,490.8239447021484,58.27807066636341,8.987654147559624,9.621077888645992
2025-08-11,516.6627197265625,522.4257584225397,514.6327376205326,517.1875004407061,20194400,511.33934020996094,492.0733929443359,62.160977313913165,8.416656497064082,9.380193610329611
2025-08-12,524.0595703125,525.7825288027884,517.5836082950698,518.6233183732385,18667000,512.498875427246,493.43750854492185,65.64049782808678,8.463439507125997,9.196842789688889
2025-08-13,515.484375,527.4857348349631,514.2861971986356,526.9014833945702,19619200,513.2395523071289,494.5982342529297,56.18940902499487,7.719582244985077,8.901390680748127
2025-08-14,517.36572265625,520.8017882377586,515.0486614235291,517.4449565045493,20269100,513.7732727050782,495.77678283691404,55.66318683768086,7.198894661812119,8.560891476960926
2025-08-15,515.078369140625,520.9503168823401,513.9990723038397,517.6529556536844,25213300,514.2743194580078,496.89176086425783,54.88351010076234,6.526442916919507,8.154001764952643
2025-08-18,512.0383911132812,517.7024328589179,508.9885829187347,516.4844919382945,23760600,514.6228729248047,497.8704846191406,52.778088587957434,5.682712471680873,7.659743906298289
2025-08-19,504.7801818847656,510.11740696385556,503.5721224631474,509.9589996924715,21481000,514.845669555664,498.65057250976565,48.03264984899602,4.377907398387947,7.0033766047162205
2025-08-20,500.7698669433594,505.9981835608303,499.50239716393804,504.87923949406314,27723000,514.8382461547851,499.3035186767578,30.702924330658874,2.98582237528683,6.1998657588303425
2025-08-21,500.1251220703125,503.48747238505433,498.6175369804135,499.57962247206007,18443300,514.550537109375,499.9798114013672,34.94562346368497,1.8096983658872432,5.321832280241723
2025-08-22,503.0907287597656,506.56216679087737,498.310055406757,500.1350363394598,24324200,514.2709945678711,500.68174926757814,24.795906812608337,1.104182956360944,4.478302415465567
2025-08-25,500.1449890136719,504.04291093011733,500.00611695670057,502.4956437530773,21638600,513.9040725708007,501.20099609375,27.24365779154661,0.30385765056087166,3.643413462484628
2025-08-26,497.94305419921875,500.85906441774694,494.44186237473224,500.2440985723917,30835700,513.4235855102539,501.75363891601563,27.568234887356695,-0.5022935303563258,2.8142720639164374
2025-08-27,502.6047058105469,503.1502356611414,495.82052770460996,497.90339657266526,17277900,513.1430099487304,502.3167327880859,36.682891336372855,-0.7562996714207202,2.100157716849006
2025-08-28,505.4810485839844,506.919197559233,501.3748189208979,502.9518399416591,18015600,512.0031677246094,502.9591381835937,38.77825842720155,-0.7172366869500593,1.5366788360891932
2025-08-29,502.55511474609375,505.44137107101903,500.3730559294206,504.5090396010348,20961600,511.1819366455078,503.4994561767578,36.857379720679724,-0.9118659746529261,1.0469698739407693
2025-09-02,500.9979553222656,501.87077891116434,492.75577163159113,496.3859077753076,18128000,509.7119888305664,504.0648748779297,25.892864548474705,-1.1781795190599382,0.6019399953406279
2025-09-03,501.22607421875,503.64616490840893,498.220801883355,499.6788070917271,16345100,508.64408416748046,504.4645391845703,31.94440365242312,-1.355205665880817,0.21051086309633893
2025-09-04,503.8246765136719,504.0032003466391,499.04400319618804,500.18461248708434,15509500,507.84523010253906,504.83478088378905,33.15861109867012,-1.2711615161782106,-0.08582361275857095
2025-09-05,490.9605407714844,507.79205789513924,488.35199810583333,504.9157294675595,31994800,506.60616302490234,504.90496215820315,26.251916420910035,-2.2170276516436047,-0.5120644205355778
2025-09-08,494.1344299316406,497.1099483047291,490.990285532587,494.0451377441344,16771000,505.4663818359375,504.93603454589845,32.41688979839921,-2.6796378515354604,-0.9455791067355543
2025-09-09,494.34271240234375,498.15137232357364,493.63851485593227,497.33805669614713,14410500,504.3503814697266,505.00117736816406,38.1020465669648,-2.9949294309782317,-1.35544917158409
2025-09-10,496.28668212890625,499.1233585890913,492.66647432597284,498.87539873589674,21611800,502.96173706054685,505.0760876464844,44.636839895588054,-3.05274799017792,-1.694908935302856
2025-09-11,496.9215087890625,499.0638857033828,493.8170463660224,498.15138006137016,18881600,502.03359375,505.2698455810547,46.16666058060982,-3.012616837285748,-1.9584505156994343
2025-09-12,505.7389221191406,508.3672905695674,499.73830564164535,502.51544395369297,23624900,501.4522537231445,505.6589642333984,52.77949675913291,-2.2434598354718105,-2.01545237965391
2025-09-15,511.1544189453125,511.26350676755015,502.8626547877709,504.63805606783444,17143800,501.2560562133789,506.0029089355469,60.98575396895485,-1.1832720121853413,-1.8490163061601963
2025-09-16,504.885986328125,513.0091239663263,504.4495745277025,512.6620043570016,19711900,500.89843597412107,506.24366638183596,56.407962676503026,-0.8392018521532805,-1.6470534153588132
2025-09-17,505.8579406738281,507.1175961354426,501.80132099339164,506.4530503919847,15816600,500.9523239135742,506.52564697265626,53.22200984356921,-0.4825328404805873,-1.4141493003831682
2025-09-18,504.3008117675781,508.88310546808697,503.51725007824297,507.31598208941665,18913700,501.12887115478514,506.64003295898436,48.79972688619224,-0.321807768694498,-1.195680994045434
2025-09-19,513.703369140625,515.0621842649809,506.1455578149837,506.39351766303514,52474100,501.80778350830076,506.9826727294922,60.017846996285805,0.5578453146708853,-0.8449757323021703
2025-09-22,510.25189208984375,513.5150225661836,508.3574445613838,511.3826037577857,20009300,502.1658416748047,507.21984436035154,58.04182673870992,0.965343489157874,-0.48291188801016144
2025-09-23,505.0744323730469,510.3907077578639,503.17008724169204,509.60711582016205,19799600,502.4123138427734,507.3594079589844,53.07939472407961,0.8605906457304968,-0.21421138126202982
2025-09-24,505.9869079589844,508.29788064425674,502.7832857896144,506.215041937542,13533700,502.8145065307617,507.46176879882813,51.77816549698386,0.8415021040803481,-0.003068684193554244
2025-09-25,502.8923645019531,505.84805701475193,500.9186136455738,504.15198973027213,15786500,502.82888946533205,507.50619934082033,61.6910106043245,0.5700987588752469,0.11156480442020598
2025-09-26,507.28619384765625,509.74596656687834,502.4856945681329,505.8976246789574,16213100,502.9191467285156,507.5180969238281,62.58545676916904,0.7014688634700406,0.2295456162301729
2025-09-29,510.4005432128906,512.6321819161793,504.7272507672145,507.3258652143003,17617800,503.3114181518555,507.6249591064453,64.55676241832651,1.0448383379322763,0.39260416057059355
2025-09-30,513.7232666015625,513.9315141469417,505.5009089039439,509.05168089535164,19728200,503.9476837158203,507.7980780029297,65.42114343211006,1.5670135715738525,0.6274860427712454
2025-10-01,515.4689331054688,516.262392605391,507.5143608700387,510.5989672146665,22632300,504.6598266601562,508.1009716796875,66.08748454149655,2.0975229649485527,0.9214934272067069
2025-10-02,511.53125,517.3434144406598,506.51254498360566,513.4157691025699,21222900,505.04515533447267,508.31322998046875,55.48871649926057,2.175143661145569,1.1722234739944795
2025-10-03,513.1281127929688,516.2425031799986,510.7973143114264,512.8801529316524,15112300,506.1535339355469,508.4582061767578,52.016148138911404,2.3385547010677783,1.4054897194091394
2025-10-06,524.256591796875,526.6965386672223,513.9712214168786,514.377848960065,21388600,507.6596420288086,508.76970642089844,68.00001588063209,3.327675012417444,1.7899267780108006
2025-10-07,519.7039794921875,525.4764919541412,517.1847292577561,523.9788048028778,14615200,508.9277053833008,509.0141174316406,62.06356338923203,3.701533248999283,2.172248072208497
2025-10-08,520.56689453125,522.6497936321297,518.8213080060119,519.0097599169904,13363400,510.14171600341797,509.2743994140625,64.34559897337459,4.02109593605843,2.5420176449784835
2025-10-09,518.136962890625,520.0512058016051,513.1777655449532,518.07745494396,18343600,511.2024887084961,509.4728143310547,54.45847127956408,4.031800406883292,2.8399741973594455
2025-10-10,506.7902526855469,519.307291372133,505.4711195982234,515.3994417043425,24133800,511.2550552368164,509.0430615234375,46.995951734376995,3.0890899855360203,2.8897973549947604
2025-10-13,509.8550720214844,512.1957986627914,507.50441729945595,512.1957986627914,14284200,511.190087890625,508.8605682373047,54.30660313557393,2.559782907455201,2.8237944654868485
2025-10-14,509.3790283203125,511.07509568876407,501.87079590760095,506.0662879637401,14684300,511.41473999023435,508.4402105712891,53.079984327556296,2.0779373184669225,2.6746230360828633
2025-10-15,509.2401428222656,512.9694689959882,505.83814063109804,510.75768630195654,14694700,511.58385009765624,508.173330078125,56.09057209283259,1.6656635857292486,2.4728311460121404
2025-10-16,507.4349670410156,512.6321960787722,503.9833851231019,508.3970827878481,15559600,511.7405578613281,507.9259942626953,50.15020659183554,1.1796725523366831,2.214199427277049
2025-10-17,509.3888854980469,511.27334399694297,503.17003321642534,504.88592623971425,19867800,511.5248336791992,507.7989343261719,48.95408710577129,0.9413349238596993,1.9596265265935793
2025-10-20,512.5726928710938,514.4671401409408,509.2401268135401,510.41049011219013,14665600,511.64087371826173,507.711787109375,48.8070406812354,0.9978546358787526,1.7672721484506142
2025-10-21,513.4356689453125,514.4572928075203,508.85337476268893,513.2770012430817,15586200,512.058935546875,507.64724609375,47.85252542442808,1.0996062949666339,1.6337389777538183
2025-10-22,516.2921142578125,520.943843958813,513.4852520447155,516.8971823641815,18962700,512.5741958618164,507.49189697265626,55.14581411948801,1.394659713255237,1.5859231248541021
2025-10-23,516.3118896484375,519.6742395740552,514.3777908083965,518.1964086283891,14023500,513.2451721191406,507.508447265625,53.562666819655824,1.6115108873688087,1.5910406773570436
2025-10-24,519.3370971679688,521.0628883153897,516.4607987679614,518.5237814648117,15532400,513.8477172851562,507.54787475585937,43.2755617255729,2.004370830043001,1.6737067078942354
2025-10-27,527.1825561523438,530.2175826339089,524.6930292943027,527.4404441110845,18734700,514.6868179321289,507.78995849609373,59.37821462685836,2.9151738285548845,1.9220001320263653
2025-10-28,537.6464233398438,549.2013167264516,536.3570441492753,545.511702993095,29986700,515.882975769043,508.302119140625,67.2614568091926,4.430269015240356,2.4236539086691637
2025-10-29,537.1306762695312,541.8121902511471,532.3500025514267,540.4930267482002,36023000,516.9660629272461,508.9491290283203,69.96864749154265,5.525679791048788,3.0440590851450886
2025-10-30,521.469482421875,530.6042843733296,517.8591725476514,526.150935240438,41023100,517.4629745483398,509.3631213378906,64.14911297605286,5.071610892042372,3.4495694465245457
2025-10-31,513.5843505859375,525.0004316167937,510.896444053691,524.5640198650095,34006400,517.4857864379883,509.63230590820314,53.28897470416965,4.029049404289708,3.5654654380775783
2025-11-03,512.810791015625,520.6760707602963,510.3907002836433,515.5680732671589,22374700,516.9134963989258,509.8267071533203,53.01078562302476,3.1046041771733144,3.4732931858967255
2025-11-04,510.13275146484375,511.34276641791416,503.6956934801851,507.5837170627558,20958700,516.4349349975586,510.0264624023437,50.74970946163125,2.1313108393169387,3.2048967165807687
2025-11-05,503.02130126953125,510.6287232020861,502.4460174356622,509.11117977922714,23024300,515.5576553344727,510.12802734375,46.59631501036683,0.7771754639992423,2.7193524660644637
2025-11-06,493.04339599609375,501.5732213085109,491.7639146320967,501.53353925537283,27406500,514.3029769897461,509.9368011474609,38.78303410059497,-1.0885717659854208,1.9577676196544866
2025-11-07,492.76568603515625,495.30479262227396,489.2248119110569,492.89463000746537,24019800,513.6017486572266,509.6824938964844,35.842929360790265,-2.560087663672334,1.0541965629891226
2025-11-10,501.8707275390625,502.71379706788474,494.7294718777327,495.9593732946225,26101500,513.2025314331055,509.66880615234373,42.60520835609895,-2.9574818491419137,0.25186088056291533
2025-11-11,504.5289001464844,505.4414057875519,498.2505695472254,500.68055811559174,17980000,512.9600250244141,509.73942504882814,42.4593099665199,-3.0230791158078887,-0.4031271187112455
2025-11-12,506.96881103515625,507.4944847122113,495.04688194383186,505.20330782589343,26574900,512.8464584350586,509.8542797851562,44.19095687152534,-2.8453851756001995,-0.8915787300890363
2025-11-13,499.182861328125,509.309533151825,497.1991825232493,506.1455630365654,25273100,512.4338531494141,509.7614434814453,38.169500026870644,-3.294841635820603,-1.3722313112353497
2025-11-14,506.0166320800781,507.42505738590404,493.38060745410195,494.16416907736203,28505700,512.2652404785156,510.0625653076172,37.426300734699325,-3.0642877297312907,-1.710642594934538
2025-11-17,503.3486022949219,507.94082387806293,500.7896697837805,504.300789978241,19092800,511.80403594970704,510.2468487548828,27.54543874335927,-3.061567954491693,-1.9808276668459692
2025-11-18,489.76043701171875,498.87544447228873,482.8076324047851,491.3275301094218,33815100,510.62027435302736,510.1552032470703,23.519619557392232,-4.10850361808383,-2.4063628570935416
2025-11-19,483.14483642578125,491.14898819063853,478.88983663624714,486.1005289347495,23245300,508.9629104614258,509.8923663330078,26.165801732096,-5.409672020994719,-3.007024689873777
2025-11-20,475.41387939453125,490.45844852333465,472.50235794747454,489.60385435710714,26802500,506.91800994873046,509.4622137451172,26.21607457698282,-6.98417179191074,-3.80245411028117
2025-11-21,469.1436462402344,475.9007957312625,465.3179114267742,475.4834301610789,31769200,504.40833740234376,508.73030822753907,24.535416412326626,-8.638352071553413,-4.769633702535619
2025-11-24,471.0118103027344,473.89352206444323,465.0694984877541,472.0055061050608,34421000,501.5998001098633,507.9274560546875,26.969002389849024,-9.686892170885358,-5.753085396205567
2025-11-25,473.98297119140625,476.12935785467323,461.95927573241335,471.08139630740516,28019800,498.41662750244143,507.3093957519531,32.02868375644796,-10.160990329717151,-6.634666382907884
2025-11-26,482.4393310546875,485.23161394332453,478.1664510662567,483.244222260298,25709100,495.6820602416992,506.8410235595703,43.31136087321087,-9.742058580964965,-7.256144822519301
2025-11-28,488.9082946777344,489.5243812398697,483.5820692635899,484.5260924315005,14386700,494.0540008544922,506.5331732177734,47.743172417634966,-8.786772408098784,-7.562270339635198
2025-12-01,483.6715087890625,486.77183499200703,481.59468809959253,485.3608038657598,23964000,492.55835876464846,505.9325360107422,38.84745516742507,-8.355943968532415,-7.7210050654146425
2025-12-02,486.91094970703125,490.38888506208144,483.2541563831954,483.6516286444489,19562700,491.26336669921875,505.4657171630859,39.28002819515712,-7.664758947284611,-7.7097558417886365
2025-12-03,474.71832275390625,481.18726202656165,472.20427350128017,473.31720798581483,34615100,489.4926452636719,504.8585949707031,32.458490995731424,-8.008515750860681,-7.769507823603046
2025-12-04,477.8087158203125,478.28570075231454,473.48613274494215,476.7355376297969,22318200,488.2320159912109,504.2950311279297,37.74848917601405,-7.9400486628852605,-7.803615991459489
2025-12-05,480.1141052246094,480.35258253184975,475.86108806940297,479.4781253050461,22608700,487.5855514526367,503.8394659423828,34.339893755987106,-7.612015764978935,-7.765295946163379
2025-12-08,487.92449951171875,489.19642891935564,481.3263751862239,481.8331697469475,21965900,487.34349212646487,503.45223205566407,41.22080547008452,-6.645211918758946,-7.541279140682493
2025-12-09,488.9181823730469,489.01755801519323,485.42038417588924,486.016607703579,14696100,486.69586486816405,503.0225848388672,49.440363501131685,-5.732747458637164,-7.179572804273427
2025-12-10,475.5430603027344,481.19719183884354,472.084987996716,480.97857754952304,35756200,485.24657287597654,502.2589807128906,45.365317440264235,-6.019484500234739,-6.94755514346569
2025-12-11,480.4221496582031,482.96600869209163,472.86010822118624,473.6252734590456,24669200,483.9192398071289,501.5580450439453,53.16347211454202,-5.786322809309581,-6.71530867663447
2025-12-12,475.5132751464844,479.4085762318817,473.3370788032073,476.79515128743174,21248100,482.7357604980469,500.837685546875,54.09377875863888,-5.929296399299517,-6.558106221167479
2025-12-15,471.8266296386719,477.6894285774835,469.5411111878212,477.0733420562278,23727700,481.02626037597656,500.01165588378905,50.51172521544206,-6.267833794937019,-6.500051735921388
2025-12-16,473.38677978515625,474.87732355778707,467.911505956298,468.9350114671635,20705600,479.5281692504883,498.9942596435547,49.618822548784706,-6.337184918922844,-6.467478372521679
2025-12-17,473.1184387207031,476.9739832708393,472.0055042784347,473.903466892556,24527200,478.6960693359375,498.062548828125,43.34373165274872,-6.3407073383674515,-6.442124165690834
2025-12-18,480.9289245605469,486.51349034093164,474.87732052138307,475.1754171439269,28573500,478.5852737426758,497.26978942871096,44.40887162994389,-5.648149596140058,-6.283329251780679
2025-12-19,482.856689453125,484.7745151206103,479.44828972039977,484.2875835443981,70836100,478.9574142456055,496.5641839599609,49.40129428067862,-4.887399184489709,-6.004143238322485
2025-12-22,481.86297607421875,485.6489546100234,479.6470235443271,483.05539282771,16963000,479.5933807373047,496.06563842773437,46.16430961190453,-4.3149433858218345,-5.6663032678223555
2025-12-23,483.7807922363281,484.75459468390824,481.6840783901604,481.922585996358,14683600,480.23182983398436,495.5441528320313,58.16029022767879,-3.6642768025852774,-5.265897974774941
2025-12-24,484.9433898925781,486.0762176057581,481.77349801821515,482.6181454723109,5855900,480.779850769043,495.05544006347657,56.65547120846611,-3.0199943183249616,-4.816717243484946
2025-12-26,484.6353759765625,485.0427948985028,482.8964083055729,483.64168016456847,8842200,480.88965301513673,494.5633447265625,54.38084778850766,-2.5053696152011184,-4.35444771782818
2025-12-29,484.02923583984375,485.27135560420123,481.1276307272214,481.80333660098637,10893400,480.6457000732422,494.09523010253906,45.61328743621327,-2.121975461378554,-3.907953266538255
2025-12-30,484.4068603515625,486.5929730105466,482.43933166580535,482.8666136001516,13944500,480.6824676513672,493.59558959960935,44.84801636065942,-1.767289477119732,-3.4798205086545506
2025-12-31,480.5711364746094,485.0626606980731,480.25314655477007,484.76453377627826,15601600,480.36547698974607,492.9555584716797,57.34176177328767,-1.7752452177893474,-3.13890545048151
