Date,Close,High,Low,Open,Volume,SMA_20,SMA_50,RSI,MACD,MACD_Signal
2023-01-03,14.267298698425293,14.946030156445817,14.049028593833635,14.801512873667992,401277000,,,,0.0,0.0
2023-01-04,14.699851036071777,14.803504564817873,14.193544438500394,14.518458311262469,431324000,,,,0.0345055995843353,0.00690111991686706
2023-01-05,14.2174654006958,14.515468836750369,14.100854699285643,14.442712138646769,389168000,,,,0.02266576966076883,0.010054049865647414
2023-01-06,14.809487342834473,14.959984206467885,13.987236581425599,14.425770004011499,405044000,,,,0.06035807186093578,0.02011485426470509
2023-01-09,15.575923919677734,16.002497216572273,15.090546259586656,15.233070349137327,504231000,,,,0.1503414763316293,0.046160178678089935
2023-01-10,15.855987548828125,15.908810437445068,15.42044347056914,15.455326689560788,384101000,,,,0.24146925963739818,0.08522199486995159
2023-01-11,15.947678565979004,15.974589018428674,15.511138407767845,15.787215773433328,353285000,,,,0.31742826775922595,0.13166324944780647
2023-01-12,16.45598030090332,16.58155988533878,15.44037584745414,16.046350570153667,551409000,,,,0.4138711815493874,0.18810483586812266
2023-01-13,16.84268569946289,16.865609768709138,16.111132436686006,16.223754839739726,447287000,,,,0.5155636821925906,0.2535966051330163
2023-01-17,17.64301300048828,17.668927336507764,16.842689261696506,16.842689261696506,511102000,,,,0.6532056975111704,0.33351842360864714
2023-01-18,17.319089889526367,17.813435298571434,17.22440527167523,17.608122441565005,439624000,,,,0.7277609234816289,0.41236692358324345
2023-01-19,16.70913314819336,17.139694698743703,16.675247952454153,16.979229999863364,452932000,,,,0.7292220479563465,0.4757379484578641
2023-01-20,17.779556274414062,17.796499823469546,16.768935260471654,16.954314377855656,564967000,,,,0.8074464598449556,0.5420796507352824
2023-01-23,19.129045486450195,19.180872256618034,17.75862728937308,18.00380595113542,655163000,,,81.59326279571172,0.9671832842523642,0.6271003774386987
2023-01-24,19.2008056640625,19.430040716014094,18.75728877168834,18.764265416274096,496204000,,,81.76334575707261,1.0870356447884646,0.7190874309086519
2023-01-25,19.25861167907715,19.30545594731295,18.518087479978714,18.84997803686339,449537000,,,80.83872804916332,1.1731605023060823,0.809902045188138
2023-01-26,19.73601722717285,20.098804651583823,19.213763095481273,19.63535393948921,489535000,,,87.35661434848754,1.2653515255391348,0.9009919412583374
2023-01-27,20.29714012145996,20.55926424729607,19.340339917531214,19.397149193004687,542142000,,,87.30350127302871,1.36792293957609,0.9943781409218879
2023-01-30,19.098148345947266,20.07288815679004,19.086187298640233,19.883522650362398,488611000,,,72.61324500910818,1.33705022558037,1.0629125578535845
2023-01-31,19.471899032592773,19.621398819093155,18.886855153366426,19.10612138016746,498017000,17.21574091911316,,72.93878381717303,1.327440031776753,1.1158180526382182
2023-02-01,20.873212814331055,21.1213817226709,19.545650683627567,19.62538402504865,660477000,17.546036624908446,,76.7946117730969,1.4165688707100017,1.175968216252575
2023-02-02,21.636659622192383,21.875859651889073,20.631022997012753,20.9300225588854,564276000,17.892877054214477,,77.42138242870578,1.5311576622881198,1.2470061054596842
2023-02-03,21.029687881469727,21.67253897459517,20.719723419819307,20.93002073586232,429366000,18.233488178253175,,71.65685798447514,1.5550667172584802,1.3086182278194434
2023-02-06,21.018728256225586,21.498124471655988,20.71673650906174,20.736670321605864,452197000,18.543950223922728,,69.01314125750682,1.5552030527028649,1.3579351927961276
2023-02-07,22.0991153717041,22.184829243176587,21.07952350178786,21.31075078020512,664150000,18.870109796524048,,74.80865702953031,1.6237714836709358,1.4111024509710894
2023-02-08,22.131006240844727,22.80176393868283,21.934662201742093,22.312398971746344,559651000,19.183860731124877,,79.93618103523627,1.6615326714700025,1.4611884950708722
2023-02-09,22.26256561279297,22.943290193315832,22.046289671543487,22.530670219439532,523876000,19.499605083465575,,77.6154310703384,1.6826775671207557,1.505486309480849
2023-02-10,21.19413948059082,22.00443010232316,20.74165374341449,21.6177244226343,550737000,19.73651304244995,,63.17731412108236,1.5948376934279196,1.5233565862702632
2023-02-13,21.71539306640625,21.97452686206653,20.892145442768115,21.46622617453973,474919000,19.98014841079712,,65.17501880808751,1.5494239736660695,1.5285700637494246
2023-02-14,22.894454956054688,22.972194156462287,21.294801814356916,21.506095265379177,675474000,20.242720508575438,,69.3261420874633,1.5902423898512055,1.540904528969781
2023-02-15,22.688142776489258,22.778839139042542,22.032336407803555,22.47385907538401,420575000,20.511173152923583,,66.15752945023036,1.5876422584086853,1.550252074857562
2023-02-16,21.928688049316406,22.474860494775402,21.853937196052712,22.05925016093341,412026000,20.772150897979735,,58.740016785226544,1.5069290460406854,1.5415874690941869
2023-02-17,21.316728591918945,21.667554896645086,20.905104738152975,21.5589188659097,465888000,20.949009513854982,,62.68231492112089,1.3777019395093753,1.5088103631772247
2023-02-21,20.5861759185791,21.422379075491403,20.549298552767883,20.93002565570821,410015000,21.021866035461425,,56.12001302357779,1.2024776178351146,1.4475438141088028
2023-02-22,20.684843063354492,21.03367717070481,20.3529525061691,20.6380006960692,513184000,21.096067905426025,,48.792641420859084,1.0593610398349718,1.3699072592540367
2023-02-23,23.585142135620117,23.808396610345156,22.94827158681363,23.3618895618877,1117995000,21.312394428253175,,59.80343346552159,1.1665230652311465,1.3292304204494587
2023-02-24,23.208406448364258,23.39578162812699,22.870537254569477,23.14761079034492,589716000,21.486013889312744,,61.2218088250088,1.2071352175954218,1.3048113798786514
2023-02-27,23.42268180847168,23.800418492964862,23.375839456026615,23.591119235459015,452994000,21.64229097366333,,62.127905911551125,1.2422905199110943,1.29230720788514
2023-02-28,23.138641357421875,23.745613258723314,23.12867445039469,23.294121685258286,455963000,21.844315624237062,,55.70260181973152,1.2330181934944875,1.2804494050070097
2023-03-01,22.622365951538086,23.1785071533375,22.432998534976818,23.11471933360439,460026000,22.001838970184327,,52.55946559355114,1.1705176980435184,1.2584630636143115
2023-03-02,23.236309051513672,23.302089102000206,22.35724820401247,22.413063250752206,389415000,22.11999378204346,,54.829474397983006,1.1571863583230773,1.2382077225560648
2023-03-03,23.810394287109375,23.82036119371135,23.052926494296837,23.242293917748235,412393000,22.228680515289305,,63.644924054549016,1.1793502407739815,1.2264362261996482
2023-03-06,23.475513458251953,24.167199231552658,23.408735379499408,23.81139038959998,437429000,22.35097179412842,,59.361801504364735,1.156561076964561,1.2124611963526308
2023-03-07,23.21433448791504,24.048686746490617,23.16748227815721,23.525347829679774,515154000,22.460752105712892,,51.88549064084579,1.1046913461244365,1.190907226306992
2023-03-08,24.104511260986328,24.12345216474366,23.349905807399413,23.412706254207755,513573000,22.561021900177003,,57.725765772439246,1.1224748454989815,1.17722075014539
2023-03-09,23.36187171936035,24.376651390603612,23.309037961330453,24.09853264786072,501257000,22.622565174102782,,57.83185323247482,1.064374149716862,1.1546514300596844
2023-03-10,22.892358779907227,23.552265439254963,22.65411444951107,23.334954591781766,474866000,22.654054832458495,,58.746442486871075,0.9692700179686078,1.117575147641469
2023-03-13,22.893356323242188,23.22430691098968,22.22647370103853,22.68003442386319,421890000,22.739015674591066,,63.93610640606484,0.8837919977712687,1.070818517667429
2023-03-14,23.986888885498047,24.14239559716936,23.385795524923413,23.421682859195702,474910000,22.852590465545653,,67.8054443701418,0.8939837020385326,1.0354515545416496
2023-03-15,24.151369094848633,24.20918430620047,23.286114490388712,23.68584522635948,524486000,22.91543617248535,20.38957010269165,54.33110154175112,0.9049017354492506,1.00934159072317
2023-03-16,25.460216522216797,25.507066846417814,23.81842456983862,23.95100522634043,583253000,23.054039859771727,20.61342845916748,65.07464432252925,1.0075529611257714,1.0089838648036904
2023-03-17,25.643630981445312,26.3154988744337,25.58681016478867,25.89981804779798,848547000,23.239787006378172,20.83230405807495,64.92973612807485,1.0911269784332838,1.0254124875296091
2023-03-20,25.818077087402344,25.94168541899632,25.050512165831673,25.533978703666488,432747000,23.464854431152343,21.06431629180908,68.28115052894202,1.1580866303211224,1.0519473160879118
2023-03-21,26.116130828857422,26.308521152399816,25.300719308848564,26.097191824105813,547408000,23.74135217666626,21.29044916152954,74.56871865264834,1.2211266944482233,1.085783191759974
2023-03-22,26.384281158447266,27.501735683439474,26.1540109224766,26.341415997809847,797295000,24.0263240814209,21.50661630630493,73.26868353291083,1.2779919938376132,1.124224952175502
2023-03-23,27.104991912841797,27.412018238340906,26.605577177571398,27.02923209610895,564889000,24.202316570281983,21.731596393585207,73.83582006344378,1.3654731632956718,1.172474594399536
2023-03-24,26.694297790527344,27.08107103959281,26.27163910855887,26.945501524795564,454920000,24.376611137390135,21.94652877807617,73.0346366506748,1.3856896690591434,1.2151176093314575
2023-03-27,26.447084426879883,26.914600875564393,26.281609108296,26.752116326767855,361026000,24.527831268310546,22.146350860595703,73.18091401261341,1.3660167523257805,1.245297437930322
2023-03-28,26.326465606689453,26.42914045882786,25.768237406573,26.363349230566957,356104000,24.687222480773926,22.336026458740236,67.90941979299711,1.325414341851964,1.2613208187146505
2023-03-29,26.898651123046875,26.992353672026212,26.51287603862916,26.74015553257011,393694000,24.901036739349365,22.521139221191405,79.31263644282008,1.3241433282060946,1.2738853206129392
2023-03-30,27.296388626098633,27.412022850595726,27.016277275445294,27.142876388177367,364516000,25.104040718078615,22.72068519592285,86.93985007634409,1.339785915157691,1.2870654395218897
2023-03-31,27.68914031982422,27.745959234891043,27.019265008815836,27.054154149877146,433933000,25.297978019714357,22.94028533935547,87.74521754481619,1.3681039071103243,1.3032731330395766
2023-04-03,27.876544952392578,27.911434092903463,27.249534811234103,27.42198793508251,398716000,25.518029594421385,23.14222511291504,85.70648162025799,1.3896490976244174,1.320548325956545
2023-04-04,27.366167068481445,27.911437825351527,27.2206289482267,27.87754496966134,368592000,25.725621223449707,23.306967544555665,77.74914932331114,1.3499788704203368,1.3264344348493036
2023-04-05,26.795976638793945,26.91260524763218,26.31151378285065,26.744141067760594,515015000,25.86019449234009,23.45887096405029,63.21501287869496,1.2580285570469663,1.3127532592888362
2023-04-06,26.95148277282715,26.994346033960124,26.34341159102696,26.49991459021249,397654000,26.03967504501343,23.612728385925294,63.010755218127024,1.1840562531924483,1.2870138580695587
2023-04-10,27.491769790649414,27.53363676470612,26.584648216789198,26.738160454997114,395279000,26.269645595550536,23.767843437194824,65.52048729013664,1.1557070450051583,1.2607524954566787
2023-04-11,27.08306121826172,27.70209719607117,27.04019606215801,27.636305978654594,314378000,26.479130840301515,23.90356185913086,58.78622378344727,1.0877221434143287,1.2261464250482088
2023-04-12,26.411197662353516,27.381119656216434,26.364345440236946,27.2834300542219,446259000,26.600346279144286,24.049822845458984,50.227864583333336,0.9684659722560234,1.1746103344897718
2023-04-13,26.37929916381836,26.801957875512077,26.245724119817375,26.64944192297439,353615000,26.711742782592772,24.187970848083495,43.04550639019682,0.8614503912972147,1.1119783458512604
2023-04-14,26.673364639282227,26.79796926788527,26.13706621130104,26.420168322960834,395660000,26.772400188446046,24.30397388458252,49.79480558039078,0.7912473912519893,1.0478321549314062
2023-04-17,26.91659164428711,26.920578703015185,26.34939118660513,26.480973631209377,321471000,26.836048221588136,24.409572525024416,54.605881364552026,0.7466307005474064,0.9875918640546063
2023-04-18,27.579490661621094,28.02109026862938,27.270471706452536,27.445915621619545,604812000,26.92411890029907,24.54056858062744,61.110145258909654,0.7560468251610928,0.9412828562759037
2023-04-19,27.842655181884766,27.91143718116391,27.145866682608375,27.274458372050166,358660000,27.01044511795044,24.677047119140624,58.85543664729766,0.7758013936383037,0.9081865637483837
2023-04-20,27.01827049255371,27.94134215983428,26.914599351934957,27.583476516154896,427713000,27.042144584655762,24.775430221557617,47.584408372716844,0.7166746969300668,0.8698841903847204
2023-04-21,27.03322410583496,27.097022758549475,26.637480426106034,26.866752496922075,345103000,27.03855619430542,24.873474578857422,43.902912972512766,0.663376009720352,0.8285825542518468
2023-04-24,26.95646858215332,27.279443208222265,26.58664173033635,26.9275609756168,339282000,27.051664733886717,24.96735263824463,41.267775896357,0.6079349906758011,0.7844530415366378
2023-04-25,26.15799903869629,27.160817581589445,26.142050802636824,26.992351504330397,378527000,27.03721046447754,25.06662982940674,39.128088591691444,0.49387468464516715,0.7263373701583438
2023-04-26,26.870737075805664,27.243554654828017,26.620531540784825,26.916593006788613,406337000,27.06442403793335,25.169736709594726,50.65591744771202,0.4557395910327955,0.6722178143332341
2023-04-27,27.1398868560791,27.408037041245223,26.540787923231075,27.276454573793355,377161000,27.07648582458496,25.254645347595215,51.62066220436836,0.4421386928565063,0.6262019900378886
2023-04-28,27.661230087280273,27.670200494580325,26.985373211032865,27.138887339013703,292216000,27.09472789764404,25.354107093811034,51.462473078419734,0.46803273474747087,0.5945681389798051
2023-05-01,28.818553924560547,28.966086497059674,27.692129091591358,27.751938771765403,570329000,27.15119857788086,25.491904411315918,63.263757370228014,0.5753085125961093,0.5907162137030659
2023-05-02,28.120773315429688,28.74479468571271,27.994176100521553,28.589287963225,402730000,27.163409996032716,25.627985305786133,63.014127059905846,0.5971368539132804,0.5920003417451088
2023-05-03,27.714061737060547,28.277275162589756,27.385105610028088,27.75194164873796,383387000,27.18080472946167,25.770543022155763,59.61233631693953,0.5749896238626633,0.5885981981686198
2023-05-04,27.474821090698242,27.77088065437449,27.153839081492926,27.563538380203276,321850000,27.214746952056885,25.906342582702635,55.81765368821251,0.532000493214472,0.5772786571777903
2023-05-05,28.589284896850586,28.66404652957751,27.64328719583459,27.737986024481625,361494000,27.296637058258057,26.006425437927245,60.77852605693646,0.5811599623630634,0.5780549182148449
2023-05-08,29.058792114257812,29.127574105075855,28.26032704979517,28.4317819808544,344979000,27.374988174438478,26.123433151245116,59.775998322054605,0.6505058776160908,0.5925451100950941
2023-05-09,28.48063087463379,28.881359799846795,28.360015202328924,28.807594450396753,314869000,27.44486665725708,26.22459213256836,54.04756401708171,0.6513024259769011,0.6042965732714556
2023-05-10,28.793636322021484,29.02091579172388,28.370977656526804,28.91325569457964,369350000,27.563988590240477,26.337692031860353,62.04519132096812,0.6694733479773909,0.6173319282126426
2023-05-11,28.48760986328125,28.8584349085419,28.15666111611045,28.804604853160228,322149000,27.669404125213624,26.454996910095215,59.492540709954014,0.6516681323463303,0.6241991690393802
2023-05-12,28.2503604888916,28.688969297483915,27.957289789783168,28.438761858901234,274222000,27.748253917694093,26.555277938842774,58.27172771626023,0.6113658835975073,0.6216325119510057
2023-05-15,28.861419677734375,28.877369814441632,28.06295457930079,28.4178275338678,293926000,27.845495319366456,26.656298446655274,67.70700466657955,0.6215683774644063,0.6216196850536858
2023-05-16,29.12059783935547,29.775521221273998,28.740804336785136,28.749774743963638,449405000,27.922550678253174,26.769200134277344,65.66711639522241,0.6431535650112181,0.6259264610451923
2023-05-17,30.08254623413086,30.103479719693794,29.336912970483333,29.49042519794485,432535000,28.03454523086548,26.90656436920166,68.6882997607153,0.729472275464321,0.6466356239290182
2023-05-18,31.577804565429688,31.72732974738972,30.22410000650582,30.31381549594501,748725000,28.262521934509277,27.056030235290528,72.13525727249737,0.9080676872851541,0.6989220366002453
2023-05-19,31.165109634399414,31.48011008821705,30.818210809592202,31.436248639784157,473908000,28.4691162109375,27.212094993591307,64.48082607744806,1.0047229848143289,0.7600822262430621
2023-05-22,31.077390670776367,31.420302459294863,30.582959233506156,30.803258976791746,372000000,28.675162315368652,27.375795631408693,69.73124040403422,1.0620027110246504,0.8204663231993798
2023-05-23,30.59093475341797,31.18903735658012,30.534115833189922,30.901948183114918,356253000,28.896809101104736,27.529747200012206,68.9968643983262,1.0559717941520113,0.8675674173899062
2023-05-24,30.441408157348633,30.510190153140588,29.71172312962193,30.114444604983657,721419000,29.075342655181885,27.65883758544922,69.82415362684738,1.0272848026804269,0.8995108944480104
2023-05-25,37.85987091064453,39.35512649385782,36.519123854187846,38.401152701662475,1543911000,29.611341857910155,27.933007621765135,83.6225732629936,1.5848884927854883,1.0365864141155061
2023-05-26,38.82281494140625,39.04610546738504,37.431230509295986,37.77015525878446,714397000,30.169421100616454,28.200259590148924,84.18849768989418,2.080512121472321,1.2453715555868692
2023-05-30,39.984134674072266,41.805355798351464,39.82264830428926,40.466605006926684,923401000,30.72770013809204,28.487069664001464,88.69885361569003,2.537752582776129,1.5038477610247212
2023-05-31,37.714332580566406,40.16754710014043,37.702369501651916,39.363100391824844,1002580000,31.207378101348876,28.724994773864747,76.51868186499541,2.6860023204094077,1.7402786729016588
2023-06-01,39.64421463012695,39.92332782034196,38.21873717558826,38.36726417962924,635873000,31.803885746002198,28.995556449890138,80.24535596015019,2.925493391506869,1.977321616622701
2023-06-02,39.20260238647461,40.37189234380446,38.93445227046938,39.97016721574659,482731000,32.39027481079101,29.251922874450685,79.36594308330974,3.0445615629128824,2.1907696058807375
2023-06-05,39.04710388183594,39.439854864368684,38.58457081030142,38.78593155134608,396094000,32.913165760040286,29.490765113830566,77.99448857549471,3.0907482944089466,2.3707653435863794
2023-06-06,38.53174591064453,39.03614606999824,38.02734575129082,38.70719175897852,388729000,33.386813449859616,29.72751407623291,75.50656419691742,3.0506011000796676,2.5067324948850374
2023-06-07,37.360328674316406,39.37813750275476,37.2416933197928,38.79592485025507,511998000,33.83079833984375,29.94577896118164,69.50316597390756,2.8909356714242307,2.583573130192876
2023-06-08,38.39216613769531,38.74508306628558,37.39024395636986,37.60857182578051,417772000,34.31072483062744,30.187092971801757,68.72640125864147,2.815208359198209,2.6299001759939427
2023-06-09,38.6513671875,39.58948588191824,38.448989234454245,38.91754848393105,427717000,34.81891269683838,30.42214729309082,70.74785866428354,2.7444727041998718,2.6528146816351286
2023-06-12,39.361183166503906,39.409036620730106,38.49982859648077,39.080048401327254,388701000,35.37445383071899,30.663443183898927,72.1929303616803,2.714400486167868,2.665131842541677
2023-06-13,40.89647674560547,40.975237387752834,39.618401830821284,40.063036270092226,613208000,35.97620668411255,30.92758991241455,76.14031302160188,2.782379854576334,2.6885814449486083
2023-06-14,42.86543655395508,42.868425731448234,40.427914429279454,40.699085309650826,740465000,36.66344861984253,31.2273677444458,78.85094745991485,2.961000029869247,2.743065161932736
2023-06-15,42.522491455078125,43.15654702262012,42.018039182120376,42.47164881165265,568622000,37.285445880889895,31.530494232177734,66.12706503508093,3.039843577782406,2.80242084510267
2023-06-16,42.56137466430664,43.58722551638536,42.53046747800974,43.31705479881207,655709000,37.83462438583374,31.845802192687987,63.813951338022555,3.07007529066955,2.8559517342160463
2023-06-20,43.67395782470703,43.85540396507537,42.543428689005886,42.86643864335991,451153000,38.46006679534912,32.18025169372559,63.68315164389076,3.147527565235073,2.9142669004198516
2023-06-21,42.91328430175781,43.481543651220214,41.951240766861545,43.36789026011788,551603000,39.051861476898196,32.48868198394776,71.70940666513323,3.1116597777763744,2.9537454758911563
2023-06-22,42.89335632324219,43.293126539128146,42.104776210367746,42.12371527633215,417737000,39.6669825553894,32.80488788604736,66.14238620827157,3.046508028315742,2.9722979863760735
2023-06-23,42.0798454284668,42.678007983073286,41.88643880055925,42.33406622553571,358140000,40.248904418945315,33.118260841369626,63.785306191080196,2.895849714160043,2.9570083319328675
2023-06-26,40.507667541503906,42.63314366936261,39.97729395118432,42.33106943872404,594322000,40.38129425048828,33.40082820892334,56.16137188437777,2.6193955372813633,2.889485773002567
2023-06-27,41.74787139892578,41.811674756586335,40.32424305595563,40.6741670319384,462175000,40.52754707336426,33.70231834411621,62.78530392484542,2.4718833641105604,2.8059652912241657
2023-06-28,40.99119186401367,41.71696498768914,40.39402564201727,40.535589450400664,582639000,40.57789993286133,33.983810348510744,64.92623049281814,2.2677796374554333,2.6983281604704192
2023-06-29,40.69709014892578,41.4727094781301,40.47576930987673,41.430838173608656,380514000,40.727037811279295,34.24616233825684,60.08723251943917,2.0585645622347855,2.570375440823293
2023-06-30,42.17256164550781,42.419803905460185,41.3740138694354,41.55246701356272,501148000,40.85345516204834,34.5327604675293,63.927422776479844,1.98889162197748,2.4540786770541305
2023-07-03,42.28321838378906,42.76673493754276,42.07286548445585,42.38690024476898,198209000,41.007485961914064,34.838059425354004,62.13261335370868,1.9204664470863193,2.3473562310605685
2023-07-05,42.18752670288086,43.04489222098966,41.95623428714676,42.00608054471898,323618000,41.16450710296631,35.14114547729492,56.08844152979827,1.8373377976594156,2.245352544380338
2023-07-06,41.97418212890625,42.04994981196666,41.21949827960862,41.71597569205505,303582000,41.336628913879395,35.44149974822998,44.96287215698517,1.734251251065892,2.143132285717449
2023-07-07,42.372947692871094,43.08177451798843,42.050937955304576,42.19250176000006,355881000,41.58725986480713,35.76579872131347,49.16011864004436,1.6655322495659917,2.0476122784871578
2023-07-10,42.05093765258789,42.680007431696076,41.521560371587725,42.52647931127871,353908000,41.77019844055176,36.06940273284912,47.22159699202908,1.5670247409088205,1.9514947709714905
2023-07-11,42.27524185180664,42.6271623304336,41.938278668558176,42.35100950902143,298244000,41.95139217376709,36.37210983276367,41.57148144146712,1.4898818740534523,1.859172191587883
2023-07-12,43.76766586303711,43.80056583036438,42.64610822063504,42.90132541025079,481277000,42.17171630859375,36.69423854827881,54.731177298899986,1.5315173624665945,1.7936412257636254
2023-07-13,45.83631896972656,46.01377191487625,44.35586222212897,44.381783639889846,478204000,42.418708419799806,37.03459384918213,63.28292063098522,1.7117053307032108,1.7772540467515427
2023-07-14,45.329872131347656,47.94085779132301,44.92212322629915,46.44046184420574,772075000,42.541930198669434,37.37877582550049,65.08702743192487,1.7929713092435193,1.7803974992499383
2023-07-17,46.3188362121582,46.35372896631426,45.12350743190866,46.14736542203415,510488000,42.731747436523435,37.75087131500244,78.52046450132534,1.915100235523596,1.8073380465046698
2023-07-18,47.34866714477539,47.74943744480596,45.59405444397255,46.55809446661066,569164000,42.97111206054687,38.14834823608398,78.06756716973153,2.0711125429259027,1.8600929457889164
2023-07-19,46.932945251464844,47.67167893614477,46.598971255607864,47.31876207580257,427502000,43.13406143188477,38.51522144317627,80.82977814601914,2.1365789855220143,1.915390153735536
2023-07-20,45.38071060180664,46.942916966787365,44.92411188572427,46.364689924192476,537865000,43.257432746887204,38.84165981292725,71.49530468676961,2.03969689316137,1.940251501620703
2023-07-21,44.17341232299805,45.7256509061837,43.9650522292709,45.64788666590239,963769000,43.321435546875,39.15551544189453,59.41457471246213,1.844239016299646,1.9210490045564916
2023-07-24,44.475494384765625,44.970975292246095,43.90524600694248,44.594129747804274,382516000,43.44121799468994,39.46915260314941,60.13275200700752,1.694183248571214,1.8756758533594362
2023-07-25,45.53923034667969,46.04168599596265,44.78554306973034,44.803489544215395,348081000,43.69279613494873,39.810185012817385,64.2192258432454,1.6421676867877153,1.8289742200450922
2023-07-26,45.31291961669922,45.91208233149028,44.49343628066657,45.88017875854229,364237000,43.871048545837404,40.151436195373535,64.14865275559492,1.5646473144883757,1.776108838933749
2023-07-27,45.759559631347656,47.24998426093751,45.61001707056192,46.376665137451575,455976000,44.1094669342041,40.4893989944458,64.29353443695601,1.5217106443171033,1.72522920001042
2023-07-28,46.60695266723633,46.883105518604516,46.23908226392985,46.525202843607126,331194000,44.40496006011963,40.839126091003415,68.41254591065275,1.5383276760279756,1.6878488952139312
2023-07-31,46.58600997924805,46.98578389821118,46.36369278218995,46.610935000793745,251055000,44.62563247680664,41.169195365905765,67.71255688967776,1.5321452764630266,1.6567081714637504
2023-08-01,46.36469268798828,46.75649169459333,45.88616190163857,46.31783562150429,237858000,44.8297061920166,41.46493312835693,61.91562179594663,1.4921862304758946,1.6238037832661794
2023-08-02,44.133548736572266,45.699741010536016,43.254247470375134,45.69076967402106,530142000,44.92700729370117,41.72430191040039,42.302167156607624,1.265891321051349,1.5522212908232134
2023-08-03,44.3787956237793,44.97995124703114,43.66598317678985,43.66598317678985,324176000,45.047237968444826,41.99033000946045,45.59640419844592,1.093732481922693,1.4605235290431096
2023-08-04,44.54328918457031,45.502343664999096,44.257168589781394,44.84735625489334,362666000,45.155755043029785,42.269377098083496,41.09947233497034,0.9595080061793269,1.360320424470353
2023-08-07,45.27803039550781,45.400655128648054,44.42664342016852,44.97296695444659,322154000,45.31710968017578,42.56610954284668,39.303791207513605,0.9020236502024233,1.2686610696167673
2023-08-08,44.5273323059082,45.10356277836036,43.92119104559553,44.71575315581905,353843000,45.42971420288086,42.69945877075195,37.989084951411,0.7868218296803562,1.1722932216294852
2023-08-09,42.42379379272461,44.17641407263371,42.005076934408166,44.138528337331145,586449000,45.36252059936523,42.77147834777832,36.006844052649676,0.5197937204739986,1.0417933213983879
2023-08-10,42.258296966552734,43.440668733202855,41.70698769798923,42.03099398742127,492705000,45.18361949920654,42.81696159362793,39.94561407865571,0.29145806222198445,0.8917262695631072
2023-08-11,40.72998809814453,41.889431464332574,40.51464942799337,41.623246353337215,533085000,44.95362529754639,42.877274703979495,32.57905289118362,-0.012675232888049948,0.7108459690728759
2023-08-14,43.61912155151367,43.665978621737146,40.187655955736346,40.36211972462702,690286000,44.81863956451416,42.956772842407226,42.365618535889,-0.020339673142672154,0.5646088406297664
2023-08-15,43.80555725097656,45.129496945652136,43.57626142871844,44.423663001090375,676512000,44.641484069824216,43.048831939697266,43.98764011230286,-0.01124042183922569,0.449438988135968
2023-08-16,43.352935791015625,44.538296708585655,43.27317876024688,44.3837722152519,527451000,44.46248359680176,43.13494857788086,40.40536767242087,-0.04008983803039712,0.351533222902695
2023-08-17,43.21138000488281,43.9271816143304,42.86942718654306,43.83546405438668,452395000,44.354017066955564,43.22854125976563,35.65534763658562,-0.07352799219611938,0.26652097988293216
2023-08-18,43.16651153564453,43.44465716941068,41.53252668330837,42.504541812711565,583768000,44.30367202758789,43.34466491699219,35.58341586459362,-0.10246730149942351,0.19272332360646105
2023-08-21,46.82329177856445,46.92099149712555,44.086691857163586,44.35785896625514,692573000,44.42106189727783,43.51328742980957,51.49917358958416,0.16773613425370115,0.1877258857359091
2023-08-22,45.528263092041016,48.03955639191804,45.19428904679984,47.98771355577138,755293000,44.4205135345459,43.650825347900394,54.856603629222505,0.2742153281922697,0.2050237742271812
2023-08-23,46.97183609008789,47.05557870269102,45.06967322504148,45.72566082679112,779046000,44.50345935821533,43.80303840637207,58.33385234730813,0.46967105743913606,0.2579532308695722
2023-08-24,47.0186882019043,50.11219423827407,47.014702631702306,50.06234798957418,1156044000,44.566415786743164,43.92548263549805,58.016379375733656,0.6211910017240143,0.33060078504046064
2023-08-25,45.877193450927734,47.65872425455991,44.88623165435981,46.8681514444708,925341000,44.529927825927736,43.9857177734375,51.89053534695784,0.6417646987157539,0.39283356777551937
2023-08-28,46.69169235229492,46.836249134555814,44.750651224061855,46.33977183033874,685192000,44.53521194458008,44.06910179138183,56.80180590587807,0.7155444055993669,0.45737573534028886
2023-08-29,48.63472366333008,48.930815739681876,46.24904457849089,46.52320461271005,701397000,44.64871349334717,44.19056877136231,69.71763884085098,0.9201943157976018,0.5499394514317515
2023-08-30,49.113258361816406,49.7742278710723,48.276824895402335,48.89393031688107,735206000,44.897698974609376,44.299354782104494,71.33811237678843,1.1082197277603925,0.6615955066974797
2023-08-31,49.203983306884766,49.5917929853516,48.80819868484659,49.22890833319217,528570000,45.13895835876465,44.42516876220703,78.97065931191054,1.2501411176197692,0.7793046288819376
2023-09-01,48.36056900024414,49.64761910935292,47.99469138418687,49.609737178375475,463830000,45.32982234954834,44.53451301574707,68.84605797275488,1.2798055539585462,0.8794048138972594
2023-09-05,48.39944839477539,48.7015226451209,47.7135538785842,48.075442101099355,382653000,45.48589324951172,44.660905075073245,68.47628536544278,1.29156373294488,0.9618365977067835
2023-09-06,46.920860290527344,48.404428217365016,46.44129363976494,48.29675192445169,468670000,45.60556964874267,44.78916893005371,63.25594803463149,1.168107258217006,1.003090729808828
2023-09-07,46.10330581665039,46.20599974475195,45.01754791417301,45.38943829933542,433330000,45.78954524993897,44.8762776184082,60.23051488260631,0.9928523156198921,1.001043046971041
2023-09-08,45.43629837036133,46.46721981309031,45.13619596961709,45.805199355822154,473069000,45.948445320129395,44.96517974853516,57.69108370407118,0.7910211846433199,0.9590386745054968
2023-09-11,45.04347229003906,46.02553600450633,44.180049901886676,46.01058127939669,473966000,46.16411952972412,45.052107391357424,42.256272985011755,0.5925403413209409,0.8857390078685856
2023-09-12,44.736385345458984,45.53699557699163,44.39839411760551,44.60477844461375,349256000,46.21998271942139,45.10338386535645,46.23061340553999,0.4057858463717068,0.7897483755692098
2023-09-13,45.34956359863281,45.793238253815964,44.370485369123514,44.46719666176669,398355000,46.2971830368042,45.16471076965332,41.61501166254912,0.3037583865208262,0.6925503777595331
2023-09-14,45.44527053833008,45.85005979000756,44.99660978408658,45.813171215808374,370097000,46.40179977416992,45.229865646362306,41.90839101628986,0.22799545007196542,0.5996393922220196
2023-09-15,43.76927947998047,45.4632178335496,43.67755057038964,45.20598666420072,506831000,46.429694747924806,45.26576759338379,39.72453313111305,0.03234149292805455,0.4861798123632266
2023-09-18,43.835079193115234,44.110258303658966,41.874933874444345,42.62070760166484,500271000,46.46312313079834,45.29501022338867,34.97835549938817,-0.11606822849222453,0.36573020419213637
2023-09-19,43.390411376953125,43.835082475156234,42.87395226873784,43.70247908606619,373064000,46.29147911071777,45.321799697875974,17.26380548661919,-0.266493012905741,0.2392855607725609
2023-09-20,42.113224029541016,43.7722706240914,42.09727282869751,43.470171462670386,367108000,46.120727157592775,45.318559341430664,10.265966545769501,-0.48319412227792213,0.09478962416246432
2023-09-21,40.89485168457031,41.974626746319814,40.85796311624776,41.45916805082353,450736000,45.816877937316896,45.26110305786133,8.187832064040393,-0.7446598038944927,-0.07310026144892709
2023-09-22,41.48610305786133,41.989600439472675,41.10822995213603,41.448214198146616,479236000,45.54024868011474,45.17409873962402,14.506418427591598,-0.893860330324209,-0.23725227522398348
2023-09-25,42.09627151489258,42.409335664653405,41.05438133655343,41.46714998847042,419091000,45.35120258331299,45.109426727294924,19.26894481004973,-0.9518944803242064,-0.38018071624402805
2023-09-26,41.786197662353516,42.69249125804407,41.53095945617028,41.875929814501234,402282000,45.10592784881592,45.01877395629883,21.746809181430095,-1.011250267218216,-0.5063946264388657
2023-09-27,42.34153747558594,42.744337580019156,41.50503894981491,42.20395172792175,444935000,44.791268539428714,44.918631362915036,28.686037579576805,-1.0019292574075962,-0.6055015526326119
2023-09-28,42.960689544677734,43.316624912259975,41.989590912054574,42.333560978932496,424663000,44.483640098571776,44.8391862487793,35.896863072011044,-0.9338174264613812,-0.6711647273983657
2023-09-29,43.36947250366211,44.01255232767132,43.178042888017536,43.696494927606466,397830000,44.191914558410645,44.79896148681641,40.48080473099638,-0.8372021954995077,-0.7043722210185942
2023-10-02,44.64865493774414,45.04048245716081,43.73039595276652,43.898891446595,433298000,44.00631885528564,44.80846633911133,49.55078486661838,-0.6499226927906463,-0.6934823153730046
2023-10-03,43.387420654296875,44.99562050159697,43.117227684036216,44.67457689561349,470850000,43.75571746826172,44.78670486450196,40.578316448582655,-0.5963984931337336,-0.6740655509251504
2023-10-04,43.90985107421875,44.01154851599341,43.163080966784406,43.61174167656964,361821000,43.60516700744629,44.754117279052736,42.917567731638954,-0.5059916537149363,-0.6404507714831076
2023-10-05,44.554935455322266,44.76630599321606,43.75731831894087,43.91883469559828,393483000,43.52774848937988,44.7389575958252,54.00488235712766,-0.37793407500858933,-0.5879474321882039
2023-10-06,45.62574005126953,45.65266008201276,43.89490910599022,44.06141166404006,434436000,43.537220573425294,44.73628120422363,58.27956913384049,-0.1878768125276693,-0.507933308256097
2023-10-09,45.13819122314453,45.46920337034592,44.235887222293606,44.70847483791379,409675000,43.54195652008057,44.7069059753418,58.04937884663225,-0.07572328761352765,-0.4214913041275831
2023-10-10,45.661624908447266,46.12125070086953,44.95374003044169,45.17507908955567,368582000,43.58821849822998,44.688418273925784,67.56136903584196,0.05476462033609408,-0.3262401192348477
2023-10-11,46.6666259765625,46.71946955859621,45.91287659330196,46.05844175921358,378137000,43.65407161712646,44.69445693969727,79.18135986144488,0.23654566339030936,-0.2136829627098163
2023-10-12,46.80520248413086,47.46722662331085,46.192036018518664,46.637703500484115,481325000,43.7220682144165,44.74789001464844,78.18270970537682,0.38732556765886983,-0.09348125663607908
2023-10-13,45.32563018798828,46.97570471236393,45.145169391645375,46.82016719199545,474115000,43.799885749816895,44.766826705932615,65.66704161396862,0.3830154454686294,0.0018180837848626175
2023-10-16,45.957740783691406,46.0873509348349,44.778261024252274,44.92881235422657,375099000,43.906018829345705,44.79511573791504,69.62478101368455,0.4256984975925491,0.08659416654639991
2023-10-17,43.80717468261719,44.620746935600486,42.35351568339445,43.86899035195353,812333000,43.926856994628906,44.76569862365723,55.99517150639513,0.28273323979662024,0.12582198119644397
2023-10-18,42.070350646972656,43.090307040885016,41.700456999229225,42.464174898094846,627294000,43.92471332550049,44.71655899047852,46.66318588924094,0.028951325690890428,0.10644785009533327
2023-10-19,41.975643157958984,43.168081135080946,41.75729348052896,42.68352817211386,501233000,43.97875289916992,44.7075959777832,44.65026047080941,-0.17776560130120345,0.04960515981602593
2023-10-20,41.26376724243164,42.34354268783243,40.955685402910255,41.7652678682802,477266000,43.96763610839844,44.68770538330078,36.41673305260399,-0.39448531113706053,-0.03921293437459136
2023-10-23,42.84703063964844,43.11922033673946,40.82307664352765,41.10623136446677,478530000,44.00517406463623,44.73004623413086,47.88609568468654,-0.43348418247108356,-0.11806718399388982
2023-10-24,43.53298568725586,43.56688484318148,42.56388363101051,42.94873204239224,401463000,44.092513465881346,44.728323516845705,48.544395688394914,-0.40437880228294176,-0.17532950765170022
2023-10-25,41.65459060668945,43.52002136864502,41.431258603349754,43.26876906154992,398379000,44.058166122436525,44.685304183959964,39.772129258047954,-0.5268106185079873,-0.24562572982295766
2023-10-26,40.20592498779297,42.130178498809435,39.76125385517592,41.72837859858881,541001000,43.92042789459229,44.62236396789551,31.383517064659486,-0.7322925111488772,-0.3429590860881416
2023-10-27,40.3794059753418,41.08330504631517,39.895849517473295,41.00753113322634,416784000,43.77092456817627,44.565724487304685,33.29363046116488,-0.8710984449958517,-0.4485869578696836
2023-10-30,41.0384407043457,41.64163883518823,40.36046512846642,40.96466353742525,388028000,43.590413856506345,44.52316307067871,33.92274683121816,-0.9173499139867971,-0.5423395490931063
2023-10-31,40.6585693359375,40.75727737613491,39.11318548755272,40.329553945294535,517969000,43.45397129058838,44.39986862182617,28.157126848698013,-0.97343581892126,-0.628558803058737
2023-11-01,42.19896697998047,42.25479998188949,40.747301323669774,40.762256048704266,437593000,43.36842708587646,44.33328269958496,34.80263768970319,-0.8834037578046932,-0.6795277940079283
2023-11-02,43.37644577026367,43.75331849640394,42.766268706986494,43.19897442959199,409172000,43.309502601623535,44.261374893188474,43.43825020347875,-0.7088686069038346,-0.6853959565871096
2023-11-03,44.87099075317383,45.17408258825645,43.59280664299351,43.88892315557369,424610000,43.27176513671875,44.21842094421387,46.54232962400073,-0.44482330648548896,-0.6372814265667855
2023-11-06,45.61476135253906,45.79821535111658,44.765297265873905,45.15014941074925,400733000,43.295593643188475,44.21317230224609,56.31658200087128,-0.1735488688125173,-0.544534915015932
2023-11-07,45.81815719604492,46.08037071910402,45.02352961733188,45.58285989512135,343165000,43.30342025756836,44.195701599121094,64.66870537829885,0.05719115812047448,-0.4241897003886507
2023-11-08,46.4353141784668,46.727440958659734,45.831115913944224,45.96272281654572,346719000,43.29185466766357,44.15171340942383,66.76910118870711,0.2865505264449837,-0.2820416550219239
2023-11-09,46.81019592285156,48.08638320008785,46.610790709948866,47.32565472798377,540496000,43.29210433959961,44.10565216064453,71.39777534001107,0.49288760059379655,-0.12705580389877982
2023-11-10,48.191070556640625,48.32766364227746,47.14220498356334,47.35855787314543,421245000,43.43537635803223,44.08539390563965,70.94403553633408,0.7590859901511848,0.0501725549112131
2023-11-13,48.475215911865234,48.96974108943456,47.95576746252599,48.17611002726251,384136000,43.56125011444092,44.08768684387207,69.99916025434413,0.9816622953191754,0.2364705029928056
2023-11-14,49.50813293457031,49.68560428700353,48.89396993275051,49.53206353654858,416954000,43.84629802703857,44.109860534667966,84.11434332226766,1.2272563448224858,0.4346276713587417
2023-11-15,48.742431640625,49.811238255169,48.056480502384446,49.78631497714017,475497000,44.17990207672119,44.146291961669924,89.41993458295578,1.344605923180481,0.6166233217230896
2023-11-16,49.332664489746094,49.37753247238456,48.18609109090698,48.53405091082967,339756000,44.547753143310544,44.21087913513183,89.8120640387454,1.4683074335255384,0.7869601440835794
2023-11-17,49.151214599609375,49.5689657411974,48.86108069253804,49.376539611283306,325205000,44.942125511169436,44.2851774597168,87.67488751821551,1.5340170879043455,0.9363715328477327
2023-11-20,50.25889205932617,50.39747808312561,49.034548168899995,49.16515859327281,414120000,45.31271858215332,44.38948585510254,91.76005153244988,1.6563790693135303,1.0803730401408922
2023-11-21,49.795284271240234,50.36657612795036,49.07543401602206,49.97674154704206,565747000,45.62583351135254,44.490663833618164,86.45823301804887,1.696387646361579,1.2035759613850296
2023-11-22,48.5709342956543,50.18511275994757,47.54798851961098,49.70355312493224,899420000,45.97165069580078,44.55509124755859,74.81908386372419,1.6107324007386765,1.2850072492557592
2023-11-24,47.63373565673828,48.77532658141017,47.60282592861512,48.325669336815935,294645000,46.343041229248044,44.598860549926755,63.94289135611852,1.450505380684831,1.3181068755415737
2023-11-27,48.09834671020508,48.38548731555285,47.510103445888454,47.65766154840481,395662000,46.72898826599121,44.68544189453125,62.89745342168603,1.345504404786034,1.3235863813904658
2023-11-28,47.67860412597656,48.17911204503058,47.33164078012809,48.09236930689928,401491000,47.06099643707275,44.76231239318847,59.44912385800846,1.2144215604848583,1.3017534172093443
2023-11-29,47.99665451049805,48.616804044774916,47.71748947427739,48.23494506927642,382005000,47.42790069580078,44.854437255859374,58.17846124334608,1.1232533050485003,1.2660533947771757
2023-11-30,46.630741119384766,47.96675137390016,46.28377772772522,47.881005099099504,526247000,47.649489402770996,44.94478759765625,49.14841135625307,0.930062825229804,1.1988552808677013
2023-12-01,46.62575149536133,47.05945760454386,46.04947343587655,46.38646825144851,369317000,47.81195468902588,45.05940559387207,41.45622977996522,0.7677057234528277,1.1126253693847268
2023-12-04,45.374481201171875,45.93979415914972,44.87597007312704,45.93979415914972,437543000,47.83712921142578,45.13717315673828,34.691830522889774,0.5319376490374879,0.996487825315279
2023-12-05,46.431427001953125,46.46532533448676,45.14016755025648,45.33460369954444,371718000,47.87796249389648,45.22387626647949,34.84641243220209,0.4254718694406492,0.8822846341403532
2023-12-06,45.37148666381836,47.25004424942053,45.2807500654452,47.078540477295284,380590000,47.855628967285156,45.29558204650879,33.8648697701646,0.25265618187749794,0.7563589436877822
2023-12-07,46.46133804321289,46.49424361639184,45.47220434901942,45.56792757808214,350823000,47.85693016052246,45.37797805786133,36.88364816369575,0.20131971411586846,0.6453510977733995
2023-12-08,47.36870574951172,47.60302719608969,46.41546736033398,46.46033928594401,359224000,47.88485565185547,45.46613838195801,42.363850650636785,0.23118720210862165,0.5625183186404439
2023-12-11,46.49224090576172,47.393627560593224,45.69754725900702,47.353746056504626,509728000,47.79991416931152,45.52859375,33.53780101213502,0.18203562024130804,0.4864217789606168
2023-12-12,47.519264221191406,47.52823708369172,45.91292023901418,45.91292023901418,372387000,47.75211658477783,45.58600593566894,40.51952154366014,0.22337985197223276,0.43381339356293996
2023-12-13,47.94902801513672,48.45356620387965,47.47041566072205,47.49135487990882,447792000,47.67416133880615,45.677238082885744,47.22589484710593,0.2875095686348672,0.40455262857732543
2023-12-14,48.21025848388672,48.52933332337193,47.28494297084845,48.2501437897404,391232000,47.64755268096924,45.7632462310791,52.73670273061843,0.3553160841125944,0.3947053196843792
2023-12-15,48.74870681762695,49.261221291787095,47.980931668648175,48.05471911639448,479948000,47.61835479736328,45.84712165832519,53.065711176373696,0.4473448042398047,0.40523321659546435
2023-12-18,49.932273864746094,50.28724399732617,49.0079548114807,49.25723229515319,412587000,47.65740776062012,45.93325233459473,59.90987636180159,0.6087647362550825,0.44593952052738806
2023-12-19,49.460636138916016,49.556359352120325,48.75368563402241,49.281156065075976,464444000,47.61749496459961,46.01970123291016,56.35165319676298,0.690672331799064,0.49488608278172325
2023-12-20,47.971946716308594,49.85449039050558,47.95898380283095,49.51148287536856,397894000,47.52632808685303,46.065907669067386,55.757635902308394,0.6282181882503224,0.5215525038754432
2023-12-21,48.84841537475586,48.95311145717248,48.279062673701084,48.669931851728876,300425000,47.540202140808105,46.10954345703125,58.877396856623434,0.6420454253090568,0.5456510881621659
2023-12-22,48.68887710571289,49.24027646361489,48.32692345139222,49.05282008065704,252507000,47.59295921325683,46.14721694946289,64.50255599810782,0.6328352741885865,0.5630879253674501
2023-12-26,49.13657760620117,49.456649028909844,48.81849930781512,48.82647560877794,244200000,47.64487075805664,46.22343589782715,62.50336325676804,0.6541215458660474,0.5812946494671696
2023-12-27,49.2741813659668,49.53642176515991,48.943140137976336,49.36791146455285,233648000,47.724649620056155,46.28976470947266,69.71983124184659,0.674321385755718,0.5998999967248793
2023-12-28,49.378875732421875,49.73982902864742,49.26919303504833,49.49952822100173,246587000,47.79376068115234,46.40119873046875,66.37190116257912,0.6908145842952607,0.6180829142389556
2023-12-29,49.378875732421875,49.85250521620105,48.610104092310245,49.66903507790819,389293000,47.931167411804196,46.547369232177736,62.55911881153195,0.6958640750678882,0.6336391464047422
2024-01-02,48.02879333496094,49.152535199799544,47.457451257375006,49.101683898702085,411254000,48.00131950378418,46.66843223571777,59.06365743345109,0.5841912731684431,0.6237495717574824
2024-01-03,47.4315185546875,48.044738980527136,47.183237655059315,47.34776169269325,320896000,48.10417137145996,46.79178726196289,49.454772318495266,0.4423950353830364,0.5874786644825931
2024-01-04,47.85928726196289,48.35983539054749,47.37070168440111,47.62895205059956,306535000,48.17556438446045,46.89203239440918,49.442237102221995,0.36038357746620875,0.5420596470793163
2024-01-05,48.955108642578125,49.4038088927802,48.16639428593929,48.3219454810566,415039000,48.35474548339844,47.00047485351563,54.19430894797938,0.37943860145547603,0.5095354379545483
2024-01-08,52.10198974609375,52.12392933182719,49.3360082047019,49.368913779629096,642510000,48.63677806854248,47.20942283630371,64.59506568122416,0.6410769151012445,0.5358437333838876
2024-01-09,52.98643112182617,54.168007982314144,51.54062068835723,52.24956832611932,773100000,48.9176643371582,47.465032958984374,63.64851987282754,0.9093122060205943,0.610537427911229
2024-01-10,54.192928314208984,54.442205820352854,53.334416522190715,53.4610522035269,533796000,49.30269870758057,47.74130340576172,69.84445545010597,1.2053503187426884,0.729500006077521
2024-01-11,54.66355895996094,55.186046630349715,53.40520900250216,54.84004936433209,596759000,49.65991344451904,48.01380577087402,80.68026078202426,1.4610960104938613,0.8758192069607891
2024-01-12,54.5518798828125,54.8111305781565,54.172980872190166,54.46213984268147,352994000,49.99005603790283,48.291671981811525,78.12189063616196,1.635907027671756,1.0278367711029825
2024-01-16,56.219051361083984,56.67074127144449,54.74133601464206,54.858995015384636,449580000,50.390495681762694,48.57207366943359,82.32320883649614,1.8872181473436456,1.1997130463511152
2024-01-17,55.89100646972656,56.3077977062965,54.581801354818275,56.18415552246115,474394000,50.74761066436768,48.82236488342285,79.2942510152537,2.036438740968677,1.3670581852746275
2024-01-18,56.941959381103516,57.43353464294008,55.94484937824919,57.094517089822695,491650000,51.09809494018555,49.063784255981446,80.81423727150644,2.213978882853482,1.5364423247903984
2024-01-19,59.319068908691406,59.3280417723161,57.05961512425851,57.8214070619552,543501000,51.591016578674314,49.33787040710449,83.77719532935126,2.5174737268972507,1.7326486052117689
2024-01-22,59.481597900390625,60.15664330232137,58.89928603895681,59.87545679775879,452955000,52.16649913787842,49.61113922119141,83.95442841149716,2.7395307040255332,1.934025024974522
2024-01-23,59.69995880126953,59.73685061790294,58.41567931351442,59.397833118705194,294654000,52.7090763092041,49.87643211364746,92.45553689319418,2.8997063482386025,2.127161289627338
2024-01-24,61.184661865234375,62.66736391279241,59.76477747230483,60.12972084943654,560271000,53.333865547180174,50.163921432495115,96.99490021236515,3.1105928512490095,2.3238476019516727
2024-01-25,61.438926696777344,62.53774309008504,60.674141236503075,62.16980621821151,482777000,53.94898300170898,50.42887855529785,96.9588400899861,3.2606522022634508,2.5112085220140283
2024-01-26,60.854610443115234,61.604439770268314,60.39793774576205,60.78381649467955,390309000,54.5280044555664,50.67646644592285,92.65793738162473,3.29444951741268,2.667856721093759
2024-01-29,62.28446960449219,62.308398507444245,60.730973730437555,61.055031402652325,348733000,55.17328414916992,50.93199317932129,91.6272010699377,3.3974481502187928,2.813775006918766
2024-01-30,62.59257888793945,63.309502714007664,62.08006442941247,62.71821799882993,410735000,55.833969306945804,51.20899612426758,91.21314424536658,3.4640062452539127,2.9438212545857954
2024-01-31,61.34918212890625,62.089038263544516,60.524572564425924,61.26243177102061,453795000,56.49998874664307,51.44932647705078,80.6054896975586,3.37748870081149,3.0305547438309346
2024-02-01,62.8448486328125,63.0083761236307,61.47182934048774,61.92052577068121,369146000,57.27065525054932,51.723199157714845,82.16885967938475,3.3905268278327583,3.1025491606312996
2024-02-02,65.96878814697266,66.40751128682628,63.50592191536747,63.78910149469645,476578000,58.176130294799805,52.03739707946777,86.29387220138575,3.6113065543740746,3.2043006393798548
2024-02-05,69.13162231445312,69.29614635606846,67.01077071404906,68.02781943535477,680078000,59.18495597839355,52.42412384033203,87.48405106229171,3.9954334924675763,3.3625272099973995
2024-02-06,68.02583312988281,69.55240673067756,66.10839412447636,69.42876454653677,683111000,59.981148147583006,52.813221817016604,83.70442324253582,4.162644537589728,3.5225506755158653
2024-02-07,69.89640808105469,70.01706057362387,67.40462981569888,68.12155362100862,495575000,60.826646995544436,53.25847526550293,84.41405037889666,4.395432451809228,3.6971270307745376
2024-02-08,69.4397201538086,70.58938759388047,69.25426071915464,69.87146734419171,414422000,61.58898658752442,53.685302734375,79.94092771386732,4.491294801211609,3.8559605848619523
2024-02-09,71.92454528808594,71.97638935285751,70.00909157292358,70.32916305952648,436637000,62.452035903930664,54.17022155761719,82.36418694734168,4.713437452609263,4.027455958411415
2024-02-12,72.03917694091797,74.39534593902371,71.0440604444285,72.39015691032807,613710000,63.32640075683594,54.65107200622558,82.26850765589111,4.842910858886221,4.190546938506376
2024-02-13,71.9195556640625,73.2377338167756,69.41880791459157,70.19655257557241,602580000,64.11142597198486,55.15684829711914,80.23144487606999,4.879617831930844,4.32836111719127
2024-02-14,73.6864242553711,74.0214517262709,71.73009661007124,72.99044348203591,504917000,65.00119686126709,55.69806175231933,81.78341477322225,4.993715458187793,4.4614319853905755
2024-02-15,72.44801330566406,73.76120847442633,72.19076331535655,73.65551962549853,420122000,65.77649955749511,56.23953239440918,79.09813188894316,4.927409129971593,4.554627414306779
2024-02-16,72.40312957763672,74.18696038926223,72.29145377198925,73.88583129588693,495327000,66.43070259094239,56.75896644592285,77.29426296375262,4.815726448592372,4.606847221163898
2024-02-20,69.25128936767578,71.74805069531128,67.53825202114858,71.7390740272432,704833000,66.91918716430663,57.2365625,65.57230975598571,4.421916850152016,4.569861146961522
2024-02-21,67.27701568603516,68.6889240135881,66.05655384481933,67.80946909427277,673755000,67.29804000854492,57.65287605285644,63.40480857716728,3.905492434033377,4.436987404375893
2024-02-22,78.31102752685547,78.34791554573746,74.00550573707999,74.80817959484354,865100000,68.15435829162598,58.27172248840332,74.43376516245239,4.336585446495519,4.416907012799818
2024-02-23,78.58921813964844,82.15587637734276,77.3458203592003,80.55651569183838,829388000,69.01187286376953,58.91366203308105,71.90784899313304,4.647108448772755,4.462947299994406
2024-02-26,78.8634262084961,80.41293598535317,78.27811704521838,79.46966317926245,503973000,69.91231365203858,59.540545272827146,68.77652385089442,4.85931134837071,4.5422201096696675
2024-02-27,78.47354888916016,79.25030450092336,76.93900277777333,79.1515839793688,391705000,70.72176761627198,60.151035690307616,70.73049477257817,4.939089089266858,4.621593905589106
2024-02-28,77.43854522705078,78.70487140466068,76.90209811291284,77.39567023328642,393110000,71.46406593322754,60.7356014251709,65.47845820894727,4.86274270707402,4.6698236658860885
2024-02-29,78.88336181640625,79.75882270864132,78.12356300049603,78.86541608909434,507289000,72.34077491760254,61.33829452514649,68.62543700966665,4.8627673183863465,4.70841239638614
2024-03-01,82.04119873046875,82.0621417492055,79.20541661950624,79.76878610572811,479135000,73.30059242248535,61.980473022460934,69.43680593829521,5.059277667192873,4.778585450547487
2024-03-04,84.99065399169922,87.44155024884783,83.47704345209779,83.88685110747949,615616000,74.25168571472167,62.6910733795166,72.43900169352352,5.390867361117316,4.901041832661453
2024-03-05,85.71958923339844,85.85221432148215,83.1798336316164,85.02756212891575,520639000,75.08108406066894,63.4460262298584,73.41480022058195,5.647374150725099,5.050308296274182
2024-03-06,88.44779205322266,89.4688825349032,86.78254226902789,87.77172605056263,582520000,76.10218200683593,64.23801376342773,74.254672291485,6.00161788147814,5.2405702133149745
2024-03-07,92.40552520751953,92.50324615104638,89.34724386412462,89.90166281939615,608119000,77.22763786315917,65.11234672546387,80.10249161035789,6.526481365100608,5.497752443672101
2024-03-08,87.27912902832031,97.12306133342042,86.26003174516178,94.86749190765931,1142269000,78.11960830688477,65.87519775390625,69.45552620891901,6.4543800531866395,5.689077965575009
2024-03-11,85.53011322021484,88.54451266458084,83.9266836856204,86.18324958318006,678364000,78.79988670349121,66.60031639099121,72.1011768108232,6.1848136041380855,5.788225093287625
2024-03-12,91.65166473388672,91.69852817689657,85.90505025020566,87.79865287127926,668075000,79.78051109313965,67.44577217102051,79.74314736274896,6.3914615086335544,5.908872376356811
2024-03-13,90.62958526611328,91.24383116033475,88.18355678072699,90.79611026460987,635713000,80.71601257324218,68.27078636169433,69.89218962444023,6.398994564485591,6.006896813982568
2024-03-14,87.6939468383789,90.3882676423802,86.35376650266996,89.32230691373881,602318000,81.41638870239258,69.0640894317627,63.540341281841286,6.097791533502118,6.025075757886478
2024-03-15,87.5872573852539,89.29139794365639,86.01175546714047,86.68283850567245,642086000,82.17335090637206,69.86720420837402,63.038846629091246,5.783804911445259,5.976821588598235
2024-03-18,88.20349884033203,92.14226481208601,86.83739140527486,90.13100142686399,668976000,82.96336936950684,70.6740884399414,64.4448733387519,5.521050552558563,5.885667381390301
2024-03-19,89.14382934570312,90.28656718338365,84.76830466715785,86.45349454494367,672171000,83.9579963684082,71.4778628540039,67.42639724328,5.327283040439795,5.7739905132002
2024-03-20,90.11505126953125,90.15294523438696,87.97215934887909,89.54168157483528,479063000,85.099898147583,72.23812408447266,66.96049371792603,5.19223750161575,5.65763991088331
2024-03-21,91.1750259399414,92.38458214165158,90.1479556941056,92.0375720151123,480372000,85.7430980682373,73.00189598083496,64.72558282330834,5.111818178505814,5.548475564407811
2024-03-22,94.02091979980469,94.50852789687556,90.5757411997652,90.88186754884678,586719000,86.51468315124512,73.79845581054687,64.60739843753663,5.217580120120957,5.48229647555044
2024-03-25,94.73187255859375,96.49085678359809,93.24411810029538,93.67389236206901,552136000,87.30810546875,74.59982208251954,64.58679606605573,5.2976966178696046,5.445376504014273
2024-03-26,92.2978286743164,96.10098773672114,92.23899830913079,95.57847549804553,513648000,87.99931945800782,75.3547410583496,56.291369426831004,5.105924599777396,5.377486123166898
2024-03-27,89.99340057373047,92.97489725482532,88.8696059634602,92.8472628285773,586067000,88.6270622253418,76.03022804260254,45.83318396713803,4.713659670458668,5.244720832625252
2024-03-28,90.0990982055664,91.04041442208826,88.93940289555813,89.74410760252643,435212000,89.1878490447998,76.71438987731933,55.893658105675385,4.361044398227676,5.067985545745738
2024-04-01,90.1060791015625,91.96278458075767,88.95037777581965,90.04226569169144,452441000,89.59109306335449,77.37767227172851,60.31472073186964,4.035637240482544,4.861515884693099
2024-04-02,89.19766235351562,89.83783523468522,87.37087059473389,88.19651163521841,433064000,89.80144348144532,77.975244140625,42.768985484960936,3.66223215134535,4.621659138023549
2024-04-03,88.71104431152344,90.11703889051455,88.14865256608842,88.23241336254476,370067000,89.95101623535156,78.55983306884765,44.16258148503916,3.289124933983828,4.355152297215605
2024-04-04,85.6607437133789,90.3763015666953,85.63581327474101,90.1489453998678,434965000,89.81166381835938,79.07904876708984,43.856572206300555,2.7159927366664647,4.027320385105777
2024-04-05,87.75777435302734,88.22942906906539,85.68169327218381,86.61901544259366,399678000,89.57927627563477,79.6105110168457,50.45990871789384,2.4032905506300324,3.702514418210628
2024-04-08,86.88526153564453,88.57743512523471,86.4854007087341,88.44779987998065,283220000,89.55958290100098,80.11943771362304,46.49300565879956,2.061305871857229,3.3742727089399485
2024-04-09,85.11129760742188,87.38581757145292,82.78593537872872,87.19336556349879,501700000,89.53864212036133,80.60457145690918,39.72762319225898,1.6283657005176622,3.0250913072554915
2024-04-10,86.7915267944336,87.15150043777531,83.47099303047223,83.68737890315158,431929000,89.29563522338867,81.09471260070801,41.82888989678562,1.4046460632409747,2.7010022584525886
2024-04-11,90.35834503173828,90.48099639616545,86.6788421374309,87.17143320524475,431637000,89.28207321166992,81.65002792358399,48.21247387443833,1.4978922915614135,2.460380265074354
2024-04-12,87.93525695800781,89.91860764142923,87.28112393379013,89.44395551817271,426805000,89.29413871765136,82.18174942016601,36.42870365077161,1.3605836806138996,2.2404209481822632
2024-04-15,85.7564697265625,90.35535577476978,85.68467584656017,88.84466403718538,443077000,89.2025993347168,82.63998184204101,31.214294474138725,1.0636940931110814,2.005075577168027
2024-04-16,87.16645812988281,87.86745463811035,85.81930143123056,86.18724795044986,370453000,89.15074729919434,83.06393524169921,38.778915715113705,0.9314441283169259,1.7903492873978069
2024-04-17,83.79605865478516,88.52257881551526,83.71129364888468,88.08881052064652,495400000,88.88335876464843,83.35722396850586,37.051553530472844,0.5483509598428356,1.5419496218868127
2024-04-18,84.43024444580078,85.94493013538192,82.167698910902,84.7283978612392,447260000,88.59911842346192,83.68531219482422,38.41166936790924,0.292548045252218,1.2920693065598938
2024-04-19,75.98334503173828,84.08424741361141,75.3910397359179,82.91358934859076,875198000,87.83953437805175,83.80705093383789,28.536381575026397,-0.5850279584149547,0.9166498535649242
2024-04-22,79.29190826416016,79.8453305652036,76.18277728835372,77.88192715774476,596341000,87.10308380126953,84.00409469604492,35.968942419978035,-1.0019895500588376,0.5329219728401718
2024-04-23,82.18865203857422,82.53366896329221,80.03579390039872,80.53935534918725,438559000,86.47592277526856,84.20937683105468,41.35179410443079,-1.0861708999683373,0.20910339827847002
2024-04-24,79.45045471191406,83.84292866853282,78.95785602564062,83.71130021339918,512208000,85.83355407714843,84.35760238647461,41.69689904815685,-1.3581786286626993,-0.10435300710976383
2024-04-25,82.39706420898438,83.08609383460076,78.00059569231401,78.64375847887948,424641000,85.45373725891113,84.56715255737305,42.99198361735203,-1.320755110025459,-0.3476334276929029
2024-04-26,87.48554992675781,88.07985603184983,83.1499127117647,83.57968703669025,551011000,85.3230598449707,84.84313507080078,50.706837678245606,-0.8704642605582364,-0.4521995942659697
2024-04-29,87.50747680664062,87.74180161200195,85.02355474971789,87.34593487887717,388971000,85.19312973022461,85.14432434082032,52.94291932889835,-0.5060033110356272,-0.4629603376199012
2024-04-30,86.15634155273438,88.56646933597486,86.05463417701857,86.99195638809022,363709000,85.04106369018555,85.41938858032226,49.21352589975263,-0.3224734328205585,-0.4348629566600327
2024-05-01,82.80488586425781,85.75547203094351,81.02396098069623,84.83509991070004,559863000,84.74575576782226,85.6904605102539,40.59730670262441,-0.4423598973132101,-0.4363623447906682
2024-05-02,85.572998046875,85.99180203592717,82.96343457532701,84.20888384405981,377898000,84.74136848449707,86.0563801574707,47.08445811445065,-0.310428834728981,-0.4111756427783308
2024-05-03,88.53654479980469,89.0271426544853,86.79251724081982,87.53938813243457,398341000,84.78030700683594,86.26089050292968,53.36601400167234,0.03288189641519068,-0.32236413493962657
2024-05-06,91.87801361083984,91.9577879691123,88.80178624215971,89.13583280876144,376203000,85.0299446105957,86.52666641235352,55.44969109301273,0.568038734557561,-0.14428356104018908
2024-05-07,90.29653930664062,91.52004810469973,88.75792706753188,90.83899133728268,437342000,85.28920669555664,86.7553286743164,57.84347028160163,0.8546902873591193,0.05551120863967263
2024-05-08,90.1549301147461,90.93470430679172,89.1657463302182,89.22857072950318,325721000,85.45737686157227,86.98895629882813,56.990492097492336,1.0582383172677794,0.256056630365294
2024-05-09,88.49466705322266,90.81305333122494,87.9801353538175,90.27159797496299,378013000,85.36419296264648,87.21007873535156,68.31304387445654,1.0732109361656654,0.41948749152536835
2024-05-10,89.62245178222656,91.14112411341107,88.973301771079,90.04823965753017,335325000,85.44855270385742,87.42486053466797,66.15216841022377,1.1626770297963276,0.5681253991795603
2024-05-13,90.1419677734375,90.73926364427145,88.2772820639822,90.22073791617511,289680000,85.66782760620117,87.58687591552734,63.43393543042816,1.260964538010441,0.7066932269457364
2024-05-14,91.09626007080078,91.39041950305226,88.68114159761363,89.34425178727211,296507000,85.86431770324707,87.70898803710938,70.9323804297117,1.399726335540393,0.8452998486646677
2024-05-15,94.36095428466797,94.59229693630975,91.33857349932174,92.20909256462353,417735000,86.3925624847412,87.88181533813477,71.26100008921281,1.752922993565619,1.026824477644858
2024-05-16,94.09071350097656,95.54656142094716,93.83543705567772,94.64014935721045,323952000,86.8755859375,87.99467376708985,64.16352067910142,1.9881100221676604,1.2190815865494187
2024-05-17,92.21605682373047,94.47062985340762,91.54497378951851,94.10069011001252,359691000,87.68722152709961,87.99088439941406,59.35346297416125,2.000171577193285,1.375299584678192
2024-05-20,94.51051330566406,94.9293173048801,93.17432694405993,93.48344309476195,318764000,88.44815177917481,88.13551208496094,65.99584311832739,2.1698611008896194,1.5342118879204776
2024-05-21,95.11479187011719,95.1287520032466,92.915062881723,93.33287026664621,328946000,89.09445877075196,88.32720565795898,76.3410477098489,2.3262855294298674,1.6926266162223558
2024-05-22,94.68002319335938,95.74698053068366,92.98386328100148,95.18757861855156,548648000,89.85593719482422,88.38777282714844,71.64932074502583,2.3876475031666757,1.8316307936112197
2024-05-23,103.5038833618164,106.0177117858919,101.23135605250833,101.73791493789797,835065000,90.91127815246583,88.6452587890625,77.82719668013914,3.1124111427158567,2.087786863432147
2024-05-24,106.1662826538086,106.17226230771774,102.70714415978955,104.15202177987621,429494000,91.84531478881836,89.0147055053711,77.2528201725282,3.8571619589008606,2.44166188252589
2024-05-28,113.57714080810547,114.61219142145016,109.57056763172464,109.93054124400538,652728000,93.1487979888916,89.53450317382813,86.3263563180159,4.987879494329903,2.9509054048866927
2024-05-29,114.4985122680664,115.16361558831227,110.58567348866953,112.72856525449089,557442000,94.5659065246582,90.0604034423828,87.08261800729575,5.890427087334359,3.538809741376226
2024-05-30,110.18582153320312,115.4896985615827,109.35120333690087,114.32402359196342,484553000,95.93495330810546,90.48124328613281,80.57170347790799,6.186391586339255,4.068326110368831
2024-05-31,109.32127380371094,112.39650442248492,106.63593026291203,112.20005836251356,613263000,97.12236709594727,90.86536773681641,77.97124403354863,6.278805644616199,4.510422017218305
2024-06-03,114.67301177978516,114.67301177978516,111.68453173387806,113.29793498606988,438392000,98.42919044494629,91.33532745361327,80.62945926837182,6.70657574939618,4.94965276365388
2024-06-04,116.1059341430664,116.26847269779265,113.72073695926161,115.38699108204422,403324000,99.64058647155761,91.77702774047852,80.85824816897092,7.079602250788739,5.375642661080851
2024-06-05,122.09187316894531,122.10084264977675,117.13400975669744,118.03444216742467,528402000,101.23035316467285,92.32422775268554,82.06277401907104,7.768691058778515,5.854252340620384
2024-06-06,120.65397644042969,125.22992577254257,117.98358919974154,123.69530003662086,664696000,102.75530548095703,92.8913507080078,79.90524323080041,8.105339348133597,6.304469742123027
2024-06-07,120.5442886352539,121.34600353396539,117.68643999762348,119.42946352714927,412386000,104.3577865600586,93.50236846923828,83.21213220601079,8.267976566467482,6.697171106991918
2024-06-10,121.44371032714844,122.74998311505551,116.6773027177119,120.02774969821236,313434100,105.94884948730468,94.12926071166993,82.64441564244487,8.372925672305072,7.03232202005455
2024-06-11,120.57614135742188,122.5307284016025,118.4121274796434,121.43375968591062,222551200,107.4705581665039,94.73866195678711,80.66474539753621,8.29052501778591,7.283962619600822
2024-06-12,124.8542709350586,126.5296321042774,122.23153612962203,122.72018091821553,299595000,109.1584587097168,95.45179412841797,83.26156514584044,8.472762476788517,7.521722591038362
2024-06-13,129.25210571289062,129.4415834964467,126.80887399420205,129.0327119863157,260704500,110.90301628112793,96.26261535644531,81.45166295724778,8.86980984173968,7.791340041178626
2024-06-14,131.51583862304688,132.4731792100278,127.9656714477386,129.60114223243076,309320400,112.77427253723144,97.17971725463867,81.26923496075696,9.26038906532655,8.08514984600821
2024-06-17,130.61830139160156,133.36070741193845,129.22217350427294,132.62276062148734,288504400,114.694384765625,98.03692779541015,75.04504728759825,9.389268517590395,8.345973580324648
2024-06-18,135.2056121826172,135.95354113797538,130.3291160023479,130.7778703322321,294335100,116.72913970947266,99.0033348083496,77.47250088821093,9.749181558760284,8.626615176011775
2024-06-20,130.41888427734375,140.37132287672648,129.16236891328995,139.4139821850634,517768400,118.49434432983398,99.90948654174805,76.51013487442016,9.53821568622189,8.808935278053799
2024-06-21,126.22050476074219,130.2692991464158,123.95677620908012,126.76898910126683,649445800,120.07136840820313,100.69806610107422,70.36305735997396,8.929317953578604,8.833011813158759
2024-06-24,117.78384399414062,124.11630717061917,117.71403760101381,122.89967494041525,476060900,120.78536643981934,101.24657608032227,53.48906421648434,7.677492740598382,8.601907998646684
2024-06-25,125.74181365966797,126.15068514494095,118.9905115651875,120.86531742755339,414192600,121.7641429901123,102.00270721435547,59.427568461043286,7.244048997301547,8.330336198377658
2024-06-26,126.05097198486328,127.76621614131051,122.2614619181134,125.78171327779911,362975900,122.3878345489502,102.80859725952149,54.35755191044651,6.846565258582544,8.033582010418636
2024-06-27,123.64762115478516,126.0609445300648,122.58057607711103,123.75731801767638,252571700,122.84528999328613,103.53822052001954,53.22636425454519,6.265402545123166,7.679946117359542
2024-06-28,123.19886779785156,127.35735127952529,122.41104832536521,124.23599694106169,315516700,123.49594230651856,104.32627670288086,52.840183062879746,5.702877045476541,7.284532302982941
2024-07-01,123.9567642211914,124.49526638375627,118.50186772113265,123.12905433583957,284885500,124.22771682739258,105.11680709838868,52.696929984507385,5.257620861057148,6.8791500145977835
2024-07-02,122.33126831054688,123.0692304193492,120.69579746715523,120.79551981451768,218374000,124.61062965393066,106.04376556396484,51.85339632491799,4.719188326420081,6.447157676962243
2024-07-03,127.92578125,127.92578125,121.02489116241942,121.324065820501,215749000,125.20162200927734,107.01644302368165,53.155748518380264,4.689845483040628,6.095695238177921
2024-07-05,125.48253631591797,128.49420118342798,125.3329490025218,127.02825159880693,214176700,125.37115516662598,107.88232070922851,45.964985694496775,4.418507813479906,5.760257753238319
2024-07-08,127.84598541259766,130.40889591730686,126.6891925935073,127.1379469199517,237677300,125.73075561523437,108.85023132324218,46.08009174092121,4.3441052047161435,5.477027243533884
2024-07-09,131.01724243164062,133.45050761293413,128.29476946814947,129.99008765347023,285366600,126.25440330505371,109.82263488769532,50.40638464551509,4.4892848580047655,5.279478766428061
2024-07-10,134.5374755859375,134.72695337207693,132.0543457649315,133.6599006676726,248978600,126.90909156799316,110.7636734008789,49.304272084320566,4.832685979208918,5.190120208984232
2024-07-11,127.04820251464844,135.7740328866088,126.69917051710233,135.37514352274295,374782700,127.23269462585449,111.55448791503906,46.67714312016804,4.4492242083206435,5.041941008851515
2024-07-12,128.88311767578125,131.5557097271737,126.86869151292463,127.90581292565753,252680500,127.43413696289062,112.4090234375,52.753126311504644,4.244462785768391,4.88244536423489
2024-07-15,128.08531188964844,131.02716234127456,126.82878928350533,130.1994525827971,208326200,127.37579727172852,113.31463195800781,62.64998407315108,3.9720245967180716,4.7003612107315265
2024-07-16,126.01106262207031,128.6836546073769,124.23597923680788,128.08532061289833,214769500,127.10055847167969,114.12339324951172,50.38647885793861,3.5478434574932862,4.469857660083878
2024-07-17,117.6641845703125,121.51352631521466,116.39769484983655,121.01490699704938,390086200,126.45285263061524,114.70594604492187,40.21864921326395,2.5092287208379958,4.077731872234702
2024-07-18,120.75562286376953,122.0620106514847,116.23813305693453,121.51352635797906,320979500,125.73035316467285,115.28349822998047,46.68039719635171,1.9135144893657525,3.6448883956609124
2024-07-19,117.60435485839844,121.26421889531369,117.04590364640599,120.01767057688257,217223800,125.08962669372559,115.82965454101563,43.95343590535194,1.1735971795004474,3.1506301524288194
2024-07-22,123.19886779785156,123.72740308245356,119.52902914046476,120.01767396475167,258068900,124.93854484558105,116.49053329467773,49.25839709137037,1.0268014911064967,2.725864420164355
2024-07-23,122.25147247314453,124.34567955387372,121.76282770486009,122.44095023584373,173911000,125.16192626953125,117.16566940307617,49.92086954377006,0.8245134872188657,2.345594233575257
2024-07-24,113.93451690673828,119.61877422549412,113.12675602679064,118.8409292880146,327776900,124.57156143188476,117.65191070556641,36.83618061075784,-0.006831273115452063,1.8751091322371154
2024-07-25,111.96995544433594,116.30794209044977,106.00647252262672,112.72785895570485,460067000,123.8675106048584,118.08847045898438,37.17099768630154,-0.8148090649865196,1.3371254927923886
2024-07-26,112.74778747558594,115.8791158985684,111.27187868948438,115.86914899111223,293399100,123.32251892089843,118.52150100708008,35.22061559340585,-1.3765052462674134,0.7943993449804283
2024-07-29,111.2818603515625,115.95891218291776,110.99266783046404,113.3760676606231,248152100,122.72666854858399,118.85991912841797,30.014092668567315,-1.917833987976337,0.2519526783890752
2024-07-30,103.44355773925781,111.68074265241845,102.25684143468115,111.21203931839821,486833300,121.70100822448731,119.0469760131836,21.043810323885367,-2.945373991288548,-0.38751265554644954
2024-07-31,116.69686126708984,118.01321595584747,110.57381668062193,112.58824297616627,473174200,121.41928787231446,119.53659210205078,41.29486068848807,-2.659617598600235,-0.8419336441572067
2024-08-01,108.9084243774414,119.82819139029307,106.51505026446524,117.20544905631927,523462300,120.46842002868652,119.82455032348633,34.73089792682396,-3.02672516135371,-1.2788919475965073
2024-08-02,106.97378540039062,108.41978599115991,101.09008352011347,103.47348325737674,482027500,119.54298248291016,120.0617301940918,34.13757277628619,-3.434182627077959,-1.7099500834927979
2024-08-05,100.17261505126953,103.12444802394918,90.43957172286065,91.80578374541406,552842400,118.15931396484375,120.17158203125,31.873511067674528,-4.256823203548748,-2.219324707503988
2024-08-06,103.9621353149414,107.41258033181929,100.27235513846155,103.55326379264082,409012100,116.80655860900879,120.1807470703125,39.730948688564695,-4.550533455208182,-2.685566457044827
2024-08-07,98.63687896728516,108.4995686514933,98.41748524596572,107.51229690555586,411440400,115.01152877807617,120.03015899658203,33.9600880529061,-5.153597167800456,-3.1791725991959527
2024-08-08,104.68013000488281,105.20866520993226,97.25069837056012,101.71833034514779,391910000,113.89312515258788,119.85221878051757,41.00498791888833,-5.08526982660085,-3.5603920446769326
2024-08-09,104.46075439453125,106.30564447792429,103.14439960768745,105.34829623370402,290844200,112.6720069885254,119.65146362304688,35.903970489755196,-4.991285265214955,-3.8465706887845372
2024-08-12,108.71895599365234,110.76329830179426,105.96658275414626,106.02641463942724,325559900,111.70368919372558,119.62212631225586,40.302987958594215,-4.521084295934685,-3.981473410214567
2024-08-13,115.81929016113281,115.90904559128121,111.27188458899278,112.1295103919247,312646700,111.19410057067871,119.7520866394043,51.374540676368746,-3.534762471361276,-3.892131222443909
2024-08-14,117.75393676757812,118.2724974965541,113.75500781546704,118.20269109826258,339246400,111.19858818054199,119.81370513916016,54.22002384665997,-2.5673902302684155,-3.6271830240088105
2024-08-15,122.52074432373047,122.89969228155606,117.1456284695593,118.43206727440648,318086700,111.28684425354004,119.94200134277344,56.73818832215897,-1.3999613448157504,-3.181738688170199
2024-08-16,124.2359848022461,124.6548231821397,120.84537209002657,121.60327554530542,302589900,111.61842575073243,119.98488357543945,58.90091656338584,-0.3325268084135189,-2.611896312218863
2024-08-19,129.6410369873047,129.6410369873047,123.07920421225627,123.93683014253082,318333600,111.94053421020507,120.16462478637695,68.62329672046148,0.9387440346802407,-1.9017682428390423
2024-08-20,126.89862060546875,129.52136317375601,125.54237540722741,128.04543898793298,300087400,112.17289161682129,120.29171142578124,58.52642745198913,1.7052877583858077,-1.1803570425940726
2024-08-21,128.14517211914062,128.99283109530663,126.31025657503493,126.96843015643721,257883600,112.8834243774414,120.42574066162109,68.05166900325165,2.385862730945064,-0.4671130878862453
2024-08-22,123.3983154296875,130.38896089358747,122.76008326610211,129.6609808984014,376189100,113.45484237670898,120.4821841430664,64.64000668077355,2.5132207914160745,0.1289536879742187
2024-08-23,129.01275634765625,129.2421321879317,124.87422213092064,125.51245424374224,323230300,114.2680908203125,120.56535385131836,76.26226310096229,3.032237683629731,0.7096104871053212
2024-08-26,126.11078643798828,130.8975269250622,124.02656151522957,129.21220655330094,331964700,115.0095371246338,120.50252746582031,70.50026537441519,3.1728232595657175,1.2022530415974004
2024-08-27,127.94572448730469,128.84323320422493,123.53792378071748,124.70469880770285,303134600,116.23464546203613,120.43112518310546,79.0013828915524,3.3931879482409073,1.6404400229261018
2024-08-28,125.26315307617188,127.97564354365645,122.30135293496008,127.76621672239743,448101100,116.66296005249023,120.32402221679688,71.81819328734181,3.3131752362209568,1.974987065585073
2024-08-29,117.26528930664062,124.0864056350864,116.38772203285157,121.02488328117458,453023300,117.0808032989502,119.96521575927734,61.65152531265056,2.5747240046048603,2.0949344533890306
2024-08-30,119.04036712646484,121.41379211002894,116.89630274618307,119.19992133635782,333751600,117.6841323852539,119.73764541625977,59.83651661227497,2.1084254127023883,2.0976326452517022
2024-09-03,107.70176696777344,115.8890948214911,106.99372848681783,115.68965014821475,477155100,118.0605899810791,119.3672706604004,42.84207325441526,0.814560401684318,1.8410181965382255
2024-09-04,105.91670227050781,112.9572037853356,103.83247741620994,105.11891601969701,372470300,118.15831832885742,119.12992782592774,39.534472101054234,-0.35083256458391077,1.4026480443137983
2024-09-05,106.91395568847656,109.34722045042044,104.47072401794104,104.70008464878364,306850700,118.57217216491699,118.75337066650391,35.21633546968552,-1.1803386607728044,0.8860507032964778
2024-09-06,102.54605865478516,107.85136830211154,100.67124500554577,107.74167143504636,413638100,118.46546859741211,118.28327239990234,30.437162305365405,-2.165221677160872,0.27579622720500785
2024-09-09,106.1760025024414,106.25578342210773,103.40368021481835,104.59038905946406,273912000,118.55123100280761,117.93384002685546,28.136039558041617,-2.6226106089662835,-0.3038851400292505
2024-09-10,107.80148315429688,109.09789628161208,104.660180275284,107.51228306871653,268283700,118.50535736083984,117.62589233398438,31.827656693355152,-2.821408488050821,-0.8073898096335647
2024-09-11,116.58717346191406,116.86639906475774,107.12337325723898,109.0879346022382,441422400,118.5437515258789,117.47850051879882,40.38174369330681,-2.244156220765234,-1.0947430918598986
2024-09-12,118.82118225097656,120.46676839354188,115.07124183313299,116.52733397843357,366052700,118.59711380004883,117.40829879760742,46.02477895339468,-1.5881070911916169,-1.1934158917262423
2024-09-13,118.78128814697266,119.63898740485247,117.2853021309932,118.76134501471007,238358300,118.41014099121094,117.22540893554688,40.161341038990045,-1.0591928345380381,-1.1665712802886015
2024-09-16,116.46749114990234,117.8637462195167,114.05396898625607,116.47746652004345,248772300,118.02171630859375,117.04510803222657,40.620837142484014,-0.817307147928588,-1.0967184538165988
2024-09-17,115.28067779541016,118.48209453930119,114.52271703198278,117.85377554798693,231925900,117.30369834899902,116.7938018798828,37.52456897115362,-0.7131560981179632,-1.0200059826768717
2024-09-18,113.0666275024414,117.3850347497377,112.91702737683093,115.57988069857915,310318900,116.61209869384766,116.43478958129883,37.87415241271768,-0.8000485343365682,-0.976014493008811
2024-09-19,117.55457305908203,119.3397837869768,116.93622949013678,117.03596036023049,293506400,116.08256874084472,116.09513153076172,50.30918594651737,-0.5009965407092949,-0.8810109025489078
2024-09-20,115.68958282470703,118.30257441739377,115.0812145821692,116.74674381909426,382462400,115.6971321105957,115.8679591369629,46.42555780616101,-0.4097613331656049,-0.7867609886722473
2024-09-23,115.94888305664062,116.67692526968904,114.55262802291854,116.23810791147417,206228500,115.04393844604492,115.60927444458008,61.520851371866414,-0.3129261938456125,-0.6919940297069204
2024-09-24,120.54654693603516,121.47405850127808,115.07123304654733,116.20818172536411,354966800,114.76572647094727,115.45849914550782,68.94825473285667,0.13327311302454348,-0.5269406011606276
2024-09-25,123.17948150634766,124.60565503965537,121.28456450552947,121.69346336275538,284692900,114.52741432189941,115.40186752319336,70.21043756520895,0.6913753492238328,-0.2832774110837355
2024-09-26,123.70805358886719,127.32833649308198,121.47405025345233,126.46066959704271,302582900,114.44965934753418,115.52274490356446,79.06780799566059,1.1629213089630213,0.005962332925615876
2024-09-27,121.07512664794922,123.6980858451405,118.94085404604166,123.63824884420143,271009200,114.64015121459961,115.52913497924804,71.041542667335,1.3090794267599506,0.26658575169248283
2024-09-30,121.11502838134766,121.1748653861715,117.83383152489164,117.99339940741461,226553700,114.74388427734375,115.59934844970704,69.68382620175664,1.4118555328063138,0.4956397079152491
2024-10-01,116.6868896484375,122.11233379004094,115.4801287113044,121.4441210323085,302094500,115.19314041137696,115.46910888671874,50.16923457802971,1.1230467650286329,0.6211211193379259
2024-10-02,118.53195190429688,119.06053238913914,114.831880901423,116.12840510154699,221845900,115.8239028930664,115.39471847534179,49.50256185238566,1.0311582891456794,0.7031285532994767
2024-10-03,122.521240234375,124.02720146176961,120.01795510176126,120.59640479294298,277118000,116.60426712036133,115.56645294189452,55.662924292179234,1.265648628797507,0.8156325683990828
2024-10-04,124.58570098876953,124.70538259718006,121.50397375972977,124.6056517279934,243678100,117.70624923706055,115.8187678527832,62.38587469951098,1.599629113162507,0.9724318773517677
2024-10-07,127.37821197509766,130.29039598837593,124.61562046227938,124.65551433206126,346250200,118.76635971069337,116.11137634277344,67.59500750117621,2.065829752378775,1.1911114523571693
2024-10-08,132.53436279296875,133.12278019873037,129.07364789501582,129.91139625758697,285722500,120.00300369262695,116.53642639160157,76.0822816807715,2.8188613184054105,1.5166614255668176
2024-10-09,132.29501342773438,134.16001952786942,131.02842299164354,133.75111306364067,246191600,120.78839569091797,117.11345550537109,72.28588269355656,3.35762614221494,1.884854368896442
2024-10-10,134.4492645263672,134.63875854734422,130.64946199779328,131.5570306151262,242311300,121.5697998046875,117.46850357055663,78.11659758923064,3.9133208793672907,2.290547670990612
2024-10-11,134.4392852783203,135.41665858843493,133.3023364675461,133.65139075503694,170209500,122.35269966125489,117.97912078857422,77.92168112535859,4.303301934222318,2.6930985236369533
2024-10-14,137.7005157470703,139.22642006970023,135.9352482142016,136.10479144805439,232347700,123.41435089111329,118.59365539550781,76.99307598646843,4.819957305940974,3.1184702800977577
2024-10-15,131.2478485107422,138.19919822128062,128.3955011745818,137.5010592255131,377831000,124.21270942687988,119.21516006469727,61.33373029473527,4.6550733041793535,3.4257908849140772
2024-10-16,135.35679626464844,136.25438165655956,131.22787606953918,133.6214472599385,264879700,125.32721786499023,119.8430532836914,64.86762297827656,4.800620721296795,3.700756852190621
2024-10-17,136.56356811523438,140.512977854023,136.50373111006368,138.96712260930138,306435900,126.27766761779785,120.6015870666504,70.51519271498296,4.956212369839577,3.951847955720412
2024-10-18,137.63070678710938,138.52829226592988,136.9126323168706,138.2989120156457,176090200,127.37472381591797,121.26059860229492,71.2962924704881,5.106761477196841,4.182830660015698
2024-10-21,143.325439453125,143.325439453125,137.63071268872676,137.76036967912168,264554500,128.7435516357422,122.03789230346679,83.26281100575102,5.620797013558359,4.47042393072423
2024-10-22,143.20574951171875,144.0335302578968,141.400595506541,142.5275764963188,226311600,129.87651176452636,122.72762817382812,82.19679079817486,5.949928825768637,4.766324909733112
2024-10-23,139.18653869628906,142.04885378245024,137.09216737152124,141.64993025905358,285930000,130.67686462402344,123.19497314453125,71.7295467975003,5.819369367713733,4.976933801329237
2024-10-24,140.03427124023438,140.97175826689335,138.08949241788707,140.4431777464081,172354900,131.4931755065918,123.64057983398438,70.80314978103462,5.718386982512925,5.125224437565975
2024-10-25,141.16123962402344,143.74432048434818,140.42322956503693,140.55287134358582,205122100,132.49748115539552,124.01338973999023,69.43197133665129,5.664003537743184,5.232980257601417
2024-10-28,140.1439666748047,142.7569505719539,139.67522319765803,142.6173258267159,173586700,133.44892807006835,124.3315493774414,62.14584966124803,5.475698398025855,5.281523885686305
2024-10-29,140.87200927734375,141.8793009979601,138.52829188537018,139.91457158033694,157593600,134.65818405151367,124.55616882324219,63.47963840836756,5.323842232375512,5.289987555024146
2024-10-30,138.96710205078125,139.95445814390004,136.44387391965424,139.1665637778278,179418100,135.6799415588379,124.79753845214844,57.15633720910559,4.992237626030516,5.23043756922542
2024-10-31,132.40472412109375,137.24175143875112,131.756469630996,137.2317836775648,270039600,136.17411575317382,124.8827294921875,47.33121143789973,4.152047314690776,5.014759518318492
2024-11-01,135.03765869140625,136.94255111570317,134.2098931927627,134.3395349599235,207127800,136.69671363830565,125.11551635742188,46.44851958052916,3.656496440307734,4.743106902716341
2024-11-04,135.68592834472656,138.58814473225323,135.207217103038,136.84282779526694,187528200,137.11209945678712,125.24897979736328,57.00344039127227,3.2782886741436528,4.450143257001804
2024-11-05,139.53558349609375,139.99434394500742,136.9624861371184,137.0821601293647,160537400,137.46216049194337,125.51747573852539,56.648676994340896,3.251707630971538,4.210456131795751
2024-11-06,145.2203369140625,146.09798683530676,141.58011068537002,142.57743460752744,242043900,138.10842666625976,125.86296798706054,62.05554308911577,3.6473101332703948,4.09782693209068
2024-11-07,148.4816131591797,148.5314671885647,145.77885821996583,145.9982707339075,207323300,138.8100440979004,126.3273371887207,64.24084790844523,4.175849114644706,4.113431368601486
2024-11-08,147.2349090576172,149.3691812590464,145.8685651814179,148.3718575159869,175665800,139.44982528686523,126.92672958374024,55.80905402641759,4.44290640403392,4.179326375687973
2024-11-11,144.87127685546875,148.45168153400843,143.18581210072784,148.28212306443757,182325600,139.80836334228516,127.44334777832032,52.320080668885176,4.4129560544776325,4.226052311445905
2024-11-12,147.89315795898438,149.2495191040209,145.6192606302401,146.38720431256547,198634700,140.64062881469727,128.24717559814454,62.47495049128301,4.580262323858108,4.2968943139283455
2024-11-13,145.8785858154297,148.93039482211316,145.50956558703103,148.67109606044525,191903300,141.16671829223634,129.04641326904297,58.10286781011246,4.498439402959718,4.33720333173462
2024-11-14,146.3672637939453,148.60127501764129,145.16051028397845,147.24491377788954,194463300,141.6569030761719,129.83547943115235,57.347961113192994,4.422051717887172,4.35417300896513
2024-11-15,141.60003662109375,144.85132212671857,139.705127384455,144.48230195229198,250132900,141.8553695678711,130.61655899047852,51.858421487851174,3.931518438381943,4.269642094848493
2024-11-18,139.7749481201172,141.17121080701085,136.78297621414575,139.12669362767247,221205300,141.6778450012207,131.28853790283202,48.637934150556426,3.3568027584821607,4.0870742275752265
2024-11-19,146.6165771484375,146.7362663614533,140.61269838756368,140.94181709193657,227834900,141.84838638305663,132.06483978271484,58.46018423138144,3.4140437550252045,3.9524681330652225
2024-11-20,145.49957275390625,147.1651017216073,142.34802580304432,147.01550923449048,309871700,142.1640380859375,132.6430877685547,66.46599599067972,3.330878444433637,3.828150195338906
2024-11-21,146.2775115966797,152.48086819347145,140.3234860038813,148.95034787282623,400946600,142.47620010375977,133.19221435546876,64.82505145190369,3.2898195082719326,3.7204840579255114
2024-11-22,141.57012939453125,146.7661937868221,140.72241318136372,145.539474391015,236406200,142.49664459228515,133.64799118041992,57.01043893255361,2.844642336939387,3.5453157137282867
2024-11-25,135.65599060058594,141.66985203296244,135.45652887967213,141.61001503848368,344941900,142.27224578857422,134.0317611694336,45.59456626265952,1.9916560757010302,3.234583786122836
2024-11-26,136.55360412597656,138.9272401830298,135.30694909062626,137.33151565059862,190287700,142.05632553100585,134.45721969604492,38.95810369195298,1.3722695587995304,2.862120940658175
2024-11-27,134.97781372070312,136.85278753282546,131.44729379106425,134.64869500572706,226370900,141.85686111450195,134.89544342041015,32.023351757170985,0.7456527447517942,2.438827301476899
2024-11-29,137.88003540039062,138.97709782710584,135.68592576491588,136.41396798376013,141863200,142.1306266784668,135.30195266723632,38.07226590391135,0.4777324375982914,2.0466083287011774
2024-12-02,138.259033203125,140.07415499884576,137.45120318506554,138.45849496272686,171682800,142.29169540405275,135.7533416748047,41.11977625459237,0.2926125636921597,1.6958091756993738
2024-12-03,139.88465881347656,140.16390831614373,137.58084280749418,137.89001081273594,164414000,142.50163192749022,136.2320571899414,38.8255292621266,0.2739205452046747,1.411431449600434
2024-12-04,144.75160217285156,145.39985667412174,139.9145747718299,141.6200054773523,231224300,142.76243286132814,136.71615829467774,48.543432370518566,0.6444003936309457,1.2580252384065365
2024-12-05,144.68177795410156,146.1579148411047,143.57467148409813,144.73165063129176,172621200,142.7355049133301,137.14620422363282,47.79775381256146,0.921748765761123,1.190769943877454
2024-12-06,142.06861877441406,145.3201135010368,140.94156015213164,144.2229906612707,188505600,142.41485519409179,137.51341552734374,50.648765699436986,0.9200830969335243,1.136632574488668
2024-12-09,138.44805908203125,139.58508599383495,136.77244688316378,138.6076455444956,189308600,141.9755126953125,137.8608741760254,48.24989444101638,0.6194732316855323,1.0332007059280408
2024-12-10,134.71783447265625,141.4502349567079,133.44115786086326,138.6475487860502,210020900,141.46784057617188,138.13293029785157,32.90283992345485,0.07932538287516877,0.8424256413174664
2024-12-11,138.94676208496094,139.8045203384501,134.85746151474785,137.00184953896905,184905200,141.0205207824707,138.57812774658203,41.35726266056519,-0.007421018292404824,0.6724563093954922
2024-12-12,136.98191833496094,138.0790564611993,135.445940177233,136.72260169557995,159211400,140.57568740844727,138.9471270751953,38.11191267545387,-0.23203982526652567,0.4915570824630886
2024-12-13,133.8999481201172,139.23600428177866,132.1944001851312,138.5777215546611,231514900,139.95232162475585,139.17470123291017,39.76513312557088,-0.6512340663846032,0.2629988526935503
2024-12-16,131.65582275390625,134.04955889819416,130.07994062496547,133.8301313094174,237951100,139.4551109313965,139.3161036682129,44.08273672777407,-1.1512596797630295,-0.019852853797765663
2024-12-17,130.05003356933594,131.24690176576593,126.5292385551769,128.75342001528475,259410300,138.96886520385743,139.36954010009765,40.57699433405465,-1.6579950134610328,-0.34748128573041914
2024-12-18,128.57388305664062,136.34356467427952,127.94552085179448,133.51097335742298,277444500,138.06673049926758,139.2903305053711,40.694493962888664,-2.1538709424313254,-0.7087592170706004
2024-12-19,130.3392333984375,133.68050407401532,129.2121903191743,131.416419032185,209719200,137.30871353149413,139.25121490478514,38.66811339912113,-2.3770065182911253,-1.0424086773147054
2024-12-20,134.34878540039062,134.92727495716574,127.88568536239204,129.4715360054975,306528600,136.7122772216797,139.24920532226562,44.70199852965377,-2.2048891428882484,-1.274904770429414
2024-12-23,139.30581665039062,139.42549888718457,134.76767747092137,135.9246564899382,176053500,136.59906158447265,139.34653594970703,49.280663530295186,-1.649479713237696,-1.3498197589910705
2024-12-24,139.85440063476562,141.53001300601622,138.28848684636677,139.63497303105362,105157000,136.80898208618163,139.38961364746095,43.1824409666594,-1.151770700219572,-1.310209947236771
2024-12-26,139.56515502929688,140.48276971800976,137.37089410442982,139.33575896662117,116205600,136.95955963134764,139.55595977783204,42.92022935785628,-0.7717758727901582,-1.2025231323474483
2024-12-27,136.6527557373047,138.65752461945982,134.35876491420703,138.1887488761999,170582600,137.04330673217774,139.58187896728515,42.567723767771675,-0.6975921096606044,-1.1015369278100795
2024-12-30,137.1315155029297,139.9042657427297,133.67056192681179,134.47844750631418,167734700,137.0058807373047,139.59323791503905,48.022789447849505,-0.5933294978749473,-0.999895441823053
2024-12-31,133.93984985351562,137.71000800391963,133.48105776544256,137.67010377599792,155659200,136.78992156982423,139.51942077636718,48.812396580253726,-0.7594864834904627,-0.9518136501565351
2025-01-02,137.9493865966797,138.51790776015002,134.2789886408903,135.64541181631114,198247200,136.6931579589844,139.41189971923828,48.46722702317873,-0.5611622564298102,-0.8736833714111901
2025-01-03,144.0933074951172,144.52217900012494,139.36566117903786,139.64492988439244,229322500,136.66024322509764,139.42965087890624,59.684825281140306,0.09072833224158217,-0.6808010306806358
2025-01-06,149.04037475585938,151.7632676182901,147.43458721714921,148.2025685915748,265377400,136.87817306518554,139.62672760009767,69.62253665964622,0.9950727249949978,-0.3456262795455091
2025-01-07,139.7746124267578,152.73074908393107,139.64494650562293,152.6310037262881,351782200,136.76347274780272,139.62153442382814,58.90202258996585,0.9531156648592969,-0.08587789066454793
2025-01-08,139.74468994140625,143.57467420574872,137.20133554653654,142.20825109505992,227349900,136.82830429077148,139.59320343017578,61.01041203458039,0.9069946284302262,0.11269661315440689
2025-01-10,135.55564880371094,139.55518814906236,133.87005266470834,137.09162690267476,207602500,136.8701950073242,139.5014370727539,57.46907209931665,0.5263552683528019,0.1954283441940859
2025-01-13,132.88262939453125,133.14196124495902,129.1723272147668,129.65108668370792,204808900,136.56698837280274,139.34164947509765,52.6690826825719,0.00890287931650846,0.1581232512185704
2025-01-14,131.4164276123047,136.02439121624306,129.7108949951014,135.69524987174736,195590500,136.28871383666993,139.19063598632812,46.74920453411326,-0.513571959443027,0.02378420908625091
2025-01-15,135.88478088378906,136.094224818832,130.9476750631476,133.30152233922777,185217300,136.38795547485353,139.26023712158204,46.16591689755998,-0.5606158375613575,-0.09309580024327077
2025-01-16,133.22174072265625,138.38822723428095,133.14194748607855,138.2785134363621,209235600,136.46625137329102,139.22391876220703,42.90289652235758,-0.8035210445243592,-0.2351808490994885
2025-01-17,137.3509521484375,138.13888566634566,135.10681862678206,136.33360735729912,201188800,136.8312973022461,139.25721923828124,47.8106636717121,-0.6552786736264977,-0.31920041400489035
2025-01-21,140.46279907226562,141.46019165371834,136.7325453387914,138.79715528751996,197749000,137.42574310302734,139.27576354980468,53.7524544729642,-0.2834283016646566,-0.3120459915368436
2025-01-22,146.68655395507812,147.40466270866227,143.2954095914058,144.2828338584672,237651400,138.24310913085938,139.305087890625,58.45393918824234,0.507619282993204,-0.14811293663083408
2025-01-23,146.83615112304688,146.8461195709751,143.34527675360425,144.67181084027297,155915500,138.8674774169922,139.27217864990234,62.05931805807157,1.1335347512327019,0.10821660094187312
2025-01-24,142.24815368652344,148.58160393928114,141.5100927680708,147.98316218253018,234657600,139.01459426879882,139.17244354248047,53.97675076465118,1.2450124906579845,0.33557577888509543
2025-01-27,118.11123657226562,128.06521102414737,116.39571998533557,124.47460659166907,818830900,137.92743606567382,138.6372427368164,31.9673473157017,-0.6072876541280436,0.1470030922824676
2025-01-28,128.65367126464844,128.6636397113665,115.94688462361518,121.49238479939024,579666400,137.3818618774414,138.25245300292968,36.87051459063192,-1.2106073629967966,-0.12451899877338525
2025-01-29,123.3774642944336,126.55914919357254,119.73698731182846,126.17016667976266,467120600,136.71809730529785,137.80243057250976,38.86782433595898,-2.0903916526062574,-0.5176935295399597
2025-01-30,124.32500457763672,124.67409050916186,117.7920791911556,122.77904281152207,392925500,136.0777717590332,137.36158538818358,39.66026169999095,-2.680271952043597,-0.9502092140406873
2025-01-31,119.7569351196289,127.51664871512425,118.8792323275003,123.45726093608867,388161100,135.36862602233887,136.9247233581543,39.45968094544636,-3.4762888733008594,-1.4554251458927219
2025-02-03,116.3558349609375,118.26085104341853,112.71535011762803,114.45081126895413,371235700,134.28894844055176,136.4563410949707,39.08001963196914,-4.3316458598988845,-2.0306692886939546
2025-02-04,118.34063720703125,120.88398385074507,116.39571701060105,116.65504122535879,256550000,133.00131492614747,135.89082229614257,41.41905714620452,-4.794102056435165,-2.583355842242197
2025-02-05,124.5045166015625,124.6740715125392,120.44512913749428,121.44252170959459,262230800,131.7745220184326,135.4709211730957,42.694318566293184,-4.610086166904864,-2.9887019071747307
2025-02-06,128.34449768066406,128.4342745987464,124.8835510706209,127.08778823658054,251483600,131.20301628112793,135.1122608947754,46.91561026306114,-4.107054302223105,-3.2123723861844056
2025-02-07,129.50144958496094,130.03006643749526,124.67407312607986,128.88307105233656,228186300,130.69085426330565,134.870887298584,44.84203497098786,-3.5738445206940668,-3.284666813086338
2025-02-10,133.22174072265625,134.64800487659767,129.621152724233,129.7508034170435,216989100,130.57415885925292,134.82220230102538,45.27959367999714,-2.8185846350566806,-3.1914503774804066
2025-02-11,132.45376586914062,134.12937845518158,130.67840791626125,132.23433823730105,178902400,130.5527156829834,134.74020553588866,40.01120147011264,-2.25599913308497,-3.0043601286013195
2025-02-12,130.79808044433594,131.89521852186024,128.7434538800678,129.68100547013307,160278600,130.52179832458495,134.65661087036133,38.97724557981749,-1.9215950941105007,-2.787807121703156
2025-02-13,134.93724060058594,136.14409236479662,130.82798788427175,131.21697039655388,197430000,130.47442131042482,134.59775497436524,44.944113079789076,-1.307509693912749,-2.4917476361450746
2025-02-14,138.4879608154297,138.88691174540978,135.14668970558725,136.1241301373402,195479600,130.73773231506348,134.60233352661132,69.70105757113592,-0.528239922272661,-2.099046093370592
2025-02-18,139.03652954101562,143.06600437599374,137.57036112568994,140.90166414837108,219176600,130.82201118469237,134.5853709411621,62.44322427248984,0.13207936891399186,-1.6528210009136755
2025-02-19,138.86697387695312,140.99142508356047,136.86222013681927,139.1462426003846,167536000,130.74221992492676,134.46767837524413,71.15227895523063,0.6343925569678959,-1.1953782893373615
2025-02-20,139.74468994140625,140.29325896288867,136.43333891646114,139.6648967001902,143903600,130.39512672424317,134.36893661499025,71.09716062050687,1.0907304666306743,-0.7381565381437544
2025-02-21,134.07949829101562,141.09118323158302,133.68054728393315,139.67487215272783,228217600,129.7572940826416,134.20915420532228,69.02492360284464,0.9839060708466434,-0.3937440163456748
2025-02-24,129.94033813476562,138.22867021014434,129.74086261032588,136.20396396001723,251381100,129.14190330505372,134.03899978637696,67.69753916909983,0.5588097246956636,-0.20323326813740716
2025-02-25,126.2998275756836,129.86051900489684,124.11554286315072,129.64109140603463,271428700,129.55133285522462,133.8706396484375,59.940204054758894,-0.0710222688787212,-0.17679106828566998
2025-02-26,130.93771362304688,133.38132271635274,128.1549946612343,129.6510837247691,322553800,129.66553497314453,133.7104586791992,58.35277200704191,-0.19369719717289513,-0.18017229406311502
2025-02-27,119.83672332763672,134.65797047615226,119.69708897132982,134.64800202891726,443175800,129.48849792480468,133.36755477905274,40.706022606631905,-1.1731517406591934,-0.37876818338233076
2025-02-28,124.59429168701172,124.76384661623277,116.09650940652436,117.71228067710521,389091100,129.50196228027343,133.18144165039064,45.030321489848866,-1.5476402832050553,-0.6125426033468757
2025-03-03,113.76260375976562,123.37746834229016,111.98724605192426,123.18796891235903,411381400,129.20224571228027,132.82357727050783,32.77415159649982,-2.687472334573087,-1.027528549592118
2025-03-04,115.68756866455078,118.99891188150963,109.82290275774469,110.36149568941593,398163300,129.16883239746093,132.5363279724121,35.455949358476545,-3.396318224755248,-1.5012864846247442
2025-03-05,116.99415588378906,117.971596377653,114.2114295961939,117.27342459632162,284337900,129.10150833129882,132.30473342895507,37.95264444044932,-3.808748152853255,-1.9627788182704464
2025-03-06,110.28170776367188,115.04924353236196,109.93262184934352,113.2339891683523,321181900,128.3903678894043,131.90358291625978,29.406892505081288,-4.62393842344818,-2.495010739305993
2025-03-07,112.39617919921875,113.18412029909872,107.27955007853643,110.95993136050063,341755500,127.59295196533203,131.46453079223633,27.671586370868084,-5.041250020384069,-3.004258595521608
2025-03-10,106.70106506347656,111.5583622176382,105.18502403072868,109.61344966651625,366487400,126.45293273925782,130.81243576049803,24.568581904273643,-5.765064507212045,-3.5564197778596958
2025-03-11,108.47642517089844,111.94734728122161,104.49682307629253,106.71103594468934,354865700,125.21566696166992,130.18487625122071,26.687090640680537,-6.124832720434355,-4.070102366374628
2025-03-12,115.4488525390625,116.46629097878981,112.59604629385464,113.83293253862912,323857500,124.36542129516602,129.70255020141602,32.956118737659324,-5.780698707459422,-4.412221634591587
2025-03-13,115.28925323486328,117.46376961532557,113.50375517662202,116.73560262668995,299033100,123.58997993469238,129.27528015136718,35.714919589417946,-5.457932702102255,-4.62136384809372
2025-03-14,121.36392974853516,121.57340056729696,117.85278787516224,118.31162980343127,277593500,122.91131439208985,128.95992843627928,43.666274252921724,-4.658265110465663,-4.628744100568109
2025-03-17,119.22930908203125,122.58085727393843,117.73308248243704,122.43123309193861,255501500,121.94838180541993,128.66571762084962,44.659600355294025,-4.148942405394976,-4.532783761533483
2025-03-18,115.1396255493164,118.7205909220559,114.25186503478537,117.70316017412442,299686900,120.75353660583497,128.20952239990234,37.96798174250192,-4.028861566078717,-4.43199932244253
2025-03-19,117.22435760498047,120.14698705841565,115.3889900516623,116.97498651717953,273426200,119.67140579223633,127.6721434020996,47.693639497332924,-3.7225647722471678,-4.290112412403458
2025-03-20,118.23181915283203,119.89761619602571,116.17700382075364,116.25680439544837,248829700,118.59576225280762,127.05597229003907,43.98448263673992,-3.359798958194432,-4.104049721561653
2025-03-21,117.4039077758789,117.6931791575635,115.1296446207881,116.64582513098318,266498500,117.76198272705078,126.60855819702148,54.24591775459823,-3.1033366330018453,-3.9039071038496918
2025-03-24,121.1045913696289,121.91255134314885,119.03979124138472,119.5784337604655,228452500,117.32019538879395,126.23575622558593,56.065310102881845,-2.571827725352364,-3.6374912281502265
2025-03-25,120.38639068603516,120.98487978418257,118.62083909476823,120.24674348347415,167447200,117.02452354431152,125.93237106323242,53.84891726992429,-2.183387151664647,-3.346670412853111
2025-03-26,113.47382354736328,118.5410383402261,112.42646191953317,118.4313220614094,293463300,116.15132904052734,125.54419494628907,53.60548382165412,-2.405601321214604,-3.1584565945254095
2025-03-27,111.14968872070312,114.1620883069464,110.3816290692769,111.06988814101668,236902100,115.71697731018067,125.13886016845703,48.59873009164089,-2.737687550524754,-3.0743027857252785
2025-03-28,109.39411926269531,112.58607411134861,108.79563010676111,111.20954068147716,229872500,114.95696868896485,124.60904693603516,53.32167213591129,-3.1067157775401597,-3.080785384088255
2025-03-31,108.10735321044922,110.68086470981991,103.38925640513808,104.86552901006266,299212700,114.67420616149903,124.10675918579102,49.53922489197145,-3.463084292588505,-3.1572451657883054
2025-04-01,109.8729019165039,109.92277156753886,106.20215922942107,108.24699756669231,222614000,114.38347282409669,123.55719818115234,41.99826969730213,-3.5619835538375355,-3.2381928433981515
2025-04-02,110.14221954345703,111.69830029652357,106.5213541109438,107.0200962834212,220601200,114.04087600708007,122.95078659057617,42.63697030392831,-3.5773922976365355,-3.3060327342458287
2025-04-03,101.54391479492188,105.36427425680411,101.344413349133,103.24961220285616,338769400,113.60398635864257,122.04793380737304,23.556038093733505,-4.234601324169759,-3.491746452230615
2025-04-04,94.07275390625,99.87811296890389,91.87829121020437,98.66118836013088,532273800,112.68781509399415,120.9926658630371,20.619767404561387,-5.297241158593607,-3.8528453935032134
2025-04-07,97.39437103271484,101.49403230771996,86.40209687721266,87.23998007579976,611041300,112.22248039245605,120.09559020996093,28.896792981330435,-5.804454008425992,-4.243167116487769
2025-04-08,96.05775451660156,105.58372634261488,94.2223791915971,103.54885717389794,476243400,111.6015468597412,119.65452056884766,24.372003707555393,-6.242320048657817,-4.642997702921779
2025-04-09,114.04238891601562,114.81044852614636,97.28464859296416,98.64122793388745,612918300,111.53122367858887,119.362294921875,46.40534393790596,-5.0795682471920856,-4.73031181177584
2025-04-10,107.29940032958984,110.58112503277279,98.90058321638736,109.09487535601897,437812400,111.1317310333252,119.04073364257812,42.12898822621042,-4.648595774337608,-4.713968604288194
2025-04-11,110.65094757080078,111.26939065397997,107.20962934859612,108.22706011361765,313417300,110.59608192443848,118.76725250244141,41.81249075291527,-3.990603934205865,-4.569295670271728
2025-04-14,110.4314956665039,114.00249160148302,108.79562187923341,113.82294410726054,264705000,110.15619125366212,118.58074371337891,42.14172748439256,-3.4471124286425123,-4.344859021945886
2025-04-15,111.9177474975586,113.33418114021705,110.22202704858428,110.69084593782598,228966900,109.99509735107422,118.49198196411133,48.65656104710751,-2.863455263360393,-4.048578270228788
2025-04-16,104.2271499633789,106.52136728458446,100.19731179816195,104.28700420641553,397016900,109.34523696899414,118.20971221923828,44.53026391063244,-2.9870369996880584,-3.8362700161206424
2025-04-17,101.23468780517578,104.20719461222582,99.79831546993584,104.1872406628714,292517500,108.49538040161133,117.74431564331054,43.67655199188024,-3.288534919691031,-3.72672299683472
2025-04-21,96.66621398925781,99.18984822876095,94.80091547691985,98.52152791683338,288501100,107.45849571228027,117.11074996948243,41.562453898010105,-3.8517117150407643,-3.751720740475929
2025-04-22,98.64122772216797,99.55891150664588,97.03527729423074,98.53150383378456,241004800,106.33532752990723,116.49354553222656,41.7424407129368,-4.0915019923613585,-3.8196769908530155
2025-04-23,102.45162200927734,104.53636836662163,101.76335533667917,104.25706634151078,247526000,105.43858909606934,115.87814315795899,44.62568155853539,-3.9287819873888736,-3.8414979901601876
2025-04-24,106.1622543334961,106.27197821529161,102.85060676252529,103.21967869312851,220815000,105.07301063537598,115.35231292724609,53.46400532600797,-3.4605175019326992,-3.7653018925146897
2025-04-25,110.73075103759766,111.63845793071249,105.46403435389149,106.58121206849437,251064700,105.0520637512207,114.95096633911133,63.06321506303127,-2.689769036909823,-3.5501953213937165
2025-04-28,108.45648193359375,110.09235573735528,105.75329251827114,109.4140660423662,207708500,105.00518188476562,114.42135116577148,58.81979594307137,-2.2366768172038007,-3.287491620555733
2025-04-29,108.7457504272461,109.9227823722281,107.16973079396023,107.39914795371472,170444300,105.03710174560547,113.82650695800781,60.287928703133076,-1.8331252915336052,-2.996618354751308
2025-04-30,108.64599609375,108.64599609375,103.81817538074749,104.20719367744803,235044600,104.97575645446777,113.2186962890625,43.83686400803028,-1.5040197377229276,-2.698098631345632
2025-05-01,111.32923126220703,114.6508560442669,111.02001354244473,112.79553450528941,236121500,105.03510704040528,112.66794143676758,55.072817585322,-1.0149864301285731,-2.3614761911022204
2025-05-02,114.21197509765625,115.10971266849934,113.08482035383273,113.89278036249011,190194800,105.66851005554199,112.15728713989257,54.53621999905534,-0.39031140818686083,-1.9672432345191486
2025-05-05,113.53367614746094,114.38153638068397,112.3765981799359,112.62596928442517,133163200,106.64155616760254,111.74637069702149,53.90605501978441,0.04944501933807999,-1.563905583747703
2025-05-06,113.25438690185547,114.4513652140045,110.541227943435,111.19957134225872,158525600,107.43455696105957,111.41265167236328,51.73576324599894,0.371140570947901,-1.1768963528085823
2025-05-07,116.7655258178711,117.38396890879066,111.99755142427854,112.7656187028628,206758800,108.46994552612304,111.22196563720703,68.26501729554646,0.8990425768092933,-0.7617085668850072
2025-05-08,117.07474517822266,118.38144728921775,115.55856464909375,117.95252869863282,198428100,108.6215633392334,110.94470626831054,75.03151563435884,1.3270625864801957,-0.34395433621196664
2025-05-09,116.35655975341797,117.9325869721132,114.92017974547274,117.05479580716789,132972200,109.07442131042481,110.87510299682617,85.42711112172658,1.589991533543028,0.042834837739032294
2025-05-12,122.69058990478516,122.69058990478516,119.97743092665668,121.66318211752383,225023300,109.67640342712403,110.83702896118164,87.40302167055704,2.28314919321933,0.49089770883509193
2025-05-13,129.6031494140625,130.88991289915035,124.15689275092413,124.66561195964681,330430100,110.63498611450196,111.15383987426758,88.51157953742451,3.351631888085066,1.063044544685087
2025-05-14,134.99952697753906,135.09928149974084,131.34873063875938,132.86491109788813,281180800,111.78907508850098,111.54007904052735,89.03589445095199,4.581047230857379,1.7666450819195454
2025-05-15,134.4907989501953,135.95710196840525,132.32626002340953,133.95214894900732,226632600,113.3022575378418,111.89001190185547,86.13464888576178,5.4514764205249975,2.503611349640636
2025-05-16,135.05938720703125,136.0070096021913,133.1242801768634,135.87733175434735,226542500,114.99349250793458,112.38556549072266,92.67195339843846,6.116668992228398,3.2262228781581883
2025-05-19,135.2289581298828,135.52819125301625,132.05695004104146,132.05695004104146,193154600,116.92162971496582,112.84222106933593,92.64370538556284,6.5816526591496824,3.8973088343564877
2025-05-20,134.0419464111328,134.24144022899694,132.28636428496227,133.9521612557517,161514200,118.69166564941406,113.38903869628906,89.50958096341382,6.776261119667495,4.47309929141869
2025-05-21,131.4684295654297,137.05433233394382,130.26146690418244,132.72525426375492,270608700,120.14250602722169,113.84887878417969,81.43875178978114,6.646214995690414,4.907722432273035
2025-05-22,132.495849609375,133.9122755767364,131.21907084385478,131.89735290411087,187344000,121.45918579101563,114.18981872558594,80.29746460012976,6.550546098693275,5.2362871655570835
2025-05-23,130.95973205566406,132.3462348885888,128.83510044085753,129.67298375994758,198821300,122.47063484191895,114.50322830200196,78.0777814984238,6.278402444639468,5.444710221373561
2025-05-27,135.15911865234375,135.31871978851976,132.974625664691,133.81250879901197,192953600,123.80576667785644,114.77913208007813,81.33558193917807,6.328629538837973,5.621494084866443
2025-05-28,134.4708709716797,136.904735369061,134.45091702175245,135.68780317037033,304021100,125.09202270507812,115.0839633178711,77.55356124740484,6.240957167586259,5.745386701410406
2025-05-29,138.83985900878906,143.12904506361895,137.56308016740775,141.8921589021039,369241900,126.60171585083008,115.55796798706055,80.07167539928182,6.449669231046357,5.886243207337596
2025-05-30,134.79006958007812,139.26876471984463,132.58562239610197,138.37103486307464,333170900,127.77475776672364,115.9092822265625,73.32155214402137,6.216629449061841,5.952320455682446
2025-06-02,137.03440856933594,137.7725372671851,135.05937854437917,135.14916370580715,197663100,128.9158794403076,116.28533401489258,70.24210992115573,6.142239232130876,5.990304210972132
2025-06-03,140.86474609375,141.64278269656361,137.60296789247522,138.43088175862894,225578800,130.28243293762208,116.75455078125,67.40671872361422,6.3195132609030935,6.056146020958325
2025-06-04,141.56297302246094,142.03179187100486,139.1889554677409,141.83229805086768,167120800,131.69786224365234,117.16371841430664,61.86868408156778,6.44208493860296,6.133333804487252
2025-06-05,139.63784790039062,143.63775490128222,138.48076233301106,141.8123566062966,231397900,132.84147834777832,117.54874755859375,58.85386891684817,6.3111315716373895,6.16889335791728
2025-06-06,141.3634796142578,142.90958336053123,141.1540012092415,142.1514855332369,153986200,134.05591506958007,118.10654067993164,60.4290515519192,6.274268283278985,6.189968342989622
2025-06-09,142.27120971679688,144.63524295526028,141.58294302195193,142.8297985646697,185114500,135.351647567749,118.72897109985351,61.37245905484997,6.246296674844274,6.201234009360553
2025-06-10,143.59786987304688,143.92702635161132,141.17397471532814,142.33106034435926,155881900,136.39701156616212,119.41304611206054,65.36247178365565,6.259029168736248,6.212793041235693
2025-06-11,142.4805908203125,144.6353103750697,141.52293261104455,144.25623511410478,167694000,137.0408836364746,120.10051086425781,68.57321241712489,6.108549127906571,6.191944258569869
2025-06-12,144.64527893066406,144.64527893066406,141.50299102868564,141.62269259555393,162365000,137.52317123413087,120.79595840454101,69.73428209570406,6.093720237165968,6.172299454289089
2025-06-13,141.62269592285156,143.22875794239724,140.50544068193668,142.13144281545507,180820600,137.87976608276367,121.4255679321289,66.52198666340077,5.771540322291088,6.0921476278894895
2025-06-16,144.33602905273438,145.82237413621124,142.84966874779792,142.99931091676874,183133700,138.34359817504884,122.28141021728516,64.90582891178313,5.669795848664194,6.007677272044431
2025-06-17,143.7674102783203,144.86472525299953,143.42824573031362,144.13651543605366,139108000,138.7705207824707,123.27530334472657,65.15905037540705,5.480108557138152,5.902163529063175
2025-06-18,145.1240997314453,145.2936820241915,142.7698725249477,143.6576946584193,161494100,139.32462844848632,124.22989791870117,61.36348335502042,5.3772677175064985,5.79718436675184
2025-06-20,143.49807739257812,145.84231899007767,142.30100101266686,145.09415386336235,242956200,139.92611083984374,125.17870437622071,67.25912027745821,5.105703822187365,5.658888257838946
2025-06-23,143.8173065185547,144.42581484809375,141.68254233682853,142.1513937655616,154308900,140.49218368530273,125.77420272827149,64.55422917498838,4.860220998899138,5.499154806050985
2025-06-24,147.53817749023438,147.59804349475166,145.1440548392029,145.20390562225958,187566100,141.32110595703125,126.57897827148437,64.38692962164694,4.909325633677412,5.381188971576271
2025-06-25,153.9324951171875,154.0721520137232,148.8948463426075,148.90483162044157,269146500,142.25977478027343,127.44460922241211,71.40886990923039,5.401939210839828,5.385339019428982
2025-06-26,154.64076232910156,156.33660039378947,153.6232534017049,155.59840525486092,198145700,143.26826934814454,128.32879455566408,77.10855265515931,5.782829406879415,5.4648370969190685
2025-06-27,157.36407470703125,158.32173282582838,154.88016085316636,155.65825141530053,263234500,144.19448013305663,129.2377210998535,77.90515788302781,6.232590754074266,5.618387828350108
2025-06-30,157.603515625,158.2718747820143,155.57848281781088,158.01250107649778,194580300,145.33515243530275,130.30524841308593,77.37783459593895,6.533041902693697,5.801318643218826
2025-07-01,152.92498779296875,156.81544119896878,151.1194180014287,155.9076636637482,213143600,146.1296813964844,131.3390544128418,64.87427741023049,6.320771586348087,5.905209231844678
2025-07-02,156.8653106689453,157.21446053326332,152.59578228626097,152.6057523429847,171224100,146.92970962524413,132.54303634643554,71.04492285602157,6.396759099701086,6.00351920541596
2025-07-03,158.95021057128906,160.5861981093371,157.38405910191088,157.98258221790178,143716100,147.79907150268554,133.74921600341796,70.9771658110111,6.549712737988557,6.11275791193048
2025-07-07,157.85289001464844,158.92026447090194,156.95508262544374,157.81297934590498,140139000,148.70982360839844,134.8572413635254,75.22474707949743,6.507372065598702,6.191680742664124
2025-07-08,159.60858154296875,159.82804456030718,158.0025195823342,158.94022243433284,138133000,149.622078704834,135.92616790771484,74.46463402114773,6.5400962525598345,6.261363844643267
2025-07-09,162.48153686523438,164.01776272716893,160.76574343834326,160.82559421950873,183656400,150.63259506225586,136.9611836242676,77.91664219733255,6.7203854703020625,6.353168169775026
2025-07-10,163.6985626220703,164.0975779997467,161.214648514871,163.91802564623063,167704100,151.63762969970702,138.0660252380371,77.8242392823869,6.882136792778709,6.458961894375763
2025-07-11,164.5165557861328,167.4792915182188,163.07010595303956,163.319494380175,193633300,152.73942794799805,139.18144134521484,82.26644972473892,6.995689143501551,6.56630734420092
2025-07-14,163.66864013671875,165.08516454052796,161.62365204151925,164.96544774793,136975800,153.6905960083008,140.28189422607423,79.98794007100422,6.937291712422308,6.640504217845199
2025-07-15,170.28240966796875,171.97824787505814,168.78607915204378,170.77121644956358,230627400,155.12358169555665,141.46095779418945,81.59644320989538,7.340075434583298,6.780418461192819
2025-07-16,170.95077514648438,171.32985042878116,168.4868162544787,170.64153593048928,158831500,156.45431900024414,142.595733795166,78.1146962440131,7.625316047843654,6.9493979785229865
2025-07-17,172.5767822265625,173.7339481189201,170.4120926228971,171.59918390717252,160841100,157.89478759765626,143.77659591674805,78.75878638413228,7.8916069387194625,7.137839770562282
2025-07-18,171.98822021484375,173.82371518980958,170.8410244393951,173.21520688358655,146456400,159.23799362182618,144.9512725830078,75.1716881804362,7.9633557447247085,7.3029429653947675
2025-07-21,170.9607696533203,172.9558771895842,170.58169435056217,172.32741344479308,123126100,160.6111282348633,146.0351774597168,72.3838527962524,7.846856835750032,7.411725739465821
2025-07-22,166.6213836669922,170.97071815657463,164.17738028748298,170.9208374301641,193114300,161.75133209228517,147.0261102294922,73.21606758678412,7.319998046780739,7.393380200928805
2025-07-23,170.36221313476562,170.84103463039327,167.55908978070133,169.1152710575868,154082200,162.8925338745117,148.10622329711913,73.03369382084648,7.122211909869009,7.339146542716846
2025-07-24,173.3149871826172,173.40476336343244,170.88095369299285,172.01816431437092,128984600,163.8616584777832,149.11871124267577,73.80951176603294,7.121635380095881,7.295644310192654
2025-07-25,173.0755615234375,174.29257821699642,172.53688923976992,173.18529303585547,122316800,164.7833984375,149.98815948486327,75.97003028521834,7.020925962246821,7.240700640603488
2025-07-28,176.317626953125,176.56701539294556,173.54442872003753,173.59430945229414,140023500,165.7310760498047,150.814521484375,77.12989619205709,7.120638322001128,7.216688176883016
2025-07-29,175.08062744140625,178.94117023690123,174.59183591750704,177.52464594674228,154077500,166.604931640625,151.62631805419923,71.60443887184081,7.018935641990623,7.177137669904538
2025-07-30,178.8314666748047,179.44994513464422,175.60935707311754,176.07820855766118,174312200,167.9002555847168,152.5017596435547,73.87467067759529,7.1584784310627185,7.173405822136175
2025-07-31,177.4348602294922,182.8515843840116,175.4996037416905,182.4525537970388,221685400,168.92873306274413,153.34587768554687,70.0153481563299,7.074818524515194,7.153688362611979
2025-08-01,173.29501342773438,176.10810667785404,170.47193489983317,173.66410339060943,204529000,169.6459732055664,154.13093902587892,63.5342813942193,6.59840411184328,7.0426315124582395
2025-08-04,179.5596466064453,179.75915428060495,174.09305718288007,174.7314908730668,148174600,170.73131103515624,155.09276336669922,63.17273247648922,6.649692285836892,6.96404366713397
2025-08-05,177.82391357421875,179.81902093485988,175.46968627980374,179.18058718831315,156407600,171.64207763671874,155.9993246459961,59.47204929760501,6.475632325160404,6.866361398739257
2025-08-06,178.98106384277344,179.45988530544022,175.81882077930385,175.89862689332494,137192300,172.4670539855957,156.95975128173828,58.94145492427551,6.357772464855145,6.764643611962436
2025-08-07,180.32778930664062,183.43018196887525,178.3626072705472,181.12583532286254,151878400,173.29851531982422,157.86312469482422,61.402055007714836,6.300409962134069,6.671796881996763
2025-08-08,182.2530517578125,182.85159004607542,179.95867528141937,181.10587113034643,123396700,174.1853401184082,158.8187683105469,65.0691238234167,6.337250476481614,6.604887600893734
2025-08-11,181.6146240234375,183.39026839012567,179.80905426349312,181.6046539661726,138323200,175.08263931274413,159.67426361083983,72.20081564409901,6.242966040519093,6.5325032888188055
2025-08-12,182.71192932128906,184.02869221788941,179.0209838780724,182.51242163652668,145485700,175.70411529541016,160.63270080566406,69.83966987771414,6.185485881795643,6.4630998074141734
2025-08-13,181.14578247070312,183.51996527523906,178.9112718042809,182.17326161923742,179871700,176.2138656616211,161.5149282836914,63.16667992231336,5.945026910306922,6.359485227992724
2025-08-14,181.57472229003906,182.57227595462552,179.02098734413144,179.3102712094187,129554000,176.66376266479492,162.3291278076172,64.19997195701777,5.723100956292058,6.232208373652591
2025-08-15,180.00857543945312,181.45502536718294,177.6044671914236,181.43508525115985,156602200,177.06478042602538,163.09803985595704,56.53247576753687,5.359072030378485,6.05758110499777
2025-08-18,181.56472778320312,182.49246055927404,180.14820347806383,180.15818875593718,132008000,177.59497833251953,163.93657745361327,61.34777644018932,5.136929645413375,5.873450813080892
2025-08-19,175.2103271484375,182.0535459787435,175.06070018553257,181.98370991508045,185229200,178.0244255065918,164.61351440429686,44.19195441963598,4.397442203189769,5.578249091102667
2025-08-20,174.9709014892578,175.56943975883806,168.38705663117767,174.74146841521826,215142700,178.2548599243164,165.2675082397461,45.89563164540746,3.7488589157786976,5.212371056037873
2025-08-21,174.5519256591797,176.46722675550242,173.38478976711397,174.42225404103465,140040900,178.31670684814452,165.88658935546874,52.3899826901573,3.1645650042592024,4.802809845682139
2025-08-22,177.55458068847656,178.15310374912357,170.78118284108405,172.1877371490149,172789400,178.5406578063965,166.58806915283202,45.6474905930362,2.9102494918244872,4.424297774910609
2025-08-25,179.3701171875,181.46498591558236,176.13805314258047,177.91369740024777,163012800,178.69328231811522,167.28256591796875,53.34484238323156,2.822663332524769,4.103970886433441
2025-08-26,181.32533264160156,181.94381103857447,178.37256711704984,179.61950918930867,168688200,179.005517578125,168.07661865234374,54.90200708081161,2.8778461974174547,3.858745948630244
2025-08-27,181.15574645996094,182.04356858750407,178.6618623689453,181.53480649120215,235518900,179.12173156738282,168.81301300048827,51.820952582946454,2.8747564252518885,3.661948043954573
2025-08-28,179.729248046875,184.01873199506826,175.97845161993425,180.37766708382995,281787800,179.23645095825196,169.53224975585937,44.324810255143355,2.7257801613973243,3.4747144674431234
2025-08-29,173.75389099121094,177.714180280125,172.72641192849127,177.67428483075477,243257900,179.25939483642577,170.1048455810547,35.745256867670435,2.1013311848611806,3.200037810926735
2025-09-02,170.36221313476562,171.9583050821389,166.81092453439402,169.58412249632292,231164900,178.7995231628418,170.64212829589843,29.325285016182633,1.3175825430738541,2.823546757356159
2025-09-03,170.20262145996094,171.98825125424256,168.4668876205481,170.6415475595936,164424900,178.4184585571289,171.16983459472655,30.774596349384638,0.6757883164118823,2.3939950691673038
2025-09-04,171.2400665283203,171.43957421789176,168.99557077235426,170.15273668191406,141670100,178.03140869140626,171.6438723754883,32.22371766741345,0.2480159412448586,1.964799243582815
2025-09-05,166.61141967773438,168.61649709218636,163.66863936987482,167.61894341349083,224441400,177.34559020996093,171.89745086669922,29.152396203154424,-0.45919653383296577,1.4800000880996589
2025-09-08,167.8982696533203,170.54179623040895,166.94062657490792,167.140134281122,163769100,176.62785110473632,172.1626010131836,28.55357911669897,-0.9053926739887004,1.002921535681987
2025-09-09,170.34225463867188,170.5617176578999,166.3320999523285,168.6763418810487,157548400,176.06423263549806,172.4221646118164,41.291913096549564,-1.049696914037213,0.592397845738147
2025-09-10,176.8961944580078,178.85139113084074,175.04074401948455,176.2078799889887,226852000,175.773445892334,172.80801818847655,52.80933750257164,-0.6279720234838919,0.34832387189373926
2025-09-11,176.74655151367188,179.84911904071384,176.05819821844705,179.25054698686972,151159300,175.55348434448243,173.28444946289062,53.22771109374628,-0.3023417370032462,0.21819075011434216
2025-09-12,177.39498901367188,178.1731234709029,176.02825318201792,177.34510547722002,124911000,175.34449768066406,173.69504302978515,49.747819977364315,0.007954404678173432,0.17614348102710845
2025-09-15,177.32516479492188,178.4225418052247,174.0929031464731,175.2501343169162,147061600,175.2103271484375,174.0625421142578,46.5799694790513,0.24540324575701788,0.18999543397309035
2025-09-16,174.46202087402344,177.0757538913052,173.96321593348455,176.5769489507663,140737800,174.8551918029785,174.3947247314453,38.8599334658205,0.20024309911457294,0.1920449670013869
2025-09-17,169.88299560546875,172.78604428027472,168.0074992073941,172.22738513096226,211843800,174.58882522583008,174.60021301269532,33.99396565283914,-0.20269912379899324,0.11309614884131089
2025-09-18,175.81878662109375,176.67673180432445,172.54662713675344,173.56417834624654,191763300,174.63121948242187,174.8669580078125,45.07788161993769,-0.04257424165808743,0.08196207074143123
2025-09-19,176.24774169921875,177.65437533147113,174.76129744715922,175.34989886544702,237182100,174.71601028442382,175.11794158935547,53.64843887078476,0.11758354108516755,0.08908636481017851
2025-09-22,183.17115783691406,184.10891359634738,174.2924356467209,174.88102184557565,269637000,174.9968391418457,175.4910336303711,66.98407341629449,0.7940186064570582,0.23007281313955447
2025-09-23,178.0035400390625,181.98400930831284,175.78885990523673,181.53508786527138,192559600,174.92851028442382,175.77773162841797,59.13098954342641,0.9027088349801033,0.36460001750766424
2025-09-24,176.54702758789062,179.35030900890538,174.98077271717747,179.34033838980653,143564100,174.6895950317383,175.9030239868164,56.151459507376686,0.8613886893137419,0.4639577518688798
2025-09-25,177.2653045654297,179.82915407834395,172.7162058826927,174.06297010669513,191586700,174.4950729370117,176.02931457519531,63.580333118474236,0.8764974088453528,0.5464656832641743
2025-09-26,177.7641143798828,179.3403398828169,174.51189629291883,177.74415791919978,148573700,174.3968162536621,176.13306121826173,62.83365991380816,0.9181372465675395,0.6207999959248474
2025-09-29,181.41537475585938,183.56023005067578,179.88903275637574,179.99875523700084,193063500,174.77989044189454,176.32160430908203,63.96546468412934,1.2315665825067867,0.7429533132412353
2025-09-30,186.13406372070312,186.90222763381766,181.04624695721463,181.6448190078555,236981000,175.5684829711914,176.62507019042968,62.21636505766832,1.839515562760056,0.9622657631449993
2025-10-01,186.79248046875,187.6903232769056,183.46045188172369,184.79726069745416,173844900,176.39797592163086,177.02849212646484,63.10856874347926,2.3473889994093895,1.2392904103978775
2025-10-02,188.4385528564453,190.59339411626704,187.6105347272827,189.14686265639136,136805800,177.2579002380371,177.39001892089843,64.04468522677746,2.8498552841284948,1.561403385144001
2025-10-03,187.1715545654297,189.90501102540352,184.93691825112066,188.7378093314507,137596900,178.28590698242186,177.66715026855468,62.15214049857273,3.1099773781820375,1.8711181837516087
2025-10-06,185.09654235839844,186.78250559975277,182.8918329061041,185.0566446584491,157678100,179.14582061767578,177.9075698852539,63.38522429062214,3.112807362669571,2.1194560195352015
2025-10-07,184.5977325439453,188.6081286768816,183.56022492696124,185.78489078203316,140088000,179.85859451293945,178.07317199707032,70.64088420967917,3.03975990249495,2.3035167961271514
2025-10-08,188.6580047607422,189.14683908131633,186.09414006589398,186.12408236678675,130168900,180.44668502807616,178.34471954345702,69.01029464193326,3.2717842070884444,2.4971702783194103
2025-10-09,192.1097412109375,194.83321191134357,190.60334055524348,191.77054228398893,182997200,181.21484451293946,178.6102850341797,71.55637414492571,3.691636536263161,2.7360635299081606
2025-10-10,182.72222900390625,195.15243956582322,181.6148814298513,193.04748211324375,268774400,181.48120651245117,178.71603240966797,49.4282034966636,3.2296493641295854,2.834780696752446
2025-10-13,187.86990356445312,189.65561858658472,185.51554359294212,187.52073401073042,153482800,182.00844345092773,179.00753021240234,62.573083495438624,3.2415291872123646,2.9161303948444295
2025-10-14,179.59971618652344,184.35831986008523,179.2705030798172,184.32839277968645,205641400,182.26532821655275,179.0083316040039,53.31455657299824,2.55416619010947,2.8437375538974377
2025-10-15,179.4001922607422,184.42813951825556,176.86625456034105,184.35831474003746,214450500,182.7411880493164,179.03985717773438,52.344434397996196,1.970610181888361,2.6691120794956227
2025-10-16,181.37545776367188,182.84194556906473,179.34034021746592,181.79445210488134,179723300,183.0190216064453,179.08774505615236,53.84124733540885,1.6485221223261988,2.4649940880617383
2025-10-17,182.7821044921875,183.66000615888444,179.32039659193174,179.74936158304564,173135200,183.34573974609376,179.1368313598633,51.52663506928064,1.4895984856582345,2.2699149675810375
2025-10-20,182.20347595214844,184.75735492260156,181.2956472677441,182.69231029505525,128544700,183.29735565185547,179.13583984375,45.162086398249905,1.3019517815345125,2.0763223303717324
2025-10-21,180.72702026367188,182.35311411361405,179.37027013728058,182.35311411361405,124240200,183.43352966308595,179.1180877685547,42.68177640706604,1.022318134703994,1.865521491238185
2025-10-22,179.84910583496094,183.00155667206866,176.33751483638122,180.7070509305708,162249600,183.59863357543946,179.06083129882813,39.44075494405974,0.7215485352136284,1.6367269000332738
2025-10-23,181.72463989257812,182.59255571493648,179.3602938591047,179.98879302554099,111363700,183.82160034179688,179.07240844726562,43.40266496340841,0.6272953147366707,1.4348405829739534
2025-10-24,185.81480407714844,187.0219186862977,183.06140638753934,183.40059008116805,131296700,184.22413482666016,179.1572100830078,50.829471909462946,0.8725824380354084,1.3223889539862446
2025-10-27,191.03233337402344,191.54110896467577,187.9796341631504,189.5359184602369,153452700,184.70498275756836,179.37768524169923,56.70060895270431,1.471028163014097,1.3521167957918152
2025-10-28,200.54953002929688,202.6644582837766,191.45133202040452,192.58860677151606,297986200,185.42575607299804,179.7573812866211,61.119400834222944,2.6823386133409883,1.6181611593016498
2025-10-29,206.545166015625,211.6828666070652,204.29057291407037,207.482921843539,308829600,186.41339035034179,180.38407806396484,62.885120793580924,4.07908740822333,2.110346409085986
2025-10-30,202.4050750732422,205.66726375798942,200.9286166610889,204.65966800141675,178864400,187.11171646118163,180.93276153564454,69.38492005646856,4.79665727310379,2.6476085818895467
2025-10-31,202.0060272216797,207.4729250244422,201.58703290468912,205.95655376605836,179802200,187.85344009399415,181.48184356689453,65.35873380073642,5.272360247194825,3.172558914950603
2025-11-03,206.3855438232422,210.83487551397138,205.06869143040765,207.58267267525224,180267300,188.91789016723632,182.05846282958984,81.79013508266642,5.934341277764673,3.724915387513417
2025-11-04,198.21511840820312,203.4824975937368,197.4569251230167,202.51481474882632,188919300,189.59875946044923,182.4353628540039,68.77735196020414,5.733587735526925,4.126649857116119
2025-11-05,194.74343872070312,202.43500266122365,194.18476438007542,198.29492759193732,171350300,189.90303115844728,182.70372497558594,62.95435712625383,5.234019056588238,4.348123697010543
2025-11-06,187.63047790527344,197.1476699621838,185.9345440647224,195.95054108781363,223029800,189.67906799316407,182.8332196044922,54.23048707259822,4.2155564760568325,4.321610252819801
2025-11-07,187.70030212402344,187.86990920765928,178.4823961188316,184.45806985353664,264942300,189.92797164916993,182.99264068603514,54.839268682580844,3.375145201340672,4.132317242523976
2025-11-10,198.5742645263672,199.46213677715232,193.32682642239038,194.6436788693004,198897100,190.46318969726562,183.48904815673828,63.481526305779845,3.545678722461247,4.01498953851143
2025-11-11,192.69833374023438,194.9529266552934,190.84277869998112,194.69355355890158,176483300,191.11812057495118,183.93577056884766,59.02466522701334,3.170145791995708,3.846020789208286
2025-11-12,193.33680725097656,195.4218083488666,190.673190567689,195.25221648764446,154935300,191.8149513244629,184.39845428466796,58.30004473864972,2.8907301773369625,3.6549626668340216
2025-11-13,186.4133758544922,190.98243076168436,183.4105757073767,190.59336353184335,207423100,192.0668472290039,184.7019204711914,50.411187727511724,2.0865754940261922,3.341285232272456
2025-11-14,189.71546936035156,190.55345800755302,180.14839424900484,182.42294356130517,186591900,192.41351547241212,185.16400146484375,49.07093339855667,1.6961760019393068,3.0122633862058263
2025-11-17,186.1540069580078,188.54826454585316,183.8794576828592,185.52550787171305,173628900,192.61104202270508,185.5291162109375,38.911941712724655,1.086872550095194,2.6271852189837004
2025-11-18,180.926513671875,184.358293814419,179.22059421855408,182.9416897271721,213598900,192.62101669311522,185.74080139160156,30.03110446542709,0.18010402739085407,2.137768980665131
2025-11-19,186.07418823242188,187.41098174033533,182.39300555425,184.34831228056447,247246400,192.9322708129883,185.92436126708984,37.46746727289035,-0.12173891323010366,1.6858674018860842
2025-11-20,180.208251953125,195.53154064523628,179.42014682895694,195.4816571057099,343504800,192.85645141601563,185.9935952758789,34.5670431045789,-0.8247761463872223,1.1837386922314228
2025-11-21,178.45245361328125,184.11887021564362,172.51666286870193,180.80681345200097,346926200,192.48833389282225,186.0147445678711,29.46010119245709,-1.5062533203139594,0.6457402897223464
2025-11-24,182.1136932373047,183.06141961318156,176.0581937395723,179.0610093294625,256618300,192.04240188598632,186.11051513671876,37.31930828767047,-1.7309442037211795,0.17040339103364122
2025-11-25,177.39498901367188,177.73417270583553,169.14475137656873,174.49194072660026,320600300,190.8846748352051,186.1691744995117,36.60040655542334,-2.2636790595155674,-0.3164130990762005
2025-11-26,179.8291473388672,182.4728225932506,177.81398638784032,181.1958831941039,183852000,189.5488739013672,186.3680975341797,43.50497301466878,-2.4610891335893825,-0.745348305978837
2025-11-28,176.5769500732422,178.86147001761242,176.07814512953246,178.5821404669205,121332800,188.2574676513672,186.38326080322267,41.20524505103511,-2.847143085935386,-1.1657072619701467
2025-12-01,179.489990234375,179.8690869073362,173.26489832447646,174.34231895632354,188131000,187.13166580200195,186.4481057739258,32.73779734588392,-2.884781661547038,-1.5095221418855251
2025-12-02,181.02630615234375,185.2162648499111,179.56978894419797,181.32557695606172,182632200,185.86370391845702,186.40520874023437,38.54291169628377,-2.758840453409988,-1.7593858041904178
2025-12-03,179.1607666015625,182.01393165685582,178.68191808959097,180.6472109015755,165138000,184.910986328125,186.42835327148438,36.41232857839448,-2.77754675930899,-1.9630179952141322
2025-12-04,182.95188903808594,184.08922700452197,179.53987513877786,181.19598816136636,167364900,184.32140884399413,186.55645050048827,46.47023164163201,-2.458124021025043,-2.0620392003763146
2025-12-05,181.98416137695312,184.22890867632069,180.48766317737477,183.46070200471706,143971100,184.03909301757812,186.65082763671876,41.72208649315928,-2.257048879713153,-2.1010411362436825
2025-12-08,185.1168212890625,187.5610985176648,181.97416608957425,182.21361127014939,204378100,183.90991897583007,186.79788177490235,48.879193358231724,-1.8238912246741563,-2.0456111539297774
2025-12-09,184.53819274902344,185.28644189022677,182.89205072764324,185.12681175320978,144719700,183.2081153869629,186.8603381347656,54.338796996836486,-1.5098960083969075,-1.9384681248232036
2025-12-10,183.3509521484375,185.04698034073257,181.61500881382975,184.53817644999398,162785400,182.74074630737306,186.80467590332032,46.38447457281008,-1.341390220096514,-1.819052543877866
2025-12-11,180.50759887695312,180.89670300875093,176.20766331092784,179.85912243695617,182136600,182.0992858886719,186.67897827148437,50.432111111013214,-1.4209037213460078,-1.7394227793714943
2025-12-12,174.61141967773438,182.39321360477518,174.21234434473615,180.6871989054384,204274900,181.509188079834,186.40243560791015,45.047419454607414,-1.9373584664637917,-1.779009916789954
2025-12-15,175.87843322753906,178.0034654802094,174.6213802569945,177.52459033283526,164775600,180.81733627319335,186.17657318115235,41.43128783360888,-2.218837787395472,-1.8669754909110579
2025-12-16,177.3050994873047,178.0733061224419,174.4916756985292,175.84850127733236,148588100,180.3748908996582,186.02074432373047,49.86418174515967,-2.3002759835013933,-1.953635589429125
2025-12-17,170.5409393310547,175.71882560019336,169.91240520818417,175.68889685369163,222775500,179.8556121826172,185.73960845947266,37.58985809454764,-2.8774579902538733,-2.138400069594075
2025-12-18,173.73345947265625,175.7387615308714,171.41888356310693,174.1225483861358,176096000,179.23857574462892,185.44111755371094,46.194692650844345,-3.0422005997441204,-2.3191601756240843
2025-12-19,180.56747436523438,181.0263919449467,175.92832091222974,176.2575523358494,324925900,179.25653686523438,185.21027221679688,51.30499288125218,-2.5914399109083774,-2.373616122680943
2025-12-22,183.26116943359375,183.73007341419415,181.9243013805983,183.49062822521734,129064400,179.49697265625,185.22105102539064,52.63293571325333,-1.993866090431112,-2.297666116230977
2025-12-23,188.76829528808594,188.88801027625055,182.47301321780614,182.54285710968043,174873600,179.82970275878907,185.23901885986328,60.424359039309785,-1.0636444695799696,-2.0508617869007755
2025-12-24,188.169677734375,188.4689804086018,186.154389299292,187.50124372172942,65528500,180.36843719482422,185.41041809082031,56.08281305088599,-0.37047001912847577,-1.7147834333463157
2025-12-26,190.085205078125,192.240166195598,187.5611125998212,189.47662851874142,139740300,180.8812400817871,185.62411834716798,59.23987653014625,0.3296428571555339,-1.3058981752459458
2025-12-29,187.7805938720703,188.31932652162573,185.47598909796272,187.2717899684254,120006100,181.44142227172853,185.75222106933595,53.0967363581502,0.6905640986938124,-0.9066057204579943
2025-12-30,187.10218811035156,188.5488153175326,186.49361152385626,187.80056616478433,97687300,181.82203216552733,185.83862274169923,52.97384255981877,0.911349636301054,-0.5430146491061846
2025-12-31,186.06460571289062,190.11512498868174,186.05463453876877,189.12744593978846,120100500,182.07394714355468,185.91584533691406,53.15838789056728,0.9911739017366017,-0.23617693893762737
