Date,Close,High,Low,Open,Volume,SMA_20,SMA_50,RSI,MACD,MACD_Signal
2023-01-02,61.92799377441406,63.803898056149634,60.993902342975254,61.06337744354621,7749060,,,,0.0,0.0
2023-01-03,61.711849212646484,62.45294649730918,61.38761436521095,62.14415448960364,1858912,,,,-0.017242301223625134,-0.003448460244725027
2023-01-04,60.63881301879883,62.45295830880977,60.445818713697264,61.81993722366539,2277612,,,,-0.11615306207644238,-0.0259893806110685
2023-01-05,61.58060836791992,62.14415422127808,60.90899208550676,60.98618861467041,3589864,,,,-0.11719459259161624,-0.044230423007178055
2023-01-06,63.541446685791016,64.07411288241519,61.294995911242204,61.758181091484516,6016343,,,,0.03974509509808399,-0.02743531938612565
2023-01-09,65.48682403564453,66.312839363013,63.309848675402115,63.52600133830701,9556450,,,,0.31743740145184773,0.04153922478146903
2023-01-10,65.17802429199219,67.93398219783852,64.14357195496284,67.93398219783852,4541910,,,,0.5067514807088642,0.1345816759669481
2023-01-11,67.6020278930664,68.0420545620493,65.46365412372924,65.96543447857212,12916671,,,,0.8426673402613574,0.27619880882583
2023-01-12,66.98445129394531,68.86035590825448,66.63706395006945,67.92626431121333,5546368,,,,1.0469808651630501,0.43035522009327404
2023-01-13,63.33300018310547,66.31283217523206,62.993328384090724,66.31283217523206,6502396,,,,0.9038403089915477,0.5250522378729288
2023-01-16,60.99391174316406,63.278963230783035,60.40720750359284,63.278963230783035,4066153,,,,0.5947990255115201,0.5390015954006471
2023-01-17,57.24211883544922,61.912578036990524,56.4778629460551,61.46483567243083,5105207,,,,0.04660600421502181,0.44052247716352205
2023-01-18,58.73973846435547,59.31872132634213,57.357904550032686,57.5122976240085,5724570,,,,-0.26395284269101893,0.2996274131926139
2023-01-19,61.32587432861328,62.09013015330194,59.12573446496091,59.12573446496091,10995702,,,48.70865523822489,-0.29795873251774196,0.18011018405054272
2023-01-20,61.18690872192383,62.375754204013184,60.44581138693008,61.52657465272216,3449930,,,48.42003817523359,-0.33229155804361454,0.07762983563171126
2023-01-23,63.08595657348633,63.471945044063496,61.37988824030127,61.758155292346224,3790890,,,52.73339658904789,-0.20391270033334052,0.021321328438700902
2023-01-24,65.23207092285156,65.95773134800501,63.08597533070323,63.08597533070323,7615354,,,58.762880745874824,0.07019282232731427,0.031095627216423578
2023-01-25,66.36688232421875,67.3550122201653,65.84965900207777,66.39004069838644,5623599,,,59.064355622366456,0.37467420888187064,0.099811343549513
2023-01-26,66.62162017822266,67.27779947709246,64.84607064978216,66.70653812287,5701519,,,56.23629954850201,0.629279178622852,0.2057049105641808
2023-01-27,66.88409423828125,67.54799500320446,65.54085575819565,66.7374167072789,4688381,63.28321075439453,,53.035878275110974,0.8425228357337318,0.33306849559809104
2023-01-30,66.59846496582031,68.29681819973294,66.39003373046809,67.39360636367637,5019786,63.51673431396485,,53.0893317664878,0.9772074361145187,0.4618962837013766
2023-01-31,67.77960205078125,68.11926802146445,66.04265331144741,66.69883276836312,4506916,63.820121955871585,,50.408280614994275,1.1658150536050016,0.6026800376821015
2023-02-01,67.39360809326172,68.93756240568725,67.08481605283295,67.93398974672334,5230319,64.15786170959473,,50.95086407372445,1.2695073720805539,0.736045504561792
2023-02-02,67.17743682861328,67.39359533880753,65.54084933659136,66.95356867863144,5157941,64.4377031326294,,60.63190343264782,1.3190360406910884,0.8526436117876512
2023-02-03,66.34371948242188,67.47080543719464,65.8264903053927,67.46308401641913,1261253,64.57781677246093,,66.13881762981873,1.2763014367360341,0.9373751767773278
2023-02-06,71.31524658203125,71.31524658203125,70.41203473531544,71.31524658203125,10552549,64.86923789978027,,89.5444036931689,1.6248642200821166,1.0748729854382857
2023-02-07,76.65733337402344,76.65733337402344,75.29093051986882,76.65733337402344,16106888,65.44320335388184,,91.40202340589971,2.3055871224058393,1.3210158128317966
2023-02-08,77.02787017822266,77.88476518682079,73.56941624435197,75.65375195246133,22259031,65.91449546813965,,90.42124200400266,2.8422010260154593,1.6252528554685293
2023-02-09,81.79096984863281,82.80226383559389,77.73809014996618,78.74166271695168,18217949,66.65482139587402,,92.84107884785033,3.610197636158105,2.0222418116064445
2023-02-10,78.0160140991211,84.60870010671769,76.81945297062357,78.7416745532433,38731937,67.3889720916748,,78.79694041268435,3.8696264574067243,2.3917187407665006
2023-02-13,76.27134704589844,77.58370588406997,75.11338128643472,77.19771729758206,15131425,68.15284385681153,,71.62736610505925,3.889608629838378,2.691296718580876
2023-02-14,72.51953887939453,77.1899973299986,71.8093153906993,77.1899973299986,12752194,68.91671485900879,,60.93279196350499,3.5616486134202745,2.8653670975487557
2023-02-15,73.9399642944336,74.49578873825521,71.26892428581773,72.17213606216897,7173531,69.67672615051269,,62.486839241398776,3.37742158394002,2.967777994827009
2023-02-16,72.07951354980469,74.80459213348757,71.79387986445384,74.26420455766588,6685151,70.21440811157227,,58.406227116536726,3.046183007608292,2.983458997383266
2023-02-17,73.01360321044922,73.33011079208336,71.80159927157021,71.8401945967986,4774367,70.80574283599853,,60.166406756864916,2.82646554315356,2.9520603065373248
2023-02-20,69.26177978515625,72.9518290308152,68.70595538351908,72.85918966730324,5383683,71.11453399658203,,52.17192109569144,2.322821039433123,2.8262124531164843
2023-02-21,70.427490234375,70.79031461061228,69.55515213374261,69.99517895018116,3211839,71.3743049621582,,54.346402807006505,1.9947480191974307,2.6599195663326736
2023-02-22,70.08007049560547,70.90608564268497,68.40488183400676,70.43517920568742,10388052,71.55996437072754,,54.142794172861095,1.6872641863565434,2.4653884903374474
2023-02-23,68.42034149169922,69.78674452133345,67.82592160115777,69.78674452133345,5525692,71.64990043640137,,52.89559221305938,1.294729933119953,2.2312567788939486
2023-02-24,67.67152404785156,69.06880089243232,67.40132731660057,68.59017290906166,5213678,71.68927192687988,,44.24110777553548,0.9126993695863916,1.9675452970324372
2023-02-27,66.33599090576172,68.08837629079346,66.00404052484339,67.31639920863155,2249423,71.67614822387695,,31.321586669453808,0.4964482857442505,1.6733258947748
2023-02-28,63.7807502746582,66.76829788937543,63.24808418967605,66.08123873991161,5333028,71.4762056350708,,27.783554758677653,-0.039168748074729365,1.3308269662048942
2023-03-01,62.41436004638672,63.31757202348452,61.29499537969822,63.30985649151276,6085035,71.22724323272705,,13.325576015505405,-0.5673651460790694,0.9511885437481014
2023-03-02,63.33300018310547,64.0740974711868,61.75816623728849,61.83536276714156,4211620,71.03502140045165,,18.84009022866087,-0.9014466988960379,0.5806614952192736
2023-03-03,68.0266342163086,68.08067238569852,62.42207799368495,62.42207799368495,13422769,71.119167137146,,34.44963724727536,-0.778497659862964,0.3088296642028261
2023-03-06,68.51778411865234,71.17959244498886,68.0266210634632,68.79505456013692,8787996,70.97929401397705,,41.393725593148034,-0.6341182477855369,0.1202400818051535
2023-03-07,67.57506561279297,69.19908167628675,67.17896324939804,69.0802497584598,3637278,70.52518062591552,,36.02432550693774,-0.5889766718642591,-0.02160326892872902
2023-03-08,68.3593521118164,69.47635772375254,67.25818793631471,67.32948346633403,6363804,70.09175472259521,,41.42629616852538,-0.48433319027319044,-0.11414925319762131
2023-03-09,69.07233428955078,69.30207439301095,68.24844062184481,68.76337491966638,2499392,69.45582294464111,,40.82319293695486,-0.33995201883388404,-0.15930980632487388
2023-03-10,68.82675170898438,69.50804832902902,68.67623690505106,69.38921639873416,1839096,68.99635982513428,67.31383354187011,48.789425412300226,-0.24254940354816767,-0.17595772576953267
2023-03-13,73.83350372314453,73.98402460752574,70.70429638479655,70.70429638479655,18456595,68.87446765899658,67.55194374084472,57.80877813899647,0.2359263036149315,-0.09358091989263985
2023-03-14,72.72440338134766,73.67504672796223,71.74206507326387,73.51660818487413,8699947,68.88471088409423,67.77219482421874,55.857925721208446,0.519636573372992,0.029062578760486513
2023-03-15,72.6689453125,73.47699150852496,72.09063317817542,72.55803108555278,4386458,68.82115993499755,68.01279747009278,60.131989710683,0.731570909447754,0.16956424489794003
2023-03-16,71.35387420654297,73.199712533593,71.07660378154536,72.92244210859539,3082568,68.78487796783448,68.20826278686523,58.55066394124252,0.7843733818579324,0.29252607228993854
2023-03-17,71.044921875,71.61531025926283,70.11012003280095,71.61531025926283,4208478,68.686443901062,68.35833229064941,61.48186015328023,0.792158342262951,0.3924525262845411
2023-03-20,68.7871322631836,70.91024099944953,68.37518245421333,70.91024099944953,3771274,68.66271152496338,68.4243384552002,62.386817728005404,0.6091216516973361,0.4357863513671001
2023-03-21,69.78531646728516,70.36362861853539,68.44649449331284,68.92181615453556,3624109,68.63060283660889,68.51648429870606,68.57571674457452,0.5384025098241523,0.45630958305851055
2023-03-22,68.12168884277344,70.26856311865279,67.97117404120189,69.2783071218057,1725014,68.53268375396729,68.5268775177002,61.63133696915114,0.3441490980271311,0.4338774860522347
2023-03-23,68.12168884277344,68.12168884277344,68.12168884277344,68.12168884277344,0,68.517751121521,68.54962226867676,50.29907088548891,0.18803432698358336,0.3847088542385044
2023-03-24,67.07597351074219,68.12960725962992,66.94130015626428,67.97908642577667,574968,68.48797359466553,68.6244817352295,45.61658979077666,-0.019839543790737935,0.303799174632656
2023-03-27,67.1868896484375,67.97117678126764,66.54520567070665,67.40078833704324,748707,68.53051853179932,68.74834129333496,48.7569950938453,-0.17362958490841152,0.20831342272444248
2023-03-28,66.94922637939453,67.71766596845592,66.86208337172513,67.18688418245794,1064294,68.68894233703614,68.94248344421386,45.320729572053395,-0.3111005663925397,0.10443062490104607
2023-03-29,66.57689666748047,67.25026958469351,66.1649467586617,67.25026958469351,999991,68.89706916809082,69.09922660827637,41.52776022164247,-0.4449619611964266,-0.005447892318448472
2023-03-30,66.41053009033203,67.8919492038498,66.26793298402114,66.9333821174433,3343193,69.05094566345215,69.20091972351074,41.75234239944832,-0.5580397386506633,-0.11596626158489144
2023-03-31,66.03820037841797,66.76702742956657,65.47573562955043,66.54521102652514,2441216,68.95152397155762,69.29794555664063,11.076046293686034,-0.6699755271945662,-0.2267681147068264
2023-04-03,66.10948944091797,66.93338317438621,65.75299969153292,66.71949053356379,1505351,68.8311092376709,69.35841621398926,13.150956001978813,-0.7443525812993954,-0.3302850080253402
2023-04-04,65.28560638427734,65.99066823663533,64.089375335562,65.99066823663533,2765087,68.71663627624511,69.35948692321777,12.113866397949863,-0.859865416454852,-0.4362010897112426
2023-04-05,64.70729064941406,66.01442982556632,64.19235630195492,65.35689836718068,4567822,68.534033203125,69.32629508972168,13.1047176339749,-0.9867013383297945,-0.5463011394349531
2023-04-06,69.191162109375,69.55558162443259,65.47572582661378,65.51533243891637,10588322,68.53997459411622,69.37768592834473,42.9687445741127,-0.7171420001058095,-0.5804693115691244
2023-04-07,67.0918197631836,69.69025028131117,66.94129893208299,69.48427536149596,4694653,68.45322799682617,69.38184043884277,43.49150000585803,-0.6652451331010809,-0.5974244758755157
2023-04-10,66.25209045410156,67.24234653191391,66.14910599786472,66.9413108601146,1166108,68.07415733337402,69.3749129486084,36.26847323504662,-0.6839910068776902,-0.6147377820759506
2023-04-11,66.10948944091797,66.77494462889132,65.59456114603803,66.77494462889132,782206,67.74341163635253,69.34151069641113,41.13127275246196,-0.7022587551118704,-0.6322419766831346
2023-04-12,67.53545379638672,68.08207699874433,65.7926057934518,65.83221240385703,2311136,67.48673706054687,69.34434761047363,47.704696591232924,-0.59481600237919,-0.6247567818223457
2023-04-13,67.98700714111328,69.34960019273875,67.50376179038467,68.52570657910377,3918667,67.31839370727539,69.36053901672364,53.74105628423895,-0.46783732812464507,-0.5933728910828056
2023-04-14,67.98700714111328,67.98700714111328,67.98700714111328,67.98700714111328,0,67.16549797058106,69.39340476989746,53.31579629635485,-0.36302113230554767,-0.5473025393273541
2023-04-17,68.06624603271484,68.68416491013897,67.81274069725765,68.51780260037432,1493547,67.12945365905762,69.32842475891113,54.69067375772915,-0.27044213702259867,-0.491930458866403
2023-04-18,68.15338134765625,68.36728003889922,67.67013591223265,68.36728003889922,1621594,67.04785690307617,69.15834571838379,56.78255121058723,-0.18787580918994706,-0.4311195289311119
2023-04-19,68.4306411743164,68.68414644160838,67.81272246304489,68.20090108145145,997745,67.06330451965331,68.98640113830567,58.60902949920796,-0.09892846293004709,-0.36468131573089896
2023-04-20,69.24662780761719,69.43675527645146,68.13753982533791,68.68415705374187,2875066,67.1195514678955,68.73551429748535,63.17502686479255,0.036979969564583826,-0.2843490586718024
2023-04-21,69.24662780761719,69.24662780761719,69.24662780761719,69.24662780761719,0,67.22808418273925,68.56012657165527,62.9581542041496,0.1430395110396887,-0.19887134472950418
2023-04-24,69.24662780761719,69.24662780761719,69.24662780761719,69.24662780761719,0,67.33107109069825,68.41963218688964,67.55616543229749,0.2245045134940966,-0.11419617308478403
2023-04-25,69.24662780761719,69.24662780761719,69.24662780761719,69.24662780761719,0,67.44594116210938,68.3541739654541,71.20653938988696,0.28577191412368563,-0.03420255564309009
2023-04-26,68.96934509277344,69.82492769185066,68.72376354905492,69.24662159650524,2650189,67.56556358337403,68.2547615814209,48.29268922880337,0.3083973599955243,0.03431742748463279
2023-04-27,68.8663558959961,69.3971316027748,68.54154906274678,69.23869307789953,3320080,67.68835487365723,68.19049842834472,69.7182047847539,0.3143936866764534,0.09033267932299692
2023-04-28,68.10585021972656,69.30208120566743,67.97117684916216,69.2387033686807,2370620,67.79173736572265,68.09234336853028,70.96768069367593,0.2548417099100817,0.12323448544041388
2023-05-01,68.10585021972656,68.10585021972656,68.10585021972656,68.10585021972656,0,67.89155540466308,68.06922477722168,73.33333333333333,0.2052799992252119,0.1396435881973735
2023-05-02,67.44831848144531,68.43065077450859,67.33741028919832,68.21675813061601,2335414,67.99969100952148,68.00964134216309,48.75857346275504,0.11165755162659252,0.1340463808832173
2023-05-03,68.22467803955078,68.5257136810224,67.21857458118855,67.45623843353755,3246696,68.17556037902833,67.972533493042,53.099282087200145,0.09896599701355058,0.12703030410928395
2023-05-04,67.48793029785156,68.51779293357954,67.3374094485199,68.33558921032414,2517489,68.09039878845215,67.95388526916504,44.54087976833268,0.02912275406706044,0.10744879410083925
2023-05-05,68.26428985595703,68.91389758531463,67.2977989806594,67.480008753889,3759969,68.14902229309082,67.96574058532715,51.87963064873977,0.036002197942849534,0.09315947486924131
2023-05-08,66.41950988769531,68.69310199019507,66.02304966830842,68.6040998345996,3969537,68.1573932647705,67.96741096496582,37.66068764211856,-0.10618014062484349,0.05329155177042435
2023-05-09,64.9307861328125,66.54899887132497,64.4857751605249,66.54899887132497,6109361,68.09845809936523,67.99041168212891,28.755968231180674,-0.3351251197710923,-0.024391782537878978
2023-05-10,63.62001419067383,65.30295645991795,63.514832613717324,64.7284918356355,3068518,67.90268611907959,68.01452476501464,17.78183573570753,-0.6152418809278402,-0.14256180221587123
2023-05-11,63.85466384887695,64.63949790004361,63.595750095470606,63.91939383047624,2200473,67.69606895446778,68.02495803833008,19.933403302267067,-0.8089767851007963,-0.2758447987928563
2023-05-12,63.30447769165039,64.70423436222408,63.04556391231202,64.24304399987163,3755722,67.46194248199463,67.93051490783691,18.781022087987196,-0.9954337762959398,-0.41976259429347296
2023-05-15,62.1474494934082,63.272106694420955,61.81571913869485,63.272106694420955,4927429,67.1660026550293,67.80310821533203,16.745202017223804,-1.2224728846271802,-0.5803046523602144
2023-05-16,64.41295623779297,64.64759781721224,62.46300699485593,62.54392256726992,6272502,66.97898139953614,67.73986602783204,32.007824531889824,-1.2056970282448702,-0.7053831275371456
2023-05-17,63.142642974853516,64.93076677711561,63.02936861076378,64.89030900151647,2799253,66.71458148956299,67.63553184509277,29.30609263591454,-1.2801489448949894,-0.8203362910087144
2023-05-18,62.163631439208984,63.595746711185235,61.9937198762959,63.595746711185235,4997154,66.36043167114258,67.49735778808594,28.850257875501242,-1.4019894129783097,-0.9366669154026335
2023-05-19,62.543907165527344,63.06982121876041,62.13935409504655,62.13935409504655,2330981,66.02529563903809,67.3717008972168,30.7255045768714,-1.4511359962663306,-1.039560731575373
2023-05-22,61.475894927978516,62.665275917336444,61.17652339643113,62.301180577960245,4488921,65.63675899505616,67.12454872131347,29.87555152687112,-1.5583015491737484,-1.143308895095048
2023-05-23,60.78004455566406,61.69433210757242,60.682949614005665,61.4758762050771,3325975,65.2134298324585,66.8856615447998,24.77800483770328,-1.6800141738963958,-1.2506499508553177
2023-05-24,60.81241989135742,61.726707598950725,60.60205056843696,61.168422392080615,3246386,64.80558357238769,66.64853103637695,26.2502337729033,-1.7536449593771053,-1.3512489525596754
2023-05-25,61.22505569458008,61.82379863933488,60.771958264378185,61.249327889342396,3692857,64.4235185623169,66.4459546661377,24.290825051277835,-1.7584315225664255,-1.4326854665610256
2023-05-26,59.962860107421875,61.25742877407509,59.4693048387306,61.168426599524835,2702758,64.01636905670166,66.22431343078614,25.37046770401699,-1.8428305403078014,-1.5147144813103808
2023-05-29,60.36741256713867,61.572979046571874,59.95476668701419,60.19750101014395,4021878,63.62944717407227,66.05591903686523,31.02289351692481,-1.8556822179305357,-1.5829080286344117
2023-05-30,61.31406021118164,62.02607754082088,60.68295843117578,60.68295843117578,4514023,63.32273426055908,65.88649391174316,40.11104567464992,-1.76908776904542,-1.6201439767166135
2023-05-31,60.53731918334961,61.7347989478051,60.278405473871366,61.41115526770985,3593659,62.93836631774902,65.73480651855469,36.40580946229271,-1.7430448182183795,-1.644724145016967
2023-06-01,60.86906814575195,61.20889130175168,60.31887562856576,60.691063776516565,1397603,62.60742321014404,65.58975410461426,39.8379750188142,-1.6763127336099117,-1.6510418627355559
2023-06-02,60.95806121826172,61.087521179824044,60.60205866994677,60.974246799952375,842756,62.24211177825928,65.46739585876465,44.55151829697704,-1.5978273198434039,-1.6403989541571256
2023-06-05,63.47437286376953,63.63619779212166,61.16842164841273,61.815709015841584,8459334,62.09485492706299,65.39314552307128,45.7970107399628,-1.317395627138616,-1.5757982887534236
2023-06-06,63.49055480957031,65.05212978410874,63.19927612819603,63.83847066937907,8973676,62.02284336090088,65.3239720916748,51.755085828956354,-1.0813802639340793,-1.476914683789555
2023-06-07,63.89512252807617,64.3239478594607,62.70573533469439,63.490569396884595,2345653,62.036598777771,65.27033660888672,59.272113551626006,-0.8518713122100081,-1.3519060094736457
2023-06-08,63.6119270324707,64.9307678201233,63.433922693758944,63.919385143797385,3834904,62.024461936950686,65.21436454772949,55.779322462558,-0.6849397649279325,-1.218512760564503
2023-06-09,64.59095764160156,64.82559921019997,63.51484477723373,63.74139355436565,4140321,62.08878593444824,65.18541969299316,67.02028899235353,-0.4682480509166922,-1.0684598186349408
2023-06-12,62.68955612182617,64.72850119329908,62.32545459881931,64.60713401896346,3523397,62.11589126586914,65.11702102661133,59.21883373880951,-0.4448179340989,-0.9437314417277327
2023-06-13,62.649085998535156,63.433919908582965,62.365900096195666,63.30445996866223,1627614,62.02769775390625,65.06429061889648,58.86022163113715,-0.4246202406255648,-0.8399092015072992
2023-06-14,62.83518981933594,63.312559509471015,62.46299553886983,62.78663925019363,1488762,62.01232509613037,65.02684860229492,57.94097273045051,-0.38911097096718095,-0.7497495553992756
2023-06-15,61.79143524169922,62.70572291482621,61.69434028716772,62.32544205914827,2042241,61.99371528625488,64.87885406494141,59.21688669776457,-0.44011847847118446,-0.6878233400136573
2023-06-16,61.492069244384766,62.4953591720401,61.33025047872721,61.89662233151888,2068412,61.94112339019775,64.76685905456543,55.72955858483467,-0.49894707839859365,-0.6500480876906446
2023-06-19,59.6230354309082,62.05844054940603,59.145659582348685,61.8966217851768,3959904,61.84848041534424,64.63427795410156,42.125172403747015,-0.6884485696914382,-0.6577281840908034
2023-06-20,60.6910514831543,60.87714243294026,59.30748076569994,59.87385257764391,4484598,61.84403076171875,64.5259091949463,50.6969978934406,-0.7438749695885107,-0.6749575411903448
2023-06-21,59.86576461791992,61.2088838417331,59.671580862871245,61.08751667995632,3492226,61.796697998046874,64.37251541137695,45.646031516898056,-0.8446578536908049,-0.7088976036904369
2023-06-22,60.2541389465332,60.68296423948041,59.792948665232764,60.18131617949085,1012450,61.74815216064453,64.21785804748535,47.02260111803523,-0.8830116443238438,-0.7437204118171183
2023-06-23,60.2298583984375,60.68295582658604,59.71203100255646,60.68295582658604,2050520,61.76150207519531,64.06271507263183,32.61071706334505,-0.9049350095474011,-0.775963331363175
2023-06-26,62.52771759033203,62.98890781429063,61.492062783757596,61.492062783757596,8154666,61.86951732635498,63.951944503784176,45.85367873032895,-0.728493778850094,-0.7664694208605588
2023-06-27,63.110286712646484,63.79802578196821,61.896627352787895,62.39827544380611,10932081,61.95932865142822,63.85108261108398,46.671248674906515,-0.5354816734883627,-0.7202718713861196
2023-06-28,63.110286712646484,63.110286712646484,63.110286712646484,63.110286712646484,0,62.08797702789307,63.74467552185059,47.82000656474731,-0.37815900776634237,-0.6518492986621642
2023-06-29,63.110286712646484,63.110286712646484,63.110286712646484,63.110286712646484,0,62.20003795623779,63.62194869995117,42.96694682987233,-0.25059100461927386,-0.5715976398535861
2023-06-30,63.110286712646484,63.110286712646484,63.110286712646484,63.110286712646484,0,62.30764923095703,63.499221878051756,52.43898555608924,-0.14778882546280414,-0.48683587697542974
2023-07-03,67.84354400634766,67.84354400634766,67.84354400634766,67.84354400634766,1139805,62.52610778808594,63.47116020202637,69.50178849269365,0.3120201739489161,-0.32706466679056057
2023-07-04,68.96012115478516,70.79678943310549,68.36947093825616,70.79678943310549,18359451,62.79958610534668,63.465430068969724,71.49343824010221,0.7577852859109626,-0.11009467625025593
2023-07-05,67.87592315673828,69.78541441008838,67.63318881133294,69.50222845577603,6014874,62.998626136779784,63.44356163024902,71.2910814666735,1.0119069973087065,0.11430565846153655
2023-07-06,69.69640350341797,70.35177751178274,67.96491683038778,67.96491683038778,11511519,63.30284996032715,63.46016258239746,75.94677159662288,1.3446970040100439,0.36038392757123805
2023-07-07,68.91966247558594,69.98768235242589,68.77402312088094,69.74494803692087,2284433,63.51928520202637,63.47643882751465,81.58328065252152,1.5281434856269556,0.5939358391823816
2023-07-10,68.49083709716797,69.50221978858217,68.21573779514847,69.25948547344674,4910360,63.80934925079346,63.484138565063475,77.70115328724664,1.620246328665246,0.7991979370789545
2023-07-11,69.2433090209961,69.98768523212063,68.12673853131898,68.82257034654113,8868315,64.13906040191651,63.52003837585449,83.47775686893588,1.7339685804830651,0.9861520657597767
2023-07-12,70.47315216064453,70.98289304177194,69.26758559334242,69.98768965199186,10791446,64.52095851898193,63.56500785827637,84.41416528287324,1.9014140301643323,1.1692044586406878
2023-07-13,70.1333236694336,71.40362012040677,69.98768431065366,71.185164168732,10861164,64.93805294036865,63.61791572570801,82.65743315760952,1.9838261235768186,1.332128791627914
2023-07-14,69.01675415039062,70.31132270113747,68.8306570276318,70.31132270113747,2116695,65.31428718566895,63.63296501159668,73.20602543429564,1.9367152251748934,1.45304607833731
2023-07-17,68.71739196777344,69.46176821359803,68.53129481982198,69.17858226931591,4242706,65.76900501251221,63.67892265319824,70.46664488932963,1.8538534044497936,1.5332075435598067
2023-07-18,68.11055755615234,69.09766807005154,67.88400881650142,68.96820811997091,2567334,66.13998031616211,63.74251808166504,67.47736713416411,1.7193981969210483,1.5704456742320552
2023-07-19,68.19146728515625,69.19475721142135,67.98109795170076,68.49083879149714,7908623,66.55626544952392,63.83394714355469,67.66028218776259,1.600915853770104,1.576539710139665
2023-07-20,69.40512084960938,69.78540170746172,68.2561916595374,68.67692411893357,7304995,67.01381454467773,63.94495628356933,70.17632966190786,1.586659420787484,1.5785636522692288
2023-07-21,68.94393920898438,70.01195915609904,68.79829984469644,69.90677757138738,5460130,67.44951858520508,64.05774551391602,54.85719481516655,1.5206188433206052,1.5669746904795043
2023-07-24,69.01675415039062,70.39223207812357,68.61220109247037,69.58312596228306,4833108,67.773970413208,64.19513160705566,50.27535282478687,1.4573572597955433,1.5450512043427123
2023-07-25,70.62688446044922,71.1123469700579,69.19476295816426,69.38086010955946,13058495,68.14980030059814,64.31941017150879,62.724566324261986,1.5196287246760818,1.5399667084093862
2023-07-26,70.24659729003906,71.0395240511469,70.06859294532158,70.79678973144303,4726907,68.50661582946778,64.4614892578125,52.9361039612466,1.5207629046531679,1.5361259476581426
2023-07-27,70.24659729003906,70.24659729003906,70.24659729003906,70.24659729003906,0,68.86343135833741,64.6231485748291,57.72128026821421,1.5043208758072524,1.5297649332879646
2023-07-28,70.24659729003906,70.24659729003906,70.24659729003906,70.24659729003906,0,69.22024688720703,64.77720237731934,60.753212212059736,1.4742956865313204,1.518671083936636
2023-07-31,79.73741912841797,79.73741912841797,75.24687721265983,75.24687721265983,22459291,69.81494064331055,65.14243286132813,81.04355401483247,2.1910731841882978,1.6531515039869684
2023-08-01,79.23577117919922,82.10810068617334,78.64512093137132,81.71972699030164,14887779,70.32872314453125,65.51154739379882,77.08852603157412,2.6876640005438333,1.8600540032983415
2023-08-02,84.21175384521484,84.95612988266947,79.21147852520103,79.33284565963119,28365714,71.14551467895508,65.97953407287598,83.82579920913143,3.4430467160538996,2.176652545849453
2023-08-03,84.35741424560547,87.14073537944195,83.42694087984736,85.11796987692017,24521243,71.87856521606446,66.44218124389648,88.66232754891121,4.007253414378653,2.542772719555293
2023-08-04,87.1083755493164,88.03075611388661,84.13895113471861,84.14704392507178,27995429,72.78800086975097,66.98509155273437,91.25224911019605,4.623078898383497,2.9588339553209337
2023-08-07,85.41732025146484,90.21531908278735,84.43020994288078,88.19255408093113,26010351,73.63432502746582,67.4860897064209,87.0196440915954,4.917979594018689,3.3506630830604847
2023-08-08,79.17102813720703,84.14703172884734,79.00920939153964,84.14703172884734,27785286,74.13071098327637,67.84322906494141,68.58391846342303,4.594702083261964,3.599470883100781
2023-08-09,84.43022918701172,85.10988159250239,77.67419377551067,78.48329996067224,37776498,74.82856483459473,68.32108726501465,72.36808778541766,4.7085981106220345,3.8212963286050323
2023-08-10,81.40418243408203,86.97083135730642,80.19052302735939,86.59055042218812,22027805,75.39210777282715,68.73178955078124,67.23365477291668,4.502779609196111,3.9575929847232483
2023-08-11,83.71820831298828,85.92706448690657,81.3556200062589,82.12426832433516,22570520,76.12718048095704,69.18699249267578,69.14645107609479,4.474806726804246,4.061035733139448
2023-08-14,83.71820831298828,83.71820831298828,83.71820831298828,83.71820831298828,0,76.87722129821778,69.59186920166016,67.79583778599354,4.401895702402598,4.129207726992078
2023-08-15,81.93818664550781,84.14704940859949,81.63882128582591,84.14704940859949,12071945,77.56860275268555,69.9608218383789,65.31045523736981,4.152611596392589,4.133888500872181
2023-08-16,79.51895904541016,81.71972897173336,79.13059151311231,81.71972897173336,10957134,78.13497734069824,70.27329856872558,61.418899073914524,3.716993509950825,4.05050950268791
2023-08-17,80.5222396850586,80.82161117671231,78.32147618737983,79.77786352380005,9372798,78.6908332824707,70.61150482177734,62.3492774541829,3.4133721712011607,3.9230820363905603
2023-08-18,80.33614349365234,82.88482888246129,79.80213051735412,80.91870085943606,19811273,79.2604434967041,70.92640853881836,50.926832264099254,3.121748096556317,3.7628152484237116
2023-08-21,78.03020477294922,80.0934219021481,77.68228885615233,79.29240848365868,7312226,79.71111602783203,71.23322151184082,48.232503782953756,2.673742691732272,3.545000737085424
2023-08-22,80.51414489746094,80.91060513418142,77.67418092881417,77.67418092881417,13626842,80.20547904968262,71.59052268981934,44.151527182288035,2.490420373762987,3.3340846644209368
2023-08-23,80.95915985107422,81.54981006002708,79.737414002224,81.31516853444252,16050104,80.74110717773438,71.9530020904541,44.67543558488729,2.35391068648255,3.1380498688332596
2023-08-24,81.48509216308594,82.48838221501553,81.07244623465878,81.31518058620205,12764451,81.30303192138672,72.34687522888184,40.52875176721332,2.2620881736286407,2.962857529792336
2023-08-25,80.25524139404297,81.30707569049383,79.98014209171639,81.30707569049383,6372621,81.80346412658692,72.722138671875,41.168345532587644,2.0662609221683965,2.783538208267548
2023-08-28,78.52375030517578,80.50605780195775,78.28101600341118,80.10959753719929,5005999,81.7427806854248,73.10015296936035,48.690254841456614,1.7511632346227515,2.577063213538589
2023-08-29,77.41527557373047,78.72602974029441,75.934609858851,77.9169236018453,6318415,81.65175590515136,73.43463745117188,32.93974143836506,1.3959102161213082,2.3408326140551328
2023-08-30,76.25825500488281,78.42665974424895,75.25496510248657,77.31818209113233,6720973,81.25408096313477,73.76248725891114,36.233706169990164,1.009372333271969,2.0745405578985
2023-08-31,75.2064208984375,77.8602944930647,71.28225695462761,76.4605380122796,17491092,80.79653129577636,74.06153289794922,25.580310102835,0.6111194498043773,1.7818563362796755
2023-09-01,76.42816925048828,76.66281078414846,74.55913594445855,75.6514280561254,4133540,80.26252098083496,74.38549911499024,30.455525028676902,0.38959504269502077,1.5034040775627449
2023-09-04,77.25345611572266,77.65800918128406,76.88935465292344,77.02690121369676,2749710,79.85432777404785,74.68001388549804,36.76266105356832,0.27743105437795634,1.2582094729257873
2023-09-05,75.95079803466797,77.63373416869639,75.68379151833527,77.51237318217258,3940168,79.6933162689209,74.93682411193848,39.23863292262352,0.08247593393853947,1.0230627651283377
2023-09-06,76.88935852050781,77.43145817411049,75.40869274455703,76.45244044696544,4240419,79.3162727355957,75.2124055480957,39.00050034580687,0.003664343473928966,0.819183080797456
2023-09-07,76.88126373291016,78.36192947039196,76.14498034563688,76.9864514832278,7844273,79.0901268005371,75.48782508850098,39.4254641850351,-0.05877012605427012,0.6435924394271109
2023-09-08,77.64181518554688,78.03018880250234,76.54143047266047,77.2696271463337,4333104,78.78630714416504,75.77845565795899,48.687026562778065,-0.0463455048070216,0.5056048505802844
2023-09-11,77.6741943359375,78.47520773658957,76.93790473909273,77.99783804693531,6296596,78.4841064453125,75.97506866455078,38.491878977347206,-0.03350000887206761,0.39778387868981396
2023-09-12,75.53815460205078,76.85699547313742,75.16596649437585,76.85699547313742,3443533,78.16410484313965,76.10662933349609,30.680558803217096,-0.1934504394453853,0.2795370150627741
2023-09-13,75.9184341430664,76.60617315958545,75.36824169525313,75.36824169525313,2627321,77.98407859802246,76.26747955322266,29.95336400637639,-0.2862274750620344,0.16638411703781242
2023-09-14,76.25825500488281,76.3391643856746,75.89415970482476,75.97506908561654,1360455,77.77087936401367,76.39871658325195,34.62016074627418,-0.3285459672656401,0.06739810017712193
2023-09-15,76.59808349609375,77.99783995691506,76.3391697555534,77.59328685150885,4692649,77.58397636413574,76.5522850036621,41.70155572199138,-0.3308485420036078,-0.012251228259024013
2023-09-18,77.00263214111328,77.39100581592247,76.58189965197762,76.8569927846836,1522474,77.53259773254395,76.72252090454101,48.10690594662403,-0.2966105130132206,-0.06912308520986334
2023-09-19,77.73892211914062,78.31338675778139,77.07545530816212,77.43145782452291,3006186,77.39383659362792,76.8924331665039,57.06565348393213,-0.20767028677627763,-0.0968325255231462
2023-09-20,76.8731689453125,78.05446305916527,76.58189026814449,77.83600096479456,1882996,77.18953704833984,77.02043350219726,58.09742529867188,-0.20468409163359524,-0.11840283874523602
2023-09-21,77.30200958251953,77.61756051685995,75.85370869703853,76.86509147966571,2113012,76.98038291931152,77.16380722045898,54.599676798570975,-0.16580238829294558,-0.12788274865477794
2023-09-22,77.68228149414062,78.23247391104958,76.78417319340703,77.6256443117966,2727059,76.8517349243164,77.33711776733398,52.368176015302744,-0.10311494812987121,-0.1229291885497966
2023-09-25,78.1920166015625,78.40238592566197,77.47191263332691,77.99783285708064,3129427,76.83514823913575,77.52661026000976,63.56506601033446,-0.01216312805813402,-0.10077597645146409
2023-09-26,77.66610717773438,78.32148743760375,77.47192340625013,77.70656495941438,1851960,76.84768981933594,77.71772125244141,54.94848828324737,0.017281143066554705,-0.07716455254786034
2023-09-27,79.13867950439453,79.49468822600544,77.26964606191876,77.82793134390118,6830288,76.99171104431153,77.93666549682617,62.11993609961905,0.15762323746403695,-0.030206994545480884
2023-09-28,79.13867950439453,79.13867950439453,79.13867950439453,79.13867950439453,0,77.18832397460938,78.13133666992188,58.75127011328652,0.2657815936163104,0.02899072308687737
2023-09-29,79.13867950439453,79.13867950439453,79.13867950439453,79.13867950439453,0,77.32384948730468,78.33523147583008,58.59450766038726,0.3474921963724569,0.09269101774399328
2023-10-02,80.39278411865234,80.68406281403071,78.07874013480748,78.07874013480748,17023821,77.48081588745117,78.5627520751953,81.7796432402844,0.5075929831863277,0.17567141083246018
2023-10-03,79.73741912841797,81.23426437600719,79.39758983017836,80.69216469911112,9902658,77.67014694213867,78.74496276855469,74.13095919890318,0.5749637088686939,0.25552987043970693
2023-10-04,79.34902954101562,80.10149840935642,79.17911801242116,79.29239236481746,5097021,77.79313049316406,78.92701141357422,69.41048963915273,0.5902121028285734,0.32246631691748023
2023-10-05,78.78267669677734,79.64842012540169,78.40239577685054,79.29241140496116,4933716,77.88820114135743,79.09773300170899,63.33999543436433,0.5502536421134039,0.36802378195666496
2023-10-06,77.58519744873047,78.80694960884252,77.2858259153812,78.53185027519899,5482386,77.8853702545166,79.24450500488281,53.243297886619224,0.4171510489212693,0.37784923534958587
2023-10-09,77.27774047851562,78.0302095458475,76.85700176721669,76.98646173161355,3007680,77.86554756164551,79.19531143188476,47.303734841091284,0.28358805037558454,0.3589969983547856
2023-10-10,77.26963806152344,77.82792328570174,76.94599436384051,77.2777308515378,3328348,77.95212173461914,79.15598876953125,52.57628819367326,0.17506655613811972,0.32221090991145246
2023-10-11,78.35382843017578,78.56419773567018,77.27772205439275,77.27772205439275,5898265,78.0738914489746,79.03883026123047,56.29836939737327,0.174535653523904,0.2926758586339428
2023-10-12,78.70985412597656,79.57559755680786,78.32148658722478,78.60467253693768,7861597,78.1964714050293,78.9258790588379,56.17110066858248,0.20053160409204907,0.2742470077255641
2023-10-13,79.9154281616211,81.11290822611281,78.41049609213898,78.55612930303192,12277567,78.36233863830566,78.78202011108398,59.55166689359298,0.31478468952771266,0.2823545440859938
2023-10-16,79.82642364501953,81.47699492261188,79.04967623169405,80.42516052700854,5472397,78.50352821350097,78.67020217895508,62.58248511601907,0.39361184984637987,0.304606005238071
2023-10-17,79.11895751953125,80.73363219543577,78.81932703637398,80.73363219543577,5148182,78.57252998352051,78.66916076660156,49.873892473454,0.3944493717112749,0.3225746785327118
2023-10-18,77.9204330444336,79.38528596160025,77.7789363018778,79.07733703071187,4370844,78.62489318847656,78.53896484375,43.245500045684814,0.29500161023908333,0.31706006487398614
2023-10-19,81.37450408935547,81.98208988452434,77.86218029326635,77.86218029326635,18109346,78.82851791381836,78.53837127685547,58.963299452391325,0.48926328662656715,0.3515007092245024
2023-10-20,80.80853271484375,81.4827044441839,80.27585773733217,81.47437961172655,5635981,78.98483047485351,78.48017776489257,51.764042448637106,0.5907382421072498,0.3993482158010519
2023-10-23,85.26969909667969,86.86773054192247,81.31624782509155,81.48271274125604,27498695,79.33871459960938,78.5112075805664,67.74329628855676,1.0193858731048948,0.5233557472618205
2023-10-24,84.07948303222656,85.51937407091802,82.82270653514496,85.39452699935747,13018300,79.65938339233398,78.55403350830078,64.42950364909146,1.2486579677693896,0.6684161913633344
2023-10-25,83.87972259521484,85.52768979435022,83.39698402324755,84.4873082254475,13945391,79.896435546875,78.64124877929687,65.90341025409083,1.3981220758187618,0.81435736825442
2023-10-26,83.38036346435547,84.56223572513306,83.06408966710124,84.31254789045454,7394331,80.10851974487305,78.69841125488281,68.90522597646702,1.459455653443385,0.943377025292213
2023-10-27,82.53141784667969,83.80484426757151,82.23178735353018,83.56347490642402,4521193,80.27815666198731,78.74231674194336,66.55392086157988,1.4231548954321909,1.0393325993202085
2023-10-30,83.37203979492188,83.97130076649154,82.19016751765226,82.80607180510464,5020490,80.42711944580078,78.84915344238281,68.26968232359687,1.4455540023153333,1.1205768799192335
2023-10-31,83.53850555419922,84.9034860700107,83.32210434559875,84.9034860700107,7538611,80.61717376708984,78.90964065551758,66.42469880100467,1.4599089300742065,1.1884432899502282
2023-11-01,83.59676361083984,85.89392214077695,83.43862353921861,83.85477627507505,11174138,80.82956047058106,78.96239273071289,65.77908196420856,1.4591658958842544,1.2425878111370334
2023-11-02,83.45526885986328,84.8119308753438,82.56470223773204,84.05452982989308,8186728,81.06319007873535,79.00179626464843,62.27293792508009,1.4306677448497425,1.2802037978795753
2023-11-03,84.47901153564453,84.70373123539026,83.18893542047476,83.72993528651328,8746576,81.40788078308105,79.08627166748047,65.14902496584276,1.4737023101146605,1.3189035003265923
2023-11-06,84.59552001953125,84.93676828019966,83.64669237521429,84.56222704166217,7410364,81.77376976013184,79.20770706176758,68.54562515630717,1.4999186456024631,1.3551065293817666
2023-11-07,84.49564361572266,85.72745843381422,84.39577102911147,84.91179632656642,12020957,82.1350700378418,79.34931442260742,74.0560154972115,1.4953980711582915,1.3831648377370716
2023-11-08,85.119873046875,85.80236324158496,84.1544020555717,84.52061847467974,12279739,82.47337226867675,79.52654678344726,67.28108100877444,1.5246108170713626,1.4114540336039298
2023-11-09,85.119873046875,85.119873046875,85.119873046875,85.119873046875,0,82.79387321472169,79.72481582641602,70.98865393843681,1.530123813817255,1.4351879896465949
2023-11-10,87.86785888671875,88.61193265716747,86.03305234078961,86.24443576177435,17303084,83.19149475097656,79.95360961914062,65.18066338339081,1.7362183504710345,1.495394061811483
2023-11-13,87.54655456542969,88.78103291567176,87.14069557655773,87.94395641157872,12985882,83.57750129699707,80.15947158813476,72.54697078850592,1.8522713509890139,1.5667695196469893
2023-11-14,87.57191467285156,87.9185865452045,86.24442717920797,87.36053127290252,10515770,84.00014915466309,80.39189392089844,74.56825346864386,1.9241105895824688,1.6382377336340852
2023-11-15,90.2691879272461,91.23309591789794,87.69030732450427,88.14689633864106,18992131,84.61758689880371,80.6594905090332,85.46528617888734,2.1736348043343696,1.7453171477741423
2023-11-16,96.25555419921875,96.98271370399732,90.07470485951106,91.31764044211886,28731264,85.36163940429688,81.04697631835937,96.21080873346651,2.821905104775027,1.9606347391743193
2023-11-17,94.12480926513672,96.79669879791227,93.09325714048059,96.729054555103,13821022,86.02745323181152,81.37663619995118,83.31173825345044,3.1276767687288185,2.194043145085219
2023-11-20,92.8649673461914,94.10790291100588,92.58593967839424,93.85424022193389,4718564,86.4072166442871,81.68045166015625,77.05991157988313,3.2310982125519274,2.401454158578561
2023-11-21,91.59667205810547,93.60058290329206,91.23309229006027,93.00025471901473,5270511,86.78307609558105,82.00162200927734,71.6881694275252,3.1741302243318046,2.55598937172921
2023-11-22,93.57521057128906,94.40383641391028,91.4444685416931,91.7404040387328,9958383,87.26785049438476,82.35475753784179,74.95046364970511,3.251156893024927,2.695022875988353
2023-11-23,91.33454132080078,94.46301967189693,90.68348325378925,93.8457772738205,12035986,87.66555938720703,82.65628326416015,65.94532188835109,3.095712355431857,2.775160771877054
2023-11-24,90.97941589355469,92.96641860320345,90.64120115659308,91.90950158201693,9868458,88.08795928955078,82.94390991210938,64.68533800409276,2.910317457361444,2.802192108973932
2023-11-27,91.81649780273438,92.58593653613814,90.30299821561103,91.33454387058265,8516642,88.5101821899414,83.2401872253418,66.28824361572362,2.798674798268067,2.801488646832759
2023-11-28,92.14627075195312,93.1355436895013,90.97943005041475,92.18008642509257,12904027,88.9405704498291,83.52833419799805,65.84066114383333,2.7056184225825177,2.7823146019827107
2023-11-29,91.40219116210938,93.47375258592201,90.9371515002895,92.08707784184905,11777293,89.33084182739258,83.81891464233398,63.703423875599526,2.5425209709600693,2.7343558757781827
2023-11-30,91.99407196044922,92.49293376230497,91.14853823452933,92.07862404285913,5559771,89.75778198242188,84.11275588989258,59.93486131853477,2.4329790315683226,2.674080506936211
2023-12-01,93.3215560913086,93.9387920751689,91.99406845030269,92.25618183104527,8578061,90.19990921020508,84.42554138183594,63.262137378419474,2.425325487993007,2.62432950314757
2023-12-04,97.56613159179688,99.64614368696022,94.0571655018258,94.0571655018258,23810103,90.84843978881835,84.81302368164063,69.22576338768366,2.7302887004673266,2.645521342611522
2023-12-05,102.83380889892578,103.91609098154785,95.79896891097223,97.99735519766209,31154943,91.76534805297851,85.31637771606445,71.99524213504515,3.3583191655048807,2.788080907190194
2023-12-06,104.08518981933594,105.43804235348566,101.45557968221847,103.138196270886,28693019,92.71361389160157,85.81530792236327,66.43007269765155,3.9119196412735135,3.012848654006858
2023-12-07,103.02828216552734,105.26894780661321,101.70925163079602,103.14665636987962,17176383,93.60903434753418,86.29309997558593,69.56522468063476,4.216760205275335,3.253630964260554
2023-12-08,106.01300811767578,106.93464316284603,103.36649008047861,104.84617398756112,17924383,94.51629180908203,86.83058654785157,76.85663846782484,4.64563895439089,3.5320325622866213
2023-12-11,105.8946304321289,107.3827714330463,102.95217700064619,105.26893734971861,11190926,95.43369560241699,87.34062347412109,80.64512225592965,4.919270079729628,3.8094800657752232
2023-12-12,105.86927795410156,107.25595276040127,105.53106317065789,105.90310007753698,9144317,96.34856376647949,87.86326065063477,78.7579291823894,5.075570962249486,4.062698245070076
2023-12-13,103.57788848876953,108.98929954296435,101.6754374757105,108.10149294074995,18895028,97.01399879455566,88.34783782958985,78.5714896144462,4.957398750895251,4.241638346235112
2023-12-14,105.6832504272461,107.38277489122818,101.80225402170853,104.00064024898477,12357484,97.48538360595703,88.88584930419921,81.72204846314568,4.976268212864909,4.3885643195610715
2023-12-15,107.17138671875,108.86245396480523,105.52259873420999,107.72098486389986,17093245,98.1377124786377,89.47757308959962,82.22147722782675,5.0530540970595155,4.5214622750607605
2023-12-18,104.92227935791016,108.01693596214729,104.42341754461988,108.01693596214729,6701981,98.74057807922364,90.0304638671875,74.8112167323478,4.876213343959122,4.592412488840433
2023-12-19,99.36711120605469,104.84617206868974,97.40547340603172,104.84617206868974,11777994,99.1291000366211,90.47241333007813,63.03266524119927,4.238946196579079,4.521719230388163
2023-12-20,96.99962615966797,100.78761348658735,94.71668132116243,99.81525490170309,13742412,99.30032081604004,90.84532928466797,57.740596436782916,3.502496533859258,4.317874691082382
2023-12-21,98.61458587646484,99.00353057583115,96.05261998550021,97.40547251610252,9371700,99.66432304382325,91.24342391967774,58.11301585163231,3.0144202623120293,4.057183805328312
2023-12-22,96.06108856201172,98.92744741990009,95.426938258038,98.84289533621903,4196705,99.9184066772461,91.56633712768554,47.56698022567863,2.3939741639376138,3.7245418770501724
2023-12-25,96.06108856201172,96.06108856201172,96.06108856201172,96.06108856201172,0,100.13063621520996,91.8910304260254,36.80391253288936,1.8805879140552406,3.355751084451186
2023-12-26,88.85713958740234,95.62986679947666,88.85713958740234,95.54531471380587,10515065,99.96617965698242,92.0857940673828,25.915972551532235,0.8822570261266378,2.8610522727862766
2023-12-27,90.64120483398438,91.30917719258362,87.93549973033791,88.6964813066478,8314253,99.92813034057617,92.34020950317382,30.8496075205086,0.23235333558369575,2.3353124853457605
2023-12-28,93.14399719238281,94.69977613240684,90.90333155621077,91.52902469940214,12285704,99.98562660217286,92.57559936523438,29.803585185206458,-0.0798254171413646,1.8522849048483356
2023-12-29,95.08025360107422,97.99734847940978,92.75503613109686,93.46528773094475,10443776,100.07356147766113,92.86103378295898,33.94422067065685,-0.169041017960339,1.448019720286601
2024-01-01,102.2081069946289,102.2081069946289,95.54530404381272,95.54530404381272,10262639,100.30566024780273,93.19980194091796,45.511072812410724,0.33159080217114933,1.2247339366635106
2024-01-02,103.9330062866211,107.12912280748301,102.74080706179808,104.84618427855608,24573372,100.3606201171875,93.59687240600586,50.441540178961034,0.8576437010408284,1.1513158895389743
2024-01-03,107.7125473022461,108.31288196052968,103.32422493669807,104.84618831518604,17714428,100.541987991333,94.07352890014648,52.42230578769197,1.5615215381419603,1.2333570192595715
2024-01-04,106.20748138427734,108.56651457080207,104.80389244084425,108.2283062744223,7826527,100.70094795227051,94.53007125854492,48.849882340089486,1.9751354223217845,1.3817126998720142
2024-01-05,105.72552490234375,107.67870550548888,102.30956829427693,106.19902166652206,7662088,100.6865737915039,94.99395339965821,51.00061757482226,2.238236547581124,1.5530174694138361
2024-01-08,104.32194519042969,106.36814163940826,104.0429239731732,105.86927340381547,2819259,100.60793952941894,95.41295150756837,56.884410093064204,2.306896465878552,1.7037932687067794
2024-01-09,103.58634185791016,105.69171909604847,102.99446436042594,105.21822225878957,4622420,100.49379272460938,95.81390823364258,59.58652853192978,2.2757198230230955,1.8181785795700427
2024-01-10,103.72161865234375,107.12911847132932,103.15511261489029,103.78926289735887,18027804,100.50097923278808,96.21640533447265,57.767507058057674,2.236150860535332,1.9017730357631006
2024-01-11,107.43350982666016,108.60880115324768,103.91609299014999,104.42341191982135,11335960,100.58849220275879,96.69597015380859,66.7080648986782,2.4757716148218947,2.0165727515748597
2024-01-12,107.8309097290039,109.49661211925714,106.45269214589223,108.65107843493854,16501298,100.62146835327148,97.16300811767579,67.09232751273814,2.6669961681983665,2.146657434899561
2024-01-15,110.16458129882812,113.13241287539198,108.65953232854365,108.73564016775798,18594025,100.88358345031739,97.67438934326172,86.04118396611251,2.9725846908787474,2.3118428860953983
2024-01-16,106.89236450195312,109.80945306913775,106.54569905338428,109.26831203899863,9848693,101.25984611511231,98.12232376098633,76.17102147573033,2.9170987497422516,2.432894058824769
2024-01-17,106.86700439453125,108.6679953136794,104.46569177021402,105.69171306136172,10097639,101.75321502685547,98.55726638793945,74.01598268746919,2.838360539430809,2.5139873549459772
2024-01-18,105.02374267578125,106.45269672807929,103.5778807874695,106.45269672807929,6663481,102.07367286682128,98.95534378051758,67.45845336765424,2.597284248495285,2.530646733655839
2024-01-19,105.02374267578125,106.52034097395489,104.16975181160518,105.60716300736524,2989138,102.52180557250976,99.29846145629882,56.59407987060951,2.3788081316826037,2.500279013261192
2024-01-22,112.90410614013672,112.9041061401367,105.26893838799627,105.26893838799627,16631096,103.36395645141602,99.80561248779297,66.30801406872371,2.8091614432260172,2.5620554992541575
2024-01-23,115.41535186767578,117.4446276189067,107.55188575347002,114.09632133919364,52947125,104.69186706542969,100.36248123168946,64.67933846711266,3.314646899843183,2.712573779371963
2024-01-24,123.33797454833984,124.073597508516,113.97792487863627,114.99256255612079,33646470,106.32670555114746,101.02385696411133,76.22995249625941,4.304912848643596,3.0310415932262895
2024-01-25,114.4091567993164,125.85768971359157,114.0878498818185,121.65538641589185,49679574,107.38996353149415,101.38692901611329,60.56369218249598,4.319433041101945,3.288719882801421
2024-01-26,119.53309631347656,121.08042454917447,113.20005709019306,114.15550140813095,31070396,108.61260566711425,101.89509475708007,66.96852319695462,4.690332263774664,3.5690423589960694
2024-01-29,116.3539047241211,119.04269596879914,115.41536170626105,118.79749684783646,7102542,109.31989555358886,102.36487350463867,63.506286851396055,4.673861017842867,3.790006090765429
2024-01-30,113.53826141357422,118.37471509086069,109.96165756298139,116.65828275418882,17143209,109.80015830993652,102.80370529174805,59.82732992253997,4.383083099330264,3.9086214924783964
2024-01-31,114.3837890625,117.10640839819935,113.85109874409206,114.9080157873971,6014807,110.13372039794922,103.21987686157226,57.381465822839374,4.172765475916123,3.961450289165942
2024-02-01,121.97669219970703,122.68695034384918,113.89339174194025,114.89957895280578,16985527,110.9221809387207,103.83271987915039,63.03163861408268,4.566135502979492,4.082387331928652
2024-02-02,124.80077362060547,126.4072824170169,119.4739089718321,122.68693946647475,13579691,111.87594337463379,104.5091470336914,63.36268199422667,5.047578509291924,4.275425567401307
2024-02-06,131.53968811035156,134.0931906767376,126.95688395612751,126.95688395612751,23123662,113.23683052062988,105.30361083984376,71.1630869191077,5.904832407900599,4.6013069355011655
2024-02-07,127.39654541015625,133.08698290091812,126.91459796919644,131.90324102678983,24951384,114.42734069824219,106.00861633300781,66.46323541468283,6.178671430351628,4.916779834471258
2024-02-08,127.39654541015625,127.39654541015625,127.39654541015625,127.39654541015625,0,115.61108703613282,106.72850341796875,68.48796587032611,6.322805462980185,5.197984960173044
2024-02-09,122.67003631591797,125.39265598572557,117.84203299282805,123.44792580703144,18933926,116.3729133605957,107.34202270507812,63.525608210421105,5.986632763499458,5.355714520838327
2024-02-12,113.47061920166016,119.2202509036171,113.47061920166016,118.3747172092652,14939483,116.65489883422852,107.74500396728516,50.42561713739774,4.921169223298847,5.268805461330431
2024-02-13,104.99837493896484,106.95155571823088,104.96455281691523,104.96455281691523,14952555,116.39658851623535,107.89364883422851,42.817161450601176,3.3544740956525914,4.885939188194864
2024-02-14,103.16357421875,108.22831955412971,98.9274483424467,106.13139302436781,32231367,116.2101490020752,107.900244140625,34.81418139947567,1.9424129086117148,4.297233932278234
2024-02-15,96.48385620117188,104.76163234253309,95.67214457971812,104.42341755419973,12066082,115.69099159240723,107.74821746826171,36.03427186551654,0.2811064055835715,3.4940084269393012
2024-02-16,91.25843811035156,98.25099786843671,89.38980970208675,95.37618890243495,20693864,115.00272636413574,107.5128205871582,28.005792772020172,-1.440532969054729,2.5071001477404953
2024-02-19,97.68450927734375,98.09881899235303,88.3582734124612,88.3582734124612,12158845,114.63576469421386,107.34625061035156,36.175813567439874,-2.2603583350761767,1.5536084511771608
2024-02-20,95.55376434326172,100.39866878611927,94.78432558707195,98.5131322653883,10492785,113.76824760437012,107.13943328857422,36.54650393240971,-3.0468865415431026,0.6335094526331081
2024-02-21,99.0965576171875,100.14502416154438,96.8136189643318,98.91899629537969,6512111,112.9523078918457,107.00397888183593,39.00780551751409,-3.345774002917196,-0.16234723847695276
2024-02-22,98.66533660888672,100.11119856569918,97.66760651313821,99.3502168908214,5780199,111.71867599487305,106.90572784423829,31.31356546887052,-3.5762160088961963,-0.8451209925608015
2024-02-23,105.86927795410156,106.06375355112758,98.08191304586259,98.08191304586259,16618638,111.2916820526123,106.9094483947754,35.82015298119262,-3.1413337580204796,-1.3043635456527372
2024-02-26,105.70016479492188,109.70799254283304,104.85463113370544,106.4442320944648,14939405,110.60003547668457,106.88002395629883,28.53330115181606,-2.7783058789154467,-1.5991520123052791
2024-02-27,102.3687744140625,106.15676858418045,101.67543697298997,106.06375935237347,10000500,109.90077896118164,106.82895385742188,28.923408172611616,-2.7279726606661967,-1.8249161419774629
2024-02-28,104.1443862915039,105.4465089887533,101.46404595897285,101.46404595897285,6716014,109.43108520507812,106.92449935913086,30.987292326399725,-2.5158055432030437,-1.9630940222225792
2024-02-29,105.79318237304688,108.10994298158552,104.21203197930892,104.21203197930892,10849918,109.00155487060547,107.10037048339844,35.46884662575236,-2.189379703435577,-2.008351158465179
2024-03-01,104.27967834472656,106.35969058382908,103.99219351688235,105.97919652793914,4787226,108.11670417785645,107.21367233276368,40.87935529854056,-2.029418130909008,-2.012564552953945
2024-03-04,111.75418853759766,112.10086045400267,105.09984239020704,105.69171340491044,20945917,107.46437492370606,107.5275343322754,56.839580086681735,-1.2847076170376681,-1.8669931657706897
2024-03-05,108.21141052246094,112.87030322056751,107.59416805592028,112.87030322056751,10469000,106.29796104431152,107.77054077148438,54.93959867431244,-0.9692191915136306,-1.687438370919278
2024-03-06,108.76945495605469,111.31450675551551,107.47578942358314,107.47578942358314,11204196,105.36660652160644,108.16878707885742,63.658575726773186,-0.6664800521239158,-1.4832467071602056
2024-03-07,111.06085968017578,111.52589290638343,108.1014851986749,108.22831654731084,9797618,104.54982223510743,108.57718017578125,73.55192325875181,-0.23890593298985152,-1.2343785523261348
2024-03-08,111.28496551513672,112.74164480042295,110.75918210125496,112.05209084173654,6231759,103.98056869506836,108.93999954223632,68.97493120061448,0.11668799827151588,-0.9641652422066047
2024-03-11,110.21615600585938,112.35376788520341,109.89723616880657,112.05208393682238,4226173,103.81784553527832,109.24271759033203,71.08117897495109,0.3086962969724283,-0.7095929343707982
2024-03-12,106.52705383300781,110.7505634578399,106.01851290323934,110.37130813660669,4054404,103.89427947998047,109.32909652709961,60.63860233235897,0.1613248898926969,-0.5354093695180993
2024-03-13,104.76007843017578,107.74238691073614,103.87228221420307,107.44070954260077,4044182,103.97410469055175,109.34563796997071,58.404665412568754,-0.09693080180471725,-0.44771365597542284
2024-03-14,109.29387664794922,109.89723136619709,105.60477190642165,105.60477190642165,3554520,104.61460571289062,109.37726455688477,55.09795819998868,0.06350725542630187,-0.3454694736950779
2024-03-15,106.61325073242188,111.16428818583871,106.01851064155257,110.45749180186444,8016182,105.38234634399414,109.38537994384765,51.2646809935185,-0.025356245764413643,-0.28144682810894506
2024-03-18,106.3029556274414,108.08716938273795,105.7685509936923,106.92355285990521,3153698,105.81326866149902,109.39692855834961,55.94675950325292,-0.11944257278391035,-0.24904597704393813
2024-03-19,106.07884216308594,107.73376361609647,105.18242473202024,106.01850669061388,4296717,106.33952255249024,109.43206649780274,53.067948538933265,-0.2096737597958196,-0.24117153359431442
2024-03-20,105.25139617919922,107.61310774457709,104.38945697968146,106.12195661201294,5328271,106.64726448059082,109.46536758422852,49.1177704898807,-0.3439853522115328,-0.2617342973177581
2024-03-21,103.57060241699219,106.01850623367737,102.74313511797999,105.18242427868722,4601392,106.8925277709961,109.46234725952148,48.85161717607054,-0.5793755853946578,-0.32526255493313805
2024-03-22,101.7001953125,103.30340260785506,101.07098343511925,103.26030959733609,3524802,106.68407363891602,109.34768096923828,30.105835745507505,-0.9064018267324201,-0.44149040929299443
2024-03-26,105.49272918701172,107.216607440351,104.43254774380931,104.81179648781385,20903604,106.6737018585205,109.30091735839844,44.67310759681949,-0.8497512870590072,-0.523142584846197
2024-03-27,105.73406982421875,106.64772975927825,105.33757861982726,106.1995177361758,4512518,106.84196662902832,109.21230712890625,43.97782906742584,-0.7764309411894459,-0.5738002561148469
2024-03-28,105.854736328125,106.62186158336718,105.02727560031568,105.84612167209634,4201030,106.92748413085937,109.19155456542968,38.69758086288863,-0.7005121919351325,-0.599142643278904
2024-03-29,104.85488891601562,106.44947487627556,104.46701238985085,106.03574123024778,2792424,106.88056945800781,109.15131225585938,36.495268714033045,-0.7128085529789558,-0.6218758252189144
2024-04-01,103.23443603515625,105.50133992141076,102.57074586713514,104.63940088051046,1842893,106.8283073425293,109.11552612304688,35.66876227799382,-0.8435861761675483,-0.6662178954086412
2024-04-02,102.63971710205078,103.43269955370478,101.92430601854659,103.43269955370478,2001159,106.37258377075196,109.06784561157227,40.85935394890132,-0.9838757254528758,-0.7297494614174881
2024-04-03,105.28585815429688,106.01850504467552,102.36388524866362,103.00171831576199,5586893,106.22630615234375,108.91548065185548,51.18722718237732,-0.8714887559051903,-0.7580973203150285
2024-04-04,108.00098419189453,111.18154193839156,107.75963569243585,108.25956200577467,7916927,106.18788261413575,108.76719329833985,46.81937586477946,-0.5569135402300702,-0.7178605642980369
2024-04-08,110.45748901367188,111.53491287510897,108.99219519254679,108.99219519254679,5865538,106.15771408081055,108.50958358764649,59.56259740575223,-0.10814438501256518,-0.5959173284409426
2024-04-09,110.50059509277344,111.96588900001511,109.46627075543505,110.75917946514491,4868813,106.11849555969238,108.43141235351563,60.58235628334918,0.2481264566959993,-0.42710857141355424
2024-04-15,114.69824981689453,116.10320169789709,109.81104980392163,112.04347563781091,15716557,106.34260025024415,108.33471542358399,68.10287280753057,0.8592840291132688,-0.16983005130818962
2024-04-16,114.982666015625,117.74088154547364,114.66375277024663,115.54293429918954,10709918,106.765380859375,108.30729064941406,70.9151288148678,1.3510072480954705,0.1343374085725424
2024-04-17,113.12089538574219,114.6120463878878,112.9140252611777,114.6120463878878,4282994,107.18342170715331,108.29894332885742,70.3677127651612,1.57234707314106,0.42193934148624596
2024-04-18,113.41394805908203,115.32745390823987,111.87106970892253,113.6035757127569,7638371,107.38942527770996,108.27954650878907,76.78368010550574,1.7512204020541304,0.6877955535998229
2024-04-19,115.36193084716797,116.69793913887742,113.04331246615142,114.25864980486342,8418350,107.82685928344726,108.14725128173828,74.64493188224777,2.026801034274314,0.9555966497347212
2024-04-22,116.95649719238281,118.94757404487787,113.94832554879468,115.49981827546112,12878056,108.35953636169434,107.99036575317383,76.25005532165797,2.346816212022091,1.2338405621921953
2024-04-23,115.66360473632812,117.11165604623353,115.06886467970757,117.05132715106063,3461267,108.83877449035644,107.67284408569336,71.75085824726048,2.4676592896945095,1.4806043076926583
2024-04-24,115.81014251708984,116.87895177753161,115.31883089790493,115.49984390290659,4954424,109.36671180725098,107.44111602783204,75.24842655270771,2.5459050648012465,1.693664459114376
2024-04-25,117.64606475830078,118.5166184572872,114.85337752315286,116.36177084897288,8800644,110.0704849243164,107.24610641479492,82.88765491380262,2.724650907106252,1.8998617487127512
2024-04-26,118.2149429321289,120.15430591743129,116.67207772187746,118.38734127476226,7239643,110.89622230529785,107.15700454711914,85.58497754189368,2.8790243882248774,2.0956942766151765
2024-04-29,115.6894760131836,119.20618939177608,115.4308916327294,118.86140583378784,5410125,111.40605964660645,107.20138168334961,73.90111248021566,2.7657011290347384,2.229695647099089
2024-04-30,115.12921142578125,118.81830970641306,114.6465144839662,115.59465275091932,13576160,111.87581672668458,107.40399841308594,68.17589184936695,2.6007036668105172,2.303897251041375
2024-05-02,114.2069320678711,116.57726462022313,113.45704925090496,115.17229966232378,7309709,112.29342651367188,107.62486557006837,60.37202328817833,2.3682223596869107,2.316762272770482
2024-05-03,119.24065399169922,120.2405065214394,113.78457781644721,114.85338705363297,16078368,113.01271476745606,108.08000152587891,68.94624919250245,2.560641063303578,2.3655380308771012
2024-05-06,118.0597915649414,121.10243532922645,117.52539356790486,119.89572593200003,11672431,113.75398254394531,108.6160285949707,58.38347644352031,2.5880155114293615,2.4100335269875535
2024-05-07,116.22386169433594,117.91326806795846,115.75842038086911,117.56848454673624,6653585,114.43318977355958,108.98681564331055,52.873121096139684,2.433513730266725,2.4147295676433878
2024-05-08,116.9413070678711,118.20118858115217,116.3638591492569,116.3638591492569,10021600,115.01596221923828,109.41456649780274,59.338210036390656,2.341965085589223,2.400176671232555
2024-05-09,116.7663345336914,117.89497067948255,116.18012886825466,116.54760546007456,2595611,115.45422973632813,109.76796203613281,58.24179410632681,2.229591955715435,2.366059728129131
2024-05-10,117.16002655029297,118.97985377071429,116.80130771955005,117.32626275723047,3471449,115.78935661315919,110.13785583496093,54.78638755279283,2.147547505364116,2.322357283576128
2024-05-13,117.9561996459961,120.15223433724705,116.1013683629885,117.23001765243643,8980112,116.16213684082031,110.37959426879883,52.77926132687973,2.1223065732034883,2.2823471415016003
2024-05-14,121.97205352783203,122.57574775713225,117.89494140399681,118.63862540968894,18217177,116.52582702636718,110.70503204345704,65.23191214922488,2.398698100424056,2.305617333286092
2024-05-15,121.89332580566406,124.23809470612485,121.35086870841508,122.48826238632027,13245266,116.87136001586914,111.09552307128907,64.7362578829882,2.581628303738171,2.3608195273765076
2024-05-16,120.72093200683594,122.74198626717678,120.48471424794838,122.31328587871755,3342683,117.25136184692383,111.4270539855957,57.69614887978487,2.602005130887008,2.4090566480786078
2024-05-17,120.81716918945312,121.77958230439512,119.86351378020404,120.73842993918363,2602794,117.62152290344238,111.72753372192383,56.670999530204405,2.5959944415869245,2.446444206780271
2024-05-20,119.111083984375,120.95715759267104,118.68237026533038,120.95715759267104,3681647,117.80898056030273,112.0241618347168,59.15620573507993,2.4256032647605394,2.442276018376325
2024-05-21,118.3674087524414,119.95101831437839,117.93870835156028,119.00610720096392,2288452,117.87952613830566,112.15642623901367,58.581166023000534,2.20513918162537,2.394848651026134
2024-05-22,118.8661117553711,120.46720995340912,117.89495426968118,118.11368331285313,4399729,118.0396514892578,112.36952026367187,62.63028664509666,2.0470636958514774,2.325291659991203
2024-05-23,122.10330200195312,122.88197688126567,118.55988874322192,119.00610454664302,15108766,118.35430946350098,112.63619720458985,58.59760347815088,2.1581244181679153,2.2918582116265456
2024-05-24,121.75334167480469,123.45068123992863,121.43837130859445,123.36318427980733,5798540,118.55967330932617,112.85004684448242,61.675857900771334,2.1926267310003738,2.272011915501311
2024-05-27,119.84603118896484,122.05082400582548,119.60105569266513,122.05082400582548,2712134,118.64122772216797,113.02126815795899,61.39877178062998,2.0425211341382834,2.226113759228706
2024-05-28,119.84603118896484,119.84603118896484,119.84603118896484,119.84603118896484,0,118.84905548095703,113.2138656616211,59.57329430874683,1.9016404399114322,2.1612190953652513
2024-05-29,116.01390075683594,119.82853616276643,115.05148753623962,119.82853616276643,9766932,118.89328994750977,113.40360260009766,48.00183642301104,1.463895696972287,2.0217544156866585
2024-05-30,115.59392547607422,116.80131411879219,114.61402359222305,116.80131411879219,6987345,118.96263961791992,113.62027954101562,45.84685868005565,1.0707484178911386,1.8315532161275545
2024-05-31,116.77507019042969,117.45750378125754,115.22646472655317,116.18887791882948,5355724,118.83936042785645,113.76990341186523,46.93043904121947,0.8447471545950549,1.6341920038210547
2024-06-03,115.6376724243164,117.2387706705682,115.40144131253192,117.23002631463608,3160346,118.7182544708252,113.95039184570312,30.641746640179804,0.5673213042361454,1.420817863904073
2024-06-04,113.31039428710938,116.18887611279875,112.73295973088139,115.94390064042032,5736630,118.57258110046386,114.09054061889648,26.939359178609877,0.15784785150839298,1.168223861424937
2024-06-05,110.8431396484375,113.65161327910204,110.63315494654691,113.30165212611331,3736797,118.26767272949219,114.18582656860352,25.186841054205942,-0.3615815524488113,0.8622627786501873
2024-06-06,109.48700714111328,112.51422291254642,108.92706133572324,110.7993813740738,4733764,117.90370635986328,114.2705387878418,23.232766374229058,-0.8726028347380179,0.5152896559725464
2024-06-07,108.29712677001953,109.35577457689493,105.304914951405,109.35577457689493,6549772,117.4605613708496,114.36506927490234,23.813590040419328,-1.3579506742856182,0.14064158992091352
2024-06-10,106.0573501586914,108.3583775206224,105.21743134967765,108.29713364939478,3376152,116.86561889648438,114.45221237182618,22.204696955289208,-1.9014053702845786,-0.2677678021201849
2024-06-11,103.9575424194336,107.6146923954867,103.51133328925894,107.6146923954867,5615593,115.96489334106445,114.42150863647461,18.607245490204136,-2.4730265572298578,-0.7088195531421195
2024-06-12,104.22001647949219,105.29615962957706,103.67756605155209,103.67756605155209,4617127,115.08122787475585,114.39122756958008,6.950324599237291,-2.871757174037242,-1.1414070773211442
2024-06-13,113.08291625976562,113.08291625976562,106.21482558209968,106.73977395505923,17606435,114.69932708740234,114.5357911682129,35.19569636307456,-2.4444144306703635,-1.402008547990988
2024-06-14,114.79777526855469,117.19503742135491,114.1765788124381,115.48020892447803,11098685,114.39835739135742,114.73464889526367,41.32334054634427,-1.9449472956428195,-1.5105962975213543
2024-06-20,117.55374145507812,118.33241634098646,115.18271267317645,115.22646115331638,8402049,114.32049026489258,115.0210350036621,46.40108742966097,-1.3116130946804248,-1.4707996569531685
2024-06-21,117.0200424194336,118.81362330972644,116.05762925386325,118.81362330972644,4950071,114.25312194824218,115.30864151000976,51.76215921526813,-0.8430382096509845,-1.3452473674927319
2024-06-24,115.17395782470703,117.85119902336429,114.62275639551505,117.23876040768462,4313719,114.06851425170899,115.50640350341797,49.29946208013668,-0.6135798689975474,-1.198913867793695
2024-06-25,112.90792846679688,115.40143140998049,112.65419531475916,115.40143140998049,3198079,113.60874557495117,115.60454238891602,43.77463132234645,-0.6075783273046653,-1.080646759695889
2024-06-26,118.4111557006836,121.0883971456275,111.35058221003123,112.86419017813797,27462390,113.44163627624512,115.76361572265625,53.91454391879522,-0.1569484132773482,-0.8959070904121809
2024-06-27,120.01224517822266,120.73842717557329,118.11367875871301,118.97985054233479,16928743,113.449946975708,115.95384872436523,59.65707370411014,0.32562003510359716,-0.6516016653090253
2024-06-28,118.43739318847656,120.19598316787281,118.02618153609161,119.86351076377585,4871292,113.3795150756836,116.02863159179688,61.23185053356689,0.5743607400934962,-0.406409184228521
2024-07-01,118.57740020751953,120.18724292945244,117.4575084574651,118.1136956555515,8319346,113.50769004821777,116.10052627563476,63.94631954045698,0.7738662883700016,-0.17035408970881652
2024-07-02,118.7611312866211,120.12599843974856,118.33241753717489,118.99734905147336,4774175,113.66605033874512,116.21333099365235,66.56509279093609,0.936011675371148,0.05091906330717641
2024-07-03,119.6447982788086,121.78834044082785,118.98861108532336,118.98861108532336,7030126,113.80953674316406,116.33794799804687,72.47464473349459,1.122873813562265,0.26531001335819415
2024-07-04,118.34990692138672,121.29836996454097,117.76371472483395,120.2134691730663,4895636,113.94514846801758,116.39770751953125,74.45728018038716,1.1531833142474426,0.4428846735360439
2024-07-05,116.32012176513672,118.53365898084668,115.92641209221473,118.11370288640747,5330385,114.09563484191895,116.38498001098633,69.39692126610015,1.0018682004480866,0.5546813789184525
2024-07-08,116.85380554199219,117.67622890606042,115.9263965059703,117.06379023606122,3066480,114.39616813659669,116.40878402709961,58.24722210356575,0.914472236503201,0.6266395504354022
2024-07-09,117.41374969482422,118.45490209399597,117.15127216853664,117.45749817423241,3303402,114.79250526428223,116.4408561706543,56.02574218798053,0.88024618877796,0.6773608781039138
2024-07-10,116.47758483886719,118.008688016152,115.44517689724324,117.68495998055997,3920835,115.2015281677246,116.41748657226563,47.294301794284536,0.7687197960533183,0.6956326616937947
2024-07-11,116.0663833618164,117.92994574259454,115.9263935693166,116.36385165825743,3392575,115.70197982788086,116.37451538085938,47.587427245291934,0.639778831549279,0.6844618956648916
2024-07-12,114.46529388427734,116.49509262968687,112.90794403688547,116.36386053306042,3416381,116.22736740112305,116.35003173828125,48.18471554172422,0.40374354398261403,0.6283182253284362
2024-07-15,116.12763214111328,117.93871521814233,115.6026903920947,116.36386327076114,3879184,116.8227481842041,116.37000015258789,58.51067734434712,0.3468227261326007,0.5720191254892691
2024-07-16,116.12763214111328,116.12763214111328,116.12763214111328,116.12763214111328,0,116.97498397827148,116.40841415405274,41.487295761765104,0.29827424803207236,0.5172701499978298
2024-07-17,116.12763214111328,116.12763214111328,116.12763214111328,116.12763214111328,0,117.04147682189941,116.34615371704102,33.55560034053812,0.25683855438599323,0.46518383087546256
2024-07-18,119.62728118896484,120.28346830002502,116.10137018021439,116.58257673169071,8532750,117.14515380859375,116.37750350952149,54.33122734909813,0.5006220397695387,0.4722714726542778
2024-07-19,117.24750518798828,120.43219935123078,116.62632221488957,120.08223824104789,5116199,117.15652694702149,116.39797637939454,45.83781439888137,0.4960757215189915,0.4770323224272206
2024-07-22,113.51162719726562,117.02003618640373,112.8641844339894,117.02003618640373,3758064,117.07341041564942,116.32938278198242,36.55908013141203,0.18884174959529787,0.4193942078608361
2024-07-23,115.37518310546875,115.66390702366743,113.73034989746468,113.73909425250329,2329756,117.196773147583,116.30155975341796,39.590345157530514,0.09463906057050053,0.354443178402769
2024-07-24,115.35770416259766,116.25886676380892,114.87649759152332,115.66391681680024,1291235,117.04410057067871,116.26551330566406,42.2201821322502,0.01836069554346409,0.287226681830908
2024-07-25,114.87650299072266,115.90015337175886,114.35154791575748,115.48894167807396,1138719,116.78731346130371,116.20391937255859,45.91782051337369,-0.07999721322323694,0.213781902820079
2024-07-26,112.89917755126953,116.01389035401493,112.24299041883769,114.87649665443412,3538925,116.51040267944336,116.02246185302734,39.661429111096844,-0.31388196639315424,0.10824912897743236
2024-07-29,116.09262084960938,117.84245307078028,112.89916903587626,112.89916903587626,5897164,116.38616371154785,115.90644775390625,46.96419260949036,-0.23880039061718605,0.038839225058508675
2024-07-30,115.19146728515625,117.60623113217336,114.19406337550119,116.80130984983433,3516742,116.2076805114746,115.79585845947265,47.039881717484604,-0.24914131626910319,-0.0187568832070137
2024-07-31,113.06542205810547,115.62017587916701,112.9079435428428,115.3052054984793,1132394,115.87871170043945,115.6408235168457,43.59834098694481,-0.4240030132680488,-0.09980610921922073
2024-08-01,112.40923309326172,113.94909419669847,112.03302552377525,113.7041187211812,952493,115.5816780090332,115.50678649902343,45.42976415865481,-0.6085165336021277,-0.20154819409580213
2024-08-02,114.1678237915039,115.05148437877297,112.43548004197288,113.04793208381476,1236400,115.47406311035157,115.42279479980469,45.66227641496626,-0.6058573096895259,-0.2824100172145469
2024-08-05,113.08291625976562,117.85120677051262,112.7329551278464,115.04273330893302,6768020,115.28551864624023,115.30713088989258,43.56981845895548,-0.6834148455127433,-0.3626109828741862
2024-08-06,113.45912170410156,115.48893361202667,112.90793359906286,114.61401744829921,2302149,115.0877872467041,115.13424728393555,44.45248400854569,-0.7063804025723783,-0.4313648668138247
2024-08-07,112.98666381835938,114.78898883554633,112.73294402523,113.73909219302735,2213452,114.91324119567871,114.95891372680664,34.20721163703398,-0.7540123894153652,-0.49589437133413283
2024-08-08,121.21963500976562,122.47075869368273,112.8641831239669,113.47662175770817,24259389,115.17090377807617,114.98638580322266,57.38934818862435,-0.12597692920107306,-0.42191088290752093
2024-08-09,118.83113098144531,123.45943205033593,118.28867383062473,122.83823564138675,8579756,115.38919563293457,114.96608779907227,60.41813098277724,0.17697334567861844,-0.3021340371902931
2024-08-12,116.83629608154297,119.95100877060686,116.45134419203524,118.1136795267924,4634802,115.42462882995605,114.9825357055664,52.8469183247465,0.2531786306128794,-0.19107150362965858
2024-08-13,117.1075439453125,118.11369228022728,116.17137716138389,116.83630869705118,2670708,115.47362442016602,115.01280807495117,53.3761037417925,0.3316364055986867,-0.08652992178398954
2024-08-15,115.71640014648438,118.76986218287912,115.48892676346257,117.58872009182501,4156156,115.45306282043457,114.99163467407226,51.5655107822534,0.2783524059733651,-0.013553456232518607
2024-08-16,114.89400482177734,116.67008368659876,114.70152218468874,115.93514391309583,2117011,115.21639900207519,114.97676132202149,53.88550895640828,0.16782938998292707,0.022723113010570527
2024-08-19,115.3402099609375,116.93255058172365,115.1389829630158,116.14513130278667,1729436,115.12103424072265,115.01735763549804,48.35881917522259,0.11491940975265891,0.0411623723589882
2024-08-20,116.23261260986328,116.57382936479341,115.06021485560024,115.70765759451203,942044,115.25708351135253,115.12514709472656,52.27184418177151,0.14334491393381654,0.061598880673953874
2024-08-21,117.3000259399414,118.09618956702607,116.3638591611684,117.23877539546291,2916406,115.35332565307617,115.28140747070313,59.6877443588025,0.24913182913687137,0.09910547036653738
2024-08-22,118.06118774414062,119.7322807993094,117.24750878030244,117.76371945635506,4247613,115.48849983215332,115.47668869018554,62.868490435134255,0.3898936664071755,0.15726310957466502
2024-08-23,118.13993072509766,119.25107801181538,117.50124565170118,118.1311863693552,2543680,115.65167121887207,115.71834030151368,59.79287628027498,0.502015415838784,0.22621357082748883
2024-08-26,117.74622344970703,118.98860284801246,117.23877045318875,118.89236153229069,1162536,115.89402351379394,115.99411392211914,61.90263282626213,0.5527322697402042,0.29151731061003194
2024-08-27,116.45133972167969,119.39980274388864,116.28510352455329,118.55987740320387,3196959,115.91195945739746,116.23874038696289,57.29522022414895,0.48287318529339984,0.32978848554670553
2024-08-28,116.03138732910156,116.85381072968103,115.9264016524871,116.85381072968103,781528,115.95395545959472,116.29770980834961,57.44228600243477,0.3891369802898623,0.3416581844953369
2024-08-29,116.24136352539062,116.7750629260593,115.41894018500005,115.95263958566873,1144541,116.11275253295898,116.32658157348632,29.978914579500497,0.32801256205328855,0.3389290600069273
2024-08-30,116.27635955810547,117.58873387975525,116.01389537390509,116.40760500036762,1303913,116.30610885620118,116.30103393554687,37.326345127444675,0.2791767320041316,0.3269785944063682
2024-09-02,116.49507904052734,118.98859538686047,115.62892060350536,116.58257599484674,3098055,116.42247161865234,116.29053466796876,47.945205479452056,0.2551812485747291,0.31261912524004043
2024-09-03,117.28251647949219,117.85120665584797,116.80130991095037,116.80130991095037,1144426,116.63245162963867,116.33270584106445,50.992004789167616,0.29628884217481755,0.30935306862699585
2024-09-04,120.48469543457031,121.35085378223278,117.76370597795007,117.76370597795007,12999171,116.98373031616211,116.48424118041993,72.42811763000262,0.5805636103044947,0.36359517696249566
2024-09-05,120.03849792480469,121.30712372315806,119.38231078598452,120.46721166155868,3485543,117.33632202148438,116.51678802490234,75.08536029148614,0.7610757941250199,0.44309130039500055
2024-09-06,119.63605499267578,120.64220335829015,119.42607028282322,120.08225748217939,1320815,117.25714302062988,116.5092642211914,71.03700067176129,0.8617257806621552,0.5268181964484315
2024-09-09,119.30357360839844,121.35087431308708,118.98860324228005,120.12599697271654,2074252,117.28076515197753,116.52658782958984,65.91123447781337,0.9042396393951861,0.6023024850377825
2024-09-10,119.04985809326172,119.6360503666672,118.11369131696789,119.3735728270415,1678777,117.39144325256348,116.53603698730468,59.901055921535445,0.9070040786264428,0.6632428037555146
2024-09-11,119.91600799560547,120.58969718382832,117.76372169580337,118.9885989924256,4187698,117.53186645507813,116.55913452148438,60.37187998883951,0.9679283001071468,0.7241799030258411
2024-09-12,121.19338989257812,122.05080398900776,119.86351359493952,119.91600642837139,5114698,117.80571594238282,116.59010635375977,65.05617715459871,1.1065298409105537,0.8006498906027837
2024-09-13,124.27308654785156,126.33788923699557,121.97206610561724,122.58450475278681,14126352,118.27467002868653,116.70856994628906,75.44345947463562,1.448184572263699,0.9301568269349667
2024-09-16,123.38943481445312,126.42539519971888,122.88198179917528,124.23810462532927,6930981,118.6771312713623,116.8499562072754,77.9424380675198,1.628868516132357,1.069899164774445
2024-09-17,123.38943481445312,123.38943481445312,123.38943481445312,123.38943481445312,0,119.0349723815918,116.98066879272461,80.67124535368004,1.7518674064438926,1.2062928131083344
2024-09-18,124.47431945800781,125.49796971085857,123.14444322474714,123.71313335961075,4283261,119.39368705749511,117.12188018798828,81.98522960623349,1.914813261798372,1.3479969028463419
2024-09-19,127.61528015136719,129.48760032475926,124.28185149524897,125.06927075175363,11439004,119.87139167785645,117.34463409423829,85.4875828142692,2.2712171267253183,1.5326409476221374
2024-09-20,123.61688995361328,128.07896740579562,122.75073155830464,127.72900630569356,29408063,120.14523963928222,117.49564422607422,68.02481808541123,2.2056082059586544,1.667234399289441
2024-09-23,121.27214050292969,125.98793850028815,120.03850540107541,124.22060395828032,23080653,120.32153549194337,117.63178115844727,59.35965422860461,1.9420245288822855,1.72219242520801
2024-09-24,122.29578399658203,122.66324719444195,119.68853748786455,121.9983156959566,7695595,120.61375770568847,117.75514419555664,54.73255934962721,1.7950399377447468,1.7367619277153574
2024-09-25,126.23289489746094,126.7316034867156,121.66583174918908,122.3132744746705,12712592,121.12383308410645,117.95724945068359,63.68911812966146,1.9734962993140357,1.7841088020350933
2024-09-26,125.60298156738281,127.9127600594072,125.06928209175551,127.30032132102257,9855544,121.59191398620605,118.14675643920899,63.05517246214386,2.0405730542772886,1.8354016524835326
2024-09-27,125.85670471191406,126.50413417639679,124.93804000267106,125.76920774906725,3487462,122.07093124389648,118.27134490966797,64.38732609052505,2.0901116965697923,1.8863436613007845
2024-09-30,125.48921966552734,126.51288333102349,124.67555403673344,126.39039560141491,2600225,122.52063827514648,118.43617919921876,64.06727196725802,2.075790040003767,1.9242329370413809
2024-10-01,127.7815170288086,128.39395571482646,124.85930004826474,125.8129555272184,5724789,123.0455883026123,118.7215769958496,66.17493026072603,2.2237749700784235,1.9841413436487896
2024-10-02,129.27761840820312,129.8813127479232,126.6091345647576,127.03783497690026,5426787,123.48523445129395,118.9996257019043,66.47649631259216,2.4337225327942775,2.0740575814778874
2024-10-03,130.83494567871094,131.23741295250235,129.4000838311033,129.88129034862783,5346618,124.02505683898926,119.30917053222656,64.25856383193889,2.694707869517643,2.1981876390858384
2024-10-04,135.65576171875,136.311948879579,130.3800180136977,131.23743216580226,11575579,124.82604217529297,119.7247557067871,72.75975708158151,3.253041160805239,2.4091583434297186
2024-10-07,146.041015625,148.56077864144333,135.2620546049655,135.60327140092866,20721547,126.16291427612305,120.38759246826172,80.33748829513867,4.481863382559851,2.8236993512557453
2024-10-08,150.60806274414062,152.7078561252774,147.42336855099208,147.94832357135667,16675823,127.74082450866699,121.07790130615234,82.0150177206861,5.7578633164294075,3.410532144290478
2024-10-09,150.60806274414062,150.60806274414062,150.60806274414062,150.60806274414062,0,129.27542724609376,121.78623321533203,80.51556625897025,6.691961688362198,4.066818053104822
2024-10-10,149.13819885253906,151.57920880863378,146.9858994507964,148.29827355303567,8150018,130.67266769409179,122.5076887512207,86.30824806922462,7.230289370878552,4.699512316659568
2024-10-11,148.73574829101562,153.1978260798106,147.1696542271988,149.61066445743336,5637289,131.89580078125,123.23421905517579,91.35707635223258,7.537555295339558,5.2671209123955665
2024-10-14,146.1634979248047,148.73575368335446,145.9360245193472,148.72700932743132,3004782,133.03450393676758,123.8741325378418,84.34041344317095,7.48719887879119,5.711136505674691
2024-10-15,149.04196166992188,149.82938081296246,143.48623914350858,146.11098742052397,4933844,134.317130279541,124.59331344604492,83.84838304717532,7.592042681632506,6.087317740866254
2024-10-16,151.91796875,153.07375714724242,149.62432853587976,149.62432853587976,6089810,135.68931274414064,125.36249038696289,86.61053944628804,7.817091323504371,6.433272457393878
2024-10-17,150.52029418945312,153.43214511871338,150.08127174311085,152.31220245361328,2499500,136.8345634460449,126.11316299438477,83.25454249191655,7.792832416169404,6.705184449148984
2024-10-18,148.44166564941406,151.00409486915524,147.38444639548854,151.00409486915524,2317889,138.07580223083497,126.65760360717773,79.5823302682036,7.519202421004479,6.867988043520083
2024-10-21,149.50787353515625,150.1171295024333,148.28042065136844,148.28042065136844,2235332,139.4875888824463,127.27113845825195,78.91596984235778,7.304184650196532,6.955227364855373
2024-10-22,149.5974884033203,151.79257367237034,149.1763887947101,149.1763887947101,3315231,140.8526741027832,127.9263623046875,78.09591765345775,7.059633626651305,6.97610861721456
2024-10-23,151.5417022705078,152.13303536038453,148.78216152226022,149.98273694388115,4641922,142.11811447143555,128.6150454711914,78.32778483343228,6.942676140325688,6.969422121836786
2024-10-24,157.0786895751953,159.25585161742114,151.59544083070247,151.8463069013003,10907595,143.69189987182617,129.44229125976562,78.74429248985639,7.213620958645947,7.018261889198618
2024-10-25,157.32955932617188,163.78042668177414,155.0000729919269,158.67349059488802,22422781,145.26554260253906,130.29100234985353,70.8043261848921,7.363705557594159,7.087350622877726
2024-10-28,156.3260955810547,161.36136782265507,155.8960413638426,158.13592701562197,7324646,146.80738639831543,131.11072006225587,62.13159620762373,7.317327943967655,7.1333460870957115
2024-10-29,157.0428466796875,157.68793477929688,154.90151674856568,156.7919806044145,4841297,148.27045288085938,131.92692474365234,63.2493213693259,7.254780579974977,7.157632985671565
2024-10-30,155.81539916992188,162.3020988686193,154.5521004590008,157.93880626232132,9305622,149.59734191894532,132.69723220825196,63.887092341546115,7.025184632136444,7.131143314964541
2024-10-31,154.22059631347656,156.7919804175481,152.78706416690298,155.94082668665942,4569439,150.7666244506836,133.42042037963867,60.868237492403374,6.638021942208752,7.032519040413384
2024-11-01,160.81478881835938,162.1676744404112,152.41073590076044,154.0951338001103,14105623,152.02457580566406,134.27391754150392,75.04038279288804,6.785074827216675,6.983030197774044
2024-11-04,161.84515380859375,163.5116290404558,158.14485886977891,162.60672028903303,9465022,152.81478271484374,135.15589614868165,73.35732896846606,6.905158769652161,6.967455912149667
2024-11-05,164.2373504638672,166.46828118387347,161.40613211335105,161.67492108835515,10140999,153.4962471008301,136.1116163635254,72.87856349814928,7.111380864919454,6.996240902703624
2024-11-06,162.6251220703125,166.23213786206188,162.042171567454,165.86779900976393,8019798,154.09710006713868,137.04349105834962,72.30238277573301,7.063298693179547,7.009652460798809
2024-11-07,166.88795471191406,167.6895168451452,162.60691076137104,162.60691076137104,7976658,154.9845878601074,138.05642288208008,81.45450439152025,7.285189069144366,7.064759782467921
2024-11-08,174.347900390625,176.2515964690106,165.32126490504095,166.7331021784474,10745580,156.26519546508788,139.21785369873047,84.77445423932724,7.971108089422586,7.246029443858855
2024-11-11,180.0225830078125,181.71678516985287,174.70315764477894,174.70315764477894,10975597,157.9581497192383,140.48840377807616,86.83338130070517,8.870351427029618,7.5708938404930075
2024-11-12,177.33554077148438,181.7167802160699,175.97835279794035,181.7167802160699,6020079,159.3728286743164,141.68946426391602,80.6749551695717,9.259449231920314,7.90860491877847
2024-11-13,173.15469360351562,178.4285730419035,172.11631254783444,177.33554254623436,6479629,160.43466491699218,142.74286422729492,69.75537660317411,9.12526227668991,8.151936390360758
2024-11-14,177.49948120117188,179.08438436770646,173.9744535275233,173.9744535275233,8132920,161.78362426757812,143.89208389282226,72.52033013425759,9.262731196744767,8.37409535163756
2024-11-15,176.87100219726562,180.35049827986967,176.0694538782063,177.34465386214436,6608871,163.2050910949707,145.03678283691406,73.1327169561454,9.21474149907732,8.542224581125513
2024-11-18,176.79812622070312,178.43766490699917,174.38433622385898,176.7070345609596,3202280,164.56960372924806,146.18667388916015,72.57089699773434,9.06631796574797,8.647043258050005
2024-11-19,178.04600524902344,178.98419099067144,176.79813009527803,177.16246894496484,2645343,165.9920295715332,147.36659683227538,75.38716646459,8.946257764222082,8.70688615928442
2024-11-20,177.56324768066406,181.07917173852582,175.79617509581556,178.51053701655772,6023711,167.29310684204103,148.51954162597656,77.35181981438187,8.71173127308083,8.707855182043701
2024-11-21,181.86251831054688,183.53849928597182,176.4337804048521,177.60879892793417,9205022,168.53229827880858,149.73292419433594,76.0645313431798,8.77166821746988,8.720617789128937
2024-11-22,177.33554077148438,185.1325091674998,176.34270555860823,181.22492136246413,8790620,169.53259735107423,150.7941732788086,67.65374673767272,8.357538917593416,8.648002014821833
2024-11-25,175.63223266601562,178.07333358550983,174.88531994075646,176.7161456303771,4085788,170.49790420532227,151.83902923583983,63.193433732577034,7.801959601099014,8.478793532077269
2024-11-26,163.52687072753906,174.88530826697792,161.90553929403814,174.88530826697792,8464314,170.82210540771484,152.64177795410157,50.83997601895969,6.312095542074246,8.045453934076665
2024-11-27,171.50601196289062,173.56456672267817,167.59842437944363,173.06359039181677,7510180,171.60663604736328,153.5824118041992,54.02316360883953,5.709403109566381,7.578243769174608
2024-11-28,176.36090087890625,177.48126990643613,171.97055812337697,172.05253227701016,11210333,172.71365127563476,154.55732421875,51.83707151383361,5.559428346804282,7.174480684700543
2024-11-29,177.8456268310547,180.12277954336014,173.7467519489049,176.70705047490196,7945611,173.56519317626953,155.64189895629883,47.84878708255969,5.497011120346627,6.83898677182976
2024-12-02,174.66671752929688,184.80460590359283,173.24577645337516,177.8456277353485,19610982,174.20627136230468,156.70979049682617,47.3881265664909,5.131876527165815,6.497564722896971
2024-12-03,174.76690673828125,176.02389944579429,171.8794788524661,174.42989259440935,6046821,174.73274917602538,157.75921295166015,51.71477185604602,4.795311793884309,6.157114137094439
2024-12-04,175.732421875,176.5248804673956,173.51903611713513,174.9764194077575,4666041,175.38811416625975,158.74920349121095,47.9749621767714,4.553995198443175,5.836490349364187
2024-12-05,179.8131103515625,180.5326845742525,175.1586091277116,176.2516397729323,8146703,176.03437194824218,159.83340606689453,53.12441867022211,4.638557115262756,5.5969037025439015
2024-12-06,177.41751098632812,181.1702539966383,176.71614409894224,180.53265405294042,3278432,176.18785247802734,160.86462219238283,50.62684151682305,4.460846335883161,5.369692229211754
2024-12-09,179.50338745117188,181.50727891062675,175.79617643733962,177.49037848641177,6763850,176.16189270019532,161.9449055480957,51.45032752368165,4.437173091845295,5.183188401738462
2024-12-10,176.48843383789062,180.71482859689198,173.38240818879237,180.35048973264438,5333706,176.11953735351562,162.91904388427736,48.981709543702834,4.127550483156767,4.972060818022124
2024-12-11,186.5898895263672,188.45714353868658,176.4337805953812,176.70704168699558,17784563,176.7912971496582,164.06528930664064,54.03513625241961,4.643745183884306,4.90639769119456
2024-12-12,194.38687133789062,195.82603354854845,188.01084361653022,188.01084361653022,20627002,177.63566665649415,165.33632781982422,63.784958418491456,5.617232513477461,5.048564655651141
2024-12-13,203.07647705078125,204.94374506330772,194.01341199326464,195.0335719655714,17022257,178.94594039916993,166.68474212646484,69.9351244419873,7.0091101361132075,5.440673751743555
2024-12-16,212.4947509765625,214.50775984893085,205.17143484489034,205.17143484489034,12688572,180.73077163696288,168.0138168334961,87.01454695355037,8.771051946945818,6.1067493907840085
2024-12-17,202.8123321533203,214.9541120621486,197.42913981507712,214.4166934600107,9567963,181.96908798217774,169.05790222167968,73.07021530721178,9.279148992929862,6.741229311213179
2024-12-18,201.08169555664062,212.23064065281298,197.65686275390738,207.67633505940498,13982326,183.14501037597657,170.0673748779297,69.09654511027207,9.433428955798433,7.2796692401302305
2024-12-19,192.34652709960938,204.03287608991738,190.3699602803247,202.12006231711973,14172158,183.6692108154297,170.9315414428711,60.073389290777236,8.749977551720917,7.573730902448368
2024-12-20,195.53453063964844,197.1923043431809,188.10190148933438,191.28081140621325,6057125,184.57916030883788,171.86751708984374,64.49448272046595,8.369108756259038,7.732806473210502
2024-12-23,211.85716247558594,213.14147985654807,196.28144728678916,197.64773882433113,14962519,186.3904067993164,173.18139038085937,71.02436052392174,9.277423108478985,8.0417298002642
2024-12-24,209.61647033691406,232.63392043081143,206.76547063347874,213.05040669239824,23055594,188.69488677978515,174.39288055419922,68.93323513558263,9.704595115726164,8.374302863356593
2024-12-26,199.8611297607422,211.31976342826647,198.11227821399982,211.31976342826647,9133140,190.11264266967774,175.35174377441408,60.534109355123775,9.1504765556044,8.529537601806155
2024-12-27,201.39137268066406,205.30806386216787,197.2469523505004,198.56769802091233,5769967,191.36416625976562,176.36916534423827,62.71252596674283,8.734129807746598,8.570456042994245
2024-12-30,205.3627471923828,206.94763659173717,202.48442281615607,203.53190750880145,5797617,192.74002227783203,177.50758697509767,63.44352079061961,8.625202774801409,8.581405389355679
2024-12-31,207.00228881835938,214.04325513640111,205.87282994820032,214.04325513640111,8597991,194.35680084228517,178.65747528076173,66.09340334603365,8.572357818585516,8.579595875201646
2025-01-01,207.00228881835938,207.00228881835938,207.00228881835938,207.00228881835938,0,195.96856994628905,179.8055712890625,62.049692674725215,8.433264387720214,8.55032957770536
2025-01-02,203.3588409423828,210.63662601893566,202.3022526461818,208.72381217995746,5672947,197.3498908996582,180.8419140625,55.569374054819384,7.937537061320825,8.427771074428454
2025-01-03,202.2840118408203,204.26057853607557,198.57680091243242,204.26057853607557,3513730,198.4734359741211,181.7460205078125,49.45671401471763,7.372949090241434,8.216806677591052
2025-01-06,194.5234832763672,204.84354062277959,191.3719118320774,204.02377123865801,6175293,199.32873458862304,182.4898989868164,37.39298220600038,6.227512371687311,7.818947816410304
2025-01-07,198.91384887695312,199.92490524074103,187.4552147202362,194.5234917607421,6978698,200.29925765991212,183.34165405273438,47.04583385461845,5.6093502341581996,7.377028299959884
2025-01-08,193.9678497314453,203.12200568204497,192.64710404373324,200.38942264596363,4029719,201.17322845458983,184.08015411376954,44.859801749559146,4.666558311561744,6.8349343022802564
2025-01-09,194.0407257080078,197.5657534755923,189.5592910713148,194.46883150752655,5564192,201.54577026367187,184.84466064453125,51.399334405268704,3.8805369878679414,6.244054839397794
2025-01-10,204.9073028564453,209.4980363195254,190.4519288993254,193.4668766764898,10277964,202.0717918395996,185.85839477539062,56.87007857283142,4.087335130856502,5.812710897689536
2025-01-13,204.86175537109375,208.35945835268583,202.39331589116586,206.947620991771,7647826,202.16105575561522,186.7393341064453,43.265534920574765,4.199143732590386,5.489997464669706
2025-01-14,202.34776306152344,205.7452845560777,201.30027848406968,205.7452845560777,3374101,201.6537063598633,187.5493862915039,43.03905861393153,4.0383431795376055,5.199666607643286
2025-01-15,202.0016632080078,206.06409579340124,199.84291302293173,203.11291482432225,5707634,201.61317291259766,188.3046725463867,52.5005401004052,3.8387297302324725,4.927479232161124
2025-01-16,199.2508544921875,202.6665834263393,198.57681231233903,202.65747981935738,2698464,201.521630859375,189.0371871948242,47.56880789594545,3.4191534865777555,4.6258140830444505
2025-01-17,202.12916564941406,203.3952618697117,197.42911960481035,198.56769584243904,4628837,202.01076278686523,189.74201141357423,46.23379623870135,3.2810698154979434,4.356865229535149
2025-01-20,202.7030029296875,205.71796454585223,202.2202477065649,203.12200510943865,3836160,202.3691864013672,190.30911346435548,44.86507981635459,3.1812696874031303,4.121746121108746
2025-01-21,198.77720642089844,205.17145499195527,197.66595480916203,202.3022481952517,3403901,201.7151885986328,190.68420593261717,41.01849855489933,2.753655965973536,3.8481280900817043
2025-01-22,194.91514587402344,199.47855437470307,194.01338850142352,198.56769339582314,3247822,200.9801223754883,191.03579803466798,40.82359254380204,2.0791656737526694,3.4943356068158975
2025-01-23,194.84228515625,198.56770341211654,193.5579677755723,194.92425931281164,3076058,200.72918014526368,191.46954986572266,41.732454854074824,1.5212124169053425,3.0997109688337865
2025-01-24,193.4941864013672,197.2013971672653,192.92035344959675,195.6073904927031,2141455,200.33432083129884,191.78944396972656,48.66648004978559,0.9591931564000333,2.671607406347036
2025-01-27,190.47015380859375,194.51437907499317,190.2788668736104,194.01340272016682,2895036,199.58969116210938,192.06142700195312,38.65914771558165,0.26670033058181275,2.190625991193991
2025-01-28,185.45130920410156,189.9145226419888,183.29255913594736,189.9145226419888,5222551,198.51214218139648,192.2344906616211,38.58364737473389,-0.6792540208373623,1.6166499887877206
2025-01-29,185.1234130859375,187.61005997204506,183.17417090769487,185.8156625113921,3818978,197.4181983947754,192.37603881835938,38.12758792599837,-1.4388025161807434,1.0055594877940277
2025-01-30,188.4298095703125,189.45908694212886,184.90478196755848,185.81564296247254,4297134,196.67174682617187,192.59337005615234,22.5325516030981,-1.7537356346770139,0.4537004632998194
2025-01-31,188.10189819335938,192.10057738674448,187.31855718538108,188.54822508232883,3987393,195.96264114379883,192.7181576538086,22.32241222035752,-2.0066506876754886,-0.038369766895242186
2025-02-03,184.62240600585938,190.36993630891635,184.03945556066742,190.36993630891635,1832312,195.46758728027345,192.8638949584961,21.632572325830708,-2.4595020212192935,-0.5225962177600525
2025-02-04,182.0629119873047,186.08891617961265,180.80591928476375,184.90479402925462,2904113,194.62504043579102,192.99250854492186,20.201389972096578,-2.9904477225275627,-1.0161665187135545
2025-02-06,178.0186767578125,182.80980063298247,175.0219362728932,182.18130431675044,6279265,193.82758178710938,193.28234466552735,19.449460068993133,-3.694968700862148,-1.5519269551432733
2025-02-07,180.8150177001953,182.16310202891756,178.091552121069,178.9841920370657,2347359,193.16629638671876,193.46852478027344,19.258999734149782,-3.981765988189352,-2.037894761752489
2025-02-10,183.05575561523438,184.80460725210216,178.89311373425377,180.80592759572903,2117785,192.0737190246582,193.602421875,22.96314712174292,-3.9823401432922765,-2.4267838380604467
2025-02-11,189.6321563720703,191.38100784782742,183.5567150879441,184.1669902983409,7363546,191.31223907470704,193.83815246582031,38.27100623584098,-3.412794020468141,-2.6239858745419857
2025-02-12,190.46104431152344,191.6178277966868,187.6464732045911,189.63215744995702,2897545,190.71790313720703,194.15403900146484,43.805424667441386,-2.8615540712852408,-2.671499513890637
2025-02-13,188.02902221679688,193.64904659815468,187.50073508822416,190.46103322263514,2869697,190.01927108764647,194.41928131103515,41.107906207582154,-2.5910680779573454,-2.655413226703979
2025-02-14,183.86642456054688,189.45911123034324,183.08308344855283,188.03817011989767,1333952,189.25004959106445,194.5819613647461,38.294596998278784,-2.681680083364739,-2.6606665980361313
2025-02-17,181.662109375,184.76814853791697,181.26132833479974,184.76814853791697,939284,188.22669677734376,194.61894134521484,39.07341605002677,-2.897954745327411,-2.7081242274943875
2025-02-18,187.4005584716797,187.88331371897087,181.26134995706195,182.99198040222242,2120629,187.46157455444336,194.81860229492187,52.37567441511017,-2.5766075611433052,-2.6818208942241712
2025-02-19,186.54432678222656,189.00364858651685,185.3146589307638,188.13833345705262,1317290,186.84993057250978,194.95942108154296,51.70973957229796,-2.3637801577515347,-2.618212746929644
2025-02-20,186.55343627929688,189.91451554070545,185.81564110457512,186.54433267294763,3826377,186.43184509277344,195.1607211303711,47.547623605992435,-2.169370691991702,-2.528444335942056
2025-02-21,184.67706298828125,187.19103427995202,183.9939172558955,186.81759184254415,825161,185.923583984375,195.12246459960937,45.69794988959765,-2.1420156102153953,-2.451158590796724
2025-02-24,191.61782836914062,192.87482102456204,183.08306505755357,184.45846019452668,6338246,185.82976608276368,195.06708374023438,58.084210140230326,-1.542493842143017,-2.2694256410659825
2025-02-25,194.31398010253906,198.56769933326396,192.80194749671406,192.80194749671406,8383991,186.02195739746094,194.89183380126954,64.11328229095841,-0.8401271466340461,-1.9835659421795955
2025-02-26,190.26063537597656,194.92423888682723,189.559268568738,193.92228630505787,2763837,186.26242370605468,194.4471514892578,64.09982878921178,-0.6036094899168347,-1.7075746517270434
2025-02-27,193.20274353027344,195.06089401129776,189.64127338478667,189.64127338478667,4496538,186.6663902282715,194.25495971679686,64.21997040549516,-0.17672680650596817,-1.4014050826828284
2025-02-28,193.6399383544922,195.6074014674392,192.69264902157474,194.01339470344377,5000445,186.92689666748046,194.1061245727539,62.67446819474,0.19461535942608066,-1.0822009942610467
2025-03-03,192.88392639160156,194.92426009895013,192.39206755161166,193.6945921510209,1565677,187.16599807739257,194.11687255859374,54.52469742354589,0.42302646835105406,-0.7811555017386265
2025-03-04,192.88392639160156,192.88392639160156,192.88392639160156,192.88392639160156,0,187.57907409667968,194.06386047363281,53.450939312011535,0.597160226416463,-0.5054923561076086
2025-03-05,193.93141174316406,195.60739258611065,193.60350123922797,194.45971277165197,2303682,188.17249908447266,193.70534545898437,58.752024428442596,0.8103446492257831,-0.2423249550409302
2025-03-06,202.7394561767578,204.03287721268038,192.75641285488007,193.92231389849016,18047822,189.4085380554199,193.56780517578125,74.59630350387997,1.6707708082465729,0.14029419761657042
2025-03-07,203.88711547851562,207.6763004361816,202.89428036034846,203.64119302449024,8869795,190.56214294433593,193.6483248901367,79.7851029701302,2.4174049135085056,0.5957163407949575
2025-03-10,199.2303466796875,203.989156527085,197.59768220704416,201.06708005667002,6097137,191.3708724975586,193.60510437011717,66.32719636052563,2.6033457480550055,0.9972422222469671
2025-03-11,202.98731994628906,204.08193443671905,195.54760182758642,198.97988607580106,8137145,192.03863067626952,193.5575958251953,71.0118036479465,3.019059702393747,1.4016057182763233
2025-03-12,201.52163696289062,205.7516965712417,200.46412206080285,204.0262760304941,4562038,192.5916603088379,193.44798278808594,68.44075571012314,3.1934356998251587,1.7599717145860905
2025-03-13,202.4863739013672,203.8963984348399,201.06707801248191,201.52162921303812,3103443,193.3145278930664,193.3576644897461,72.4451683746762,3.3706217134196947,2.0821017143528113
2025-03-14,202.77395629882812,203.9891692186694,202.13387886050143,203.0615240395854,1589442,194.25990447998046,193.345966796875,66.8931164861815,3.4939720667351537,2.36447578482928
2025-03-17,205.3621063232422,207.2359395035109,202.22666090447163,202.22666090447163,4231096,195.44490432739258,193.40752868652345,66.78447441332577,3.757258846160795,2.643032397095583
2025-03-18,206.92051696777344,210.10234707085328,205.91865854558245,207.28229799622508,5498200,196.42090225219727,193.65546936035156,77.38597850101033,4.045037555574709,2.9234334287914083
2025-03-19,209.16543579101562,210.55690359140377,205.4734118573137,207.3287022578312,4159013,197.5519577026367,193.86050109863282,76.8554786274102,4.403489754769339,3.2194446939869943
2025-03-20,210.39918518066406,213.11719271402782,209.27674252397193,209.74056507907406,4915163,198.74424514770507,194.18912780761718,77.45961314220455,4.732564907674174,3.5220687367244308
2025-03-21,210.90013122558594,212.56988117742327,210.1116271835303,210.3899235604171,3217231,200.0553985595703,194.52631591796876,79.7679195962872,4.976416465155495,3.8129382824106437
2025-03-24,202.38433837890625,211.50309179843404,200.64964649762058,211.50309179843404,3951500,200.5937240600586,194.47585662841797,62.25009178434672,4.431434450168922,3.9366375159622997
2025-03-25,207.96876525878906,208.72015555402493,199.6292303922791,202.4678222430552,6130175,201.2764633178711,194.53799682617188,66.2042347397464,4.399434908045691,4.029196994378978
2025-03-26,215.90940856933594,217.99661015593531,211.73500539613718,216.15059121252486,8944307,202.55890197753905,194.80922973632812,65.51361183706777,4.957669662972279,4.214891528097638
2025-03-27,215.89085388183594,217.05969584116247,213.7294389628861,216.54948817278515,2613031,203.69330749511718,195.08701354980468,64.52627306646457,5.337055268963525,4.439324276270816
2025-03-28,215.89085388183594,215.89085388183594,215.89085388183594,215.89085388183594,0,204.80585327148438,195.41981353759766,72.72265270726929,5.573473561190696,4.666154133254793
2025-03-31,215.89085388183594,215.89085388183594,215.89085388183594,215.89085388183594,0,205.9561996459961,195.69504730224608,69.60809137578431,5.695186199702704,4.871960546544376
2025-04-03,217.6997528076172,218.9242511762688,213.37693724962142,216.03927424923933,3179307,207.19699096679688,195.9949822998047,74.33032733127324,5.869942327092616,5.071556902654024
2025-04-04,210.36209106445312,218.64595531931536,209.6570717033643,217.99660655626624,4442709,208.01852493286134,196.22667999267577,59.93913389426382,5.354625053346922,5.128170532792604
2025-04-07,197.6533660888672,207.79252115261824,189.32310214767375,207.79252115261824,11609437,207.76422042846679,196.28144439697266,45.08022310764448,3.876063657877239,4.877749157809531
2025-04-08,199.34165954589844,202.36577754556788,198.56244104116024,200.3620748412041,6186423,207.53694763183594,196.37143188476563,44.1138771050532,2.808153624860722,4.4638300512197695
2025-04-09,193.43258666992188,198.33055233540748,190.1672715080172,196.66078809609584,5505908,207.24705963134767,196.37019989013672,37.846890438949785,1.4680911915093589,3.864682279277688
2025-04-10,199.2117919921875,203.15428380111322,198.51605814355355,201.29899353808935,5634924,207.05828323364258,196.5450326538086,41.5684200349195,0.8624735706711135,3.2642405375563732
2025-04-11,196.8092041015625,199.2118017122697,196.42886618194697,199.2118017122697,2693355,206.82266159057616,196.7721905517578,38.711666907904764,0.18649863918761866,2.648692157882622
2025-04-14,196.67933654785156,199.44371524230075,195.22292680971293,198.0522474615405,2030494,206.53230972290038,197.00330902099608,38.11442000832524,-0.3555964953383466,2.0478344272384286
2025-04-15,198.81292724609375,201.11348339251066,196.2526174197619,197.4956585980503,5788920,206.33425827026366,197.21097137451173,46.65858065341383,-0.6060615564850877,1.5170552304937253
2025-04-16,196.38247680664062,201.2989989672027,194.89825304903627,200.3713538106718,3196077,205.8852767944336,197.37658294677735,38.47996370968354,-0.9892702684340975,1.0157901307081607
2025-04-17,198.59030151367188,199.15616569573987,195.7424237345652,197.49567273232603,1864871,205.46876602172853,197.6559408569336,30.564234389828002,-1.1021085103581925,0.5922104024948901
2025-04-18,197.4770965576172,201.02069353549894,197.1245868844948,201.02069353549894,1714126,204.88434906005858,197.96422454833984,29.83131874486493,-1.2667575737690981,0.2204168072420925
2025-04-21,196.87413024902344,199.44371133042222,196.21551010570406,198.42329598264885,2898447,204.20809631347657,198.34133361816407,29.442424338396023,-1.429420020445889,-0.10955055829550378
2025-04-22,197.84815979003906,199.43443925132757,196.1969525276233,197.11532633728947,2071864,203.5554977416992,198.68199645996094,30.897652622205683,-1.4628720592091042,-0.3802148584782239
2025-04-23,198.8500213623047,201.43814518656544,195.77951808108872,197.84816286927864,5146592,203.37878189086913,198.99788177490234,29.696253095684682,-1.3924894335669933,-0.5826697734959778
2025-04-24,196.37319946289062,198.5160574443774,194.80547693139837,196.4752409931872,3503471,202.79900360107422,199.13270263671876,33.16963934941462,-1.5190587594865121,-0.7699475706940848
2025-04-25,197.00401306152344,198.23778291659343,192.21737442999694,196.660788855774,4086778,201.8537338256836,199.26356201171876,48.89867704602389,-1.5505902376295069,-0.9260761040811694
2025-04-28,192.95021057128906,198.09864450161584,192.48638794972348,197.00401575425462,1711531,200.70670166015626,199.3619857788086,39.96509933083094,-1.8810040987844445,-1.1170617030218244
2025-04-29,192.77394104003906,193.87784106011614,189.23961519743392,191.20621843369375,2656000,199.5508560180664,199.54013610839843,48.73886923916111,-2.132500800486582,-1.320149522514776
2025-04-30,185.88153076171875,192.02253683035102,182.83885594818716,192.02253683035102,5330775,198.05038986206054,199.6245245361328,25.51969494192734,-2.8550622750140064,-1.6271320730146221
2025-05-02,188.5438995361328,189.68489924527424,187.61625427396243,188.3119882205902,2120764,196.59259719848632,199.64739135742187,34.9646735404346,-3.1762526759011394,-1.9369561935919255
2025-05-05,185.7331085205078,189.23960596932483,185.07447425203821,189.23960596932483,1963019,195.36114807128905,199.6311669921875,31.857404865258033,-3.615923610310972,-2.2727496769357347
2025-05-06,188.2470245361328,192.85742208950526,185.54758789231,186.36390600359948,5936784,194.89083099365234,199.66503875732423,32.70579925802825,-3.718647724510305,-2.5619292864506487
2025-05-07,182.40286254882812,187.37504090570843,176.35461246697392,176.35461246697392,8425414,194.04389114379882,199.61955474853517,29.418282199988866,-4.222952784770456,-2.8941339861146105
2025-05-08,166.4102783203125,185.97431295046854,164.16537854775544,183.46040228755763,10630815,192.69277572631836,199.1154037475586,16.300819217904802,-5.845700473747371,-3.4844472836411624
2025-05-09,174.10858154296875,175.2406853796495,164.40075839371138,169.80657832629313,9341157,191.43761520385743,198.7112957763672,28.49434779055356,-6.436356662748153,-4.074829159462561
2025-05-12,191.524169921875,191.524169921875,191.42039288548003,191.524169921875,3446509,191.17336349487306,198.73656646728514,46.24003345862444,-5.436494983873104,-4.347162324344669
2025-05-13,206.2887420654297,207.54349556436844,191.9864552604022,197.1752783755482,30912153,191.65383377075196,198.99828643798827,54.968891095839716,-3.4133725860222057,-4.160404376680177
2025-05-14,200.63763427734375,205.57172925589572,199.53383182872787,205.57172925589572,9743491,191.74506912231445,199.13824035644532,50.99773545826098,-2.240206968681207,-3.7763648950803828
2025-05-15,201.63766479492188,203.6848896680893,199.39232927993876,200.9961444750648,6853346,192.00782852172853,199.31331512451172,52.98755040125303,-1.2157561791208877,-3.264243151888484
2025-05-16,199.53384399414062,202.73204545680892,199.06213277902447,202.73204545680892,2618444,192.05500564575195,199.4463134765625,51.412055502097964,-0.5670951836117695,-2.724813558233141
2025-05-19,199.72250366210938,201.4300957699781,197.55262943183308,200.94895556578575,4668009,192.16727600097656,199.5621353149414,53.950490539113275,-0.03737260468705017,-2.187325367523923
2025-05-20,197.83567810058594,200.005552540261,197.64699649615415,199.04325764352996,1452810,192.2153533935547,199.46405975341796,52.89489787405309,0.2275621072798799,-1.7043478725631624
2025-05-21,201.6470947265625,202.3640905175845,197.6469788505079,198.40171959633665,4447556,192.40530014038086,199.4192593383789,59.34597395097817,0.7365833690722638,-1.2161616242360773
2025-05-22,199.91119384765625,204.25094249488626,198.54323429433904,201.64710194383798,5090695,192.45835876464844,199.4328762817383,56.81348035005829,0.9885186651042943,-0.775225566368003
2025-05-23,200.35459899902344,201.60935244657088,198.68475181147124,200.76027809342511,1694126,192.65742874145508,199.38022186279298,59.02001087408354,1.2100100496816992,-0.37817844315806254
2025-05-26,197.1280975341797,201.7037016987111,195.42993442180295,200.9489609381567,3432433,192.66363296508788,199.29235107421874,55.43099336146606,1.1123691651929448,-0.0800689214878611
2025-05-27,197.56207275390625,198.96776280661823,196.2318438192542,197.41112172682185,4443220,192.89422607421875,199.19386505126954,59.927096135975304,1.0578124308828478,0.1475073489862807
2025-05-28,197.56207275390625,197.56207275390625,197.56207275390625,197.56207275390625,0,193.1336326599121,199.0896273803711,75.80495277772161,1.0030137082081865,0.3186086208306619
2025-05-29,197.3356475830078,199.20361977082572,196.98658592649926,198.56209949448754,2255894,193.70633850097656,198.92909820556642,71.95863457395566,0.9305874735827615,0.44100439138108183
2025-05-30,197.63754272460938,198.21303090318185,195.76012716604112,197.26960860358645,1912843,194.1610206604004,198.74343872070312,58.544307576817424,0.8873210905301221,0.5302677312108899
2025-06-02,196.2129669189453,201.4206620721066,194.81670593859494,199.4206113925116,3666183,194.68501358032228,198.4843893432617,27.544056533833924,0.7296696310993696,0.5701481111885859
2025-06-03,197.31678771972656,198.1187025118966,195.5242909313837,196.23185772606902,1909426,195.13850173950195,198.22274139404297,40.71728176111251,0.6858922879484339,0.5932969465405555
2025-06-04,199.90176391601562,201.07161282848466,197.12809986557713,197.31678145907657,4379550,196.01344680786133,198.00277404785157,45.54261713148347,0.8499862907341651,0.6446348153792775
2025-06-05,198.07151794433594,200.4772477969964,197.6469807692741,199.9017595922069,2233027,197.5965087890625,197.91651763916016,46.19158624099011,0.8228609870193679,0.6802800497072956
2025-06-06,198.07151794433594,198.07151794433594,198.07151794433594,198.07151794433594,0,198.79465560913087,197.7185726928711,45.65757799776375,0.7922316352539838,0.7026703668166333
2025-06-09,198.07151794433594,198.07151794433594,198.07151794433594,198.07151794433594,0,199.1220230102539,197.3618148803711,50.6886583459724,0.7592059991386009,0.7139774932810268
2025-06-10,198.4206085205078,199.43006301528342,197.1752840273451,198.11870643895918,1191479,198.7286163330078,197.01240997314454,38.19072352070593,0.7525269740802685,0.7216873894408752
2025-06-11,203.12826538085938,204.20376629201195,200.09988767638256,200.61875845634245,8783176,198.8531478881836,196.757158203125,59.67100048438945,1.1142578923209783,0.8002014900168959
2025-06-12,200.05270385742188,206.60005699677342,199.30739217051985,204.72264141615952,8617378,198.7738998413086,196.44039520263672,49.21645612431517,1.139623272066416,0.8680858464268
2025-06-13,197.04319763183594,200.19422490643785,196.44883692959388,199.06212093660588,5201407,198.64936752319335,196.02726409912108,49.77713904857119,0.9064347023380321,0.8757556176090464
2025-06-16,197.04319763183594,197.04319763183594,197.04319763183594,197.04319763183594,0,198.5154022216797,195.76088623046874,48.60620508234067,0.7134073647748949,0.8432859670422161
2025-06-17,200.99612426757812,202.26973573765557,197.55262422889044,197.55262422889044,4640665,198.6734245300293,195.82774139404296,57.608676543176486,0.8693783007060176,0.8485044337749765
2025-06-18,199.22250366210938,202.13767538195196,198.59041239050967,202.13767538195196,3680503,198.55219497680665,195.82535827636718,53.912386487100456,0.840184902486925,0.8468405275173663
2025-06-19,198.7602081298828,203.78865083969154,197.9771802696987,201.46783998623042,4400385,198.49464569091796,195.9319107055664,52.312459023194684,0.7708595491463939,0.8316443318431718
2025-06-20,200.24139404296875,202.83580550877872,198.2224707872123,199.06211610396423,2708653,198.48898544311524,195.95250274658204,58.27842229997323,0.8259173702323324,0.830498939521004
2025-06-23,192.32608032226562,198.5904041333609,190.5713141802323,198.11869295964743,4604885,198.24888458251954,195.8628402709961,41.98727355487428,0.22822063843179308,0.7100432793031618
2025-06-24,205.67550659179688,207.83595188992095,199.06212093183814,203.77923280226082,9161337,198.65455627441406,196.042763671875,56.8887848337063,0.8222504154915953,0.7324847065408485
2025-06-25,205.52456665039062,206.61892564617878,203.87357752226876,206.03400839019866,6810842,199.05268096923828,196.17699645996095,59.263618539412995,1.26624719232953,0.8392372036985849
2025-06-26,204.99623107910156,209.9020386953916,203.88299964318554,205.66606726521607,6966647,199.43571014404296,196.34927154541015,58.49535899985623,1.5575313201501046,0.9828960269888889
2025-06-27,208.67559814453125,213.21345748055245,204.48680048190153,205.19436726557592,9560957,199.98761291503905,196.55097747802733,61.93206499623812,2.0615064987885034,1.1986181213488118
2025-06-30,208.0812225341797,211.3265975861005,207.55290834349157,211.3265975861005,4322821,200.58102569580078,196.7630599975586,60.810769275953476,2.3854513165679236,1.4359847603926341
2025-07-01,209.0341033935547,210.38319048549076,206.60007192864126,207.83595294166886,4591432,201.1668914794922,197.00625946044923,57.215310787145484,2.6880828940196864,1.6864043871180447
2025-07-02,210.30772399902344,211.31719289758402,208.7888133280146,209.86431431027975,4662816,201.68718948364258,197.25545074462892,63.10586084257632,2.996153347513342,1.9483541791971044
2025-07-03,216.1286163330078,216.9871341011062,211.32660016803385,211.4492496764714,9420347,202.59004440307618,197.60102264404296,72.75585606040758,3.667719577348862,2.292227258827456
2025-07-04,214.42103576660156,216.98714577259435,213.70403994555295,216.67581466207136,2458630,203.40752029418945,197.96197937011718,69.90918727964612,4.015860828163682,2.6369539726947013
2025-07-07,216.17579650878906,216.98714030487878,213.6945911239658,214.4210303635477,3418591,204.3127342224121,198.3454150390625,68.31321082738458,4.3828371855502155,2.9861306152658047
2025-07-08,216.2701416015625,218.4494448955996,214.6380105946707,216.51542622667876,4163815,205.20521087646483,198.81181365966796,71.43530847332755,4.627933516424122,3.3144911954974683
2025-07-09,215.11917114257812,216.98714338971965,212.32663461537624,216.03429198590382,7174231,205.80475616455078,199.25871826171874,70.21921829153894,4.675405265920034,3.586674009581982
2025-07-10,213.79837036132812,215.1852023805106,213.024771512703,215.1191703010405,2904599,206.4920394897461,199.81705505371093,66.82273745948963,4.553954235073036,3.780130054680193
2025-07-11,214.99652099609375,216.05314943250096,213.30780130608701,214.20404966878834,2758043,207.38970565795898,200.34610748291016,83.75944004588119,4.50248234718191,3.9246005131805366
2025-07-14,214.26065063476562,216.23239989273426,213.213451249711,215.8927672706765,2390029,208.25057830810547,200.9166583251953,70.47700433243268,4.352143120184849,4.010109034581399
2025-07-15,211.73226928710938,215.10029395759278,211.32660458991572,214.62858278663313,2301456,208.78738555908203,201.38636322021483,63.298231208552124,3.9830646653720123,4.004700160739522
2025-07-16,211.67567443847656,213.213457521848,210.2416827880332,211.13793116843107,2358869,209.4100440979004,201.97181945800781,64.60396766298618,3.6439948947260064,3.932559107536819
2025-07-17,212.43984985351562,215.08143546170626,211.4209663260334,212.0813591292102,3409629,210.09402618408203,202.89241088867186,59.43260740892552,3.3977747953372557,3.8256022450969067
2025-07-18,210.6473388671875,215.19464145460213,210.3831817636968,213.21344878293934,2838810,210.61432342529298,203.62318603515624,56.06602860941562,3.0231539003787304,3.6651125761532715
2025-07-21,208.66615295410156,211.3171819068627,208.4869147959494,210.64734568993404,2493261,211.43132705688475,203.9660256958008,49.17052954846593,2.537152284192075,3.439520517761032
2025-07-22,213.8078155517578,216.04372195407294,208.50577206247183,209.43976538779123,6603594,211.83794250488282,204.11640716552733,56.718572247014485,2.537629489737043,3.2591423121562344
2025-07-23,213.43043518066406,217.93056384137037,212.76061337058732,215.47765996201903,4488616,212.23323593139648,204.37226318359376,43.45240563774134,2.478980097074043,3.1031098691397965
2025-07-24,212.58135986328125,215.7606885763812,212.2700287603082,214.15687346039985,1876360,212.61249237060548,204.59113708496093,45.341617306704066,2.3370467288195016,2.949897241075738
2025-07-25,213.12855529785156,214.13800976816478,211.54359819909712,212.58136858491747,2022116,212.83514022827148,204.86303131103514,41.78122782786771,2.242863278627766,2.8084904485861437
2025-07-28,214.27952575683594,216.13806896221496,210.86432701636437,214.2512242376054,9303039,213.1450553894043,205.1541717529297,44.92058313015458,2.2353284379848333,2.693858046465882
2025-07-29,211.3643341064453,214.60970924990806,209.4869328684002,214.14744151775784,1827872,213.26156692504884,205.42474487304688,41.21023608490683,1.9714003435697407,2.5493665058866535
2025-07-30,212.06248474121094,213.21346121444972,210.76055722989548,210.76055722989548,1481340,213.34930496215821,205.63305267333985,45.81441912247873,1.7978459003646208,2.399062384782247
2025-07-31,219.8268280029297,224.53451052788364,215.10028739645995,215.10028739645995,24206621,213.5342155456543,206.03136535644532,58.845844960261196,2.2607597346816135,2.3714018547621207
2025-08-01,241.2047882080078,241.80857793045854,217.939989822875,220.24194263830668,37045030,214.8734031677246,206.848369140625,78.09913659901677,4.303042216848638,2.7577299271794242
2025-08-04,245.49734497070312,253.78059137394658,244.45957471246837,250.00690228288417,17823555,216.3394805908203,207.81575408935547,83.96277034962425,6.196509747002523,3.445485891144044
2025-08-05,244.4784698486328,249.53519958193488,241.5161099923453,245.2897992109757,12663423,217.74989700317383,208.75408203125,82.36826176903688,7.52810242046786,4.262009197008807
2025-08-06,247.403076171875,248.49744958959823,243.07277089464833,245.0728217373622,8985338,219.36409225463868,209.75090209960936,83.08927164467406,8.718884621527366,5.153384281912519
2025-08-07,251.96920776367188,254.61080740012153,248.12005756153937,248.13891564223465,16976236,221.27263412475585,210.84357330322266,87.15642174796413,9.916722944534683,6.106052014436953
2025-08-08,255.17689514160156,261.31855524393285,252.08247089369834,252.08247089369834,19939697,223.28165283203126,211.9943603515625,90.91965478578763,10.998073068839233,7.0844562253174095
2025-08-11,261.41290283203125,262.74313183772347,252.32774074038772,254.6862966814804,12017894,225.63926544189454,213.29835906982422,91.09120138916145,12.217409841603995,8.111046948574728
2025-08-12,256.17694091796875,263.5450679717261,254.15800304912918,262.7431531285799,15701553,227.8614990234375,214.47556213378905,84.0421283999476,12.615817361689892,9.012001031197762
2025-08-13,254.25233459472656,258.4977353579038,253.00701012769593,256.6108905742695,11217565,229.99033203125,215.5625735473633,82.62669513242672,12.630660158060493,9.735732856570309
2025-08-15,247.7238311767578,256.28067891099425,246.2426799493674,254.7240377716937,8770183,231.7545310974121,216.5556198120117,74.76697218522675,11.977557687024984,10.184097822661244
2025-08-18,248.6578369140625,249.91257597766736,244.02562969801764,248.12952269875882,8838838,233.65505599975586,217.56734619140624,74.6883408135629,11.403878913126618,10.428054040754319
2025-08-19,245.01620483398438,249.42199977539747,244.34638304232683,249.03519316585871,7628890,235.47255859375,218.5062399291992,73.91711356082008,10.533956187437866,10.44923447009103
2025-08-20,243.65768432617188,246.23323775246837,242.4595482849976,245.28981538560066,5294589,236.9650520324707,219.4109814453125,72.24656909628534,9.623975707287144,10.284182717530253
2025-08-21,246.20492553710938,247.31815697181887,241.0915782582859,244.3558258398504,9475709,238.60377655029296,220.2725146484375,70.04588469802721,9.004551829895803,10.028256540003365
2025-08-22,248.2427215576172,253.4975908298453,246.4219233759899,247.17664972134867,12454594,240.38684463500977,221.23631500244142,57.575142441018286,8.57919147369077,9.738443526740847
2025-08-25,246.20492553710938,249.29934961436433,245.50680222906524,247.69552014397883,2541898,242.04066314697266,222.21954956054688,50.80044188976921,7.985604144843563,9.38787565036139
2025-08-26,245.68606567382812,249.72391225609945,244.81810442748605,249.00690204351105,4337958,243.61099014282226,223.19240692138672,51.38170894670554,7.388148281070812,8.987930176503276
2025-08-27,245.6011199951172,247.16720450185488,244.3652390587035,246.23322561779256,2744110,245.32282943725585,224.0845068359375,47.7949466367862,6.829084364644331,8.556161014131488
2025-08-28,246.45965576171875,247.17666599067886,245.195473215003,245.7898339268024,2197621,247.04268798828124,225.0292498779297,42.58514046328241,6.381734185125794,8.12127564833035
2025-08-29,249.40310668945312,255.90330018950544,245.28979925998678,246.61058472857854,14512990,248.52150192260743,226.0421078491211,42.17386430431982,6.193325039451878,7.735685526554656
2025-09-01,255.05422973632812,256.61087080470793,249.25218823184102,249.35595086728298,10452246,249.21397399902344,227.13836456298827,41.24221571383417,6.425933672199363,7.473735155683598
2025-09-02,254.08251953125,257.34675286911903,252.8371950933465,256.58258305289775,6923779,249.6432327270508,228.37349334716797,46.73142225757135,6.457431545631209,7.270474433673121
2025-09-03,257.648681640625,259.9128898045031,253.02591730792196,254.72406623308834,8356395,250.3017433166504,229.41295684814452,55.04204060126736,6.6930005714822585,7.1549796612349486
2025-09-04,255.0919647216797,258.25240633450164,253.83719696332597,257.0825719175995,6155542,250.68618774414062,230.4043048095703,62.40071783113916,6.597335061774686,7.043450741342896
2025-09-05,257.5354309082031,259.25243762033415,253.35604822039056,255.38442920674225,11586114,250.9644989013672,231.45508880615233,64.21873014321326,6.642120525609386,6.963184698196195
2025-09-08,259.441162109375,261.2336589257555,257.5543172940341,259.4128605887836,7208664,251.17771224975587,232.47040008544923,74.46396112903025,6.753539312176116,6.92125562099218
2025-09-09,257.6958312988281,261.6959619845821,255.66747883014048,259.91287977012433,4430136,250.9918586730957,233.4626922607422,73.49963167041807,6.624641153662822,6.861932727526309
2025-09-10,257.4788513183594,259.91286841626504,255.9033232592083,257.5448690045175,3937900,251.05695419311525,234.43158721923828,70.469311879076,6.43084913754052,6.775716009529152
2025-09-11,255.42214965820312,259.2524419734438,255.00704153419989,258.497715633964,2301602,251.11544494628907,235.3338757324219,63.02626398871766,6.041664386918939,6.62890568500711
2025-09-12,252.4409637451172,255.8561771612202,251.89379139812095,255.42218210946427,3159599,251.35130157470704,236.06012268066405,60.94007232972934,5.430081282830571,6.389140804571802
2025-09-15,253.3277587890625,255.90331216658333,252.36547835782872,253.76175379909805,2587458,251.58479766845704,236.83825714111327,63.23519462479942,4.959780948001082,6.103268833257658
2025-09-16,256.7901306152344,257.6580630504592,253.30889985583784,253.78061102875375,3910471,252.17349395751953,237.65054382324217,67.34931441055681,4.810990906014467,5.844813247809021
2025-09-17,255.10140991210938,258.6392438942234,254.72404671221054,258.02602509551696,5140674,252.7456802368164,238.42716918945314,63.06330494376984,4.504878641462113,5.576826326539639
2025-09-18,256.7240905761719,258.8750924269462,255.66746212890953,258.8750924269462,4160324,253.27163848876953,239.259267578125,61.52704767579308,4.343154058202856,5.330091872872283
2025-09-19,261.57330322265625,273.592495357313,257.0826033960958,257.5543145949877,21409448,253.93816757202148,240.21476623535156,60.53033985248839,4.553783908551765,5.17483028000818
2025-09-22,264.7620849609375,268.0263185120264,262.214832879836,262.2714359224411,9754396,254.86602554321288,241.21007751464845,66.09782306691618,4.921288073462364,5.124121838699017
2025-09-23,264.7620849609375,264.7620849609375,264.7620849609375,264.7620849609375,0,255.81982650756837,242.2201062011719,62.01398638883563,5.153135632028068,5.129924597364828
2025-09-24,266.8564453125,271.4603512149783,265.5262450691957,269.630109462092,13702496,256.8825927734375,243.3225897216797,70.18453078768147,5.443128868270776,5.192565451546018
2025-09-25,262.158203125,268.59235036121635,260.5732605116165,266.8564279283127,10971601,257.6675201416016,244.33224029541014,57.361783402344436,5.233513037056127,5.20075496864804
2025-09-26,264.65826416015625,266.2337921137854,262.1582007525692,262.27140682521997,7867269,258.4302780151367,245.37660858154297,58.153907058604695,5.209078003586427,5.202419575635718
2025-09-29,265.5733947753906,266.045105956164,262.3280195483928,266.045105956164,4922860,258.9562362670898,246.47512969970703,62.640009558403705,5.203572906743261,5.202650241857227
2025-09-30,261.5450134277344,268.68669941799357,260.49779954794377,266.70553532660296,9770262,259.32936096191406,247.5327069091797,55.81334976173294,4.818607462318141,5.1258416859494105
2025-10-01,261.0355224609375,264.629959175336,260.29021077113055,262.2714033894596,6107600,259.4987030029297,248.47726104736327,58.3968632792956,4.42144029953613,4.984961408666754
2025-10-02,262.658203125,264.14879767467204,259.96000040521136,261.7902419504696,3122091,259.8770149230957,249.46181640625,65.93112564756177,4.189327272842547,4.825834581501913
2025-10-03,262.1959533691406,264.90357091936585,261.3279921351795,262.74312566659745,3023187,260.11004104614256,250.45410827636718,64.0131667144071,3.922856091656854,4.645238883532901
2025-10-06,258.9599914550781,261.3279907650107,255.19574549435166,261.3279907650107,3715447,260.0859825134277,251.3707369995117,53.453437700959164,3.4112380495302546,4.398438716732372
2025-10-07,258.9599914550781,258.9599914550781,258.9599914550781,258.9599914550781,0,260.14919052124026,252.26434631347655,56.489977435627885,2.971523195447787,4.1130556124754545
2025-10-08,254.3089141845703,257.93165238017156,253.78059999714705,256.61086691161336,2531613,259.9906936645508,253.12323791503906,46.31334162212875,2.222127636391747,3.734870017258713
2025-10-09,252.39378356933594,256.89389787516376,251.79942287421486,253.78061559429656,3055646,259.8392753601074,253.92986389160157,34.60925048033013,1.4568970195468864,3.279275417716348
2025-10-10,249.0352020263672,252.82774955651826,247.4596740139441,250.95034826941622,3026904,259.6689872741699,254.51403137207032,23.78096710629744,0.5728335126703428,2.737987036707147
2025-10-13,238.534912109375,247.08231660491305,235.8555959938014,246.23324221752864,7675950,258.92934494018556,254.46063385009765,17.614087712819284,-0.963966818148748,1.9975962657359683
2025-10-14,249.28050231933594,250.1012751718152,239.73305817934815,241.506696835309,7818648,258.5538635253906,254.5362969970703,32.11750382767082,-1.2998292051109956,1.3381111715665754
2025-10-15,245.8936309814453,252.27114690087757,244.15770840944552,252.27114690087757,4519704,258.0934745788574,254.56460021972657,32.998052435890685,-1.8183341539859725,0.7068221064560659
2025-10-16,244.23316955566406,247.9313688475904,242.93124217550908,245.2897979247859,4526045,257.468928527832,254.50120208740233,28.267429434603358,-2.336306929617166,0.09819629924141954
2025-10-17,243.60108947753906,247.4596836328417,242.55390443477214,245.2426640289369,6474476,256.5703178405762,254.33383972167968,26.47950368346656,-2.7659238178439693,-0.47462772417565824
2025-10-20,248.9691619873047,250.19562836407908,242.41239367707507,245.29926387588654,5683753,255.78067169189453,254.20968505859375,36.91338809727432,-2.6427754381219017,-0.908257266964907
2025-10-21,254.4793701171875,257.7200995087758,250.02696221000633,250.02696221000633,6000969,255.26653594970702,254.07101440429688,43.820693336892326,-2.0766138033276604,-1.1419285742374576
2025-10-22,256.6815490722656,262.8264274730763,252.53684418884455,254.36398784740248,8802862,254.7577911376953,254.08110656738282,44.427752236803244,-1.4337023630885994,-1.200283332007686
2025-10-23,256.10455322265625,262.09556524073827,254.83517849780455,254.83517849780455,3981547,254.45510864257812,254.11815093994142,44.33289590912782,-0.9596864892167218,-1.1521639634494933
2025-10-24,254.13316345214844,260.018438131941,253.58504972381115,256.56611694683954,2779419,253.92885360717773,254.24633758544923,45.40117507870155,-0.7346317949220804,-1.0686575297440108
2025-10-27,250.75782775878906,254.93135135678523,250.02697030071914,253.96970916332094,3529130,253.18807525634764,254.28833740234376,42.657531215296416,-0.8191925678660823,-1.0187645373684253
2025-10-28,246.07461547851562,252.57531129653995,245.21875453003688,250.7578228469287,1391665,252.41455535888673,254.30950561523437,42.63300288240146,-1.2496979414723626,-1.064951218189213
2025-10-29,246.73814392089844,250.2193133527028,245.21876215044628,248.87299078879374,4014759,251.69968643188477,254.37111480712892,44.82414134604053,-1.5198158605296612,-1.1559241466573025
2025-10-30,244.06478881835938,250.02696741430927,243.3531683209527,250.02696741430927,2426497,250.77001571655273,254.3283120727539,45.393463529506256,-1.9273859664263284,-1.3102165106111077
2025-10-31,246.82470703125,249.64231152717616,245.21875170544467,245.21875170544467,2722444,250.0014533996582,254.29995178222657,58.96985370988843,-2.004578346183962,-1.4490888777256785
2025-11-03,247.44976806640625,249.93079193066092,247.0458654458584,249.0653198546181,3411960,249.42594223022462,254.3248486328125,47.46356084523871,-1.9923500899567443,-1.5577411201718918
2025-11-04,244.41098022460938,247.4497730379597,242.62232518115584,247.14204049678716,3054725,248.69849166870117,254.29934692382812,47.92581634678809,-2.202475129124821,-1.6866879219624777
2025-11-05,241.24717712402344,246.17079522938144,239.68932143548793,245.27646034165113,3461296,248.04540481567383,254.21226806640624,45.99130291566188,-2.5943867304670505,-1.8682276836633922
2025-11-06,238.7757568359375,242.3338299762871,237.88142197604557,242.30498188469335,3476731,247.3645034790039,254.05859008789062,43.826856112824395,-3.0690246550074107,-2.1083870779321963
2025-11-07,239.9852294921875,241.40930710496843,236.04465583596914,238.67820893682034,3216235,246.91200485229493,253.87023254394532,37.13812732570409,-3.309435185644361,-2.3485966994746295
2025-11-10,246.43255615234375,247.73959154130503,240.3851342920525,244.03310237425973,6790953,247.30688705444337,253.69779907226564,38.78079581727468,-2.945759996750354,-2.4680293589297744
2025-11-11,237.22488403320312,246.74469613440826,236.45431670340238,246.74469613440826,5846351,246.70410614013673,253.3606463623047,27.30592485806325,-3.3617745335112943,-2.6467783938460787
2025-11-12,234.24017333984375,240.40465241025424,232.3381636176811,237.03955599669146,5763232,246.12143325805664,252.89247619628907,25.85380140215736,-3.887497607269921,-2.894922236530847
2025-11-13,237.16635131835938,237.87839757127216,234.7766459860899,235.31311409332292,2374235,245.7680923461914,252.53396392822265,31.649478581318704,-4.02165963421038,-3.120269716066754
2025-11-14,241.33126831054688,242.87238806094413,237.26388913985807,238.14173519158268,3338222,245.65460128784179,252.20988067626953,39.97587508003508,-3.7486973638130507,-3.2459552456160137
2025-11-17,240.27784729003906,244.53055321036223,239.43901032326426,242.36518371201998,2961628,245.22003555297852,251.8266143798828,43.32009063226308,-3.57615142295748,-3.3119944810843074
2025-11-18,239.3804931640625,241.69216541645253,237.8978944554491,241.69216541645253,1739620,244.46509170532227,251.4603076171875,41.5668527403693,-3.4717957993114226,-3.343954744729731
2025-11-19,245.1060333251953,247.65180479907642,239.3804920889638,240.8143182572007,4970266,243.88631591796874,251.21285125732422,51.11540600294679,-2.893732824349513,-3.2539103606536877
2025-11-20,249.11489868164062,250.42191927649108,246.79347781938225,247.65181192771567,4669196,243.53683319091797,251.08670623779298,52.389373092433665,-2.088061942889709,-3.0207406771008922
2025-11-21,247.78836059570312,251.94352152663046,246.8812539723838,246.8812539723838,4400338,243.2195930480957,250.99365417480467,50.348159914445866,-1.538863442129724,-2.7243652301066588
2025-11-24,244.6183319091797,247.7493439462811,243.01869107115724,246.77395282838233,2702952,242.91261825561523,250.81946563720703,50.2126367805768,-1.3439225924008156,-2.44827670256549
2025-11-25,243.26254272460938,245.99364087487632,241.9457736244488,244.8231744914155,1553282,242.77201461791992,250.54891387939452,52.14632426187045,-1.2840299232352947,-2.2154273466994514
2025-11-26,247.3787078857422,249.2124480784827,239.94623180941974,243.49665513191866,4156348,242.8040428161621,250.3944598388672,58.85186935476528,-0.8941175921094384,-1.951165395781449
2025-11-27,253.8748016357422,254.67462950477645,246.9202581296129,248.08097595339862,5914351,243.29454345703124,250.33747406005858,62.88921443882237,-0.06023443989275279,-1.5729792046037097
2025-11-28,258.6834716796875,259.45403900234294,254.57708338199814,254.57708338199814,9011505,243.88748168945312,250.2796774291992,61.7251720931102,0.9773768588241296,-1.062907991918142
2025-12-01,264.3992614746094,265.2088229561878,255.55245742658929,258.7712360142645,7542463,244.73495635986328,250.27242095947267,77.87112145542686,2.2351424256892756,-0.4032979083966584
2025-12-02,260.8098449707031,266.7694704055177,260.0977987395771,265.9891694188225,4110677,245.55489959716797,250.19337615966796,76.91702679289686,2.908764360378086,0.2591145453582905
2025-12-03,262.71185302734375,263.94085542156904,258.3908773067826,263.94085542156904,2663321,246.62813339233398,250.11048431396483,76.42787730228699,3.5551096600471794,0.9183135682960684
2025-12-04,264.0091552734375,265.2966490644509,259.84421570303556,264.23347620398744,1963792,247.889803314209,250.14750335693358,74.9410464036796,4.124479978165198,1.5595468502698944
2025-12-05,267.8229064941406,269.20797511558015,264.5748668481924,267.13038706670966,6618109,249.28168716430665,250.21079620361328,78.55989960646926,4.827796080015588,2.2131966962190335
2025-12-08,267.6083068847656,271.35383516895484,266.7694847672384,267.89117865846544,5498405,250.34047470092773,250.25149444580077,79.68813891818573,5.306690537640378,2.8318954645033028
2025-12-09,265.696533203125,270.1345806268061,264.58460281302735,269.1981837264797,4113847,251.76405715942383,250.3345248413086,73.54448980503399,5.4689114795501155,3.3592986675126655
2025-12-10,263.5604248046875,267.0133176858412,263.1605108756166,266.76946990713265,2999715,253.230069732666,250.38502288818358,67.25702948581562,5.363282072002335,3.7600953484105997
2025-12-11,266.115966796875,272.2316886438646,265.6477980735987,271.06120730251985,8803915,254.67755050659179,250.4541781616211,71.27009481174008,5.423264865214861,4.092729251771452
2025-12-12,268.33984375,269.1981927206903,264.5748482163339,266.62317557519486,4322752,256.02797927856443,250.57705596923827,78.14815445179275,5.585859632622544,4.39135532794167
2025-12-15,271.812255859375,273.8898139360969,270.007776338364,273.0022342135997,6874422,257.6046997070313,250.83410125732422,82.25700452176024,5.9265937111670155,4.69840300458674
2025-12-16,268.81781005859375,273.5874573596361,267.744873827645,272.61206619815107,3972935,259.0765655517578,251.03125762939453,74.85301687312169,5.887137911546461,4.936149985978684
2025-12-17,264.6528625488281,269.1884551224702,263.3556054415387,268.71049322687935,3611817,260.0539070129395,251.23813659667968,63.20819952496549,5.456888832300649,5.040297755243077
2025-12-18,262.6630859375,265.3063875672236,262.13636639224757,265.3063875672236,2905022,260.73131637573243,251.44352264404296,55.238850509326,4.898883711961673,5.012014946586796
2025-12-19,261.3950500488281,265.0137724435586,260.80007576877654,263.3555956752699,1865442,261.41165084838866,251.6907196044922,45.52064810045484,4.304718618446373,4.870555680958712
2025-12-22,260.3026123046875,262.38020006412955,259.4540268292136,261.8925045249769,1694899,262.19586486816405,252.12607360839843,49.182858564375756,3.703002002986409,4.637044945364252
2025-12-23,258.3226013183594,260.91714547714946,257.9909718830132,260.4294498781267,1167274,262.94886779785156,252.3069155883789,42.94673183094558,3.0314225588821273,4.315920468067827
2025-12-24,260.87811279296875,262.0680912055554,258.47865886045264,258.47865886045264,1480848,263.6238380432129,252.60660522460938,45.1641487698976,2.6745686669300994,3.987650107840282
2025-12-26,263.7457580566406,264.33099869340975,260.67328192182197,260.8781057263898,3327082,264.1173858642578,252.9968569946289,43.51332874993688,2.5932608960704897,3.7087722654863238
2025-12-29,266.8377685546875,267.73511175855566,263.7360317892969,264.57485390450296,4284099,264.5251007080078,253.4615905761719,48.87691476935586,2.7466615039754743,3.516350113184154
2025-12-30,273.8020324707031,274.8652052176121,266.7694708427259,267.2376692954552,8989260,264.9952392578125,253.95824798583985,60.29739828837414,3.3910999963014206,3.491300089807608
2025-12-31,274.1726989746094,276.95256974793887,272.1341350119214,273.9776386015716,5922492,265.6633819580078,254.35211456298828,64.11522640426497,3.886925772694042,3.570425226384895
