Date,Close,High,Low,Open,Volume,SMA_20,SMA_50,RSI,MACD,MACD_Signal
2023-01-02,61.04914855957031,62.65727840682599,59.02187317503062,59.02187317503062,14956006,,,,0.0,0.0
2023-01-03,61.01493453979492,62.00718296522121,59.97135830666965,61.37419656316803,6624462,,,,-0.002729323514856219,-0.0005458647029712438
2023-01-04,59.9286003112793,61.84467793863903,59.7489692573591,61.58805841812132,4196964,,,,-0.09149571972842807,-0.018735835708062608
2023-01-05,61.006385803222656,62.486212677669776,60.68988930290266,60.73266139319891,4499228,,,,-0.07402216504296177,-0.02979310157504244
2023-01-06,65.05237579345703,65.57416392424541,60.81819374162194,61.2458885028515,10549556,,,,0.2632685355987334,0.028819225859712732
2023-01-09,67.56722259521484,68.60224322683419,64.7529900314758,65.00105379830924,13970997,,,,0.725141979995577,0.1680837766868856
2023-01-10,66.91712951660156,70.05640769963435,65.26622737104923,69.28655577469462,9194984,,,,1.0268856355168836,0.33984414845288524
2023-01-11,70.24458312988281,71.2111708472409,65.95908021014527,68.00346044871652,17774824,,,,1.5170299771071072,0.5752813141837296
2023-01-12,69.86822509765625,71.98103852364538,69.39775819166901,71.2111865529867,8125800,,,,1.8537352452738673,0.8309721004017572
2023-01-13,65.10372161865234,69.28657743820351,64.75300864970558,68.51672527255771,12902307,,,,1.7163361294694823,1.0080449062153023
2023-01-16,62.56318664550781,64.75298164696926,61.16890412912477,64.75298164696926,6851446,,,,1.3864641049334878,1.0837287459589395
2023-01-17,58.423118591308594,63.598222313774784,57.87566971035523,62.70006705257261,8640440,,,,0.7819553622420088,1.0233740692155533
2023-01-18,59.75751876831055,60.30496759746153,56.669561749387604,58.423113063018135,6111954,,,,0.4058741065922291,0.8998740766908886
2023-01-19,63.36725997924805,64.06867915528062,59.87726901874742,60.7326585761581,13642897,,,53.928693018244324,0.3945547680628607,0.798810214965283
2023-01-20,62.37501525878906,65.22346452153589,62.01575315162428,63.29883769958892,8309230,,,52.17393915011919,0.30203656481306496,0.6994554849348396
2023-01-23,63.76929473876953,64.1542174329253,62.443438301380624,63.28172294732348,3852102,,,54.3233274267017,0.3373333548031212,0.6270310589084959
2023-01-24,66.84870147705078,68.00347618247558,63.726527994898504,63.726527994898504,13159970,,,60.22240797982818,0.6067939602160166,0.62298363917
2023-01-25,68.57659149169922,70.14195622743038,67.40471176558265,67.9179442864159,13282160,,,60.97200896035272,0.9488321683580025,0.6881533450076005
2023-01-26,68.653564453125,69.95375364731625,67.41324573796798,69.07270348909331,7806490,,,55.89801997765821,1.21213821247634,0.7929503185013485
2023-01-27,67.27639770507812,69.28656209012618,66.46377361675306,69.2780063662624,4523330,64.46814880371093,,49.50525029903809,1.29475912511829,0.8933120798247368
2023-01-30,65.23200988769531,68.43116502531976,64.62468408122812,68.13177998355488,5115060,64.67729187011719,,47.263119547074986,1.18165045158365,0.9509797541765195
2023-01-31,66.31836700439453,67.19086821363199,63.98315661577125,65.43731659635907,10194870,64.94246349334716,,43.12259445763038,1.1662274095301512,0.9940292852472459
2023-02-01,65.54849243164062,69.20100910615994,65.1122485027656,66.92566999401956,9469438,65.22345809936523,,42.536183682363465,1.0794389928921362,1.0111112267762241
2023-02-02,64.45359802246094,65.00960250701809,62.27235869611156,65.00960250701809,12289269,65.39581871032715,,48.71355476944742,0.9117990669546572,0.9912487948119107
2023-02-03,63.7778434753418,64.92406887877864,63.21328975958082,64.5819117497182,3499066,65.33209209442138,,52.595039242414636,0.7161600264419548,0.9362310411379197
2023-02-06,68.55948638916016,68.55948638916016,65.09515546193748,67.24218545594307,21833048,65.38170528411865,,71.07790005673259,0.9361618080378378,0.9362171945179034
2023-02-07,69.38919830322266,73.22133959279992,68.64500709189441,70.99732820719298,31774289,65.5053087234497,,70.45783027100343,1.1640472106032576,0.9817831977349742
2023-02-08,68.47393035888672,69.88531777741572,66.60062531276841,68.31140426963151,15889192,65.41677608489991,,62.248648806915035,1.2563115821749733,1.036688874622974
2023-02-09,71.71586608886719,72.7081212287548,69.03849879772386,69.71425741345314,16183849,65.50915813446045,,70.22219366611621,1.5728974975395715,1.1439305992062936
2023-02-10,68.4397201538086,73.56350176326642,67.61854696376977,69.88532406466133,28035187,65.67595806121827,,59.34929909503796,1.5416651629340663,1.2234775119518482
2023-02-13,68.42262268066406,70.05642019762074,66.6434170019673,67.5757886752084,12576392,65.96892986297607,,53.590951436679966,1.498262650352018,1.2784345396318821
2023-02-14,65.70246124267578,69.44051547016961,65.1806731586564,69.10691410840032,9660375,66.33289699554443,,43.726625845333004,1.230190679340211,1.268785767573548
2023-02-15,66.32691955566406,66.86581272892137,64.93263666390622,65.43731346529083,5666093,66.6613670349121,,45.040163941091805,1.0559578531808427,1.226220184695007
2023-02-16,64.41938018798828,67.13096982205379,63.98313624834283,67.13096982205379,4152160,66.71397304534912,,44.0442147572104,0.7552485628632724,1.1320258603286601
2023-02-17,64.30818939208984,64.96683650239291,63.1363033088596,64.55625315537674,3573598,66.81063175201416,,47.905362018596705,0.5021733737637248,1.0060553630156732
2023-02-20,60.89518737792969,64.39372769018615,60.64712361215943,64.35951132324149,2746458,66.66692638397217,,38.877207026934656,0.02591004927964491,0.8100263002684676
2023-02-21,61.49396896362305,61.99865231263796,61.07482981099115,61.99865231263796,1568994,66.39918975830078,,41.6255099968121,-0.29975995080819473,0.5880690500531351
2023-02-22,60.330623626708984,61.75912260206282,60.21086961237419,61.67358495269573,2807642,65.98689136505126,,41.508138904685666,-0.6443009184848734,0.34159505634553344
2023-02-23,58.02108383178711,59.87727787979548,57.74735939395226,59.87727787979548,4693330,65.45526733398438,,38.89077670188796,-1.0911347552226545,0.05504909403189587
2023-02-24,57.003170013427734,58.33757587878651,56.89197170001638,57.96120884241426,4157159,64.94160594940186,,23.908903076669986,-1.509984763758446,-0.25795767752617255
2023-02-27,56.25897216796875,57.65326141863528,55.600325035191844,56.98605856238976,2823739,64.49295406341552,,20.24052022393728,-1.8803020086734321,-0.5824265437556245
2023-02-28,53.82966613769531,56.45571186809113,53.16246331434006,55.94247942905666,3540130,63.86851902008057,,18.940608523313486,-2.342799453586771,-0.9345011257218538
2023-03-01,52.940067291259766,53.87244218210745,51.716859775843474,53.63293411354013,4620269,63.238097763061525,,5.763942326963559,-2.749421582467157,-1.2974852170709146
2023-03-02,53.85533142089844,54.53109002552382,52.77754190084297,52.9400647591613,3486999,62.7081844329834,,11.337993957611062,-2.963655210622022,-1.630719215781136
2023-03-03,57.892765045166016,57.892765045166016,52.64922618637744,52.743319559031,6421254,62.41393051147461,,26.990690209524047,-2.775653744583863,-1.8597061215416817
2023-03-06,59.97136306762695,61.579493104274306,58.594185342595836,59.10741777760205,8005520,61.98452434539795,,37.115435049699606,-2.430913679718529,-1.9739476331770514
2023-03-07,59.1159782409668,61.14325402682447,58.63696213336363,60.73266413023247,4447315,61.470863342285156,,33.95507432694758,-2.2013512939340245,-2.019428365328446
2023-03-08,59.689090728759766,60.73266718083262,59.01333209953054,59.11598121036085,4500256,61.03162136077881,,38.81022969215379,-1.9506897243480523,-2.005680637132367
2023-03-09,60.22797775268555,60.50170213130123,59.90292556638294,60.30495967505997,2349244,60.45722694396973,,40.539458114841956,-1.6890842337399121,-1.9423613564538764
2023-03-10,59.637943267822266,60.913476370115944,59.52513629201802,60.731257355502564,1598135,60.01713809967041,63.232285003662106,46.64581020141687,-1.5119421218423952,-1.8562775095315804
2023-03-13,63.26498794555664,63.77693568015771,61.17379544831454,61.59897316587977,10936425,59.75925636291504,63.276601791381836,54.06763106238784,-1.066588559917193,-1.6983397196087031
2023-03-14,62.2410888671875,63.126153675973576,61.60765513393985,62.995995334059316,4891548,59.586187744140624,63.30112487792969,54.416195742289865,-0.7871885326386661,-1.5161094822146959
2023-03-15,61.70308303833008,62.69227550632851,61.399384757826354,61.70308303833008,1789547,59.35499591827393,63.336614532470705,59.27050305484194,-0.6022324117721638,-1.3333340681261894
2023-03-16,60.95685577392578,62.709633624960844,60.739927461563056,61.867957333899916,2018877,59.181869697570804,63.33562393188477,60.0926301553788,-0.5099888235041874,-1.168665019201789
2023-03-17,60.02841567993164,60.956868790295424,59.629268294367854,60.956868790295424,2123583,58.96788101196289,63.235144729614255,59.53264487852483,-0.5059699647125271,-1.0361260083039365
2023-03-20,57.833091735839844,60.02840528640033,57.65954510686398,59.86353764390501,2752846,58.814776229858396,63.04046211242676,60.24561980359944,-0.6721808034818011,-0.9633369673395095
2023-03-21,59.308204650878906,60.02840830202359,57.71161530485569,58.050022973200335,4089371,58.70548801422119,62.88828361511231,65.82321386493393,-0.6770699653807384,-0.9060835669477553
2023-03-22,57.50336456298828,59.85487372142364,57.2690848559792,59.39498005485453,1683067,58.564125061035156,62.63345924377441,58.68069045397276,-0.8171604557557401,-0.8882989447093523
2023-03-23,57.50336456298828,57.50336456298828,57.50336456298828,57.50336456298828,0,58.538239097595216,62.38616203308106,48.85301169404686,-0.9176055925936382,-0.8941602742862096
2023-03-24,56.23650360107422,57.44262470315857,55.92412624598913,57.44262470315857,556505,58.49990577697754,62.208817672729495,38.44639196012158,-1.0869050147977504,-0.9327092223885178
2023-03-27,55.60307693481445,56.92199840594528,55.44688825611612,56.92199840594528,736689,58.46711101531982,62.06961547851562,38.98170185699853,-1.2576903928667207,-0.9977054564841585
2023-03-28,55.282020568847656,56.40137166240928,55.099801547122915,55.78529593558909,1264561,58.53972873687744,62.00679351806641,35.95504689119555,-1.4027752807430005,-1.078719421335927
2023-03-29,54.31885528564453,55.663813648471745,54.1019269445516,55.663813648471745,1488495,58.60866813659668,61.89802024841308,31.663991897805914,-1.5772934316623548,-1.1784342234012126
2023-03-30,55.29069137573242,55.66380835171296,54.709321755691136,54.709321755691136,2371780,58.68043613433838,61.736488876342776,36.822707375914874,-1.6185239366586686,-1.266452166052704
2023-03-31,55.49894714355469,57.0955432096275,54.54446374694598,55.169218441490656,3139173,58.56074523925781,61.59896751403809,20.305241119013232,-1.6157693259131705,-1.3363155980247972
2023-04-03,55.863380432128906,56.201788092919415,54.926251779944685,55.438202764491855,2713355,58.35534610748291,61.440849227905275,24.31861010531982,-1.5661262280819983,-1.3822777240362376
2023-04-04,54.68329620361328,56.09766990358952,53.971771515050364,56.09766990358952,6695989,58.13371200561524,61.197541122436526,23.122930575415054,-1.60352224398666,-1.4265266280263222
2023-04-05,54.80477523803711,55.57704290258964,54.23208455751233,55.36011125429583,3048626,57.8894962310791,60.92210479736328,25.261682406419723,-1.6048567238555123,-1.4621926471921602
2023-04-06,58.90037155151367,58.909050537431774,55.143174994350765,55.50761627145578,13574597,57.82311592102051,60.727040939331054,46.384814828579756,-1.2608990551693893,-1.421933928787606
2023-04-07,57.32981491088867,60.13253165782182,56.66167861252479,59.43835840071169,5591512,57.70770950317383,60.528109283447264,48.31980108266495,-1.1023339008335995,-1.358013923196805
2023-04-10,56.44475173950195,57.60748436172639,56.16708375358813,56.91331108687835,1906457,57.36669769287109,60.3523641204834,40.04823174571608,-1.036143062523486,-1.2936397510621411
2023-04-11,56.271209716796875,56.61829638263161,55.44688467805094,56.40136804400084,2006499,57.06820373535156,60.151420974731444,45.170049106688914,-0.9863200535501804,-1.232175811559749
2023-04-12,58.11944580078125,58.48388383591189,55.88074366475968,55.88074366475968,3773429,56.88902187347412,60.00284004211426,52.10934830695222,-0.7886071816600833,-1.1434620855798159
2023-04-13,58.327701568603516,59.655302142518266,57.919875171099555,58.99583803974317,3957408,56.75756416320801,59.88032211303711,57.71945373594271,-0.6081039622998503,-1.0363904609238228
2023-04-14,58.327701568603516,58.327701568603516,58.327701568603516,58.327701568603516,0,56.672528457641604,59.771319274902346,60.55110544901037,-0.4597541014073556,-0.9210631890205294
2023-04-17,58.284297943115234,59.3862974878966,58.05001827634283,58.77022186921547,1698788,56.69508876800537,59.56581550598145,61.881824437491076,-0.34174861241194776,-0.8052002736988132
2023-04-18,58.42313766479492,58.88302465132331,57.70293404205606,58.13679068898881,2240434,56.65083541870117,59.34649429321289,67.37691674330247,-0.2343240650318421,-0.6910250319654191
2023-04-19,58.4925651550293,58.917742879629756,58.1801877924291,58.57065618561531,2938415,56.70029544830322,59.146866989135745,64.67783509661625,-0.14195079860386528,-0.5812101852931084
2023-04-20,59.17804718017578,59.42101247644796,58.22356382955244,59.00450716010878,2273610,56.7840295791626,58.89611061096191,66.15851615359045,-0.013278581606115836,-0.4676238645557099
2023-04-21,59.17804718017578,59.17804718017578,59.17804718017578,59.17804718017578,0,56.93110675811768,58.71087715148926,65.03936904297882,0.08768430728507326,-0.3565622301875533
2023-04-24,59.17804718017578,59.17804718017578,59.17804718017578,59.17804718017578,0,57.109855270385744,58.525985641479494,72.83945591839552,0.16578703439599707,-0.2520923772708432
2023-04-25,59.17804718017578,59.17804718017578,59.17804718017578,59.17804718017578,0,57.30465660095215,58.39549736022949,72.4999519159247,0.22508931877753469,-0.15665603806116762
2023-04-26,59.108638763427734,59.9589941820014,58.88303142742483,59.52513748514158,3113351,57.54414577484131,58.251131744384764,51.82940395930786,0.26344924829567873,-0.07263498078979835
2023-04-27,58.52726364135742,59.18672765036676,57.96325525194258,58.91773862648414,2429262,57.705974388122556,58.13328941345215,62.73059977029246,0.24412355087783766,-0.009283274456271154
2023-04-28,57.77234649658203,58.744181044571725,57.70292785168952,58.52725274437741,2022385,57.819644355773924,58.002572555541995,64.51593528285596,0.16597898949000722,0.02576917833298452
2023-05-01,57.77234649658203,57.77234649658203,57.77234649658203,57.77234649658203,0,57.915092658996585,57.940115737915036,67.06091070372561,0.10286311957657546,0.041187966581702706
2023-05-02,56.974063873291016,58.11944527339958,56.83522655442805,57.772358596369884,1227511,58.02963104248047,57.8497176361084,32.90164380659732,-0.011439530442359569,0.030662467176890255
2023-05-03,56.73109817504883,57.26908285175064,56.323278448981505,56.765807504525824,3661628,58.12594718933106,57.777727127075195,26.410234443515094,-0.1202444027620686,0.0004810931890984853
2023-05-04,55.87206268310547,57.008765065497975,55.72455300083558,56.92199505358201,1308027,57.974531745910646,57.73474670410156,21.06340571403912,-0.27264712655490797,-0.05414455075970281
2023-05-05,56.2017936706543,57.164956068532184,55.57704558727994,55.872064963862734,3983059,57.91813068389892,57.71871917724609,27.011585248767872,-0.36264055357897007,-0.11584375132355626
2023-05-08,54.91757583618164,56.53152311216068,54.67461386007859,56.47945581220426,1567777,57.84177188873291,57.691891250610354,19.113137307360844,-0.5314602959793575,-0.19896706025471653
2023-05-09,53.53791809082031,54.91758254594255,53.01728805847262,54.91758254594255,3287415,57.70510730743408,57.68605628967285,14.534035645337909,-0.7677281160543075,-0.31271927141463474
2023-05-10,52.68755340576172,54.04986304188005,52.505331094448465,53.190825405888894,2252281,57.433512687683105,57.68100601196289,4.61165074443079,-1.0119245526298997,-0.4525603276576878
2023-05-11,52.99993133544922,53.58129767278492,52.5226863599484,52.93051268080777,1457004,57.16712417602539,57.66389801025391,8.604666379716662,-1.1667956062382103,-0.5954073833737923
2023-05-12,52.48797607421875,53.79822162841848,51.93263681243991,53.79822162841848,2822108,56.875137901306154,57.55580223083496,8.052240419591925,-1.3156762462148137,-0.7394611559419966
2023-05-15,51.438045501708984,52.27972849689599,51.28185683641524,52.27972849689599,4325898,56.53282527923584,57.3851358795166,7.115395589786289,-1.5010823061549274,-0.8917853859845828
2023-05-16,52.81771469116211,53.26025038684115,51.715718255925275,52.06280494625927,8147822,56.2525541305542,57.259170608520506,19.563423131184194,-1.5191780325202373,-1.0172639152917138
2023-05-17,51.70703887939453,53.277601241214754,51.628944545158966,52.82638990008302,2885966,55.913277816772464,57.0995295715332,18.61026203748409,-1.6046439451979353,-1.134739921272958
2023-05-18,51.24715805053711,52.054131831745735,51.02155069769161,51.70704512432072,2779634,55.51673336029053,56.91991317749024,19.12978477426546,-1.690003527572813,-1.245792642532929
2023-05-19,52.31443786621094,52.85241920816924,51.108316857758496,51.195086867406594,4526257,55.173552894592284,56.77344306945801,26.547365287639238,-1.6524822631965606,-1.3271305666656554
2023-05-22,51.047576904296875,52.48798090284238,50.93477324433251,52.48798090284238,2331028,54.76702938079834,56.52909484863281,25.519696679859663,-1.705313688203205,-1.4027671909731654
2023-05-23,50.50959014892578,51.18640877042362,50.34472581436356,51.0649261285707,1247254,54.33360652923584,56.294464874267575,24.91251310957405,-1.7701883784436845,-1.4762514284672692
2023-05-24,50.631072998046875,51.351276672349975,50.37075965326234,50.74387666114355,1384652,53.9097282409668,56.073024673461916,27.529764727971425,-1.7911521007427353,-1.5392315629223625
2023-05-25,50.84799575805664,51.45539570261979,50.50091243978013,50.76122575600337,2574212,53.525764846801756,55.87084747314453,26.821906677632555,-1.7698603000276165,-1.5853573103434135
2023-05-26,49.303470611572266,50.995512248751055,49.190666953076715,50.75255357820399,3488612,53.10232105255127,55.65634857177734,26.23069647730091,-1.856219324827606,-1.6395297132402522
2023-05-29,49.53776168823242,50.50092416086198,49.45099166604013,49.459667344233694,2750008,52.69059181213379,55.490441970825195,31.244936161201494,-1.8840361464065225,-1.6884309998735063
2023-05-30,50.77858352661133,51.48143250249289,49.67658722075122,49.67658722075122,4947319,52.3808177947998,55.319849548339846,41.36576908968627,-1.785376516417827,-1.7078201031823705
2023-05-31,49.98029327392578,51.16906308076905,49.893523253163316,50.821976377590964,1976085,52.04327754974365,55.169388122558594,36.91729591722055,-1.7514141881062457,-1.7165389201671457
2023-06-01,50.38811492919922,51.08228496040505,49.71997523976867,50.06706191040349,1626005,51.76908016204834,55.02708312988281,40.8194279241386,-1.672313608659607,-1.707693857865638
2023-06-02,50.37944030761719,50.58768966631071,50.15383297395802,50.15383297395802,821029,51.477962493896484,54.909941864013675,44.908193839712155,-1.5919745078671141,-1.6845499878659334
2023-06-05,53.42510986328125,53.70277786615502,50.370758521606106,50.370758521606106,9434106,51.40333919525146,54.86638252258301,52.5179749171903,-1.267929213542331,-1.601225833001213
2023-06-06,53.1734733581543,54.82213005739214,52.97389968362572,53.71145802173265,10796581,51.38511695861816,54.82421157836914,56.54532916748253,-1.01967180428327,-1.4849150272576244
2023-06-07,53.32966232299805,53.72880967427116,52.71358663167689,53.312307658586555,2375871,51.41722240447998,54.80442771911621,59.55412808841834,-0.8010884259955304,-1.3481497070052058
2023-06-08,52.531368255615234,54.336210345404446,52.36650059674446,53.147443954385444,3945300,51.393794250488284,54.749241256713866,51.02041988177794,-0.6843860076297332,-1.2153969671301115
2023-06-09,53.43379211425781,53.88500016394173,52.49666006476684,52.49666006476684,3751614,51.44108505249024,54.70793815612793,61.623030967893456,-0.5131649901849897,-1.0749505717410872
2023-06-12,52.14957046508789,53.79822713685573,51.88925712482553,53.79822713685573,2173607,51.47666130065918,54.63366195678711,57.446829886469494,-0.47561446716138533,-0.955083350825147
2023-06-13,52.218990325927734,52.67020167082206,51.64629964011259,52.062801656154164,1655102,51.446725082397464,54.584375839233395,57.24467600384143,-0.4352366671509742,-0.8511140140903125
2023-06-14,52.10618209838867,52.58342374309073,52.062797096154576,52.40988373415434,1073014,51.466682243347165,54.53040397644043,55.79537643432167,-0.4076406235601624,-0.7624193359842826
2023-06-15,51.11699676513672,52.357827204164906,51.021547760586245,51.98471017368432,1110002,51.46017417907715,54.37473648071289,58.8037408653353,-0.4602836858089958,-0.7019922059492253
2023-06-16,50.76123809814453,51.88058927113441,50.63107975335438,51.19509483402611,1604432,51.38251419067383,54.24336494445801,55.87012360447592,-0.5246624608830004,-0.6665262569359803
2023-06-19,48.85226058959961,51.1777326155827,48.50517723814858,51.1777326155827,3360751,51.27274837493896,54.09151512145996,41.31455253710683,-0.721405718834788,-0.6775021493157418
2023-06-20,49.893516540527344,50.153829877856495,48.59194654381794,48.67871655290643,5667316,51.24194469451904,53.96396125793457,49.617127791930805,-0.7842649964285968,-0.6988547187383128
2023-06-21,49.251407623291016,50.67446027849327,49.0691886166714,49.8935169500325,2398710,51.17296142578125,53.786600494384764,45.08626139919878,-0.875798589121473,-0.7342434928149449
2023-06-22,48.90432357788086,49.719972912613066,48.64401024212068,49.25140692220655,1792169,51.07577781677246,53.598132934570316,43.804650873660975,-0.9652199478267107,-0.7804387838172981
2023-06-23,48.921688079833984,49.407605521621434,48.67005037030017,48.85226941097046,1489698,51.056688690185545,53.41001266479492,24.63354879133091,-1.022894556937672,-0.828929938441373
2023-06-26,51.01286697387695,51.45539931148749,49.93690099861016,50.32737265536278,6339034,51.13044395446777,53.26458404541015,39.91903762130652,-0.8896066089164663,-0.8410652725363916
2023-06-27,51.31657028198242,52.19296267534953,50.457535864000434,50.71784922369001,7545699,51.15734329223633,53.12245269775391,40.73484941057827,-0.7508137178382697,-0.8230149615967672
2023-06-28,51.31657028198242,51.31657028198242,51.31657028198242,51.31657028198242,0,51.22415714263916,52.97893280029297,43.96553030992099,-0.6335165670751408,-0.785115282692442
2023-06-29,51.31657028198242,51.31657028198242,51.31657028198242,51.31657028198242,0,51.27057991027832,52.8217032623291,38.44698034131778,-0.53439752796357,-0.7349717317466676
2023-06-30,51.31657028198242,51.31657028198242,51.31657028198242,51.31657028198242,0,51.317436408996585,52.66447372436524,44.713691154027906,-0.45065016081959897,-0.6781074175612539
2023-07-03,55.169219970703125,55.169219970703125,55.169219970703125,55.169219970703125,762271,51.40464191436767,52.58429718017578,62.64881950239161,-0.07256663406161579,-0.5569992608613263
2023-07-04,56.98273849487305,59.00451234493462,56.48814211208092,59.00451234493462,14413155,51.59510517120361,52.540391006469726,68.24678116366265,0.36914776785135217,-0.3717698551187907
2023-07-05,56.427398681640625,58.041346059136444,55.80264400388385,56.54020565520244,6083458,51.749991989135744,52.486766204833984,70.53688079111448,0.6667128809116107,-0.1640733079127104
2023-07-06,58.34504699707031,59.004511032837826,56.2712125065558,56.40137084021263,14126634,52.04067592620849,52.48312187194824,76.16761488978815,1.045224867806077,0.07778632723104706
2023-07-07,57.84177017211914,58.657416150102655,57.43394387306392,58.56196716010561,2651136,52.26107482910156,52.484510345458986,84.35009976129588,1.2897210097608323,0.3201732637370041
2023-07-10,57.60749053955078,58.5706529171316,57.29511319438253,57.96325620159761,5121219,52.53397083282471,52.48121322631836,81.41341509032996,1.447891167272516,0.5457168444441065
2023-07-11,59.00450897216797,59.61190568118336,57.44262226308895,58.1281166176221,7295326,52.87324676513672,52.521822128295895,87.41676884121621,1.6667565369588573,0.7699247829470568
2023-07-12,60.29738998413086,60.87008388870086,59.36026473503001,59.84618202123982,12591221,53.282807159423825,52.59314796447754,90.75106004299661,1.9223736846821282,1.000414563294071
2023-07-13,60.3668098449707,62.024145311113195,59.97634153500211,60.956855113004856,10306114,53.745297813415526,52.68304290771484,90.7853740497863,2.106273904023112,1.2215864314398794
2023-07-14,59.29085159301758,60.60977290094848,59.09127462043732,60.219304562582174,2206447,54.17177848815918,52.74482406616211,81.8000132474166,2.140520723533065,1.4053732898585165
2023-07-17,59.308204650878906,60.00237796140128,59.00450631007311,59.48175128857316,3601497,54.69457569122314,52.83263664245605,81.39059929797558,2.1443431682373983,1.553167265534293
2023-07-18,58.1888542175293,59.52513354993137,57.9632535165687,59.43836354032134,2670286,55.10934257507324,52.925655364990234,74.81202924675073,2.033608089852649,1.6492554303979643
2023-07-19,59.577205657958984,60.32343309690614,58.39711489570668,58.48388491231654,8961317,55.62563247680664,53.06344841003418,77.10707758555942,2.0344264984475515,1.7262896440078819
2023-07-20,61.58162307739258,62.02415877954567,59.863547576175215,60.0370942339451,11323426,56.259497451782224,53.23508224487305,79.76850911533523,2.171779900481603,1.8153876953026262
2023-07-21,60.66183853149414,62.30181609970611,60.56638954116418,61.946050477544084,4796930,56.84650497436523,53.398559494018556,69.19342037525264,2.181270210089238,1.8885641982599486
2023-07-24,60.50565719604492,61.165114601576796,60.0457635414894,60.739936896934026,2523215,57.32114448547363,53.57991172790528,63.923192616687956,2.1513889477221824,1.9411291481523956
2023-07-25,61.208492279052734,61.78117957063653,60.20194175063808,60.410197693147275,5958770,57.81574058532715,53.74772727966309,68.67796264631009,2.159527065620736,1.9848087316460639
2023-07-26,60.61845397949219,61.356008988595825,60.50565362943594,61.29526932008441,2706309,58.28083477020264,53.925955581665036,59.909241220421585,2.094224506566377,2.0066918866301267
2023-07-27,60.61845397949219,60.61845397949219,60.61845397949219,60.61845397949219,0,58.74592895507813,54.11338150024414,62.65826505020067,2.019195726605659,2.009192654625233
2023-07-28,60.61845397949219,60.61845397949219,60.61845397949219,60.61845397949219,0,59.21102313995361,54.27946182250977,64.02589288443235,1.9374017169315323,1.9948344670864933
2023-07-31,67.33454895019531,67.75105423588138,64.21078247799396,64.29755248164155,24102714,59.81928958892822,54.60520126342774,75.94597099410424,2.3869963028334524,2.073266834235885
2023-08-01,66.12843322753906,68.54935425448622,65.96356557354952,68.54935425448622,7148147,60.276574325561526,54.917578125,68.26092825834785,2.6158261765580093,2.18177870270031
2023-08-02,67.6556167602539,68.07211549669768,65.73797088672924,66.1284392796613,16067758,60.83798522949219,55.25806900024414,70.91640104047961,2.887125462837318,2.3228480547277117
2023-08-03,66.17182922363281,68.4539132026092,65.77268183302068,67.68164876553578,11564548,61.22932434082031,55.56454566955566,69.2944513532056,2.9484153512990545,2.4479615140419804
2023-08-04,66.27594757080078,66.90070228237676,65.52104114441974,65.52104114441974,8324141,61.65103321075439,55.903995208740234,69.44313632651532,2.9711400568332067,2.552597222600226
2023-08-07,65.0524673461914,69.19145688616796,64.21078438356487,67.24778094224699,15328254,62.023282051086426,56.214289321899415,69.04190763771783,2.8574856052819086,2.6135748991365624
2023-08-08,60.496971130371094,64.210782921187,60.219303144706174,64.210782921187,15271642,62.09790515899658,56.40865707397461,52.17032971484195,2.3724747487556925,2.5653548690603887
2023-08-09,64.07194519042969,65.03510745742582,59.898246446864405,60.49697072638279,22796703,62.28663291931152,56.69049011230469,55.47080904951227,2.250626854573092,2.5024092661629296
2023-08-10,61.3213005065918,65.69457656011178,60.74861314131817,65.42558754158382,13162106,62.33435745239258,56.90915382385254,51.340863152440825,1.9100891637868571,2.3839452456877153
2023-08-11,63.23027801513672,64.81818851020648,61.60765156942827,61.60765156942827,15365570,62.53132877349854,57.16617057800293,55.17128581471809,1.7738018379119254,2.2619165641325574
2023-08-14,63.23027801513672,63.23027801513672,63.23027801513672,63.23027801513672,0,62.72743244171143,57.36227394104004,53.94249979655174,1.6468097525351268,2.1388952018130714
2023-08-15,64.26285552978516,65.39956464285738,62.31917926929702,63.31705105369884,13586629,63.031132507324216,57.58406158447266,56.98604192686929,1.6109183221117505,2.033299825872807
2023-08-16,63.256317138671875,64.90497415608347,63.09144945089207,64.21080068976423,6077616,63.215088081359866,57.78259468078613,54.86870479638182,1.4841465511543532,1.9234691709291165
2023-08-17,64.41036987304688,64.64464958283978,62.64890607518412,63.25630943931445,7307763,63.35652542114258,58.020174713134764,56.712771437516395,1.459971774358337,1.8307696916149607
2023-08-18,66.07636260986328,68.87907258549801,64.99172109171099,65.0351027803612,27990154,63.627251625061035,58.273026123046876,47.28768293950546,1.557293272690309,1.7760744078300303
2023-08-21,64.58389282226562,66.20651886643343,64.34961317445324,65.94620226208522,6101632,63.83116340637207,58.52171257019043,46.710985703512044,1.4967379590088186,1.720207118065788
2023-08-22,65.79869842529297,66.5536047284055,64.47109819004159,64.69669887228402,6484045,64.06067371368408,58.79330673217773,45.9924785908225,1.5291450638131465,1.68199470721526
2023-08-23,66.15446472167969,66.62303073055814,64.8181853526843,66.16314370891658,8827889,64.33747425079346,59.07427238464356,49.96060665747489,1.5654893084421104,1.65869362746063
2023-08-24,65.8768081665039,67.07425704857019,65.65120742013585,66.77055202361622,10213573,64.60039196014404,59.3694686126709,49.101580974316505,1.5539745691095561,1.6377498157904153
2023-08-25,65.20866394042969,65.87680035178673,64.64464890115909,65.87680035178673,2992875,64.82990245819092,59.6584171295166,50.36059631460105,1.4739446832891403,1.6049887892901604
2023-08-28,63.71619415283203,65.08718289055392,63.51661716133976,65.08718289055392,3787006,64.64898471832275,59.95569580078125,58.65611971970543,1.275388696432998,1.5390687707187278
2023-08-29,61.81589889526367,63.77693297366798,61.2865932076407,63.77693297366798,8315062,64.43335800170898,60.19414344787597,43.333350617811114,0.9537000400709417,1.4219950245891706
2023-08-30,60.41020965576172,62.29314615629268,59.61190829164758,61.18247405681134,7881605,64.07108764648437,60.41731948852539,47.07523156340413,0.5786616373190725,1.253328347135151
2023-08-31,57.31247329711914,61.121734631996546,55.88074484862781,60.60978027835742,12267446,63.62811985015869,60.58548248291016,32.349868578331794,0.031120824361707378,1.0088868425804625
2023-09-01,58.648746490478516,58.96112384921334,56.75713760276919,57.26908533950638,5284440,63.24675979614258,60.780023651123045,37.34416257861814,-0.2916215045461499,0.74878517315514
2023-09-04,59.78544998168945,60.08914832428492,58.65742000047504,59.00450665778158,3426833,62.98340892791748,60.955475311279294,37.70253917197953,-0.4504817799808265,0.5089317825279468
2023-09-05,58.5012321472168,60.29739850705747,58.14547311813487,60.29739850705747,3642368,62.88362197875976,61.09916854858398,37.13609260813739,-0.6722559907781118,0.27269422786673514
2023-09-06,59.60323715209961,60.479622942951934,58.23224835474972,58.5706560601537,3929670,62.66018657684326,61.264901885986326,36.95856229688745,-0.7504404462465502,0.06806729304407808
2023-09-07,60.72257995605469,62.345199598435705,59.351591346243126,59.52513135907594,13140382,62.63025054931641,61.45302207946777,35.03156521486872,-0.7138517424234507,-0.08831651404942767
2023-09-08,62.48405075073242,62.86584018759131,60.65317474309306,60.84407277158681,7089082,62.59293918609619,61.67637168884277,44.2161321349669,-0.5365341276883413,-0.1779600367772104
2023-09-11,63.933128356933594,64.36698508937204,62.562139493597314,62.88319585884797,11683396,62.628081703186034,61.851649856567384,44.92689007182985,-0.27589978712839525,-0.19754798684744737
2023-09-12,62.76170349121094,63.43851879427261,62.04149987584962,63.43851879427261,4021971,62.55302410125732,61.96722915649414,41.16583780674009,-0.16200193367465232,-0.19043877621288835
2023-09-13,63.44721221923828,64.16740937836559,62.562140759877806,62.822457452661126,3202449,62.56256885528565,62.10762542724609,43.805325227622966,-0.016235090884777037,-0.1555980391472661
2023-09-14,63.26498794555664,63.75958432480172,62.9873132988372,63.551328339762144,1473435,62.505299758911136,62.20602424621582,44.918345132812206,0.0836183064589946,-0.10775477002601397
2023-09-15,62.709632873535156,64.64463630948002,62.48403219787245,64.29754968983332,8044559,62.33696327209473,62.30338150024414,47.23279452683454,0.11659628089518037,-0.0628845598417751
2023-09-18,63.091426849365234,63.41248312104699,62.73566787491515,63.32571312387329,1432531,62.262339973449706,62.41306022644043,53.826088787339536,0.17156149220461714,-0.015995349432496656
2023-09-19,63.46454620361328,64.07194282700445,63.16952687800234,63.33438789285041,4000236,62.145632362365724,62.50226097106933,59.76684272801571,0.24243479437049587,0.035690679328101854
2023-09-20,62.14563751220703,63.75958500272019,61.71178080228689,63.69016634030225,6149595,61.94519100189209,62.53922592163086,67.43889638420092,0.18998743129002804,0.0665500297204871
2023-09-21,62.822452545166016,63.039380898830174,61.867969113069314,62.04150914794945,2382619,61.792473220825194,62.58833877563477,65.81192727373627,0.20072203627739782,0.09338443103186925
2023-09-22,64.28022003173828,64.85290752032309,62.47537429656222,62.82246103334668,6762444,61.74605102539063,62.68812614440918,66.6238611170132,0.3231340529453206,0.13933435541455952
2023-09-25,64.3582992553711,64.81818628361766,63.95047291103843,64.28020822950025,2907911,61.77815628051758,62.78912803649902,73.78428509510182,0.42158700631744495,0.19578488559513663
2023-09-26,63.31705093383789,64.60994210902452,63.13483190539909,64.60994210902452,2896927,61.85321388244629,62.89169197082519,65.15578064053324,0.41085555659987705,0.2387990197960847
2023-09-27,64.61862182617188,65.49501426628048,62.926576622786264,63.17821431826807,9115995,62.0636344909668,62.992520294189454,65.66642962283032,0.5015946280717358,0.29135814145121497
2023-09-28,64.61862182617188,64.61862182617188,64.61862182617188,64.61862182617188,0,62.428941917419436,63.05326026916504,59.999964258078116,0.5669703150873318,0.3464805761784383
2023-09-29,64.61862182617188,64.61862182617188,64.61862182617188,64.61862182617188,0,62.7274356842041,63.1323959350586,53.715888713167416,0.6117293825202026,0.39953033744679123
2023-10-02,65.48631286621094,65.85942978766109,64.3149014310015,64.63595106146666,6591768,63.012478828430176,63.23200904846191,65.27233352121542,0.7090432717938597,0.461432924316205
2023-10-03,65.21733093261719,66.20652350626212,64.47109700932342,65.93752789755045,3056591,63.348283767700195,63.312185821533205,60.408109616374986,0.755748833966102,0.5202961062461844
2023-10-04,64.65332794189453,65.42559234609922,64.5578789373184,65.0351173400711,1990783,63.600788307189944,63.39288330078125,57.81253689512918,0.7387372969896546,0.5639843443948784
2023-10-05,64.05459594726562,64.94833959271112,63.395131981449396,64.68802957313717,4785992,63.767389106750485,63.461606140136716,57.53167553046046,0.669228414636116,0.585033158443126
2023-10-06,63.186885833740234,64.21078785076016,62.51874946760869,64.21078785076016,5713471,63.80253086090088,63.51297477722168,50.50697167085091,0.5379243135407421,0.5756113894626492
2023-10-09,63.967830657958984,64.81818605278686,62.25843426084498,62.562132616140644,6484440,63.80426597595215,63.44564041137696,52.561908301574775,0.4912181312693207,0.5587327378239836
2023-10-10,64.15003967285156,64.59257527595413,63.559994408757014,64.202100348466,3084894,63.87368278503418,63.406072540283205,61.5384480249179,0.4635622331703928,0.5396986368932655
2023-10-11,65.72927856445312,65.93752789042779,64.34093869107748,64.6966976804456,7355736,63.98778610229492,63.36754577636719,65.15838778300868,0.5625909170876398,0.5442770929321403
2023-10-12,66.61434936523438,67.03085467607768,65.7813453636751,66.15446236001046,6826631,64.1552541732788,63.37639617919922,62.945119520816604,0.704370138827727,0.5762957021112577
2023-10-13,69.9550552368164,71.0570483190487,66.12843604471395,66.69245106701312,15178339,64.51752529144287,63.44997833251953,72.79160836032203,1.0739187708149274,0.6758203158519916
2023-10-16,69.70340728759766,72.88791334117326,69.41706032492691,70.32816188974228,9554904,64.84812431335449,63.542997131347654,77.79454603351061,1.3311383039633569,0.8068839134742647
2023-10-17,68.70423889160156,70.84406724447723,68.35055449908414,70.51690176069151,3791020,65.1101089477539,63.707142486572266,68.2620201407053,1.437788170949318,0.9330647649692754
2023-10-18,68.50971221923828,68.96066182407714,67.65201343757278,68.61581483397822,3589409,65.42831268310547,63.79589782714844,67.09523209370363,1.4894429114369814,1.0443403942628167
2023-10-19,73.3464126586914,73.64705246830646,68.20022682391205,68.2090709569852,18911504,65.95451068878174,64.03640007019042,76.90883866396818,1.8987730946080603,1.2152269343318656
2023-10-20,73.00157165527344,73.56747478856258,71.90513517778791,73.30221148951313,7552252,66.3905782699585,64.23182594299317,73.94236177311146,2.170326256710368,1.406246798807566
2023-10-23,75.35360717773438,76.92752558738817,73.22262305839394,73.39947199245995,24259049,66.94034366607666,64.47429252624512,78.50866708695669,2.54597528571378,1.6341924961888088
2023-10-24,73.1430435180664,76.04329847349395,72.17923541316458,76.04329847349395,10255853,67.43164329528808,64.65189628601074,71.85356771820398,2.6349319790539028,1.8343403927618276
2023-10-25,72.91314697265625,74.17758819967365,72.46219061650534,73.08115177606676,8207368,67.8463695526123,64.84503288269043,73.24437232219108,2.6562603536431766,1.9987243849380976
2023-10-26,71.47185516357422,73.30219928117485,71.26848059668689,72.90429427972477,4518629,68.18903121948242,64.98626258850098,71.10407120048399,2.5277250002049385,2.104524507991466
2023-10-27,70.08363342285156,72.0200804259588,69.42046506995656,71.48954709286225,4258249,68.4622817993164,65.06640800476075,65.1111064612141,2.2874733451149893,2.1411142754161707
2023-10-30,71.38343048095703,72.241122382517,69.80950556522659,70.1808848970821,4802381,68.75713768005372,65.20239875793457,66.93708503386898,2.176861433709746,2.148263707074886
2023-10-31,71.71944427490234,73.9653751434581,71.53375795356979,73.39062791299236,7796581,69.08224334716797,65.32081367492675,64.89314361090487,2.0921966612288116,2.137050297905671
2023-11-01,71.63101959228516,73.21378205703274,71.44533328025511,72.07313178647956,6350377,69.4311279296875,65.43034477233887,62.987245126709304,1.9949673444468772,2.1086337072139125
2023-11-02,71.94933319091797,74.45168281449796,71.18005562697597,71.71058885385845,5718084,69.82586479187012,65.55179527282715,56.12063022864614,1.9214483964950375,2.071196645070138
2023-11-03,72.52408599853516,73.1960984655304,71.45417522979506,71.72828939504545,6010320,70.29272480010987,65.69810371398925,58.488581082260104,1.8878004601433105,2.0345174080847723
2023-11-06,71.99354553222656,72.99272337319867,71.35690291577266,72.94850945690742,3862892,70.69401054382324,65.86365074157715,60.18618536884096,1.7976024048899149,1.987134407445801
2023-11-07,71.13585662841797,72.84241014252332,70.86174919871263,72.33840245939881,4243204,71.04330139160156,66.05004989624024,57.811683006535944,1.6380292877364155,1.917313383503924
2023-11-08,71.28617858886719,72.24113588124648,70.83522222412593,70.83522222412593,4665469,71.32114639282227,66.26756927490234,41.50258001053528,1.5063321097433118,1.8351171287518016
2023-11-09,71.28617858886719,71.28617858886719,71.28617858886719,71.28617858886719,0,71.5547378540039,66.5470433807373,42.71772335899383,1.3859843821447981,1.745290579430401
2023-11-10,72.47102355957031,73.36409200060989,71.71943424610363,72.10849510083297,10555014,71.6805362701416,66.82348892211914,36.416583139314994,1.3704177056818594,1.6703160046806929
2023-11-13,73.09883117675781,73.83273906436507,72.10850414393545,72.41798134169244,9183312,71.85030746459961,67.08975654602051,49.75513539597079,1.3926858151725128,1.614789966779057
2023-11-14,73.85042572021484,74.18643534065815,71.66639691782042,73.44368326829168,9040327,72.10761680603028,67.39674041748047,54.907416950084176,1.4542175361583674,1.5826754806549193
2023-11-15,76.3174057006836,76.91867856170363,73.87695121721706,74.27484949823315,19292737,72.49800148010254,67.73102378845215,72.90974990729559,1.6826499936501165,1.6026703832539586
2023-11-16,81.84381103515625,82.03834148902033,76.30857096371756,76.94520688623128,24336213,72.92287139892578,68.15344841003417,89.96394137284122,2.283298640946029,1.7387960347923728
2023-11-17,81.24252319335938,83.77140513573302,80.46440826728126,82.66612480239125,16643997,73.33491897583008,68.52861785888672,85.17341863317385,2.679905831465348,1.9270179941269678
2023-11-20,80.26104736328125,81.9676007579452,79.84546755401023,81.251381138922,6097426,73.58029098510742,68.85517623901367,79.13147197634439,2.881803355182626,2.1179750663381
2023-11-21,79.12039947509766,81.48127692033037,78.51912663457169,80.29641275836897,5862888,73.87915878295898,69.1823501586914,73.83230799858217,2.9161522575540744,2.277610504581295
2023-11-22,81.62276458740234,82.65731241937657,78.69598353816136,78.69598353816136,10655403,74.31463966369628,69.54586120605468,77.02572047073909,3.10945015574913,2.4439784348148623
2023-11-23,80.04883575439453,82.76340445704236,79.47408853152055,81.83497286264311,7358871,74.74348869323731,69.88153816223145,69.9110760109532,3.099903472149194,2.575163442281729
2023-11-24,80.3141098022461,81.79076304023344,79.58020187698389,80.45558220872347,6139710,75.25501251220703,70.23362770080567,72.33034378630546,3.0782588039476764,2.6757825146149186
2023-11-27,80.97726440429688,82.14444023050575,80.01345639276819,80.90652484001848,7028494,75.73470420837403,70.59134445190429,76.69060669451738,3.07912207997677,2.756450427687289
2023-11-28,82.47161102294922,83.64763115394926,81.17180675542497,81.34864894599914,12452024,76.27231254577637,70.97148574829102,78.27443986177684,3.163915863197161,2.8379435147892638
2023-11-29,81.45475769042969,84.21353362061453,80.64126608010359,82.4716103976674,14409867,76.7634994506836,71.35766815185546,74.44726512344548,3.113177212548379,2.892990254341087
2023-11-30,81.14527130126953,82.89603860488738,80.90653367837008,81.79075809015555,6286258,77.22329635620117,71.72412452697753,71.77095281225047,3.0132585325623467,2.917043909985339
2023-12-01,83.75373840332031,84.08974125537466,80.9065346826536,81.73770779880019,9506132,77.78477897644044,72.11359489440918,74.32375380298136,3.1087183836478687,2.955378804717845
2023-12-04,88.45781707763672,90.03173556000871,84.89439353125798,84.89439353125798,23518237,78.60799255371094,72.5955852508545,78.24894934363854,3.5233360144022328,3.0689702466547226
2023-12-05,94.9303207397461,95.08948138250359,86.91925079517594,88.86454154346005,26934622,79.79771575927734,73.22785064697266,81.1666836150426,4.3243519885871535,3.3200465950412092
2023-12-06,98.13123321533203,100.78390658658044,94.6120169078597,97.16742504914122,35324615,81.13996849060058,73.89810287475586,79.5760865981221,5.157991687341891,3.687635613501346
2023-12-07,97.8924789428711,99.47524137065578,95.93834389969913,96.37161195098429,15352002,82.47028350830078,74.56358001708985,80.63779491964247,5.733301746542111,4.096768840109499
2023-12-08,100.66893768310547,101.78306221742943,98.82091208875418,99.03312403706954,16604019,83.88017921447754,75.28458633422852,85.22582084406498,6.340190361984995,4.545453144484599
2023-12-11,100.7662124633789,101.68580665483249,98.59102123490281,99.9173578434441,8672394,85.2635482788086,75.99018432617187,88.75863516096562,6.751179825365384,4.986598480660756
2023-12-12,101.72118377685547,102.52582453609857,100.80158951907956,100.80158951907956,6735735,86.65708618164062,76.72026138305664,88.0991526129695,7.072423642759915,5.403763513080588
2023-12-13,101.80960083007812,105.65597577023235,97.4857438858493,103.01214660046661,17870916,87.93169593811035,77.4633868408203,93.71219739911669,7.250566186072447,5.7731240476789605
2023-12-14,106.78777313232422,109.44929034840543,99.9173528141803,101.24368935596145,17322231,89.17889404296875,78.31805038452148,94.7132081656889,7.70462817789452,6.159424873722072
2023-12-15,111.64217376708984,113.00388014206104,108.40590925006155,110.52804914282311,20844934,90.69887657165528,79.28715614318848,95.3688726566403,8.35981835684872,6.599503570347402
2023-12-18,108.82150268554688,112.25229111960661,107.30063555365429,111.41228059136456,11710100,92.12689933776855,80.18422958374023,87.51256398754408,8.552864611839624,6.990175778645847
2023-12-19,104.90438842773438,110.12131404286575,101.69465609611576,107.69854093370539,24378331,93.4160987854004,80.99931655883789,80.83718163937637,8.294166784080048,7.250973979732688
2023-12-20,106.43408966064453,107.8753729526466,101.24369018916423,106.37219422469589,24173128,94.6566650390625,81.81341278076172,82.22170679422666,8.118990330379987,7.424577249862148
2023-12-21,108.59159851074219,110.07709580138851,105.93008787232759,109.65267185897352,14079720,96.08380317687988,82.65295776367188,82.01502791083166,8.061328682840667,7.551927536457852
2023-12-22,104.18816375732422,109.20171453853204,103.47193739851106,108.7596023339226,7362326,97.27750587463379,83.33761993408203,70.43417244796828,7.573014036400849,7.556144836446452
2023-12-25,104.18816375732422,104.18816375732422,104.18816375732422,104.18816375732422,0,98.43805084228515,84.02731506347656,64.45734154689613,7.104129181937736,7.465741705544709
2023-12-26,96.37161254882812,103.22435144131778,96.37161254882812,103.10056056875408,19050579,99.1330509185791,84.58066253662109,47.59834030910837,6.032267969564515,7.179046958348671
2023-12-27,98.3080825805664,99.03314641842884,92.67556994942308,94.83307994086155,11154977,99.97571716308593,85.17662994384766,50.54212263193303,5.278223113746222,6.7988821894281815
2023-12-28,98.18428802490234,100.97843390094256,96.42468318147365,99.47525496874277,10430061,100.82766799926758,85.67338745117188,46.517999764778835,4.61742118963339,6.362589989469223
2023-12-29,101.71233367919922,105.22270569651737,97.97206817049025,99.03313477319281,13683173,101.72559776306153,86.24760269165039,51.20958743129317,4.328518239293615,5.955775639434101
2024-01-01,109.34320068359375,109.34320068359375,103.01215027007044,103.46310663655481,7405974,102.76986694335938,86.92739456176758,58.32367824105742,4.66157206214956,5.696934923977193
2024-01-02,111.42111206054688,116.27550184565229,110.62530879755508,112.73860445110773,34951008,103.59440650939942,87.69295593261718,60.059218277850334,5.035147650729272,5.5645774693276095
2024-01-03,114.58663940429688,115.60350558309796,110.62531777862282,112.29650139353171,24928592,104.41717681884765,88.52642578125,58.48403748067628,5.522975177457198,5.556257010953527
2024-01-04,113.38410949707031,114.91382767254113,110.97018026981272,114.8607628664577,11891649,105.19175834655762,89.36467086791993,52.05853284173084,5.74630803141163,5.594267215045148
2024-01-05,112.67671966552734,114.94033879931412,108.31749294492053,113.16304580167805,11228730,105.79214744567871,90.21653259277343,54.79542223186411,5.799368964256701,5.635287564887459
2024-01-08,110.59879302978516,113.38409458001159,110.08594124268367,112.20808121826806,4561042,106.28377647399903,91.00083984375,57.42277401909255,5.60909071603615,5.630048195117198
2024-01-09,110.89058685302734,112.73861263774704,110.30699550242308,112.38492152338962,7418243,106.74224662780762,91.7842626953125,56.00286515283556,5.419368054856619,5.587912167065083
2024-01-10,111.96932983398438,115.82455538293576,110.42193718248383,110.7048887117715,15931102,107.25023307800294,92.59102890014648,54.68595865675522,5.295019335264016,5.52933360070487
2024-01-11,117.27469635009766,120.16610066683097,111.85439600485041,112.65019938098187,19125010,107.7745792388916,93.49753616333008,67.71182908862161,5.560473145013731,5.535561509566643
2024-01-12,118.30039978027344,121.9345633179149,116.89448594619951,118.50378114660835,24740483,108.10749053955078,94.41306243896484,68.58407799827313,5.786905057110715,5.585830219075458
2024-01-15,116.82372283935547,121.49242656915503,115.61233973477978,119.70630300426664,12654467,108.50760154724121,95.30966598510742,82.33152251653121,5.780563750137873,5.624776925287941
2024-01-16,111.9870376586914,116.27552526407855,111.19123423542113,116.27552526407855,10704013,108.86173400878906,96.1266896057129,69.80794470787356,5.323887683252735,5.5645990768809
2024-01-17,109.31665802001953,113.79967537109675,107.35368555686996,111.4122722359088,16519053,109.00586242675782,96.88729919433594,65.01308964627705,4.6924002216879614,5.390159305842313
2024-01-18,107.9991683959961,109.85603829915053,105.35533931128528,109.20171412769734,11124990,108.9762409210205,97.62155899047852,59.01597085577037,4.0390715541958855,5.119941755513028
2024-01-19,108.12296295166016,110.42194513597602,106.55788866826694,109.29013893730341,6414455,109.1729808807373,98.33459777832032,47.769863661601676,3.491050408274191,4.79416348606526
2024-01-22,115.84222412109375,116.23128498338203,108.22905887873489,108.22905887873489,23338496,109.75568389892578,99.18946563720704,56.698803314467504,3.637686579164722,4.562868104685153
2024-01-23,112.00469970703125,116.04561156782847,110.54572814238557,115.84223024766267,27788195,110.53733825683594,99.95255111694335,46.16595972229774,3.404990046641899,4.331292493076503
2024-01-24,112.91545104980469,115.7449663779469,110.0947798544026,112.20807559081747,34477717,111.26770668029785,100.68451202392578,49.29798432772982,3.256527171904878,4.116339428842178
2024-01-25,104.58606719970703,112.11966331551422,104.444594795227,112.03123547335485,27378044,111.58779563903809,101.1393571472168,40.133706825233254,2.4386464110985315,3.780800825293449
2024-01-26,104.60374450683594,107.65431585099219,103.02098209259573,103.46309427268194,20139069,111.73236618041992,101.60658157348632,42.30244087846938,1.7714759544987402,3.378935851134507
2024-01-29,100.51863861083984,104.24122284190979,99.92620983151768,104.24122284190979,7641946,111.29113807678223,102.0117333984375,37.864678605081465,0.9026989047242893,2.8836884618524636
2024-01-30,100.70430755615234,106.08039305635256,95.50507096812095,100.51862125794725,18157957,110.7552978515625,102.44341156005859,36.538447862923704,0.22655715589773706,2.3522622006615186
2024-01-31,100.84579467773438,103.35698871467325,100.53631074343696,102.46392018921125,5252850,110.06825561523438,102.82787216186523,27.603623992569794,-0.2944786564857367,1.8229140292320676
2024-02-01,102.39320373535156,103.67532661120883,97.04364260622745,100.8015968757169,19781910,109.51871032714844,103.27475952148437,28.618954974644083,-0.5759016769023475,1.3431508880051848
2024-02-02,101.10221099853516,103.79025388677455,99.04197334813787,103.00329473894584,18483443,108.93998489379882,103.69052154541015,28.762526157139064,-0.8928119918248996,0.895958312039168
2024-02-06,106.42525482177734,107.30947926745772,101.68581125324278,102.51698439093342,19900893,108.73130798339844,104.19948135375977,42.584283515855724,-0.7062987769691347,0.5755068942375074
2024-02-07,107.22988891601562,108.48549267812545,105.6648147124073,106.98230716593945,14223153,108.54827308654785,104.69464691162109,47.07195937866451,-0.48793386576717523,0.3628187422365709
2024-02-08,107.22988891601562,107.22988891601562,107.22988891601562,107.22988891601562,0,108.31130104064941,105.21014953613282,48.87914818329987,-0.31128974598482273,0.2279970445922922
2024-02-09,103.25972747802734,105.2138626516423,99.18345233096137,105.2138626516423,17861036,107.6105525970459,105.65243865966796,43.62835393195757,-0.4860539292884738,0.085186849816139
2024-02-12,95.51390838623047,99.91734848231759,95.51390838623047,99.03312415946522,12883624,106.47122802734376,105.88764205932617,23.38505212667026,-1.2353384570994876,-0.17891821156698634
2024-02-13,89.54541015625,92.97620545749075,88.35170845700381,88.35170845700381,18646972,105.10731239318848,105.90939392089844,22.14913567053037,-2.2844263253589787,-0.6000198343253849
2024-02-14,94.93917083740234,95.65539040176907,91.96817648330098,92.84355670042659,15505464,104.25491905212402,105.90957092285156,29.938818251774407,-2.6500564091129917,-1.0100271492829063
2024-02-15,90.58878326416016,96.68993271627777,89.0413906293671,96.38045553853846,9737543,103.31852531433105,105.75872192382812,32.856821419974864,-3.2533581169383012,-1.4586933428139854
2024-02-16,86.85736083984375,91.51722019450878,84.53184648261684,88.51085605629115,11953769,102.26143493652344,105.53801956176758,30.07743070258745,-3.986618416268982,-1.964278357504985
2024-02-19,92.43682861328125,93.14420415470829,83.11710171754791,83.64763506014255,11550721,101.4771282196045,105.3733773803711,41.22167427267778,-4.070592806567035,-2.385541247317395
2024-02-20,90.53573608398438,94.06378956306683,89.70456298640879,91.95049377957285,7218710,100.21180381774903,105.1687678527832,39.351874561892245,-4.241650290686707,-2.7567630559912573
2024-02-21,93.12651062011719,94.50589848214427,91.53490405155009,92.8435590908271,5836954,99.26789436340331,104.99687438964844,42.31108163226224,-4.120660319058331,-3.0295425086046723
2024-02-22,92.18923950195312,93.71010657686325,91.51722705687953,93.28567588889652,3415808,98.23158378601075,104.80446716308593,39.711116684180816,-4.053676580695239,-3.2343693230227855
2024-02-23,96.44235229492188,97.39731623882183,91.7913301943098,92.2246049951753,15411890,97.82439804077148,104.5975587463379,45.56621520404091,-3.615721046291384,-3.3106396676765053
2024-02-26,95.68193054199219,98.67945100111842,94.96571086916833,96.47773392629504,11066294,97.3783073425293,104.27835388183594,38.80596445411241,-3.2920491173335478,-3.306921557607914
2024-02-27,94.32905578613281,96.36277452963577,93.98420882252701,95.48738754870116,4562482,97.06882820129394,103.98850494384766,36.70978063967676,-3.108865402892903,-3.267310326664912
2024-02-28,95.796875,96.76952730533212,93.94000497853396,94.6120174587369,6243665,96.82345657348633,103.80635467529297,38.56764548187376,-2.812825741721852,-3.1764134096763
2024-02-29,100.34178161621094,101.65927400105627,96.55729575374505,97.08783575750229,15985508,96.79825592041016,103.6845085144043,47.11537895868817,-2.186274188893293,-2.978385565519699
2024-03-01,99.97925567626953,100.80158466310188,99.0419799425391,100.68663791620378,4632027,96.67755851745605,103.51226165771484,55.16890373832832,-1.699390862781982,-2.7225866249721555
2024-03-04,105.99198913574219,106.90273925606931,101.24370132617292,101.24370132617292,13808772,96.9220474243164,103.5483381652832,69.01841172777618,-0.8189150365797815,-2.341852307293681
2024-03-05,103.12928771972656,107.45493917153053,102.31654050451777,106.56091310092673,6853016,96.75724906921387,103.52716064453125,60.05971195447947,-0.34811482944735417,-1.9431048117244158
2024-03-06,103.26473999023438,105.65784643706603,102.7770875645193,102.7770875645193,7916062,96.55899162292481,103.66502319335937,67.36785657165615,0.035518161588058206,-1.547380217061921
2024-03-07,104.12264251708984,104.73672254148973,102.51519268131571,102.9938194494275,4384060,96.40362930297852,103.78131439208984,75.67781991990499,0.4041172232414425,-1.1570807290012484
2024-03-08,103.78852081298828,105.11601800158085,103.58081431220717,104.75479319879939,3220960,96.43006896972656,103.89339904785156,70.00389083191472,0.6616467541442006,-0.7933352323721586
2024-03-11,103.50856018066406,104.75477833920293,103.1744260797753,104.75477833920293,2142642,96.82980155944824,103.92932357788087,74.24593199970113,0.833541729291241,-0.46795984003947877
2024-03-12,100.2936782836914,104.30326036748595,99.78796771088481,103.89688678430777,3232318,97.36721496582031,103.74833312988281,63.08991095268339,0.7022604134309347,-0.2339157893453961
2024-03-13,97.99990844726562,101.41347547123313,96.64532065498624,100.23949662867507,3482193,97.52025184631347,103.47990905761719,60.111425139321256,0.40842292358698273,-0.10544804675892035
2024-03-14,102.01851654052734,102.45198074819481,98.8849025447343,99.33643178009838,2631669,98.09173851013183,103.2285466003418,59.783197367656676,0.4941266991137354,0.014466902415610813
2024-03-15,100.79940032958984,103.74336631490588,100.24853404925369,103.74336631490588,2016604,98.78884048461914,102.97685241699219,58.836211609481865,0.4583910226668877,0.1032517264658662
2024-03-18,100.17628479003906,102.04561570479189,99.78796933964162,101.19673846676261,1545056,99.17581329345703,102.72684371948242,60.357284754787365,0.37546193371822767,0.1576937679163385
2024-03-19,100.32076263427734,101.50377392103728,99.4357691874685,100.23949067866383,1761518,99.66506462097168,102.52128311157226,58.407377274878584,0.31773553042171443,0.1897021204174137
2024-03-20,98.38822174072266,101.36831757455414,97.98184816783184,101.13352043321362,4202005,99.92815017700195,102.27123580932617,45.97899050530639,0.11472456732268199,0.17470660979846736
2024-03-21,96.28411102294922,99.33644662998232,95.8145166896885,99.06552629234803,2352350,100.13289375305176,101.95753143310547,42.90309477994362,-0.21348629654963247,0.09706802852884741
2024-03-22,95.74227142333984,96.40150724443488,95.1372238042547,96.40150724443488,1112732,100.09788970947265,101.52688293457031,25.076794471317513,-0.5114223397626034,-0.02463004512944275
2024-03-26,96.96139526367188,98.29791800797281,96.35634082220824,97.98184890559014,1672934,100.16186294555663,101.10010284423828,33.699229842960236,-0.6417677955894305,-0.14805759522144032
2024-03-27,95.5345687866211,97.44002295719439,95.28171348451872,97.42195792716407,2464631,100.22213859558106,100.67431976318359,30.875755044229606,-0.8503976261519455,-0.28852560140754135
2024-03-28,96.7807846069336,97.30456022736834,95.543598784274,95.72420774107698,2576572,100.27133407592774,100.37019470214844,32.178839770451944,-0.904749677238371,-0.4117704165737073
2024-03-29,95.85965728759766,98.16245223586805,95.54358820330047,97.30454945137718,1914920,100.04722785949707,100.1010546875,31.28724088482865,-1.0105028974127777,-0.5315169127415214
2024-04-01,95.37200927734375,96.71756452083763,94.95660319176139,96.22088647689311,1168218,99.81686553955078,99.84851150512695,30.983504013443294,-1.1207429778840776,-0.6493621257700326
2024-04-02,94.3967056274414,95.70614461024111,93.55686093150426,95.70614461024111,1009245,99.23710136413574,99.57398635864257,34.60627835556636,-1.2721434121158097,-0.773918383039188
2024-04-03,97.59355163574219,98.02702283526577,93.91810307003533,94.82116175340106,4928965,98.96031455993652,99.20901290893555,48.98698998591806,-1.121245570329009,-0.8433838204971523
2024-04-04,99.48995208740234,103.69820795357215,98.16245500610165,103.69820795357215,21170581,98.77157516479492,98.95871795654297,42.95063333356021,-0.8389632301034453,-0.842499702418411
2024-04-08,101.69342803955078,102.9486789243753,100.42011212470261,101.13352923525163,5332113,98.65011444091797,98.7342774963379,52.3627708832878,-0.4324651584721124,-0.7604927936291513
2024-04-09,101.73857879638672,103.16540605857595,100.69102757904814,101.79276010425254,3825764,98.5476173400879,98.67732772827148,54.25900050873481,-0.1054536156689494,-0.629484958037111
2024-04-15,103.24667358398438,103.83366295070091,99.78795808897985,103.16539474131204,9377687,98.5345230102539,98.65018630981446,57.42439700549998,0.27225761734038656,-0.44913644296161154
2024-04-16,102.93964385986328,105.56754759021021,102.50617960709457,103.17444101582389,9086389,98.6668212890625,98.69860641479492,62.587459213833455,0.5405901709951308,-0.25119112017026307
2024-04-17,101.63020324707031,102.75902635907822,101.23285530691089,102.4068340993149,3641708,98.84833602905273,98.71712432861328,65.46496892320826,0.6402048559320974,-0.07291192494979098
2024-04-18,101.69342803955078,102.95771143938713,100.7090905969689,101.61214918402483,4250356,98.8320816040039,98.7340769958496,67.70554897802054,0.7159983406141208,0.08487012816299139
2024-04-19,102.3887710571289,103.76142384623601,101.14255279762529,102.04561130474694,4931904,98.91155014038085,98.73398834228516,66.66666666666666,0.8226901338257591,0.23243412929554497
2024-04-22,102.40684509277344,103.98719761923664,101.86501131880125,102.94867886674564,7042817,99.02307815551758,98.76008102416992,73.10261233362897,0.8983469873754615,0.3656167009115283
2024-04-23,102.02754974365234,103.3008586132908,101.59407864326707,102.86739440269493,2784134,99.10841751098633,98.67212692260742,68.72981184778311,0.9171275486326493,0.47591887045575254
2024-04-24,102.3436279296875,103.26474462642184,102.0636750919293,102.4790880912105,4022391,99.30618782043457,98.57440170288086,74.19138321788917,0.9466042818525295,0.570055952735108
2024-04-25,102.71387481689453,103.45438253261425,101.5940841738088,102.04561343680349,4801098,99.62767601013184,98.48408142089843,77.63423370957655,0.9884464395444326,0.6537340500969729
2024-04-26,102.99382781982422,104.03233961464292,102.04561361000998,102.77708881257023,5499839,99.99025382995606,98.47876342773438,84.14631337801966,1.0322968432171535,0.7294466087210091
2024-04-29,101.18770599365234,103.85172576831508,101.14255031348947,103.21958758477156,6241486,100.20156936645508,98.59223937988281,66.04829890954429,0.9108104116055245,0.7657193692979122
2024-04-30,103.77046203613281,107.68973286430473,100.42914124315668,101.37735548341249,23164949,100.61336402893066,98.87674041748046,68.00911858981561,1.0112809496392288,0.8148316853661756
2024-05-02,105.296630859375,107.01244356881618,103.5808181499338,103.98719865179083,9249140,101.03915634155274,99.08388961791992,66.07571135547792,1.2002182750281065,0.8919090032985618
2024-05-03,112.27725982666016,113.19837642305099,105.74814413858093,106.38028919356104,26658354,101.86003646850585,99.51765914916992,79.04425122625705,1.8914276837626005,1.0918127393913697
2024-05-06,113.16226959228516,115.95271732542831,112.29533417354776,114.69747332758722,14348667,102.74954948425292,100.04375732421875,78.29894974478498,2.4820178550003362,1.369853762513163
2024-05-07,110.28150177001953,113.55960150408774,109.9473676590273,112.8823076581389,11836660,103.54378929138184,100.40065078735351,68.26959148616898,2.686641007840606,1.6332112115786517
2024-05-08,110.42599487304688,112.52109036669768,109.37845057111635,109.37845057111635,9279853,104.18541145324707,100.79845596313477,73.23466959457498,2.8278678166282702,1.8721425325885757
2024-05-09,110.63540649414062,111.75532316692426,109.76132298597346,111.31828488613979,5570014,104.74268417358398,101.14863388061524,73.43980052101645,2.922994387969368,2.082312903664734
2024-05-10,111.50039672851562,113.13020085817294,110.44421496452598,111.71891589578951,6754573,105.23303260803223,101.53485702514648,73.6739444065829,3.033215345603054,2.2724933920523984
2024-05-13,113.14840698242188,115.36093350470999,110.58078421120102,111.53681684854243,12230801,105.80352401733398,101.86897811889648,75.729608463195,3.21646944553531,2.461288602748981
2024-05-14,114.21369171142578,114.63252296620065,112.5383597457279,113.81306749094618,9789767,106.35187492370605,102.23961334228515,78.26110034955211,3.4083696509807453,2.650704812395334
2024-05-15,112.04668426513672,115.16971505375967,111.71890208145749,114.73267677325283,9494603,106.80722694396972,102.59396591186524,70.72341695814936,3.3470103045348054,2.7899659108232284
2024-05-16,111.77355194091797,113.23946497215381,111.55502582500516,112.43821644033845,3814356,107.31439437866212,102.91349945068359,69.42991277507724,3.239005841375544,2.8797738969336915
2024-05-17,112.44731140136719,113.63097008949462,111.64606990187377,111.90101006323084,4354540,107.85208854675292,103.15561004638671,69.93771310052311,3.1712224059290577,2.938063598732765
2024-05-20,111.3456039428711,112.4473136314988,110.49883442065659,111.80996321546576,5249792,108.29993019104003,103.38293701171875,72.07938400021757,2.9940909437940206,2.949269067745016
2024-05-21,111.74623107910156,112.99361791813912,111.17260874315994,111.54591895839806,3379929,108.76689949035645,103.49802185058594,69.15318517432806,2.8531508980736504,2.930045433810743
2024-05-22,110.85392761230469,112.54746661040534,109.8068460032384,112.08310735051364,4054311,109.20821838378906,103.6525146484375,63.76445217780412,2.6390323418465442,2.871842815417904
2024-05-23,111.33650207519531,112.17416464526804,110.4442114516914,111.1999249950185,4918689,109.65786209106446,103.81394989013671,46.56383847334966,2.4796971641573577,2.7934136851657945
2024-05-24,112.5201644897461,114.17728264801308,111.76444397531577,111.76444397531577,11784831,110.14817657470704,103.98190032958985,47.70475619068397,2.42102646639745,2.718936241412126
2024-05-27,110.38047790527344,113.08467078580175,110.03448170458306,112.92077967668497,4209486,110.51750907897949,104.11373947143555,50.37358928504577,2.176782101398018,2.6105054134093044
2024-05-28,110.38047790527344,110.38047790527344,110.38047790527344,110.38047790527344,0,110.97714767456054,104.25117782592774,49.826299724105965,1.9606159225363768,2.4805275152347193
2024-05-29,107.45774841308594,110.79019853934197,106.84771200634466,110.79019853934197,9507056,111.1615119934082,104.39445922851563,39.95395968867796,1.5357595445923664,2.2915739211062487
2024-05-30,108.73245239257812,109.26054670215552,106.71113116713249,107.88568287777248,5658625,111.33330307006835,104.60911010742187,41.47022478355813,1.2870791152841434,2.0906749599418277
2024-05-31,109.20592498779297,110.62630995441955,108.80530073706285,109.26055304140203,3446860,111.179736328125,104.75285827636719,36.902620190711396,1.115346346466822,1.8956092372468267
2024-06-03,108.6687240600586,109.66117769943558,107.21191807008213,109.4881796002325,6029798,110.95505905151367,104.91024475097656,30.9091348472447,0.9252337459335109,1.7015341389841638
2024-06-04,106.811279296875,109.44263671226797,106.5745531314735,108.80528634911319,2818949,110.78154792785645,105.04294464111328,31.582343269489357,0.6175689211485178,1.4847410954170348
2024-06-05,105.9007797241211,107.23011550511676,105.62763253291826,106.99338932872729,2249474,110.55528717041015,105.15454498291015,30.226851918449213,0.2968507144887269,1.2471630192313732
2024-06-06,106.4561996459961,109.03292941544038,105.61853705378775,106.03736834989192,4436045,110.34632682800293,105.31590454101563,29.666377863411768,0.08649985444058927,1.0150303862732164
2024-06-07,104.179931640625,106.39245803226255,103.25122003208763,106.39245803226255,7471203,109.9803035736084,105.47382095336914,27.47577951843462,-0.26087333667447865,0.7598496416836774
2024-06-10,102.35892486572266,104.25277608982191,101.96740761215021,103.83394480986513,2982274,109.44082946777344,105.6061540222168,22.911292023490134,-0.6753244019372033,0.47281483295950133
2024-06-11,101.81262969970703,103.49706191312826,99.90967831530232,103.31496376174188,3862308,108.8207763671875,105.7031787109375,23.378138129125347,-1.0359198719882983,0.17106789196994143
2024-06-12,103.96141052246094,104.61697491449219,100.82017258167609,100.82017258167609,2299537,108.41651268005371,105.8717155456543,30.224636904377107,-1.1352196205324248,-0.09018961053053182
2024-06-13,111.85548400878906,112.11042417459394,105.72779219901226,106.082888422326,15368916,108.42060928344726,106.1732095336914,48.689385134319934,-0.5703549332114051,-0.18622267506670648
2024-06-14,109.04203033447266,112.11953331095378,108.75976919127386,111.70980902901174,4235086,108.25034523010254,106.43685699462891,47.429162120187655,-0.3457324093787264,-0.21812462192911047
2024-06-20,108.55036926269531,109.89791230150279,106.98430009873033,109.48818797338146,7357322,108.11058349609375,106.70042419433594,46.54996053415809,-0.20502695729402376,-0.21550508900209314
2024-06-21,108.88724517822266,110.58078434280932,107.89479846761382,109.26966240157377,8520848,107.9676342010498,106.99023498535156,52.985936852089765,-0.06557786103408603,-0.18551964340849172
2024-06-24,107.72179412841797,109.6884873463021,107.53969599191697,108.96008090710087,3460930,107.81102752685547,107.19279983520508,47.87925477023192,-0.04854599915063318,-0.15812491455692002
2024-06-25,106.35604858398438,108.07690185947835,106.16484343632942,108.07690185947835,2854288,107.56200485229492,107.33012176513672,44.23572808810036,-0.14359707957682133,-0.15521934756090028
2024-06-26,107.84017181396484,108.94188159507385,105.3453840981321,106.50172888134344,11103476,107.32800521850587,107.453056640625,48.38596436994054,-0.09803926863504842,-0.1437833317757299
2024-06-27,106.92056274414062,109.03293328226714,106.34694730781551,107.89480245468606,2463246,107.15500946044922,107.55669631958008,50.22095977125326,-0.13458769846852192,-0.14194420511428832
2024-06-28,106.62919616699219,108.12242318194545,106.18305085006807,106.98429241160919,1931469,106.96744537353516,107.62434677124024,51.5106024594301,-0.18493166305682962,-0.1505416967027966
2024-07-01,110.03448486328125,111.94654322679934,106.3469452221962,106.66562045834935,10582603,107.09628219604492,107.7662435913086,56.636285865725476,0.049379504711083655,-0.11055745642002056
2024-07-02,112.67493438720703,114.01337714350471,110.17104695638021,110.17104695638021,10150735,107.29340629577636,107.98713821411133,65.54484445480652,0.4430280511135152,0.0001596450866865884
2024-07-03,113.5581283569336,114.90567119810298,112.62940982772376,113.34870925435541,8358809,107.51101646423339,108.22443222045898,71.22157088275485,0.8168476215082734,0.16349724037100397
2024-07-04,112.22879028320312,114.63252168604033,111.80995903310554,113.81306621993713,4973280,107.68901977539062,108.42123260498047,69.1689114945766,0.994373334636677,0.32967245922413857
2024-07-05,111.35470581054688,112.4564154484891,110.89945354958242,112.4564154484891,2425734,107.91619110107422,108.60018981933594,64.27568419291046,1.0524010056833788,0.47421816851598664
2024-07-08,112.71135711669922,113.5399126305496,110.53525183579548,111.44575636995097,2781992,108.25671997070313,108.81386596679687,52.21072529194596,1.1940940030833076,0.6181933354294509
2024-07-09,112.37447357177734,113.99517061236621,111.99206331544487,113.08466603256585,2742062,108.5526336669922,109.01448287963868,59.87055893771553,1.2646252253477996,0.7474797134131206
2024-07-10,110.00715637207031,112.44730877559078,108.89633974072616,112.12863358133588,2447648,108.84399490356445,109.16034851074218,53.883444596483294,1.116627229990371,0.8213092167285707
2024-07-11,108.64140319824219,110.85392954421656,108.35004201857717,109.71579885074411,2412092,109.15811882019042,109.27330001831055,49.378724270647396,0.8790003168552261,0.8328474367539018
2024-07-12,108.06780242919922,109.70670668125236,105.61854262304608,109.16040526390131,2242184,109.47087745666504,109.41090194702149,50.9013728883762,0.6370509609783426,0.79368814159879
2024-07-15,109.67938232421875,111.53681252558358,109.02381790649014,110.17105563751522,3728718,109.75677604675293,109.5290803527832,58.54800348516841,0.5687887397546518,0.7487082612299625
2024-07-16,109.67938232421875,109.67938232421875,109.67938232421875,109.67938232421875,0,109.64797096252441,109.61673538208008,55.121689223268504,0.5088250195394579,0.7007316128918616
2024-07-17,109.67938232421875,109.67938232421875,109.67938232421875,109.67938232421875,0,109.67983856201172,109.56477783203125,58.09726281507543,0.45604632114249455,0.6517945545419882
2024-07-18,111.40933990478516,111.89190621613912,109.2878625863813,109.67937982992106,4234149,109.82278709411621,109.52971923828125,62.93742104378516,0.5475006941115197,0.6309357824558945
2024-07-19,106.92965698242188,111.98295308622099,106.07378047924861,111.49127979375541,8630861,109.72490768432617,109.46268234252929,42.05865134685785,0.2555600330398846,0.5558606325726926
2024-07-22,104.25277709960938,107.04802595445985,103.79752479786436,106.69292971482663,3513210,109.55145683288575,109.33921798706055,28.49836484504496,-0.18962104572251803,0.40676429691365046
2024-07-23,105.27255249023438,106.16484317711217,103.34228008825075,104.2983127707906,2345579,109.49728202819824,109.23196090698242,28.993549939514963,-0.4548991127859665,0.23443161497372708
2024-07-24,105.34537506103516,106.3469356366687,104.94475777738026,105.89168335559837,1203909,109.37254219055175,109.10886047363282,31.360900537673274,-0.6517448108169788,0.05719632981558592
2024-07-25,104.49860382080078,106.16482880928324,104.16172158417537,105.60942047978908,919987,109.25144424438477,108.93586441040038,31.407357997370752,-0.8660900599389834,-0.12746094813532793
2024-07-26,102.96895599365234,104.65339496464436,102.79596485322817,103.80662545718401,1722480,109.06843223571778,108.71096969604493,23.825767482817056,-1.1461775882265783,-0.33120427615357806
2024-07-29,103.83394622802734,106.06467973679895,102.88702060304463,103.22390980844966,3549943,108.75840530395507,108.54671493530273,27.687898784879607,-1.2835554610575883,-0.5216745131343801
2024-07-30,103.25122833251953,105.4364408740764,102.91433911244062,105.06313063453497,2010746,108.2872200012207,108.37626846313476,30.535155564797535,-1.4230449033895383,-0.7019485911854118
2024-07-31,101.99471282958984,103.93409189456442,101.4302044754718,103.93409189456442,742400,107.70904922485352,108.16721649169922,30.72857977754566,-1.6163493225056698,-0.8848287374494634
2024-08-01,100.80196380615234,102.33161181768779,100.2738694690106,102.33161181768779,1036491,107.13770790100098,107.95634368896485,29.66356350379803,-1.8445267886685315,-1.076768347693277
2024-08-02,102.46818542480469,103.34226898083045,101.05690055876182,101.05690055876182,1012424,106.69338188171386,107.7707827758789,29.878048780487802,-1.869360095556985,-1.2352866972660186
2024-08-05,101.59410858154297,106.8932452658727,100.88391607950895,103.61542997754692,7874158,106.13751945495605,107.58558639526368,28.488383658565994,-1.9372400688430957,-1.375677371581434
2024-08-06,101.64872741699219,103.77931167644807,101.38468026387253,103.34226643589867,2473585,105.60123214721679,107.39183090209961,28.695620494096033,-1.9639885160958812,-1.4933396004843236
2024-08-07,100.73822784423828,102.8779122533632,100.38313160788387,102.1586127896559,2268140,105.13778572082519,107.15619216918945,20.404009882511858,-2.035196085803122,-1.6017108975480832
2024-08-08,103.91588592529297,106.07378429542611,100.24655355425463,101.07511606208843,11665371,104.90150985717773,107.02690032958985,40.990729839807734,-1.8143039805516992,-1.6442295141488064
2024-08-09,103.72466278076172,105.52746460488164,102.89610736343106,105.10863340155223,4215892,104.68435287475586,106.89378402709961,48.14570348935951,-1.635818804427842,-1.6425473722046136
2024-08-12,102.35892486572266,104.34382515996924,101.97651460314458,104.23456905443194,2429323,104.31833000183106,106.79180755615235,40.01241729864649,-1.586285935394585,-1.6312950848426078
2024-08-13,101.88545989990234,103.15106066079386,101.52125669285046,102.3589192064509,1207129,103.92863388061524,106.65486770629883,38.45686283892684,-1.567170084446559,-1.618470084763398
2024-08-15,102.3406982421875,103.1419396313637,101.97649508470833,102.36801226334389,902512,103.56169967651367,106.51756317138671,42.60756292461801,-1.4980184806503019,-1.5943797639407788
2024-08-16,101.1661605834961,103.19658182940965,101.07511151828623,102.43176134572879,783081,103.04954071044922,106.36751190185547,43.67007090283516,-1.520463749814951,-1.5795965611156133
2024-08-19,101.92189025878906,102.97807201480501,101.16616975053171,101.98562530487106,845466,102.79915237426758,106.26972412109374,43.234528881419,-1.4604357244953263,-1.5557643937915562
2024-08-20,102.42265319824219,102.7504353865737,101.25720850488496,101.53036264402732,526606,102.70764617919922,106.20016159057617,47.05113131878127,-1.3568151770150934,-1.5159745504362638
2024-08-21,102.53192901611328,103.56990375960247,102.02204863590083,102.08578368342738,1213981,102.57061500549317,106.12167617797851,52.08194367569767,-1.2514515469139127,-1.4630699497317938
2024-08-22,102.85969543457031,104.16171715956227,102.43175720412849,102.79596039684056,1403197,102.44633102416992,106.09527145385742,58.547660533856806,-1.1284935293005844,-1.3961546656455521
2024-08-23,102.48639678955078,103.61542750872329,102.34071966402462,103.60632051756575,1185722,102.34572067260743,106.09782089233398,50.084752201888485,-1.0490773842854253,-1.3267392093735269
2024-08-26,102.41355895996094,103.43331965115655,102.15861184056332,102.88701828850193,728553,102.31795082092285,106.10983947753907,54.120885234303486,-0.9807118851749124,-1.257533744533804
2024-08-27,102.08577728271484,104.89012614465167,101.93098622277063,103.34227111799954,2668306,102.23054237365723,106.07232681274414,52.13908515788192,-0.9421207944820225,-1.1944511545234477
2024-08-28,101.85814666748047,103.32405955098518,101.70335561432525,103.25121751968842,871232,102.16088829040527,105.87238006591797,55.87394017776682,-0.9193077577529323,-1.1394224751693447
2024-08-29,101.81262969970703,102.5228222153528,101.62142455677157,102.40445911161157,986713,102.15178413391114,105.72779205322266,33.57037114734089,-0.8945888374285715,-1.0904557476211902
2024-08-30,100.7109146118164,102.24966961254911,100.6107585498398,101.98562244430157,2002963,102.14723167419433,105.57100296020508,29.389777377998257,-0.9529135212520004,-1.0629473023473524
2024-09-02,101.5212631225586,103.11464617605166,101.06601082156058,101.15705989244042,2692949,102.09988555908203,105.4236833190918,43.80052173323847,-0.9231068992168048,-1.0349792217212428
2024-09-03,102.1404037475586,102.47729294189612,101.47573234970311,101.56678836470148,872874,102.12720031738282,105.31205551147461,51.846996033623554,-0.8398442605941767,-0.9959522294958296
2024-09-04,102.941650390625,104.02515311424523,102.43177002496795,102.61386817081718,3432563,102.19184646606445,105.24376754760742,54.14587623005697,-0.701122013672645,-0.9369861863311928
2024-09-05,102.8961181640625,103.46062652290992,102.24966078585443,102.9780602368249,1573922,102.29974098205567,105.14488647460938,64.13691199850369,-0.5880786985320157,-0.8672046887713575
2024-09-06,102.37712860107422,103.20568408706563,101.98561138668762,103.06910702221485,511489,102.22280311584473,105.05401779174805,53.86986101472868,-0.5342111239048677,-0.8006059757980595
2024-09-09,102.24966430664062,103.79751927152397,101.98561715209493,103.34226699401728,523388,102.14905319213867,104.96642715454101,48.429813189735405,-0.4960873994776591,-0.7397022605339795
2024-09-10,102.4499740600586,103.3422716204212,101.61231149912963,102.65028618258482,1356688,102.15360565185547,104.81473693847656,49.26820428695221,-0.44458584132641477,-0.6806789766924666
2024-09-11,102.5228042602539,103.25121063143004,102.23144310110305,102.93253544901472,604730,102.18547286987305,104.6116943359375,46.848328344275004,-0.39335929584957796,-0.6232150405238889
2024-09-12,103.26031494140625,103.70646018520861,102.43175254203264,102.83237673044167,1355776,102.23145370483398,104.40573806762696,56.77822607050119,-0.289909050089463,-0.5565538424370038
2024-09-13,104.334716796875,105.62763858371966,103.84305043522549,105.60032455769453,2868404,102.38988151550294,104.2478565979004,64.31473893408887,-0.11984721038145096,-0.46921251602589326
2024-09-16,104.25277709960938,104.98118356104095,103.59721267364074,103.85215285116213,892091,102.50642585754395,104.10581802368164,66.76057002920957,0.008221402831637192,-0.3737257322543872
2024-09-17,104.25277709960938,104.25277709960938,104.25277709960938,104.25277709960938,0,102.59793205261231,103.93664642333984,69.19713904407276,0.10846636870702753,-0.2772873120621043
2024-09-18,104.26188659667969,104.71713890936694,103.80663428399245,104.26188659667969,1396232,102.68442993164062,103.7743946838379,69.750355904946,0.18649647143887194,-0.18453055536190904
2024-09-19,105.90989685058594,106.52904026847177,104.2983067337972,104.2983067337972,4523091,102.83694000244141,103.6924494934082,88.52905223329537,0.37697105683739096,-0.07223023292204903
2024-09-20,103.10552978515625,106.93875297650405,100.2920741558504,106.43797965901955,15667189,102.86789665222167,103.58173202514648,59.062426626608975,0.29819712215139305,0.0018552380926393913
2024-09-23,100.08265686035156,102.87790550606417,99.70024662268105,102.79596343224834,3329304,102.75135154724121,103.42202911376953,40.767951652001756,-0.008059465944867839,-0.0001277027148620547
2024-09-24,98.32538604736328,100.6926965274784,97.24189033850126,100.57433343478215,4806350,102.56333198547364,103.19494918823243,30.92548726365041,-0.3880933879573121,-0.07772083976335206
2024-09-25,99.03557586669922,99.8004032933598,98.0613362857066,98.78063570667848,3972481,102.42220344543458,102.98207305908203,34.87872414561829,-0.6247647271601124,-0.18712961724270416
2024-09-26,98.1341781616211,100.82927076510767,97.79729592780924,100.24654841552129,3651625,102.23828086853027,102.75116897583008,33.8642551581508,-0.8749775337536221,-0.32469920054488777
2024-09-27,97.97029876708984,99.24500666402096,97.46952537848779,98.43465808276744,1512540,102.10125007629395,102.48238815307617,33.77072043007642,-1.0741149546227717,-0.4745823513604646
2024-09-30,97.26009368896484,98.33448931302667,96.87768345326444,98.0613351751845,1370058,101.88819160461426,102.28899688720703,31.05051094825444,-1.2745482113408002,-0.6345755233565318
2024-10-01,98.87167358398438,99.33603279239259,96.87767358853279,97.4239748619908,3126778,101.72475509643554,102.18137481689453,38.015511485862106,-1.2884989682967785,-0.7653602123445812
2024-10-02,99.14483642578125,99.92787086711932,97.87923570127862,98.78063322920103,2279840,101.53491439819337,102.05882049560547,36.06659427335124,-1.2629545315998882,-0.8648790761956426
2024-10-03,101.4848403930664,102.63207811727779,99.15395087418503,99.15395087418503,5753536,101.46435050964355,101.9816098022461,41.11301494523,-1.0418814566653367,-0.9002795522895815
2024-10-04,107.98583984375,108.85082334704991,101.06600655034349,101.06600655034349,21636537,101.74478607177734,102.05135452270508,58.31304201271778,-0.3382045163439642,-0.787864545100458
2024-10-07,115.3518295288086,116.45353925674594,106.53814475871097,107.83105961828055,40779930,102.39989433288574,102.2990119934082,68.61068134327729,0.804563825067433,-0.4693788710668798
2024-10-08,116.65384674072266,118.82085216862511,115.36093185557347,115.36093185557347,21544867,103.11008796691894,102.5554100036621,69.91511572731586,1.7945909490601792,-0.016584907041467978
2024-10-09,116.65384674072266,116.65384674072266,116.65384674072266,116.65384674072266,0,103.81664009094239,102.82346237182617,68.23237388257635,2.5498020467859988,0.4966924837240254
2024-10-10,120.41423797607422,122.5994435427464,113.72203029829275,114.77821206263776,23209702,104.67433624267578,103.19185287475585,78.44959062802138,3.412408309684295,1.0798356489160794
2024-10-11,119.94987487792969,124.28387155097697,118.81174418607092,120.6509533810129,7589810,105.45509414672851,103.57481109619141,85.65359641782152,4.012308373246242,1.666330193782112
2024-10-14,118.79352569580078,121.0971010172292,117.91033520098634,119.7313442388394,3407579,106.18213157653808,103.90131790161132,87.5417145710214,4.344346854405629,2.2019335259068153
2024-10-15,119.33071899414062,121.00604396008923,117.45508192430728,119.27609094638956,7285568,106.93602867126465,104.25605010986328,87.46214881237894,4.5978357639632605,2.681113973518104
2024-10-16,123.49839782714844,124.38019488357504,119.73914283568045,119.73914283568045,9575211,107.89785423278809,104.6930435180664,91.78094449338764,5.076505605549329,3.1601922999243497
2024-10-17,121.87400817871094,124.84427813436497,121.03861045897538,124.38017301118889,3455452,108.69605979919433,105.11575912475585,87.56752751280766,5.26409897836335,3.5809736356121498
2024-10-18,119.41426086425781,122.24530538301968,118.34682458239071,122.01325278579931,3741919,109.51149635314941,105.42572662353516,83.00300298935076,5.154864952168822,3.8957518989234847
2024-10-21,120.20325469970703,120.76018664165504,118.11478116245343,118.11478116245343,2433398,110.51752624511718,105.75529846191407,82.57597347292824,5.073477517355144,4.131297022609817
2024-10-22,120.82514953613281,122.34741406928782,120.20325024988801,120.20325024988801,2965363,111.64251441955567,106.12462295532227,82.75960337307195,5.001504869995429,4.305338592086939
2024-10-23,121.54914855957031,122.24530635677675,118.92231143850736,120.85299076236387,3130622,112.76819305419922,106.51789672851562,81.87441050613509,4.9458737450733565,4.433445622684223
2024-10-24,123.79541015625,126.70071309127954,122.0596613296942,122.0596613296942,7642857,114.05125465393067,106.94699096679688,79.04113705137563,5.025113831606589,4.5517792644686965
2024-10-25,126.3944091796875,132.7340879469684,124.74219579145891,125.02993875093954,16490623,115.47246017456055,107.4515559387207,74.59122317877306,5.237257823419867,4.688874976258931
2024-10-28,128.56640625,133.85721640163112,126.44081085031068,126.64501825366176,11457053,117.0377758026123,107.98444625854492,75.53903552460912,5.517048377333609,4.854509656473867
2024-10-29,129.27186584472656,130.8776658644125,126.0045612843546,129.4296599124768,12415812,118.55778541564942,108.5214305114746,76.25721535257469,5.72966113365635,5.029539951910364
2024-10-30,132.73410034179688,135.7971977977427,130.692040092289,130.84983417630795,15770976,120.2372486114502,109.12547393798827,75.95889246019894,6.107132442408769,5.245058450010045
2024-10-31,131.36961364746094,134.03357289968255,129.9772980806497,132.73408403600527,8653799,121.73148727416992,109.6956723022461,73.18287673057515,6.224427179434073,5.440932195894851
2024-11-01,140.99514770507812,142.38746324198158,130.4135552899582,132.03792341634556,21652690,123.38195266723633,110.46584732055663,83.53833901715751,7.013239993045175,5.755393755324916
2024-11-04,137.16163635253906,145.25563108656155,133.90360922154682,142.48027726448757,21689618,124.47244300842286,111.1608088684082,74.49625711943887,7.245525593899259,6.0534201230397855
2024-11-05,136.53045654296875,138.52611728706674,133.94075590668282,138.39616840501952,7607170,125.46627349853516,111.84970245361328,69.8304609350584,7.294595118660794,6.301655122163988
2024-11-06,135.3701934814453,137.32871787832948,134.49767348993777,135.5001423633699,5906750,126.40209083557129,112.51994338989257,70.8309428594307,7.157354016416136,6.472794901014418
2024-11-07,137.0224151611328,138.303350049574,134.7297343326108,136.6789818442938,6540226,127.23249969482421,113.22413909912109,77.87243827315554,7.100064808006749,6.598248882412884
2024-11-08,141.20968627929688,142.64935201587176,137.0506359759794,138.55617571673702,8609273,128.29549026489258,114.03411453247071,80.02178561342639,7.308295006764553,6.740258107283219
2024-11-11,145.05821228027344,146.31909362834713,141.56724880935298,141.99067739843542,10241549,129.6087245941162,114.904853515625,81.70875365078199,7.695157834851955,6.931238052796966
2024-11-12,142.24473571777344,145.8486095343763,141.15322009729965,145.70747146185442,4370095,130.75442543029786,115.7069401550293,75.67600108132912,7.686124509024694,7.0822153440425115
2024-11-13,141.2002716064453,143.91964189432954,140.34399567452994,142.55525454092867,3662335,131.6395191192627,116.4721125793457,72.2570697458236,7.508136880090831,7.167399651252175
2024-11-14,143.52444458007812,145.8297907679329,141.61429936517914,141.8024882535545,7079954,132.72204093933107,117.28467910766602,72.0606880462439,7.468529181471325,7.2276255572960055
2024-11-15,143.6655731201172,146.68605698434195,142.11299694671837,143.4962074391897,4726511,133.93460655212402,118.11044799804688,70.5185567946612,7.3636441822543475,7.254829282287674
2024-11-18,144.7100372314453,145.84860361585393,143.49620678334017,143.96668614984293,1819912,135.15994567871093,118.95965545654298,70.78770714644979,7.280872226708738,7.260037871171887
2024-11-19,146.62020874023438,148.20101265004672,144.71946792286212,145.60397150197275,4297229,136.449698638916,119.84306015014648,69.51344610322889,7.285427855096827,7.265115867956875
2024-11-20,146.5731658935547,150.8357083880269,144.90766468829096,146.78958241151554,8034314,137.70089950561524,120.7240673828125,72.18626864182752,7.202219555037885,7.252536605373077
2024-11-21,148.59619140625,150.41224910499807,144.90763514372026,146.69545087311673,5519695,138.94093856811523,121.63078491210938,64.25502933180712,7.216332243411415,7.245295732980745
2024-11-22,146.2720489501953,152.80230560347684,145.52869778333735,149.1419762865947,6522334,139.93482055664063,122.46953155517578,68.11103588354773,6.959750111102409,7.188186608605078
2024-11-25,144.97352600097656,146.78956955301763,143.4962138258666,146.78956955301763,2359325,140.75517654418945,123.28394653320312,66.35056413250776,6.575824956095261,7.065714278103115
2024-11-26,135.21578979492188,144.90766924593652,133.52206091916995,144.90766924593652,6980152,141.05237274169923,123.90320678710937,49.775682761024,5.421695807317832,6.736910583946058
2024-11-27,143.6561737060547,144.86059978313324,140.2028567427867,141.15321993173248,4313776,141.5984764099121,124.69109252929688,58.04979299209741,5.128984839707158,6.4153254350982785
2024-11-28,154.1761016845703,155.2581985372796,145.0111580081348,145.83920632819226,13297913,142.7388008117676,125.65641662597656,63.63818158648802,5.680399449241833,6.26834023792699
2024-11-29,158.09988403320312,160.87570931326377,151.72958964465695,154.55246573106916,11595055,143.59403762817382,126.7563037109375,63.69565516969524,6.360693824132966,6.2868109551681854
2024-12-02,157.30007934570312,163.63272798800475,154.94768236854438,159.61484428869966,11429845,144.60095977783203,127.90065216064453,66.50849746734079,6.757399369855278,6.380928638105605
2024-12-03,156.72608947753906,158.88089308810888,153.2821769544611,157.14011363107517,4872039,145.61074142456056,129.06866622924804,67.20186588258844,6.945412792321463,6.493825468948777
2024-12-04,157.4976806640625,159.63364669558777,154.80653805629674,157.6105911198919,5335254,146.7171157836914,130.23790832519532,66.03328409981448,7.075118186143584,6.6100840123877385
2024-12-05,165.13827514648438,167.2083817069416,157.3753647763505,159.95359714690892,12211804,148.12290878295897,131.57799026489258,71.02068167335521,7.705617206269864,6.829190651164164
2024-12-06,164.26319885253906,168.61982871097547,163.0211262370396,167.02960590381014,5483212,149.27558441162108,132.90384826660156,69.20524243127282,8.041977962620763,7.0717481134554845
2024-12-09,165.8533935546875,168.52572746892534,162.08015392107,164.26318523722318,8308524,150.3153434753418,134.27571426391603,69.01045248661313,8.340715135857721,7.325541517935932
2024-12-10,163.7926788330078,168.24340922011748,161.14857297014686,167.49063942975417,5471951,151.39274063110352,135.5741343688965,66.36851785237702,8.31533009280841,7.523499232910427
2024-12-11,174.46316528320312,176.40153801093845,164.4795923713984,164.4795923713984,14203556,153.0558853149414,137.08050094604494,71.11694918632345,9.051886826129447,7.829176751554232
2024-12-12,188.12588500976562,191.01463540246786,175.01833588600502,175.01833588600502,11138351,155.28595733642578,138.8133218383789,78.83070403082638,10.615709352347437,8.386483271712873
2024-12-13,189.55615234375,192.79305299763092,183.48697079666937,191.0146413934558,13532441,157.58048629760742,140.4447280883789,80.65477183455847,11.834045086399072,9.075995634650113
2024-12-16,198.91868591308594,202.28732016266187,191.014637683147,192.37902508073392,14037093,160.29091873168946,142.11606521606444,94.04111948881142,13.400589492268068,9.940914406173704
2024-12-17,193.69638061523438,202.49433704812557,190.54416279618988,199.2009811479445,7373271,162.64472732543945,143.6569158935547,86.20645341071662,14.058631672624358,10.764457859463835
2024-12-18,186.19692993164062,202.212038197343,183.96684783631065,196.66979149939462,14054714,164.62591552734375,145.04777755737305,74.22754753167335,13.815732680507125,11.374712823672494
2024-12-19,179.08328247070312,188.66223598976717,175.48881302788817,185.14304497253852,12958658,166.1502700805664,146.22115844726562,65.14535562457323,12.90051250255695,11.679872759449387
2024-12-20,181.6803436279297,184.42794185506824,171.25451743684906,177.84122964595863,6581109,167.92068481445312,147.4557678222656,67.15213673745649,12.243618238898279,11.792621855339167
2024-12-23,191.3345489501953,193.25411284233076,181.79322779097922,182.54599766323054,12654689,170.23873596191407,148.90658828735351,71.58957775769946,12.359565115142516,11.906010507299836
2024-12-24,188.52110290527344,203.7175819096494,186.34747599840264,192.90596003807445,18478097,172.90400161743165,150.29039596557618,68.87237006182586,12.085122497617647,11.941832905363398
2024-12-26,180.34417724609375,189.6973105439513,177.3707438241553,188.5211119774781,6617599,174.7384017944336,151.42731155395506,59.190184682748864,11.080090793153715,11.769484482921463
2024-12-27,180.2218475341797,186.11224477098966,177.84122279043123,180.6640993426603,3963604,176.04068908691406,152.59426834106446,59.73369806183384,10.156645454595889,11.446916677256349
2024-12-30,187.21316528320312,187.72127670719394,182.45190179330905,182.5460034145144,4663184,177.49635314941406,153.95024642944335,62.22270808397507,9.875115104313494,11.132556362667778
2024-12-31,191.53216552734375,201.3369544448933,190.07367652402166,201.3369544448933,8660922,179.20795745849608,155.3768246459961,65.47345968457867,9.886541600299324,10.883353410194088
2025-01-01,191.53216552734375,191.53216552734375,191.53216552734375,191.53216552734375,0,180.94826126098633,156.7909649658203,60.807924307796,9.78282684245005,10.66324809664528
2025-01-02,186.53567504882812,192.19083218819296,185.35005778850638,191.9555924915122,4894624,182.4001609802246,158.09069549560547,48.86896655910837,9.191503198071729,10.368899116930569
2025-01-03,181.6144561767578,186.54508554875395,178.79157972456986,186.53568112942114,4660650,183.22397003173828,159.24707641601563,44.61871292957645,8.230893102874319,9.94129791411932
2025-01-06,178.40579223632812,184.89840214086598,176.90025242993795,182.07552577230314,7124777,183.93109970092775,160.28730407714843,34.83583100381108,7.128517208507304,9.378741772996918
2025-01-07,177.86944580078125,180.56999303794814,169.3725887472585,180.19361525055558,15090927,184.53190231323242,161.27336486816407,37.428984331103784,6.140810256996559,8.731155469796846
2025-01-08,172.2237091064453,182.06614567725458,171.25452257238692,177.8412349790172,7135842,184.9534538269043,162.13240173339844,38.56461005496236,4.846612877695009,7.954246951376479
2025-01-09,172.7318115234375,175.95929327296648,169.8430611538527,172.1954581227426,5428776,184.86688613891602,162.93235595703126,44.17198340460898,3.817940902928825,7.1269857416869495
2025-01-10,181.68972778320312,184.52202290627199,170.31353955392083,171.2544983359867,8800365,184.5450782775879,163.9387582397461,50.00771067636548,3.6830836339858877,6.4382053201467375
2025-01-13,182.8282928466797,187.24139179851372,180.61703398236259,185.36887866749856,5825285,184.20868530273438,164.77542114257812,41.873427066010166,3.62627946954737,5.875820150026865
2025-01-14,181.35098266601562,183.58106475048584,180.475897887497,183.4869631288016,3315257,183.33030014038087,165.65920806884765,42.97045983775993,3.422601554569127,5.385176430935317
2025-01-15,179.5913848876953,183.48695347956112,178.4057820494373,181.60503600797588,5255518,182.62505035400392,166.52042663574218,49.15573292170999,3.08365405989602,4.924871956727459
2025-01-16,176.0722198486328,180.66410374672105,175.48882994147644,180.66410374672105,3562635,182.11881484985352,167.33446716308595,45.675618086872454,2.502224434914666,4.4403424523649
2025-01-17,179.3467559814453,180.66409258001778,174.54786027913175,176.80615569322515,5910869,182.13198852539062,168.1809539794922,41.11394213383425,2.2793895833740123,4.008151878566723
2025-01-20,177.61538696289062,181.65210846084983,176.9002634073194,180.6640987989645,3295799,181.92874069213866,168.90906799316406,33.3032124176282,1.9407130163463648,3.594664106122652
2025-01-21,174.9524688720703,179.44084652425784,173.13642521674817,179.11151954754834,2702438,181.10963668823243,169.506953125,31.303035277525694,1.4408252256313574,3.163896330024393
2025-01-22,171.43328857421875,175.91224735882352,170.79342911476547,175.22535144499642,8082496,180.2552459716797,170.0907241821289,32.381981078808394,0.7520232550074297,2.6815217150210007
2025-01-23,171.58383178710938,174.54784607158368,170.34175935993363,172.19544922425774,3426908,179.81722869873047,170.69839538574217,36.832977935417865,0.21580267101691675,2.188377906220184
2025-01-24,170.7463836669922,174.17147299432017,170.31353631799362,171.73437888307635,2228994,179.34345550537108,171.24283416748048,39.27816365161054,-0.2735774390820609,1.6959868371597349
2025-01-27,167.41539001464844,172.28956412419174,166.54970963103867,172.18605808061383,3981139,178.35356674194335,171.7178305053711,36.42802156724233,-0.9195975040009046,1.172869968927607
2025-01-28,163.6421661376953,168.4316435042974,162.1460449289985,168.4316435042974,4648597,176.95906677246094,172.0964730834961,38.28965691859729,-1.7162567529791204,0.5950446245462615
2025-01-29,163.96206665039062,165.7028461284294,160.43347124184564,163.72682695648763,3428136,175.58056182861327,172.4433102416992,37.97105186269183,-2.2953423715023007,0.01696722533654904
2025-01-30,168.01760864257812,169.18440277627943,164.24436885247698,164.65839304049655,3565880,174.65465850830077,172.87219909667968,28.332817457246776,-2.3993651630311206,-0.46629925233698494
2025-01-31,168.34693908691406,171.724977667465,167.4906631496371,169.37258071311618,3454910,173.99128265380858,173.26721405029298,26.446234226757454,-2.427249933905472,-0.8584893886506824
2025-02-03,164.71484375,169.3725870215132,164.36667922442248,169.3725870215132,2275255,173.30673522949218,173.63606994628907,24.713919536593707,-2.711175807661675,-1.229026672452881
2025-02-04,162.10838317871094,166.64381154982226,160.57461571877124,165.6087511122141,2091906,172.51868209838867,173.97876708984376,24.09365811658155,-3.110651044266774,-1.6053515468156598
2025-02-06,157.9775848388672,162.78588526106762,155.72869370350688,162.78588526106762,9081125,171.80637588500977,174.43400299072266,23.664702595576358,-3.7177035781840573,-2.0278219530893393
2025-02-07,158.165771484375,159.9065511202146,156.95194087127464,157.601204782565,4674257,171.07807388305665,174.72419494628906,16.129923252190267,-4.135935505364387,-2.449444663544349
2025-02-10,161.73199462890625,163.20929240107364,156.7637335749454,158.07166566381215,2574660,170.0801872253418,174.87531280517578,26.009021732917617,-4.131991886863688,-2.785954108208217
2025-02-11,169.7583770751953,171.96021717618103,162.50357855838868,164.10320561403066,9793093,169.42669143676758,175.10848266601562,43.248518006067606,-3.4415327098516,-2.9170698285368934
2025-02-12,172.8823699951172,174.07739178596603,167.96115910159423,170.12536738456595,5241599,169.00326080322264,175.4201284790039,51.903124172103816,-2.6121475067873803,-2.856085364186991
2025-02-13,168.28106689453125,175.01833529031032,166.64380778570484,173.04231608419852,4419469,168.43774490356446,175.65122802734376,46.11639371675744,-2.2996317402534885,-2.7447946394002907
2025-02-14,163.21871948242188,169.7489614824681,162.701189271741,168.43162490790934,2861448,167.7950698852539,175.76564880371095,41.948467765179295,-2.4324105572939914,-2.682317822979031
2025-02-17,160.4711151123047,164.8559867759939,159.9818268505767,163.3692700779146,1743077,166.85128784179688,175.67230560302735,42.478591005908704,-2.727901881568215,-2.691434634696868
2025-02-18,164.3008270263672,164.66780040724475,160.17001820760973,161.7978730142828,2556136,166.1855598449707,175.6730581665039,50.71252986894311,-2.6228208931219967,-2.677711886381894
2025-02-19,163.39749145507812,166.0792298041374,161.83551074398898,165.18532180708166,1544507,165.6078109741211,175.6239401245117,49.3968640844625,-2.582663743836804,-2.6587022578728763
2025-02-20,164.14085388183594,167.4906648822176,162.29656833307624,163.58569164076079,4254300,165.24318923950196,175.6309036254883,45.54305171327978,-2.46246995757474,-2.619455797813249
2025-02-21,162.0425262451172,165.45819703071592,161.7602357248639,164.66779506032054,837321,164.76612396240233,175.38249084472656,43.03535740389621,-2.5076266606395734,-2.597089970378514
2025-02-24,167.54710388183594,169.3725660577205,159.58660131754166,160.90393775483446,5965581,164.60615997314454,174.97091522216797,53.00456508064566,-2.0753172956029573,-2.492735435423403
2025-02-25,166.32388305664062,173.08937956266797,165.25119052970575,169.3725949342994,7935178,164.55158462524415,174.5062698364258,54.60716669262642,-1.8105419068222943,-2.3562967297031814
2025-02-26,162.6541290283203,166.54969765335431,161.8543083529303,165.7969277867327,2027867,164.5021827697754,173.78097869873048,55.16307863569469,-1.8752077565402203,-2.260078935070589
2025-02-27,164.66778564453125,166.2674126906427,162.31538870675223,162.78586809430806,4966204,164.53746871948243,173.2004067993164,56.90032872896863,-1.7438684186267324,-2.156836831781818
2025-02-28,163.05874633789062,165.59934661853444,160.90395697424603,164.64896902864152,4593938,164.28952560424804,172.7376431274414,51.46905572240709,-1.7494504955077161,-2.0753595645269973
2025-03-03,160.78163146972656,164.65839163155255,160.43348129545845,164.65839163155255,2127865,163.91126022338867,172.37161010742187,38.61031518624642,-1.9155373486952385,-2.0433951213606454
2025-03-04,162.55062866210938,163.25634774457873,160.9039508030142,160.9039508030142,1523997,163.80304946899415,171.98901580810548,36.42430685071251,-1.8827163055188123,-2.011259358192279
2025-03-05,161.00746154785156,163.70800872115998,160.62166499226697,163.0117083951596,1151122,163.74800338745118,171.3824740600586,39.60741804349124,-1.958648006668767,-2.0007370878875763
2025-03-06,173.1269989013672,174.067957615061,160.80983842711822,161.35559620400753,16644912,164.50547409057617,171.07459197998048,61.781150927779535,-1.029017180147747,-1.8063931063396104
2025-03-07,175.61114501953125,180.56998754601773,174.0773775846653,174.0773775846653,12810997,165.37774276733398,170.9799313354492,68.11530645965205,-0.0907817461805962,-1.4632708343078076
2025-03-10,170.76519775390625,174.2655656129173,169.56077164735316,172.6471153401319,4219714,165.82940292358398,170.79079833984375,57.55109679650223,0.2587662535008235,-1.1188634167460814
2025-03-11,175.6487579345703,177.17310642648235,166.79433316560792,169.37256515965655,10010242,166.12392196655273,170.5595101928711,63.093321957180926,0.9192514955435342,-0.7112404342881583
2025-03-12,175.2302703857422,179.29168286234116,174.0698668209996,177.38938383992905,7291302,166.24131698608397,170.23347229003906,61.93448967607427,1.3928662653793538,-0.29041909435465585
2025-03-13,175.60122680664062,176.9043115705992,174.34571693666499,174.88786463792547,4259010,166.60732498168946,169.914853515625,65.1554271145773,1.777650813608716,0.12319488723801852
2025-03-14,174.13645935058594,177.0564808885016,173.20433686606776,176.9138142630004,2371832,167.15321197509766,169.66686920166015,58.09655266546524,1.9420145137200961,0.48695881253443407
2025-03-17,175.0971221923828,176.86626098659985,173.91770600516531,176.71407357102638,3753006,167.88451232910157,169.53652252197264,60.84996756122701,2.1252923457601582,0.8146255191795789
2025-03-18,177.91253662109375,180.71842505479253,176.53337259572226,176.9138266325864,7168874,168.5650978088379,169.52665740966796,69.27761500637912,2.4692576974179588,1.145551954827255
2025-03-19,180.38551330566406,181.12740882219148,176.4382483263606,177.960093470381,4237123,169.41449890136718,169.57697875976564,69.63009377147476,2.907881025293136,1.4980177689204313
2025-03-20,182.8775177001953,184.33277526832666,180.81352503502467,182.5065699772087,7669794,170.35133209228516,169.7900549316406,74.21782266830998,3.417185908801315,1.8818513968966082
2025-03-21,182.031005859375,184.14255902534487,180.81353559419836,183.2865157207301,2607697,171.35075607299805,169.97603881835937,76.90670442289657,3.709743651783043,2.2474298478738954
2025-03-24,175.48709106445312,182.98215412384852,174.29815413312213,182.03100457878375,4209721,171.7477554321289,169.85198608398437,64.61349068071173,3.3746575847033284,2.4728753952397824
2025-03-25,176.41921997070312,178.34054618535612,172.3958613125109,174.53594786673517,4550121,172.25252227783204,169.72380462646484,67.65337872061966,3.1480259909405675,2.6079055143799397
2025-03-26,183.85720825195312,184.90346403374937,176.5618930508339,184.52301002462167,15934134,173.31267623901368,169.7739291381836,63.76745710389158,3.5279344799049,2.7919113074849315
2025-03-27,182.1260986328125,184.23765164256952,181.00374921119914,184.23765164256952,4400671,174.18559188842772,169.82462341308593,58.52375993790506,3.647284984775638,2.962986042943073
2025-03-28,182.1260986328125,182.1260986328125,182.1260986328125,182.1260986328125,0,175.13895950317382,169.94570098876954,67.02237984277775,3.699228713836476,3.1102345771217537
2025-03-31,182.1260986328125,182.1260986328125,182.1260986328125,182.1260986328125,0,176.20618286132813,170.00128784179688,61.36897208716608,3.697768915079706,3.2277414447133443
2025-04-03,182.43048095703125,183.0867764483994,178.86367025471725,180.59475483527757,4796657,177.2001754760742,170.0975897216797,62.68857145776607,3.678766592457805,3.3179464742622367
2025-04-04,176.8377227783203,183.8096507286786,176.1528939405368,183.5718633409313,4523518,177.99168853759767,170.13529479980468,51.84031845105755,3.175809515264717,3.289519082462733
2025-04-07,166.2514190673828,175.0115125773928,159.1558517392978,175.0115125773928,8401012,177.64790954589844,170.03165740966796,40.77042386243564,1.901071799608303,3.011829625891847
2025-04-08,165.7092742919922,169.77068689821093,164.5488706902154,168.73392286773185,4802064,177.15281600952147,169.91416625976564,38.90263338838348,0.8374330169448001,2.5769503041024375
2025-04-09,160.5255126953125,165.40489998968357,156.09315233455493,165.30979374326398,5789175,176.6408317565918,169.70974884033203,30.536616528253674,-0.41896505145197693,1.9777672329915548
2025-04-10,165.37635803222656,169.2094893355618,164.3491148361387,166.92673635318178,4253979,176.1272117614746,169.6689682006836,34.047697973381034,-1.0115859607674054,1.3798965942397627
2025-04-11,161.31495666503906,165.38587525443634,160.1735656850375,165.38587525443634,4250714,175.43144607543945,169.62242401123046,27.822341943515184,-1.788348480710198,0.7462475792497707
2025-04-14,162.91290283203125,164.96738945761496,160.29724142392155,163.11265063454266,3761906,174.797029876709,169.60144073486327,30.635850300015704,-2.249071575826008,0.1471837482346149
2025-04-15,164.27305603027344,166.30851562134902,162.17100899986687,163.1221586127693,6856730,174.30385971069336,169.5265496826172,37.30896260707782,-2.47590426899626,-0.37743385521156003
2025-04-16,161.39102172851562,166.45114345600436,160.31623278558922,166.21335610821006,7933219,173.6185546875,169.3874313354492,33.71132861211353,-2.855312627956522,-0.8730096097605524
2025-04-17,163.3504180908203,163.58820546252463,160.83938402615826,161.39103795672963,3149647,172.89044876098632,169.36014282226563,24.777783825072206,-2.963725591083886,-1.2911528060252193
2025-04-18,162.5514373779297,165.16709840048108,160.84888622550557,164.4537363034216,4135709,171.9987449645996,169.36900390625,25.35925476461307,-3.0786262248634557,-1.6486474897928667
2025-04-21,162.46583557128906,163.59770574129254,161.2198321113319,162.6465562893083,2099090,170.9781608581543,169.45876892089845,25.30471992446833,-3.1403926635411494,-1.9469965245425234
2025-04-22,162.32318115234375,163.88306579023882,161.69541898366418,162.65607477751146,1728318,169.99276962280274,169.5419171142578,25.214357523292094,-3.164377061582968,-2.1904726319506125
2025-04-23,161.52420043945312,164.06376763303072,160.50646360012522,162.6465497814602,3967268,169.29462509155275,169.53776123046876,24.153376570947785,-3.2108433327399553,-2.394546772108481
2025-04-24,158.27127075195312,160.64914449830692,157.89081675789234,160.64914449830692,3762973,168.38722763061523,169.3080191040039,25.63658155952821,-3.470150690253405,-2.609667555737466
2025-04-25,156.03607177734375,159.79310924074295,151.232764102846,158.84195978097662,6004748,166.99617080688478,168.97109313964845,32.832520185103405,-3.812072319439295,-2.8501485084778317
2025-04-28,152.4217071533203,158.34736446595304,151.327891035267,157.89081677036611,2025805,165.51095123291014,168.65390594482423,29.759526211317564,-4.324842599271221,-3.1450873266365096
2025-04-29,149.42559814453125,153.61065030411706,146.47702877296612,152.4217133822586,5810849,163.87592620849608,168.37804351806642,31.88455025400937,-4.9163055873133885,-3.4993309787718854
2025-04-30,141.34083557128906,146.4770375770769,140.29456521181066,146.00146277974872,7166892,161.83666305541993,167.9954379272461,14.518515248195953,-5.968614565698317,-3.9931876961571717
2025-05-02,143.46188354492188,145.54490331153326,141.86394480768155,144.4796059822431,4500222,159.88823318481445,167.5786590576172,22.043558773281717,-6.555854359234928,-4.505721028772723
2025-05-05,141.2266845703125,143.57602517727636,139.8189872656728,141.2457116255266,3143530,158.10768127441406,167.13524291992186,16.705648308749602,-7.1195383964847565,-5.0284845023151306
2025-05-06,144.38449096679688,147.38060596119078,141.24569484533387,142.4346316706313,7329525,157.01433486938475,166.7401156616211,21.062816003736884,-7.228132064736059,-5.4684140147993165
2025-05-07,138.18299865722656,142.67242547318736,134.11207994479614,134.11207994479614,8361342,155.63802108764648,166.2629251098633,19.207488542098147,-7.725546637893132,-5.91984053941808
2025-05-08,125.46614837646484,141.95907910937535,124.36281134707423,139.91411325586984,12205184,153.8850528717041,165.42130599975587,10.897272445355739,-9.041668087830317,-6.544206049100527
2025-05-09,133.08554077148438,134.1781335597867,123.21386087759173,126.51081164208458,9179993,152.270512008667,164.75653915405275,23.340008879866673,-9.361963641450984,-7.107757567570618
2025-05-12,146.39791870117188,146.39791870117188,146.39791870117188,146.39791870117188,750845,151.52466011047363,164.43141494750978,38.2697383049059,-8.444262332757603,-7.3750585206080155
2025-05-13,161.04251098632812,161.04251098632812,151.43918622376398,153.34643780874234,19195618,151.43114051818847,164.3589094543457,49.22842925184389,-6.460805087156217,-7.192207833917656
2025-05-14,162.84432983398438,165.13494157268406,159.81573429788827,162.92100480475008,11785256,151.359704208374,164.35462112426757,50.78584797843705,-4.689452122417265,-6.691656691617578
2025-05-15,166.04542541503906,170.59789739611517,162.9305761648291,162.9305761648291,16962449,151.5924243927002,164.45989700317384,54.630664415049,-2.9928408686782006,-5.9518935270297035
2025-05-16,165.22119140625,168.20186318498256,164.36820248560974,166.76424042271776,4626039,151.68596305847169,164.51330825805664,55.56463855585411,-1.6952314498552425,-5.1005611115948115
2025-05-19,168.44146728515625,170.58832254544282,165.42246532860935,167.14760094706185,8304279,151.980464553833,164.66198837280274,59.751847226809765,-0.40237891257569913,-4.160924671790989
2025-05-20,165.85374450683594,169.63948142162005,165.0486792912663,168.68106627234536,3476404,152.14986000061035,164.5165232849121,60.050418489330994,0.4086972287610706,-3.247000291680577
2025-05-21,168.00059509277344,168.6619039250608,165.08701930003164,166.5725657947814,3768908,152.43373069763183,164.36431228637696,67.5877381683153,1.2107569619770686,-2.355448840949048
2025-05-22,163.24685668945312,169.43821046122278,162.21176655710283,168.68106891610103,5966198,152.51986351013184,164.2139454650879,62.614195108957794,1.4461379405911146,-1.5951314846410156
2025-05-23,162.01051330566406,164.3202976518215,159.6719922951602,162.99769450331044,2998829,152.7068256378174,163.94118057250978,63.42198160145902,1.515447349737542,-0.9730157177653043
2025-05-26,158.9148406982422,161.91468530749802,156.84466011247605,160.56331620643482,5383521,152.85076408386232,163.61487197875977,59.39108596287278,1.305531295915614,-0.5173063150291206
2025-05-27,160.49623107910156,161.97218419269336,158.3877057393179,159.95950623172052,4091914,153.25449028015137,163.31277206420899,65.33716657615314,1.252340101269965,-0.16337703176930352
2025-05-28,160.49623107910156,160.49623107910156,160.49623107910156,160.49623107910156,0,153.8080219268799,163.0399674987793,79.17933190580227,1.1963944063051883,0.10857725584559488
2025-05-29,161.10000610351562,163.40979022591432,160.29494085210658,161.50253872922013,3075288,154.7959804534912,162.76002517700195,76.42381124541458,1.187092574234157,0.3242803195233073
2025-05-30,159.432373046875,161.86674120000444,159.0969218799561,161.26293494925255,3378953,155.59450492858886,162.39042190551757,65.75536001617172,1.0332461363355492,0.4660734828857557
2025-06-02,156.59544372558594,164.0806633703154,154.7361160783886,160.77413417648438,7625394,156.36294288635253,161.91462051391602,42.477255703045664,0.6746285409977872,0.507784494508162
2025-06-03,158.45477294921875,159.2406657400541,156.22166397309772,156.7008715312974,2923919,157.06645698547362,161.42616561889648,42.58896111390485,0.5342948241312513,0.5130865604327799
2025-06-04,161.39712524414062,162.93059552228826,158.6177268172865,159.38446195636033,5665764,158.22716331481934,161.01348800659179,42.08294544753314,0.6529754874445928,0.5410643458351425
2025-06-05,159.6240692138672,161.78050361284818,159.09693788037603,161.47380370090542,1899901,159.93505935668946,160.6962275695801,40.7653696515687,0.5970772299338591,0.5522669226548859
2025-06-06,159.6240692138672,159.6240692138672,159.6240692138672,159.6240692138672,0,161.2619857788086,160.36032455444337,33.72260396872389,0.546477999919091,0.5511091381077269
2025-06-09,159.6240692138672,159.6240692138672,159.6240692138672,159.6240692138672,0,161.92329330444335,159.87566177368163,37.284856487941,0.500607059025242,0.5410087222912299
2025-06-10,158.5889892578125,160.9179315404806,158.13853287302146,160.9179315404806,2153047,161.80061721801758,159.40491958618165,29.87708953339437,0.3763928830952352,0.508085554452031
2025-06-11,167.1188507080078,169.63948731797439,161.01375067468754,161.01375067468754,14506340,162.01434326171875,159.10477462768554,57.12774521628875,0.9552294947542919,0.5975143425124831
2025-06-12,163.87942504882812,169.92702279572214,162.93058870867495,167.25303612086122,7250066,161.9060432434082,158.73984115600587,53.20408617058846,1.1394324342705033,0.7058979608640872
2025-06-13,160.1416015625,163.88900872204786,159.19277981889633,161.01376295499438,4703098,161.6520637512207,158.29406356811523,52.05786397011583,0.9725920382952324,0.7592367763503163
2025-06-16,160.1416015625,160.1416015625,160.1416015625,160.1416015625,0,161.2370704650879,157.96014114379884,49.371787102295364,0.8307929583910152,0.7735480127584561
2025-06-17,160.2757568359375,162.34593701029462,159.86364535291725,160.1607517010024,2302616,160.95817108154296,157.84062789916993,49.61128570836717,0.7209309323199022,0.7630245966707454
2025-06-18,156.64340209960938,161.0041947265335,156.03001688033208,161.0041947265335,3761801,160.39031143188475,157.65931045532227,42.90078384322358,0.33688046646224734,0.6777957706290458
2025-06-19,155.66580200195312,160.91791343842368,154.68821435937173,160.91791343842368,3866933,160.01125869750976,157.56211624145507,43.86511331519389,-0.045838059780123785,0.533069004547212
2025-06-20,156.8254852294922,158.71356435997146,155.55079124741573,156.22167896844135,2457753,159.75200729370118,157.3910987854004,50.39634008482035,-0.25265604298934363,0.3759239950399008
2025-06-23,146.95379638671875,155.59870511582108,145.00821480636517,154.30483881641635,5839530,159.153955078125,157.10387557983398,34.472023073753604,-1.1992988031267657,0.06087943540656751
2025-06-24,160.28536987304688,161.6463177578384,154.30485351553855,157.08425185959433,9849420,159.14341201782227,157.0513249206543,48.827813793893434,-0.8638159148307523,-0.12405963464089645
2025-06-25,159.71031188964844,162.2596998880829,159.0873478455167,160.29494575960138,4810323,159.1041160583496,156.9600700378418,50.09328715410141,-0.6370027113960646,-0.22664824999193006
2025-06-26,160.9754180908203,163.45770986671852,159.6719728770554,159.81572930258815,8561198,159.09788665771484,156.9517579650879,51.42278969728166,-0.351120616174029,-0.25154272322834986
2025-06-27,164.08067321777344,168.58522156552957,160.582463717472,161.11917386964654,11415124,159.33030166625977,156.96636306762696,54.40422320955723,0.12457511660502973,-0.17631915526167394
2025-06-30,163.093505859375,166.76423767341888,161.9721618782057,166.47671020085514,4616753,159.65520477294922,156.97720443725586,54.45579225220308,0.41710315082912075,-0.05763469404351501
2025-07-01,162.79641723632812,164.75157793911424,161.5888192691005,163.07435122805882,3008775,159.87228698730468,156.98381607055663,44.89242862381987,0.6178390920342736,0.07746006317204271
2025-07-02,164.9145050048828,165.662067666107,162.45137100307002,163.79314638879165,8211705,160.04815597534179,157.0356425476074,51.25638937013285,0.9370342059453947,0.24937489172671312
2025-07-03,167.8089141845703,168.4893954125662,165.56622612202952,166.65881886718444,11545075,160.45739822387696,157.16133682250975,59.50118877128283,1.4073304353842104,0.48096600045821264
2025-07-04,165.182861328125,168.96859834606352,164.50238011892608,168.39354339112765,3850794,160.73533782958984,157.2995686340332,55.865301722607505,1.5502724905798289,0.6948272984825359
2025-07-07,166.28501892089844,166.76422646822093,163.99440742966718,164.91449235519798,3859123,161.0683853149414,157.5045475769043,56.837520621612036,1.7325186097084497,0.9023655607277187
2025-07-08,165.4895477294922,167.67473317462353,164.60780751691772,166.81216536048146,5419141,161.41341323852538,157.76590438842774,60.76005893207333,1.7921038375208411,1.0803132160863431
2025-07-09,163.8123321533203,166.38089261818422,162.93059188157778,165.4895588344542,2994146,161.24808731079102,158.0536390686035,59.74325123850327,1.6845696100721455,1.2011644948835036
2025-07-10,162.88265991210938,164.4640537627496,162.06801576867838,163.81232382374944,2249403,161.19824905395507,158.48447555541992,57.284459899622895,1.506959884309822,1.2623235727687674
2025-07-11,162.87307739257812,164.36820272765442,162.54721974247278,162.92100107624185,3020038,161.33482284545897,158.87269943237305,75.0982726152111,1.3498692157378684,1.2798327013625876
2025-07-14,161.7421417236328,163.64939321085131,161.1575078744833,163.0743382488417,2441870,161.41484985351562,159.28300857543945,53.73277417246042,1.1211922657358855,1.2481046142372472
2025-07-15,158.5889892578125,162.7485083702265,158.13853287302146,161.74216932709209,4005017,161.33051147460938,159.56709854125975,47.46207812103919,0.6777187632958146,1.1340274440489606
2025-07-16,156.67213439941406,159.38445117872925,155.69454679759335,158.52186872150318,4372638,161.33194808959962,159.9368812561035,40.539365524940756,0.16963322409537795,0.9411486000582441
2025-07-17,157.14175415039062,160.28535466688328,155.9820653862723,157.60178932678465,9099762,161.40574569702147,160.57039337158204,32.74541780274602,-0.1929100897199305,0.7143368621026093
2025-07-18,156.2696075439453,158.66564563991426,155.8862326740367,157.66888560240784,2846193,161.37795181274413,161.03407470703124,32.93380907859337,-0.5443285396366946,0.46260378175474853
2025-07-21,156.31752014160156,157.65929553045666,154.4294410859773,156.231251661832,2758846,161.84613800048828,161.23246673583984,33.59213846564056,-0.8096311232098969,0.20815680076181944
2025-07-22,160.72622680664062,162.92100581366623,156.7008858741735,156.7008858741735,11239223,161.86818084716796,161.2261410522461,40.495826561118214,-0.6565710074511912,0.03521123911921731
2025-07-23,161.1575164794922,165.09660369409661,160.5345524242646,161.4929676626184,6596758,161.94054107666017,161.19240478515624,33.00680653989194,-0.49476494846743435,-0.07078399839811303
2025-07-24,159.45152282714844,163.79314225951802,158.90523379968207,161.3012716596765,3923893,161.86434631347657,161.06052673339843,34.63506704202676,-0.4984461343683506,-0.15631642559216055
2025-07-25,160.35244750976562,161.1862640682394,158.3397843299573,159.1256772027618,3075713,161.67793502807618,160.96315185546874,33.922115945265304,-0.4237813208982857,-0.2098094046533856
2025-07-28,161.28208923339844,163.41935077682612,160.58245031657523,162.9305643485119,4612077,161.58736419677734,160.8199642944336,38.67967596629603,-0.2862943771672519,-0.22510639915615888
2025-07-29,158.9052276611328,161.87630571819972,158.37809642744634,161.4833666387734,1823166,161.39280471801757,160.68099395751952,37.27628090999011,-0.3649212631750629,-0.25306937195993967
2025-07-30,158.56021118164062,159.7678090548477,157.6592985642498,159.09692134751043,1888950,161.07509002685546,160.49218627929687,38.441809187602104,-0.44988755954324233,-0.2924330094766002
2025-07-31,162.74847412109375,166.28502836098625,161.11917129255173,162.93057533929488,21087934,160.82206802368165,160.48221862792968,49.72767073437525,-0.1772232260913711,-0.2693910527995544
2025-08-01,174.22071838378906,179.02237339501795,161.013757756775,163.8602521442013,43041726,161.27396087646486,160.72642272949219,68.78249861278006,0.9535870985784243,-0.024795422523958638
2025-08-04,172.48599243164062,178.55276267400237,171.55632847610337,177.30681993340292,15436821,161.58400955200196,160.99784576416016,71.85049552363706,1.690299817181625,0.31822362541715815
2025-08-05,170.30079650878906,172.4668095614737,169.16028009911815,171.57549045934744,8099690,161.8245719909668,161.1939370727539,71.24926961940272,2.073916092131242,0.669362118759975
2025-08-06,172.83102416992188,174.08654581031962,169.25613937430163,171.3167263166597,9327089,162.27550659179687,161.44063293457032,72.98514589428655,2.5526773051065845,1.046025156029297
2025-08-07,181.84970092773438,183.80486145391663,172.80225931801726,173.85650723804264,33121252,163.22385864257814,161.85562683105468,80.253910825138,3.6181233836437343,1.5604448015521846
2025-08-08,180.40248107910156,185.44375416924498,178.75400583755146,182.9614477958177,21967632,164.1003288269043,162.27502899169923,77.57294524233095,4.296194672251772,2.1075947756921023
2025-08-11,182.0030517578125,182.9327157285918,177.35474652817223,180.18206861618125,14489018,165.11337432861328,162.78318115234376,76.03188649304583,4.906168474764911,2.6673095155066644
2025-08-12,179.5111541748047,182.96143981829726,177.78600404093135,182.33847584251856,16539375,166.15948257446288,163.20430877685547,71.37750267124588,5.129373572963857,3.1597223269981027
2025-08-13,175.71583557128906,179.21405975244215,174.52741010774818,179.21405975244215,14261626,167.11166763305664,163.49068298339844,68.064720597108,4.943034504059057,3.5163847624102935
2025-08-15,171.97802734375,176.7317585880679,170.6937544742513,175.38040425859072,5161306,167.8534812927246,163.7377621459961,62.147010112437655,4.442538742417611,3.701615558411757
2025-08-18,175.8691864013672,176.4346478505476,170.22412154816817,171.9780230911687,8167684,168.8334602355957,164.06266448974608,64.35308856100971,4.310191062053548,3.8233306591401153
2025-08-19,173.31980895996094,176.33882574866968,172.6201699276627,176.23339948701465,5597497,169.68357467651367,164.33657928466798,64.13535117146935,3.954011732401966,3.849466873792486
2025-08-20,173.27188110351562,175.65834026486854,172.4188921431073,173.3198047893431,4564827,170.31085739135742,164.63023712158204,64.511237003546,3.6260705854952278,3.8047876161330345
2025-08-21,172.63934326171875,176.20464915338732,168.69066249638598,173.48273873526782,12255013,170.88494873046875,164.74064697265624,60.492089431252246,3.277355037598795,3.6993011004261867
2025-08-22,172.74476623535156,175.4858343767797,172.03553370076673,173.66483666611782,7565917,171.54961090087892,164.9179537963867,47.93677392052203,2.975205885005664,3.5544820573420823
2025-08-25,171.09628295898438,173.47314852352073,170.71290811034618,172.99394093091433,2517419,172.08680267333983,165.1370474243164,48.052636710564805,2.5730709213548835,3.3581998301446427
2025-08-26,171.23045349121094,172.94601016784918,171.0675246713043,172.51472627700758,2939273,172.58422088623047,165.35882446289062,51.382151224939065,2.2393882325029324,3.134437510616301
2025-08-27,169.32322692871094,171.55633630139974,168.48941030913107,171.55633630139974,4235219,173.10512084960936,165.53977386474608,44.68641119009393,1.8002924031174814,2.867608489116537
2025-08-28,170.15704345703125,171.09630096686033,168.79609550569995,169.783262080428,2453372,173.6849624633789,165.81004669189454,26.447876685214368,1.5022705800391236,2.5945409073010546
2025-08-29,169.9365997314453,174.41239703847754,169.16028574580722,171.0675372917526,8173971,174.04436874389648,166.09546264648438,27.82291492875703,1.234072551597194,2.3224472361602824
2025-09-01,171.6713104248047,172.39971527047885,168.58521258985374,170.1282615073292,6553568,173.91689834594726,166.39237915039064,28.230909555044434,1.1482638660876319,2.0876105621457524
2025-09-02,171.13461303710938,173.47314842761662,170.83750666973847,172.99394083527514,4553947,173.8493293762207,166.87599548339844,30.765780948570224,1.0251357440507434,1.8751155985267507
2025-09-03,173.35813903808594,175.8691820806752,170.59789869406094,171.55631385526354,11055445,174.00219650268554,167.13745086669923,44.16507306403715,1.0943606770735244,1.7189646142361057
2025-09-04,173.36773681640625,175.38041472394997,172.7351792312632,173.47316308059675,5574117,174.02903213500977,167.41059936523436,54.21760617646188,1.136891023700116,1.602549896128908
2025-09-05,178.97445678710938,181.52383006300172,173.7127521603884,173.7127521603884,18214692,173.88526992797853,167.77058013916016,58.53534349486597,1.6045162100454604,1.6029431589122185
2025-09-08,182.58767700195312,183.54609221515287,180.08621271053156,181.99346424953106,12940376,173.9945297241211,168.14072021484375,74.06675685078332,2.240838225488204,1.7305221722274158
2025-09-09,184.57159423828125,185.92296313080857,180.75710597621406,184.44699558706452,14851437,174.12295684814453,168.57028198242188,76.66222619064764,2.8721057011633775,1.9588388780146082
2025-09-10,187.9069061279297,191.4913847052687,183.53653458933886,183.56528587912507,27646279,174.5427444458008,169.0724917602539,81.94951174076503,3.6000226980755485,2.2870756420267964
2025-09-11,183.21066284179688,189.7566407592803,182.59727766629177,188.80780439631278,8635840,174.91748580932617,169.4384149169922,68.37148108486859,3.7546730437930194,2.580595122380041
2025-09-12,181.4375762939453,184.494923073327,180.18205474174272,184.02529436804485,5890943,175.39046325683594,169.7109881591797,68.07369356962695,3.691606746235408,2.8027974471511143
2025-09-15,182.0509490966797,184.0061241308207,180.1820425377612,181.47590879930317,3542898,175.69955139160157,170.04834991455078,68.59965671792116,3.6490562609456276,2.9720492099100175
2025-09-16,184.01571655273438,184.72494905834657,181.71552594552728,182.57809376716614,5336128,176.23434677124024,170.4029638671875,75.20547622475557,3.730867885649502,3.1238129450579146
2025-09-17,181.5430145263672,185.83671074273653,180.9104569528479,185.22332556896947,8463293,176.6479034423828,170.724033203125,68.49313574700332,3.5551957161700045,3.210089499280333
2025-09-18,183.76654052734375,185.44376717128645,182.0988927709201,185.44376717128645,7603706,177.20426330566406,171.12311737060546,71.09032905100861,3.5544210681807726,3.278955813060421
2025-09-19,183.1435546875,189.57452703092744,181.83053056025798,184.48534472468458,19520155,177.72420272827148,171.5283352661133,68.1089186987601,3.4636110511284244,3.3158868606740217
2025-09-22,184.73452758789062,185.83669920499048,181.6196782251895,183.05730100797462,11690566,178.4061149597168,171.96556427001954,70.77594767341573,3.4799074679860666,3.3486909821364312
2025-09-23,184.73452758789062,184.73452758789062,184.73452758789062,184.73452758789062,0,179.0813186645508,172.4254119873047,68.64589007282162,3.4530182507892277,3.3695564358669907
2025-09-24,192.18142700195312,196.76265065495417,186.12423569758428,187.28392456651613,38578188,180.2242286682129,173.0972607421875,74.79156948220117,3.9866552190554785,3.4929761925046887
2025-09-25,194.85540771484375,197.43354715101722,191.69263437446645,194.48162634161548,19064352,181.45914688110352,173.8609262084961,72.67995362783725,4.5726238952889275,3.7089057330615365
2025-09-26,200.13626098632812,203.5194653355066,194.088649034634,196.47510805081217,17782680,182.96912994384766,174.72081634521484,73.92208905178117,5.40087113741032,4.0472988139312935
2025-09-29,199.51329040527344,201.15218683175016,197.5485363206569,200.97966449115796,6828048,184.3612289428711,175.5856900024414,71.15328532748288,5.938538746425138,4.425546800430062
2025-09-30,198.94784545898438,202.94443541929655,198.1523590221467,199.51330696402647,9116953,185.75189056396485,176.43829650878905,66.96111160857231,6.247005923055582,4.789838624955166
2025-10-01,196.1780242919922,201.25762815653857,194.56787903102264,199.35037650124147,6827405,186.89288482666015,177.1473324584961,71.17370265043455,6.196537140164878,5.071178327997109
2025-10-02,194.97999572753906,197.89357157707062,193.983235703886,196.47512113876286,5626743,187.9734977722168,177.82378204345704,72.53589935788446,5.990811032870624,5.255104868971812
2025-10-03,193.99281311035156,197.43351997287326,193.59985939087574,195.42084231762274,3969859,188.72441558837892,178.5146078491211,69.62822291577005,5.68260864848699,5.340605624874849
2025-10-06,194.2899169921875,194.89372320592688,188.83653254383904,193.50400956324074,5939913,189.3095275878906,179.19335723876952,67.86663850445943,5.400081065558112,5.352500713011501
2025-10-07,194.2899169921875,194.2899169921875,194.2899169921875,194.2899169921875,0,189.79544372558593,179.85351379394533,74.25230988619097,5.117188160806904,5.305438202570583
2025-10-08,187.5043487548828,193.3602661997309,186.89096361312278,189.21990552465914,6934556,189.7753158569336,180.42549621582032,56.059644309038624,4.29593399529594,5.103537361115655
2025-10-09,185.74085998535156,190.72461586707752,184.8782775711989,187.8493704017447,4742778,189.90182571411134,180.96910919189452,54.0605335991103,3.4628675649723846,4.775403401887001
2025-10-10,181.9934539794922,185.45333328886971,181.14046507284948,185.08913084864426,6248787,189.92961959838868,181.3540087890625,45.98539232482478,2.4717789417161384,4.314678509852829
2025-10-13,172.69683837890625,179.65492751255002,171.46047457308288,179.22364359452658,17452681,189.4619140625,181.32353118896484,36.14298561782911,0.9255062238279947,3.6368440526478625
2025-10-14,180.55584716796875,181.6196886734006,175.10246209166746,175.85002481178108,11748831,189.2889205932617,181.4849282836914,36.74315872699914,0.33042139129011616,2.9755595203763137
2025-10-15,176.97134399414062,184.8591108692023,176.06085256561124,182.09887067603586,13517917,189.0603370666504,181.61833923339844,30.021375534388355,-0.4255219231835383,2.295343231664343
2025-10-16,178.38023376464844,180.27790640522315,175.96503797088053,177.54641721377064,6743646,188.79102172851563,181.72932342529296,23.394303504338666,-0.9005458839052096,1.6561654085504327
2025-10-17,177.09791564941406,180.30375027541288,176.61218357951626,179.6334376472153,4784202,188.48873977661134,181.63428771972656,23.02302331714118,-1.3647462055274389,1.0519830857348587
2025-10-20,180.16773986816406,181.66378807117508,177.3893519282585,177.82650781188494,5670242,188.260400390625,181.6295928955078,28.683077892993907,-1.467996990424865,0.547987070502914
2025-10-21,183.29583740234375,185.7439310599046,180.711754188471,182.05236455290202,9705378,188.18846588134767,181.65544860839844,35.495657701459464,-1.282627323553271,0.18186419169167695
2025-10-22,189.17320251464844,193.30192499360425,181.66378907405485,183.29584166816758,19304493,188.0380546569824,181.84868957519532,44.08524738964062,-0.6539282043839592,0.014705712476549726
2025-10-23,188.92063903808594,194.18597308053464,188.02689377712014,190.40697803792077,10901523,187.74131622314454,182.11278564453124,44.75503069571698,-0.17405300995275752,-0.023046032009311726
2025-10-24,189.52293395996094,192.9327825503377,188.12402323810034,189.48408191696092,9531929,187.21064987182618,182.46368377685548,45.10153669962842,0.2519474126138448,0.03195265691531958
2025-10-27,185.7244873046875,189.9212190558163,185.21933667874276,189.38691087129322,4779337,186.52120971679688,182.66078979492187,41.83566613589809,0.27982724226546907,0.08152757398534947
2025-10-28,181.54722595214844,187.49258183472563,180.69233275263713,185.986809430447,4150514,185.65117874145508,182.82533813476562,44.02472233139997,-0.0347473266404279,0.058272593860194004
2025-10-29,180.7603302001953,184.08273560659396,178.84654475852227,181.64435125564628,7181993,184.88029403686522,182.9751071166992,44.904462973821374,-0.3435852132423065,-0.022098967560306097
2025-10-30,177.70021057128906,182.34380776194203,176.32073333447337,181.6929285967564,5004185,184.01630477905275,183.07632446289062,45.544968015707134,-0.8257488245582749,-0.18282893895989988
2025-10-31,182.25637817382812,183.60671266344477,179.24483357116614,179.24483357116614,6491016,183.42948303222656,183.26655670166016,61.00220221767183,-0.8306471292379172,-0.3123925770155034
2025-11-03,181.89694213867188,185.54964179252138,181.5666330812414,183.60671360621225,5430158,182.8098342895508,183.4825698852539,51.86552432928999,-0.8536917282531249,-0.42065240726302766
2025-11-04,179.73056030273438,181.89693582813442,177.59334233661383,181.89693582813442,4273787,182.0818664550781,183.6525720214844,53.9958456711009,-1.0348347174907815,-0.5434888693085784
2025-11-05,179.27398681640625,183.60672342588023,177.77793855521736,182.3146743340793,3768039,181.67034835815429,183.85158721923827,51.3310296965535,-1.2013846912445842,-0.6750680336957796
2025-11-06,177.93336486816406,180.69231930423388,177.03961969126956,180.43974397925246,2613582,181.27997360229492,184.00711364746093,51.242043273702315,-1.4251257697861774,-0.8250795809138592
2025-11-07,180.8769073486328,181.9066569467933,177.8167864685923,178.31224265804525,2832884,181.22414627075196,184.2259197998047,51.058276718549756,-1.3493682315145747,-0.9299373110340023
2025-11-10,186.1797637939453,187.44656842934222,181.81962548626632,183.6363547759069,5776950,181.8982925415039,184.5160888671875,54.0413170090649,-0.8516167317438885,-0.9142731951759797
2025-11-11,180.3564453125,187.07340818331681,179.70831337295002,187.05376373487852,7404040,181.88832244873046,184.70052551269532,37.62611802124106,-0.9164736779449072,-0.9147132917297652
2025-11-12,183.26318359375,188.00630617162216,181.2205956213275,181.66251327149575,10397642,182.20291442871093,184.8986264038086,42.61055556906377,-0.724966822157171,-0.8767639978152464
2025-11-13,185.54147338867188,186.53330077562725,183.5185297173491,185.10938542308372,3832066,182.56097640991212,185.1421011352539,45.01777477192957,-0.38492019284643675,-0.7783952368214845
2025-11-14,189.57752990722656,192.7199671388684,185.54145763936577,185.89498276444564,16062359,183.18495712280273,185.35416259765626,54.79302596528471,0.20784928393808855,-0.5811463326695699
2025-11-17,191.0996551513672,194.7330987212203,189.92122806118962,191.49245419187778,10648032,183.7315528869629,185.52440216064454,62.72329812158864,0.7913242577726578,-0.3066522145811244
2025-11-18,189.9114227294922,192.22897314558844,189.2338316143991,191.05056098140741,3701196,184.0623321533203,185.63119873046875,62.0598069710183,1.144657058231104,-0.016390360018678746
2025-11-19,197.4041748046875,199.79045820309926,188.54641705771962,190.75594538261478,21542517,184.47388076782227,185.8211441040039,73.25056185480325,2.0061526422727525,0.3881182404396075
2025-11-20,200.89031982421875,202.68738965173176,198.46474756324287,200.32075073213508,17861876,185.0723648071289,186.17473724365234,72.55757455747259,2.936348470162301,0.8977642863841462
2025-11-21,197.91481018066406,201.5580834713481,196.79531643091474,199.3387404191989,6926256,185.49195861816406,186.5042819213867,68.23563337195587,3.39430912192708,1.3970732534927328
2025-11-24,195.62673950195312,199.2994570897338,195.00806675991592,196.60875211632415,4937856,185.98707122802733,186.77579772949218,68.04709208456617,3.5319044602282474,1.824039494839836
2025-11-25,193.57432556152344,196.63821516803225,192.96548252360807,196.40252674158583,2999769,186.5884262084961,186.96696990966797,65.66759561261115,3.4357321236466873,2.1463780206012064
2025-11-26,194.96876525878906,196.89351645161744,190.01942859545125,193.42701334575372,7589002,187.2988479614258,187.2354849243164,68.64217271601524,3.432467139227697,2.403595844326505
2025-11-27,201.72503662109375,203.27661840510666,195.4401616593031,196.255233956341,12244212,188.500089263916,187.59465484619142,71.05734681403335,3.929754486442505,2.708827572749705
2025-11-28,206.73330688476562,208.5794804739529,202.7954265757051,203.57122495896726,17027874,189.72393569946288,188.0664498901367,70.8840823867257,4.674103688496956,3.1018827958991553
2025-12-01,209.33563232421875,211.62372356975067,204.3077324107238,208.18667933543918,18633041,191.09587020874022,188.55847198486327,81.5075820065126,5.411610036404852,3.563828244000295
2025-12-02,204.4943084716797,209.6695040660707,204.0229316366882,209.6695040660707,11028041,192.3340576171875,188.95366760253907,72.15164723267394,5.541555157937495,3.9593736267877357
2025-12-03,205.37811279296875,206.21282948949747,202.2945938549411,205.24063162952763,8112515,193.63926391601564,189.21760131835939,71.31700271739665,5.650715296928411,4.297641960815871
2025-12-04,206.84130859375,208.17684626365568,202.85434003068045,204.36663276744662,4984118,195.08466110229492,189.4573193359375,69.63806837886335,5.788566178571358,4.595826804366968
2025-12-05,213.4306182861328,214.96255556903353,207.20466189923692,209.64004899040415,19146182,196.71234664916992,189.7232064819336,72.77644107311272,6.356245378355538,4.947910519164683
2025-12-08,215.48301696777344,218.98880913154727,215.06075874353746,216.0427713405399,11858492,198.17750930786133,190.0426010131836,75.62991230044926,6.89229655075772,5.3367877254832905
2025-12-09,214.79562377929688,218.00680935596162,213.88235920284876,217.51580302858332,6840762,199.89946823120118,190.35955657958985,70.18465311396257,7.178900188735554,5.705210218133743
2025-12-10,211.51568603515625,215.54194355031882,210.83809496698436,214.9429152855619,4677200,201.31209335327148,190.66630981445311,62.391194639968056,7.05998891481255,5.976165957469505
2025-12-11,213.13600158691406,216.04276538704167,211.92813032149684,216.04276538704167,7201014,202.6918197631836,191.02942993164064,68.33018500415285,7.015625038633459,6.184057773702296
2025-12-12,216.30792236328125,218.0067999873923,211.79065835179514,215.5026648285103,10127468,204.02833938598633,191.47573211669922,74.38627766518505,7.153947590298685,6.378035737021574
2025-12-15,224.86123657226562,226.63867694615075,219.98063284659017,219.98063284659017,18843356,205.71641845703124,192.08715850830077,81.98794566093403,7.863109154966224,6.675050420610504
2025-12-16,220.1181182861328,227.92513044323175,219.39143855213308,226.84491058955226,7154475,207.22675323486328,192.6037225341797,74.06503124885018,7.950743575627172,6.930189051613838
2025-12-17,217.41758728027344,221.68934815540257,216.92658097206657,220.94302396128452,6261232,208.22742385864257,193.2019873046875,66.2795391320783,7.713369282792968,7.0868250978496645
2025-12-18,216.83819580078125,218.74330260706168,215.3062585705871,218.00679317067426,4695257,209.0248176574707,193.8239340209961,61.5436212129558,7.393271365168005,7.148114351313333
2025-12-19,215.38482666015625,219.9708237318032,214.088562827833,217.5157922169393,5985255,209.8983184814453,194.49176147460938,57.096774193548384,6.942290314612336,7.106949543973133
2025-12-22,214.5304718017578,216.828377610392,213.80377710842518,215.5615730087934,2314369,210.84350509643554,195.3284341430664,62.98932384341637,6.4416894992379525,6.973897535026097
2025-12-23,213.263671875,215.5419482709637,211.82011217231954,215.10986033487933,3101795,211.82797241210938,195.98259063720704,60.10571353704275,5.875016051448426,6.754121238310564
2025-12-24,217.04443359375,218.00680176629697,213.68595222952317,214.7661571215549,4271097,212.93175582885743,196.78405242919922,62.342614462376986,5.665688603519897,6.536434711352431
2025-12-26,223.2703857421875,224.29167225494618,216.53377869454,217.04442944308093,9526463,214.0090232849121,197.68185546875,62.00863246332097,5.93377651680143,6.415903072442231
2025-12-29,225.59774780273438,226.40300531793017,221.68934189538302,224.78267555600803,9686284,214.95224533081054,198.6518521118164,62.26190815319713,6.261854031845672,6.38509326432292
2025-12-30,230.5372772216797,231.38180867405055,225.4799182236192,226.6386859224667,9807967,216.0123275756836,199.65924285888673,67.29979082185179,6.8415711949233184,6.4763888504430005
2025-12-31,231.3130645751953,234.57333852582283,228.95622540931834,231.244316502608,9144559,217.35326538085937,200.61958740234374,73.02421920834254,7.279685100806773,6.637048100515756
