Date,Close,High,Low,Open,Volume,SMA_20,SMA_50,RSI,MACD,MACD_Signal
2023-01-02,469.4013671875,474.87466124380916,466.1702433167385,474.87466124380916,184508,,,,0.0,0.0
2023-01-03,472.6814270019531,474.87465295074054,468.7551342271485,474.8257087531368,208569,,,,0.2616571931757221,0.052331438635144424
2023-01-04,472.55413818359375,477.322462411839,470.9581629130145,474.38509341238154,114409,,,,0.45352332547366814,0.13256981600284917
2023-01-05,478.5855407714844,480.2598327392752,472.42684871906283,473.40597172158937,225989,,,,1.079814965191531,0.32201884584058554
2023-01-06,486.4576416015625,489.71813775477256,477.8217999005809,482.56075138805926,630424,,,,2.1861675700457113,0.6948485906816108
2023-01-09,480.9060363769531,490.0412404417474,478.7911271987633,486.4282743307308,209418,,,,2.585191358551924,1.0729171442556735
2023-01-10,488.25927734375,496.41535874936864,480.74939082039447,484.77357198952774,409589,,,,3.4549392886809756,1.549321573140734
2023-01-11,486.477294921875,492.4009774411031,484.66591129749855,491.51977266938235,473189,,,,3.954840758248679,2.030425410162323
2023-01-12,487.40740966796875,500.33184501385796,484.69524975822594,489.4146297142077,736603,,,,4.3756292311511515,2.499466174360089
2023-01-13,484.3036193847656,489.51256097107927,475.85378302466756,485.6450131280558,332388,,,,4.407846282985588,2.8811421960851886
2023-01-16,477.332275390625,487.5934655672179,474.3851055241754,487.58369465568484,250608,,,,3.826737087220863,3.0702611743123236
2023-01-17,448.4775085449219,480.7493943489447,442.19152571988036,480.6417051612646,1039177,,,,1.0260378027084016,2.6614164999915393
2023-01-18,470.6938171386719,473.89553863654294,448.63417683496203,448.63417683496203,499573,,,,0.5923061393843341,2.2475944278700983
2023-01-19,470.26300048828125,477.81203055532023,468.99992343442295,471.92749168283956,446402,,,50.45586737511198,0.21137081692683068,1.8403497056814448
2023-01-20,467.629150390625,473.8955316093671,463.1251786182451,468.99991661340255,256925,,,49.087790288529206,-0.2995992676256378,1.4123599110200284
2023-01-23,468.81390380859375,472.818513485723,465.08344738944396,470.4686241486902,79845,,,47.96539023324378,-0.6020074741164763,1.0094864339927276
2023-01-24,465.8960876464844,473.7486732924088,460.383650212249,468.81388496664755,260335,,,46.597267907347295,-1.064836760235039,0.5946217951471744
2023-01-25,463.2034912109375,474.77673213027333,459.2086825569923,469.9790354527853,861650,,,41.860926264728725,-1.6301114235881755,0.1496751514001044
2023-01-26,464.1630554199219,470.4686100448835,461.166941375942,463.7909838922901,934245,,,37.27224420320533,-1.9778672323523097,-0.2758333253503784
2023-01-27,452.3156433105469,467.96203928224975,449.4272484488696,467.0416612909459,1062121,472.7910842895508,,34.77263876346383,-3.1728783934441367,-0.8552423389691302
2023-01-30,442.6908874511719,454.3620168960482,441.5942744703607,453.3339496966534,350886,471.4555603027344,,26.303457806495757,-4.840769333013839,-1.652347737778072
2023-01-31,448.4579162597656,453.2850154725475,443.5427294410283,448.43834455627143,688756,470.244384765625,,31.0159236454966,-5.6323081489939,-2.4483398200212374
2023-02-01,446.45074462890625,453.3339785727074,445.5009940617319,450.406410173479,217983,468.9392150878906,,29.76688776227087,-6.34839005059672,-3.228349866136334
2023-02-02,452.1785888671875,455.1942745453509,444.03227837486463,444.03227837486463,433983,467.6188674926758,,34.530884505770615,-6.3801545066266385,-3.858710794234395
2023-02-03,445.5597229003906,459.20870030632926,440.60536276726685,455.92863218519136,793417,465.5739715576172,,34.64850105383479,-6.860333579139592,-4.459035351215435
2023-02-06,448.08587646484375,450.39659246617816,445.011415817126,449.4076686470585,586180,463.9329635620117,,49.74620413707231,-6.95684529087697,-4.958597339147742
2023-02-07,472.82830810546875,477.9099590442023,446.52904786488347,449.17269200982435,1770068,463.16141510009766,,51.339396680721364,-4.979424361038639,-4.962762743525921
2023-02-08,483.128662109375,487.60326145913643,475.3642237719091,475.3642237719091,686338,462.99398345947264,,57.18345934458699,-2.551736710727994,-4.4805575369663355
2023-02-09,478.56591796875,489.5614795565564,475.60897738919454,486.6143098878783,802134,462.5519088745117,,55.977715505737926,-0.9846021957968674,-3.781366468732442
2023-02-10,475.44256591796875,478.79117995586205,469.97907234931245,476.93085210390564,682907,462.1088562011719,,53.547847130661815,0.0052739949934448305,-3.024038375987265
2023-02-13,462.5279235839844,477.8022183234581,460.88297425164984,470.967958976824,309789,461.36863861083987,,48.37152890488978,-0.2494699618845857,-2.4691246931667292
2023-02-14,451.9142150878906,466.9437593265012,450.6021938349941,466.9437593265012,480563,461.5404739379883,,44.93008857101428,-1.292890321384732,-2.23387781881033
2023-02-15,463.3406066894531,466.0625675484038,448.9279143297125,449.41747585024655,456048,461.17281341552734,,49.66238528616198,-1.1841440898555788,-2.02393107301938
2023-02-16,464.15325927734375,473.3080655614126,462.14606902296754,465.1813563845924,538151,460.8673263549805,,55.34342301418127,-1.0206225442975096,-1.8232693672750062
2023-02-17,469.8615417480469,473.40596216476644,460.1878018974979,467.03186198524685,345703,460.97894592285155,,62.714198155321114,-0.42551478251590424,-1.543718450323186
2023-02-20,477.17559814453125,484.66588308890357,471.0560794186612,471.937284139094,742849,461.39703063964845,,63.24632806185348,0.629044399027066,-1.1091658804531357
2023-02-21,485.938720703125,489.0719261763595,474.972561307728,479.280696423079,626151,462.39916229248047,,67.14563524643384,2.1471498946647785,-0.45790272542955285
2023-02-22,487.21160888671875,493.9675515844271,485.6450061167014,488.58237510531046,528514,463.59956817626954,,65.82345621085702,3.413620780312442,0.3164019757188462
2023-02-23,482.9524230957031,486.52621609436846,476.83290430330953,485.6450113643563,337554,464.5390365600586,,67.25711278944385,4.027204279695411,1.0585624365141593
2023-02-24,483.872802734375,485.1554514871229,478.8303252086337,483.6867669720257,226807,466.11689453125,,66.76450893303894,4.535458624693547,1.7539416741500369
2023-02-27,483.4126281738281,488.5823966262784,479.7702892722974,482.5118218302393,159271,468.1529815673828,,56.41847889450863,4.8452683759197726,2.372207014503984
2023-02-28,469.46990966796875,489.30692145056565,465.96463257347347,479.81921713210744,612324,469.20358123779295,,42.06756280621508,3.9205404269724227,2.681873696997672
2023-03-01,466.95355224609375,470.95816171955045,458.3274810299835,468.99011493315317,526911,470.22872161865234,,43.09181789068009,2.950624884291699,2.7356239344564774
2023-03-02,463.16436767578125,473.89554774580944,461.6565098391511,468.89224339219004,412386,470.778010559082,,42.75312511257611,1.8548230559637204,2.5594637587579263
2023-03-03,472.97515869140625,474.7277972453588,460.29550376317286,463.12518360392477,492129,472.14878234863284,,56.400716029097374,1.7577784788226154,2.3991267027708645
2023-03-06,473.81719970703125,479.7408817098097,472.15267870965033,475.8537623325741,362806,473.4353485107422,,65.24465854855256,1.728886102208378,2.2650785826583673
2023-03-07,475.54046630859375,477.34204909915917,471.0169226883043,473.9053475806267,229153,473.5709564208984,,59.81720425354474,1.8240157798892938,2.176866022104553
2023-03-08,477.11688232421875,480.74942049544455,476.6958367009863,477.32248979944853,181600,473.27036743164064,,60.30513277084233,2.003515058180483,2.142195829319739
2023-03-09,476.8622741699219,480.7493936806438,475.85377867371255,478.6932294016401,260659,473.18518524169923,,56.09340170126501,2.10100569344263,2.1339578021443177
2023-03-10,482.2474670410156,483.67697830501567,470.9581796471862,476.9308361343971,382764,473.5254302978516,470.3943896484375,54.567907478125875,2.583032195761632,2.2237726808677807
2023-03-13,482.002685546875,488.58239352462965,481.7285322928212,485.35129946753403,408102,474.4991683959961,470.646416015625,45.81254910618624,2.911725294105622,2.361363203515349
2023-03-14,484.1861267089844,486.6241334294078,481.7285184049671,481.93412586946397,286178,476.1127639770508,470.87651000976564,46.84243951876178,3.3102439647814776,2.5511393557685746
2023-03-15,479.0065612792969,485.5960699091343,473.8955379598012,481.8362112470425,337970,476.896061706543,471.0055584716797,45.95950315807368,3.1715654079309843,2.6752245662010568
2023-03-16,474.5124206542969,482.1593694801926,473.5039250821886,478.6932654278982,426471,477.4140197753906,470.9240960693359,41.06879440182491,2.668263976974856,2.673832448355817
2023-03-17,456.5160827636719,478.7911302336419,449.9951202263681,474.5123676543501,4075478,476.7467468261719,470.3252648925781,30.77138229375204,0.8079266255265907,2.3006512837899717
2023-03-20,461.0396423339844,464.09450131380515,458.13164582810447,459.11076882832714,232295,475.93994903564453,469.92793701171877,43.035102962066134,-0.29795602456351844,1.7809298221192738
2023-03-21,459.80596923828125,463.12521077866256,458.2295954427359,463.10563907428616,194626,474.63331146240233,469.3588708496094,43.966960627033025,-1.2594054586268157,1.172862765970056
2023-03-22,453.4808044433594,461.646686551104,452.4527372614831,460.18780286546985,176961,472.9467712402344,468.6989410400391,42.161974965628005,-2.5028971588852187,0.43771078099900096
2023-03-23,453.4808044433594,453.4808044433594,453.4808044433594,453.4808044433594,0,471.4731903076172,468.02040893554687,31.241788762181415,-3.4486197484450827,-0.3395553248898158
2023-03-24,448.09564208984375,457.74000976909264,446.48009509028077,457.74000976909264,84304,469.6843322753906,467.29624938964844,27.239698719894406,-4.579855586147801,-1.1876153771414129
2023-03-27,457.41693115234375,458.2295901413011,449.4174826385838,450.27911570861266,147167,468.3845474243164,466.8979425048828,35.86381203291728,-4.670380769263545,-1.8841684555658393
2023-03-28,456.1831970214844,459.2086834826549,454.4599309929358,458.2295604901546,90317,467.7202117919922,467.05205627441404,33.58416586536505,-4.7864988830636435,-2.4646345410654003
2023-03-29,453.5591735839844,459.2087027305468,452.6485664536392,456.28113442200873,128805,467.05049285888674,466.7093634033203,32.38085788781467,-5.0322514244105605,-2.9781579177344324
2023-03-30,452.57025146484375,455.0474315538235,450.39659712696897,453.568946205854,163329,466.52078704833986,466.3555084228516,25.963558131843854,-5.2463333688799025,-3.4317930079635266
2023-03-31,452.41357421875,454.3130752427451,451.37570622177907,454.3130752427451,148918,465.49270782470705,466.05119689941404,26.000665344558385,-5.366772582965837,-3.8187889229639884
2023-04-03,456.9762878417969,460.18781008718685,451.37570308551733,455.2823942945094,103617,464.6506622314453,465.81444458007815,28.7506017721893,-5.035996833952822,-4.0622305051617555
2023-04-04,455.9286193847656,457.2504414120493,455.29219541028465,456.2811192029239,57728,463.6700698852539,465.61509521484373,30.734045458621736,-4.803026459259058,-4.210389695981217
2023-04-05,457.32879638671875,459.2087258531812,455.2922335218108,459.1891541484918,100701,462.68066558837893,465.4976013183594,34.87333124506701,-4.454069436659381,-4.25912564411685
2023-04-06,462.204833984375,463.14478376494446,457.7400351760893,459.1108014978498,110205,461.9477935791016,465.45843688964845,56.512027455394424,-3.740939773708021,-4.155488470035085
2023-04-07,459.3751525878906,465.3282073003207,458.3274838030891,465.3282073003207,59903,460.80417785644534,465.5996270751953,48.01775307066193,-3.365317730104323,-3.9974543220489323
2023-04-10,454.09765625,460.148629118819,453.3437423094097,460.148629118819,30130,459.40892639160154,465.82776245117185,43.79918714818965,-3.45367261486075,-3.888697980611296
2023-04-11,456.22235107421875,456.6629384739921,454.31304936715077,455.2921723183731,38760,458.01073760986327,465.9830511474609,53.27714501881982,-3.314047109933199,-3.773767806475677
2023-04-12,472.9555969238281,474.86486890463976,457.3483734303699,457.3483734303699,416645,457.7081893920898,466.51314819335937,66.62763478246369,-1.832041166674344,-3.3854224785154106
2023-04-13,472.8087158203125,479.7702659489084,471.93728201504865,476.832896973711,226131,457.6230041503906,466.9257507324219,73.17289114151237,-0.661764448257145,-2.8406908724637576
2023-04-14,472.8087158203125,472.8087158203125,472.8087158203125,472.8087158203125,0,458.43763580322263,467.4707305908203,67.48988803320165,0.2626604957820291,-2.2200205988146
2023-04-17,468.3439025878906,476.8329123473092,468.02080513760535,475.8537893240088,121171,458.80284881591797,467.8758911132812,62.873094308316944,0.6277643337302834,-1.6504636123056236
2023-04-18,470.3217468261719,471.93729382687246,465.0834327132042,469.97904779439585,178608,459.3286376953125,467.8257598876953,67.9906692048386,1.06443708806853,-1.107483472230793
2023-04-19,453.74517822265625,456.7608638116732,439.62621190019564,451.3756874966374,942217,459.3418563842773,467.23809020996094,50.944862256262354,0.0720819262232908,-0.8715703925399763
2023-04-20,452.80523681640625,454.3032938859671,447.8019323792755,452.3548485804535,258739,459.3080780029297,466.7228765869141,50.31105186621426,-0.7812068389828255,-0.8534976818285462
2023-04-21,452.80523681640625,452.80523681640625,452.80523681640625,452.80523681640625,0,459.54355773925784,466.2701300048828,46.42859195950434,-1.44083528079409,-0.970965201621655
2023-04-24,452.80523681640625,452.80523681640625,452.80523681640625,452.80523681640625,0,459.31297302246094,466.07567626953124,47.27678711593856,-1.941218415765377,-1.1650158444503995
2023-04-25,452.80523681640625,452.80523681640625,452.80523681640625,452.80523681640625,0,459.14407501220705,466.09349670410154,45.957296165666094,-2.3111343372868305,-1.3942395430176857
2023-04-26,452.1785888671875,460.1878077975444,449.4174548490912,451.37570083971906,451019,459.0750457763672,465.87025634765627,40.303028156459675,-2.6246058006696558,-1.6403127945480798
2023-04-27,455.9286193847656,456.9567164639697,452.3548264076377,452.3548264076377,462347,459.24296417236326,465.7057635498047,46.724958705295,-2.5411453298303854,-1.820479301604541
2023-04-28,445.42266845703125,460.1878308175607,434.73063166595097,460.08991253703863,2027881,458.89341888427737,465.21698608398435,42.501733035507975,-3.2848787064014573,-2.1133591825639244
2023-05-01,445.42266845703125,445.42266845703125,445.42266845703125,445.42266845703125,0,458.31573791503905,464.58192749023436,40.309305677869936,-3.8301412811348996,-2.45671560227812
2023-05-02,440.47802734375,446.47025488910987,437.66794931804026,445.50093275102535,677453,457.54320831298827,463.6727136230469,13.03765541567941,-4.608137275719059,-2.886999936966308
2023-05-03,431.225341796875,442.5635723844544,429.34541258978595,440.605326488948,580196,456.23803558349607,462.55298828125,10.799339005032252,-5.903269881759684,-3.490253925924983
2023-05-04,438.9800109863281,440.60535878438833,419.57378556811346,430.7945568857561,1441953,455.07679443359376,461.6735400390625,22.17750092741747,-6.232095094949045,-4.038622159729796
2023-05-05,433.0269775390625,441.58450359012465,431.89119119472707,439.616456662043,245999,453.75938568115237,460.65662353515626,21.647572563878796,-6.8935865187971785,-4.609615031543273
2023-05-08,422.7167663574219,434.62290513892077,422.00199583952104,432.10655195993587,219468,452.1903411865234,459.4427062988281,16.29229021924965,-8.155756628680308,-5.318843350970679
2023-05-09,418.0072021484375,425.8695586026107,413.6892661550837,421.03268861715566,491230,450.2795837402344,458.4134521484375,19.583342424081863,-9.427384980688032,-6.140551676914151
2023-05-10,412.5534973144531,420.04378256593475,411.23167523937667,411.23167523937667,309451,447.2594787597656,457.3254510498047,18.18604581606519,-10.751293790462796,-7.06270009962388
2023-05-11,413.6794738769531,419.06465045996674,411.29041132968825,415.6083474119056,307459,444.30301666259766,456.33575317382815,19.61677608270213,-11.57620092372838,-7.9654002644447806
2023-05-12,416.1174621582031,419.8479182897385,414.1690170063748,416.12726294966734,379375,441.4684539794922,455.19859924316404,22.54940688899292,-11.896089772953758,-8.751538166146576
2023-05-15,416.16656494140625,417.10873157234255,410.3368546264143,413.28115155516025,177059,438.85958709716795,454.04558654785154,22.606275446828278,-12.007229933966471,-9.402676519710555
2023-05-16,415.20477294921875,420.8381851265644,414.16445704087835,419.07161885415894,181031,436.10373840332034,452.83887268066405,22.4935477016014,-12.034195177054414,-9.928980251179327
2023-05-17,410.2092590332031,418.9734422712482,409.35541772559327,418.9734422712482,149691,433.9269424438477,451.50072021484374,16.606185647898826,-12.316682501240791,-10.40652070119162
2023-05-18,399.6195983886719,413.5755669507829,394.10395363187007,412.2015677152528,306236,431.2676605224609,449.95586669921875,16.585903642729264,-13.242402678429244,-10.973697096639146
2023-05-19,398.18670654296875,403.8593839333512,394.53577725688257,400.42437094728376,392783,428.53673400878904,448.2746514892578,16.24625352839992,-13.931076210317656,-11.565172919374849
2023-05-22,393.5347595214844,398.46153919919556,389.6286479361592,398.46153919919556,376817,425.57321014404295,446.50529296875,16.314497907134324,-14.682972030914812,-12.188732741682841
2023-05-23,395.29150390625,400.4244059710105,390.61008229525044,390.61008229525044,504078,422.69752349853513,444.72740051269534,21.106288458121938,-14.96459772825699,-12.743905738997672
2023-05-24,392.9654846191406,399.3447945316297,391.6013093046493,397.57822838239207,295363,419.7368682861328,443.0065789794922,9.461531843503323,-15.200259312003823,-13.235176453598902
2023-05-25,392.00372314453125,402.3872642484315,385.22202199930484,395.41908856028317,428235,416.5406234741211,441.35640502929687,10.373866708800918,-15.288393840697324,-13.645819931018586
2023-05-26,385.7618103027344,397.4801153590237,381.28648102958203,397.4801153590237,651807,413.5575805664063,439.94131958007813,11.258746807127466,-15.681148768327603,-14.052885698480392
2023-05-29,398.23577880859375,401.52358304687647,381.7771697041975,381.7771697041975,751047,411.1982360839844,438.6852423095703,32.174733667899275,-14.815085782176482,-14.205325715219612
2023-05-30,406.6662902832031,408.5997131922637,396.1060986647608,398.4615302920632,800932,409.50764923095704,437.62244873046876,44.96267019840988,-13.295194085283867,-14.023299389232463
2023-05-31,395.47796630859375,407.3042439453096,392.57293497603376,407.28459612996045,876979,407.720280456543,436.46239196777344,36.71386698518677,-12.845399436572961,-13.787719398700563
2023-06-01,399.4822082519531,401.88669939516603,395.51721340869057,395.51721340869057,447927,405.7453903198242,435.38242004394533,38.12859613131406,-12.02718319567299,-13.435612158095049
2023-06-02,399.3644714355469,403.6140604006838,395.52706729148485,399.44297284639106,433832,404.06226501464846,434.40779663085937,38.02126869844426,-11.258460779231996,-13.000181882322439
2023-06-05,398.981689453125,401.4058285398998,396.5968160463576,401.4058285398998,173131,402.8755111694336,433.239091796875,38.337780905655016,-10.558419149230872,-12.511829335704126
2023-06-06,397.018798828125,402.87795073477787,396.49864091802743,400.32622081789043,390498,401.82609100341796,432.0558038330078,40.085550192611805,-10.046213487273008,-12.018706166017903
2023-06-07,406.8429870605469,411.4655251825964,399.4429785314651,399.9336947213072,743896,401.54056549072266,431.12148010253907,55.492576658359205,-8.746730064209373,-11.364310945656198
2023-06-08,399.8846435546875,408.275878598389,399.43316308579136,407.78516239815053,334779,400.8508239746094,430.0677679443359,51.19101033159399,-8.184019968952157,-10.728252750315391
2023-06-09,407.7655029296875,411.1219846243428,399.93366239059696,401.39598693381123,323664,400.43322601318357,429.1748065185547,59.54951623003883,-7.021212508634392,-9.986844701979193
2023-06-12,410.984619140625,415.1949423438275,406.312991585439,407.30424784003225,350596,400.1741287231445,428.2549731445313,60.32813383721528,-5.773371609693697,-9.144150083522094
2023-06-13,402.8975830078125,414.066287540126,401.91615069321114,409.25727518876676,201578,399.5587692260742,427.19435241699216,56.075891375297815,-5.375044766591941,-8.390329020136065
2023-06-14,399.4037170410156,406.21486022356936,398.47137424109604,404.3501446727905,102328,399.0184921264648,426.0358508300781,54.39086549030303,-5.280424214315531,-7.768348058971958
2023-06-15,400.22808837890625,402.48540068695365,394.43764367728465,401.8965353043788,239484,399.0489166259766,424.79631591796874,59.173495054958025,-5.080353712337683,-7.230749189645103
2023-06-16,404.7427062988281,409.7283995466892,399.68833554728843,401.4058422070988,386436,399.37671661376953,423.7036669921875,54.5895258787879,-4.505567089400188,-6.68571276959612
2023-06-19,391.52276611328125,404.6445106983183,387.6657445017793,404.3500929993242,333232,399.2761169433594,422.4521691894531,39.99480608929575,-5.058472318830127,-6.360264679442922
2023-06-20,394.9577941894531,396.00793394104085,389.62862397668704,391.6013124884255,133793,399.25943145751955,421.2268780517578,49.61709828566962,-5.159994434742089,-6.120210630502756
2023-06-21,390.2959899902344,396.98936546642216,387.6657586136879,396.49864931627826,154424,399.1259567260742,419.5736859130859,43.302805037480304,-5.552613015126553,-6.006691107427516
2023-06-22,393.11273193359375,398.3634012116102,390.61009131883634,390.61009131883634,258404,399.18140716552733,417.9797662353516,45.61475839717779,-5.572245160799355,-5.919801918101884
2023-06-23,390.031005859375,394.5357764289665,388.7943916026861,393.5543441492925,111809,399.3948669433594,416.3242120361328,43.950649164217054,-5.769960800386116,-5.889833694558731
2023-06-26,400.3164367675781,402.68166226287696,390.71800008365494,390.71800008365494,206355,399.49889984130857,414.9636627197266,52.00335050485612,-5.038621462081608,-5.719591248063307
2023-06-27,395.841064453125,400.9150824696472,394.5357727118682,400.42436633443344,199153,398.9576385498047,413.47404907226564,42.851647560691724,-4.7652243706930335,-5.528717872589253
2023-06-28,395.841064453125,395.841064453125,395.841064453125,395.841064453125,0,398.9757934570313,412.315966796875,47.11156047236995,-4.496719819084433,-5.322318261888289
2023-06-29,395.841064453125,395.841064453125,395.841064453125,395.841064453125,0,398.79373626708986,411.1766833496094,40.401329281030726,-4.235108334843119,-5.1048762764792555
2023-06-30,395.841064453125,395.841064453125,395.841064453125,395.841064453125,0,398.61756591796876,410.03739990234374,37.143803156844236,-3.9818787294136655,-4.880276767066137
2023-07-03,425.2349853515625,425.52940306091466,408.27583642132936,424.94056764221034,673695,399.93023071289065,409.4859948730469,63.92557168981533,-1.393287727798338,-4.1828789592125775
2023-07-04,435.7265319824219,439.4363451555467,417.59947484910134,428.02228186164547,1478311,401.8656173706055,409.1444207763672,70.82718260676016,1.4876210528839806,-3.048778956793266
2023-07-05,447.66070556640625,449.74133718414276,433.89121203297935,434.774495084725,1163315,403.90650329589846,409.05406311035154,74.12392997896588,4.6798042176350805,-1.5030623219075967
2023-07-06,445.3053283691406,450.4872901818326,439.9270680983937,447.5331691084607,363797,406.1775375366211,408.8415972900391,71.09317423107026,6.9395779837677765,0.1854657392274781
2023-07-07,449.1917724609375,453.4217434725829,440.67294689301116,440.67294689301116,807792,408.2488510131836,408.9169793701172,83.21275236059137,8.94100222400067,1.9365730361821165
2023-07-10,448.6814270019531,452.4402996098874,446.5713235527839,450.47743496949744,222608,410.13369140625,408.98215454101563,82.01918368920794,10.36646656678272,3.622551742302237
2023-07-11,448.04345703125,452.9113827410995,444.58882616217244,449.5450472328331,338683,412.3909851074219,409.13346313476563,86.15134254870472,11.314254797034039,5.160892353248598
2023-07-12,448.71087646484375,450.96815885960916,445.57028100601207,448.0238618485562,272012,414.8563430786133,409.483173828125,85.76836087202362,11.98112798299303,6.524939479197485
2023-07-13,437.1103515625,456.3660497737048,435.75597010650523,456.3660497737048,416242,416.700456237793,409.44578063964843,77.29600575257692,11.44167190590224,7.5082859645384366
2023-07-14,433.8912658691406,440.56499414476315,432.8116842493059,434.0286508293343,81274,418.1578842163086,409.46306640625,71.20367850614845,10.631838549099825,8.132996481450714
2023-07-17,424.7541198730469,431.83023880908746,421.97664951909,431.83023880908746,452189,419.8194519042969,409.5038134765625,67.2442394099024,9.147304032838633,8.335857991728298
2023-07-18,422.5262451171875,427.41378900920586,418.09018167146195,424.9405902661632,245942,421.19787445068357,409.5941943359375,65.50349387994783,7.702242205866469,8.209134834555933
2023-07-19,420.7498474121094,430.1127202622671,418.1392338102441,422.5556793120814,376754,422.72056732177737,409.7581213378906,64.17878297582274,6.3405894794191795,7.835425763528582
2023-07-20,424.8227844238281,426.913240081026,418.1883222328494,418.1883222328494,180936,424.3060699462891,409.9809875488281,65.76615882154698,5.526416768984461,7.3736239646197586
2023-07-21,431.5554504394531,438.2095608257346,426.0398052162829,428.49338618395217,376929,426.38229217529295,410.2897473144531,54.563518732088795,5.362631828790825,6.971425537453972
2023-07-24,429.9654846191406,437.6893518124048,427.9044708564796,431.98723270463535,149266,427.86474456787107,410.5657257080078,45.226837603552774,5.0463628007647685,6.5864129901161315
2023-07-25,433.0275573730469,439.19095097302187,429.867344192589,432.81164107062045,287375,429.7240692138672,410.92218139648435,35.7864988353501,4.98533318024954,6.266197028142813
2023-07-26,434.7548828125,441.5463774275072,433.79306839435645,434.7745006757916,212845,431.6697601318359,411.4130938720703,39.625541578916724,5.018497379514429,6.016657098417137
2023-07-27,434.7548828125,434.7548828125,434.7548828125,434.7548828125,0,433.6154510498047,412.11579956054686,34.629091225739884,4.987289873189013,5.810783653371512
2023-07-28,434.7548828125,434.7548828125,434.7548828125,434.7548828125,0,435.56114196777344,412.8471630859375,35.0095491876785,4.906004335490309,5.629827789795272
2023-07-31,436.1681823730469,437.32626536899346,429.8673734468513,429.8673734468513,284852,436.10780181884763,413.69983154296875,37.42737597130902,4.899152049126258,5.48369264166147
2023-08-01,438.6217346191406,441.5463836907035,436.75698929721386,439.6816683197135,200721,436.25256195068357,414.5664361572266,39.70765597399339,5.0336776216162775,5.393689637652432
2023-08-02,444.67718505859375,446.5321065981987,438.2193732986175,438.2193732986175,321800,436.10338592529297,415.6006701660156,58.70395801037946,5.564767177892577,5.4279051457004615
2023-08-03,440.88885498046875,447.2877829692992,436.89441822189804,445.57027639728324,290291,435.8825622558594,416.57837280273435,57.94512146527559,5.6152438647213785,5.4653728895046445
2023-08-04,436.0013122558594,441.64454814887273,434.77452184433474,441.64454814887273,84465,435.2230392456055,417.5831628417969,64.13410812162417,5.20091029529118,5.412480370661952
2023-08-07,433.5477294921875,437.7188168727009,430.8487905989141,434.2936276433558,154228,434.4663543701172,418.2894018554687,63.77233726118293,4.6212929444157,5.254242885412703
2023-08-08,423.5665588378906,434.77452941105344,422.01590890914895,431.35913406359043,81783,433.24250946044924,418.6274072265625,52.920815390340785,3.3182937376101904,4.8670530558522005
2023-08-09,423.44879150390625,426.9230703940655,420.0530439739311,423.04640064804295,148768,431.97940521240236,419.18682373046875,48.44791199123553,2.250215554779629,4.343685555637687
2023-08-10,416.94189453125,426.82492554226627,415.14588649856984,425.9416424122443,107908,430.97098236083986,419.5360174560547,33.40762285317494,0.8686899771959133,3.648686439949332
2023-08-11,417.6976013183594,423.488046015287,413.28115587903426,421.03446521566195,170867,430.16129913330076,419.9026800537109,35.80194763454091,-0.16331715586750306,2.886285720785965
2023-08-14,417.6976013183594,417.6976013183594,417.6976013183594,417.6976013183594,0,429.80847320556643,420.2769982910156,30.90468689178668,-0.970008588827568,2.1150268588632586
2023-08-15,438.0426940917969,446.5517258708703,418.58090348115644,420.0530520279835,507246,430.58429565429685,421.09747619628905,52.797737607088415,0.03199280133645743,1.6984200473578985
2023-08-16,441.7132568359375,445.55066084803514,437.22810389063005,438.70025238857835,568355,431.6324661254883,421.79488159179687,55.573034191209544,1.1094804592443666,1.5806321297351922
2023-08-17,457.38671875,466.18034379618786,439.82888047773173,442.13525237933186,920006,433.2606628417969,422.94492309570313,64.48856310027116,3.191326948365372,1.902771093461228
2023-08-18,456.0716247558594,467.70157413573594,451.94959690791995,462.25463657683014,410510,434.48647155761716,423.9110455322266,62.757928077864136,4.681127076225323,2.4584422900140472
2023-08-21,455.8262634277344,458.81962009180836,449.4960128386058,456.36603923570243,311171,435.7795104980469,424.80787841796877,61.349229612140675,5.775430237675778,3.1218398795463935
2023-08-22,454.7859191894531,458.3288753483518,452.44028166079266,456.3660107858321,88998,436.8674285888672,425.84564514160155,57.14086150898377,6.483982972081151,3.794268498053345
2023-08-23,451.0172119140625,458.3092768343981,446.55170682617575,455.40421559454614,221869,437.6805450439453,426.8779150390625,57.156707232396,6.664587719551889,4.368332342353054
2023-08-24,458.515380859375,466.1803650978562,451.02704725523193,451.55702910918484,402591,438.8685699462891,428.04366088867187,65.34242888949615,7.3282819792242435,4.960322269727292
2023-08-25,458.60369873046875,461.2731958705657,453.4217372174497,455.531810740287,158541,440.0610107421875,429.1208807373047,67.64339554038129,7.7718024746191645,5.522618310705667
2023-08-28,456.68988037109375,463.7267631619315,455.4827378070179,456.46417011000614,138534,441.0870956420898,430.4242230224609,76.3137032430742,7.878053221834648,5.993705292931463
2023-08-29,422.889404296875,439.6816976127321,422.43792384625743,431.83023872679047,1665723,440.30047912597655,430.98285522460935,49.71052806124866,5.175185451232892,5.830001324591749
2023-08-30,419.0421447753906,431.339490133374,415.93099124721107,421.0344511199487,315307,439.0187271118164,431.5577783203125,51.11760176085489,2.691673641198747,5.202335787913149
2023-08-31,421.4466857910156,423.949326260834,414.26259392223477,420.0530386991618,295717,438.04661865234374,432.12445739746096,51.960588422298464,0.9070431742850928,4.343277265187538
2023-09-01,421.7803649902344,422.11404838615823,418.09016986906187,422.01589916360706,111895,437.3355712890625,432.75944458007814,52.127660927974674,-0.47488996964727903,3.379643818220575
2023-09-04,423.291748046875,424.42041917672157,413.3989234300761,422.0158980100104,126612,436.82277221679686,433.21895080566406,40.43527352411905,-1.431623101034404,2.417390434369579
2023-09-05,420.98541259765625,429.67106481236436,420.05303989788155,423.9689453350593,74136,436.69371490478517,433.7218377685547,36.317703406342105,-2.348866722987225,1.4641390028982184
2023-09-06,423.67449951171875,424.4694572552433,419.0814036711468,422.9973088485777,50771,436.70500030517576,434.27850646972655,23.143055250305835,-2.8262231205693524,0.6060665782047042
2023-09-07,420.4848937988281,425.9220376028189,419.5623449600338,422.9973583105838,65035,436.8821502685547,434.7713830566406,22.4718936671281,-3.4224541086427394,-0.19963755916478454
2023-09-08,426.2164306640625,428.8859277971302,420.05303683563324,420.05303683563324,95467,437.30809173583987,435.3788903808594,28.887296060273343,-3.393367707101561,-0.8383835887521398
2023-09-11,424.3615417480469,430.8487951065726,422.99733642581504,428.39521426883584,134437,437.6412887573242,435.3614215087891,28.555597141738616,-3.4798767053813435,-1.3666822120779807
2023-09-12,421.06390380859375,427.708189781483,420.05302972481684,425.9416235994638,47819,436.79234924316404,435.0681689453125,28.746490987218138,-3.771057132760518,-1.847557196214488
2023-09-13,421.0540771484375,423.91987266044237,420.3082089624958,422.4477242014051,69390,435.75939025878904,434.5360363769531,20.25860648667718,-3.956998829292104,-2.2694455228300114
2023-09-14,422.12384033203125,423.2328636446076,421.0344648344341,422.0257210608851,48486,433.9962463378906,434.0724066162109,21.482215211495557,-3.972248407891584,-2.610006099842326
2023-09-15,424.2535705566406,427.4137838881335,421.0344736808479,426.9132438106463,260489,432.4053436279297,433.573642578125,24.728531069550726,-3.7690352859377754,-2.841811937061416
2023-09-18,427.1684265136719,428.64057502549383,422.12384990337836,422.9875151557973,100095,430.9724517822266,433.14338256835936,56.42686306379148,-3.3343466350035555,-2.940318876649844
2023-09-19,425.6962585449219,428.77797033193303,423.97875202629683,427.1487891258677,90266,429.51796875,432.6964385986328,60.761936538522285,-3.073218252035133,-2.9668987517269017
2023-09-20,421.87847900390625,427.8554281371847,421.0344615925482,427.8554281371847,43723,428.0610321044922,432.15979064941405,50.667825886666414,-3.138160271476636,-3.0011510556768486
2023-09-21,421.3681640625,422.99734536730807,419.807690210826,422.212211463011,66774,426.20367126464845,431.8449468994141,49.365940583276455,-3.1939871450375676,-3.039718273548993
2023-09-22,418.7673645019531,424.8620509027198,417.5994576297807,422.487001429736,78703,424.2118545532227,431.5424688720703,43.266150021029794,-3.408798624651297,-3.113534343769454
2023-09-25,415.0379333496094,422.0159028552542,413.1830118652605,417.305039640966,140818,422.12925720214844,431.34814514160155,41.50782909248413,-3.8357559883572776,-3.2579786726870186
2023-09-26,411.1122131347656,418.04112315778315,409.7480077862841,418.04112315778315,270404,421.54039764404297,431.11986450195315,32.67464832954957,-4.439717290583303,-3.4943263962662754
2023-09-27,403.5158996582031,411.22997340707093,402.39708236770446,411.2201494993937,239688,420.7640853881836,430.775185546875,29.133455221214504,-5.468285000821368,-3.8891181171772944
2023-09-28,403.5158996582031,403.5158996582031,403.5158996582031,403.5158996582031,0,419.86754608154297,430.3490478515625,17.504964785625234,-6.211826255272001,-4.353659744796236
2023-09-29,403.5158996582031,403.5158996582031,403.5158996582031,403.5158996582031,0,418.9543228149414,429.7882568359375,18.486685489675025,-6.72358277935416,-4.827644351707821
2023-10-02,400.8464050292969,402.1909625482845,388.6275903183522,388.6275903183522,618214,417.8320556640625,429.2058752441406,18.84457913255963,-7.260860735521021,-5.314287628470462
2023-10-03,398.7657775878906,405.59653838941153,397.49972146423687,402.38726537231656,185222,416.72107391357423,428.5206396484375,17.71402401125323,-7.765036129718055,-5.804437328719981
2023-10-04,394.90875244140625,401.4058297841487,394.1432364090486,401.4058297841487,219308,415.2827865600586,427.7237170410156,13.522815215488393,-8.379237819139405,-6.319397426803866
2023-10-05,394.6732177734375,399.3939049589497,393.75066897264475,397.4800999049579,139138,413.99220275878906,426.92208374023437,8.231715987958466,-8.783749169616442,-6.812267775366382
2023-10-06,398.83447265625,402.37742896976846,395.51722660867244,398.2652251357522,384101,412.62310485839845,426.20367553710935,11.35203582539863,-8.668622354755882,-7.183538691244283
2023-10-09,397.64697265625,400.9053054121243,394.5358188170159,398.83449745597846,99388,411.2873764038086,425.4332513427734,11.440883816581376,-8.574364908870848,-7.461703934769597
2023-10-10,396.7636413574219,401.0132601626609,396.0079492378682,398.4811479526295,174246,410.07236328125,424.59608947753907,12.444931206790343,-8.473268097227901,-7.664016767261257
2023-10-11,397.63714599609375,408.0795709269787,395.0265322756377,399.6981599807632,837964,408.9015167236328,423.65528869628906,14.895501527660414,-8.227818452004101,-7.776777104209827
2023-10-12,400.59124755859375,402.38725554517544,396.9992016344926,400.2771820245773,683208,407.82488708496095,422.8493365478516,23.390814303316887,-7.706095460566644,-7.76264077548119
2023-10-13,401.8376770019531,406.80372246027844,400.22811351854233,403.3687091222544,698323,406.70409240722654,422.16606384277344,29.160234729569567,-7.110089110419494,-7.632130442468851
2023-10-16,405.09600830078125,407.16681609046134,397.48008402019326,402.39706945866885,715217,405.60047149658203,421.59702941894534,40.29752313418071,-6.302182047458416,-7.366140763466765
2023-10-17,401.6904602050781,407.16683961174897,399.44297170773245,404.84084970378285,550269,404.40018157958986,421.15950744628907,46.59594035042192,-5.8690543442548915,-7.0667234796243905
2023-10-18,404.0556945800781,409.74799000577144,400.8169499819253,401.9063554220567,455288,403.50904235839846,420.7716455078125,50.92500590941134,-5.274145802209318,-6.7082079441413764
2023-10-19,408.1875305175781,409.7480043532179,404.3501264515587,404.84084262443685,378684,402.85001068115236,420.59655822753905,57.012406847861726,-4.418339994456176,-6.250234354204337
2023-10-20,410.4252014160156,416.1273210369803,406.1363467908743,409.2572945104264,544969,402.43290252685546,420.4511102294922,64.56721344343126,-3.5189817543815707,-5.703983834239784
2023-10-23,407.7752990722656,414.1644329660657,407.29440682681815,412.1819504910773,190079,402.0697708129883,420.25266418457034,63.46827275232254,-2.9856422175923285,-5.160315510910293
2023-10-24,406.4013366699219,410.1896812874185,403.8692542703663,410.1896812874185,151364,401.83422698974607,419.6198370361328,68.55789236108032,-2.643363031775152,-4.6569250150832655
2023-10-25,423.5567626953125,426.8151252564402,402.87797607725133,406.31298927157627,1715238,402.8362701416016,419.2567071533203,80.15989150219494,-0.9765477698442737,-3.9208495660354674
2023-10-26,424.0474548339844,427.90447652822735,420.05301824330576,426.50103554802234,1084532,403.86284790039065,418.589921875,78.51278345264004,0.3796339053500333,-3.060752871758367
2023-10-27,406.21484375,423.97877527847567,401.62174753937506,418.0509154971157,899215,403.99779510498047,417.5927862548828,57.03916430232663,0.015298619610632613,-2.4455425734845675
2023-10-30,402.77001953125,406.79386803604444,401.7198797727489,402.43630618947776,353639,404.09397583007814,416.53166137695314,54.73539192810525,-0.5451243894542586,-2.065458936678506
2023-10-31,407.3042297363281,411.6617915586217,402.406862176711,405.82225737419265,357346,404.5208984375,415.58202758789065,57.20555406184332,-0.6162866236218747,-1.7756244740671796
2023-11-01,411.66180419921875,415.14587700219533,407.2944183354872,410.2387153355027,322176,405.3585510253906,414.79491943359375,58.08255633013263,-0.3174045237378209,-1.483980484001308
2023-11-02,409.610595703125,417.0596936779882,408.2758620689655,413.1535820998943,346658,406.105419921875,413.81682373046874,55.60905418850693,-0.24324965857408642,-1.2358343189158636
2023-11-03,412.9180603027344,414.1644686559246,409.25730670502503,414.1644686559246,432522,406.8095993041992,412.9031109619141,55.64050978995834,0.08146428827319596,-0.9723745974780518
2023-11-06,410.48406982421875,416.1273056914973,410.0424132977089,415.1458733667532,1138332,407.45145416259766,411.97899475097654,56.43121687571448,0.1407769516106896,-0.7497442876603035
2023-11-07,412.3684387207031,417.10874373580555,409.41431779841525,409.41431779841525,703290,408.23169403076173,411.7685754394531,56.12259943897001,0.33596271717453874,-0.5326028866933351
2023-11-08,413.4676208496094,416.86336821146165,409.4241245775304,409.4241245775304,495857,409.0232177734375,411.6570849609375,54.07080870318939,0.5727414472905821,-0.3115340198965517
2023-11-09,413.4676208496094,413.4676208496094,413.4676208496094,413.4676208496094,0,409.66703643798826,411.49750366210935,52.42944913251017,0.7517248803183065,-0.09888223985358008
2023-11-10,415.1262512207031,422.2612533656599,412.2015721407953,413.4774221694276,638750,410.33146514892576,411.36442138671873,55.96434407963155,1.0156997947114519,0.12403416705942633
2023-11-13,417.32464599609375,420.44559353826213,415.14586508061194,417.10872969092213,549467,410.9428970336914,411.2450793457031,58.74584313754236,1.386313344541179,0.37649000255577686
2023-11-14,427.2960205078125,430.5543830917288,417.10874794238714,418.0214728378947,1071785,412.2231750488281,411.37129150390626,53.383054246819825,2.456318926173992,0.79245578727942
2023-11-15,427.18804931640625,433.7832759236463,424.96020865843315,430.34826268968663,561410,413.37979278564455,411.4415625,52.86123466455957,3.258037062598362,1.2855720423432087
2023-11-16,430.1911926269531,432.81162995954173,426.5304694378444,428.8859008896139,393858,414.47997589111327,411.6356884765625,79.93127278684278,4.088602167902138,1.8461780674549946
2023-11-17,435.10821533203125,441.6347344825005,431.8302348705357,431.8302348705357,478955,415.71412658691406,411.8135241699219,88.93865990140195,5.08497718507914,2.493937890979824
2023-11-20,429.8379211425781,436.7373892625535,429.09202298335765,436.7373892625535,271103,416.8172576904297,411.9230517578125,76.66038896703918,5.387242095844556,3.0725987319527706
2023-11-21,431.3297119140625,436.73741397249455,429.89682900953943,431.8302520177474,565852,418.06367645263674,412.12836791992186,74.96254522073917,5.6816695137325155,3.59441288830872
2023-11-22,432.1246337890625,433.989379137416,429.08221759109034,430.3580676127601,334282,418.49207000732423,412.3497790527344,79.51611715866864,5.911010466337245,4.057732403914425
2023-11-23,452.55804443359375,456.071588739576,434.77449645863203,434.77449645863203,1409937,419.9175994873047,412.9584631347656,85.86387926050315,7.653347270177164,4.776855377166973
2023-11-24,460.183837890625,473.0504018721491,456.3660515986501,456.3660515986501,1028170,422.6160491943359,413.6770684814453,91.10387919024024,9.539533733915505,5.729391048516679
2023-11-27,453.9713439941406,465.9840663361121,451.4588795821066,465.9840663361121,380200,425.17611541748045,414.2131268310547,82.10872522676998,10.413018957536053,6.666116630320555
2023-11-28,447.3172302246094,459.3103346039729,442.13526867326874,454.1578148247616,454057,427.17676544189453,414.64554626464843,74.06164312241852,10.447894100324163,7.422472124321278
2023-11-29,448.7992248535156,454.89391159345615,442.64562461546234,450.28116739196,578406,429.03363647460935,415.1839611816406,74.59686705684695,10.474375403671218,8.032852780191266
2023-11-30,452.1654968261719,454.4031613036687,445.481945165059,449.49599973451456,235335,431.16138153076173,415.7999078369141,75.18683090132888,10.644291278429478,8.555140479838908
2023-12-01,455.6888732910156,458.309310966176,450.47746966547066,450.47746966547066,244963,433.29992218017577,416.5383380126953,75.62604599205403,10.937180855239774,9.031548554919082
2023-12-04,456.2777099609375,465.1989262822375,453.81430521847614,455.69866847803206,356764,435.58960418701173,417.3631335449219,72.13307926658737,11.08898523404224,9.443035890743714
2023-12-05,451.27239990234375,458.33872470007526,447.04242893136245,457.37691022870854,448395,437.53480224609376,418.1663372802734,67.11295300115705,10.682266093284113,9.690881931251795
2023-12-06,463.5010070800781,468.83020706554953,453.4315323628253,453.4315323628253,1020314,440.0364715576172,419.36603942871096,70.92476489028213,11.217377696973415,9.99618108439612
2023-12-07,458.4368591308594,471.08753673333655,454.40318647403086,467.1716311685411,517881,442.28493347167966,420.4644586181641,64.62769306133072,11.104813701670082,10.217907607850913
2023-12-08,454.3246765136719,461.27320437132056,452.93102939864775,459.3201635796657,789675,444.24485473632814,421.48063415527344,65.58013620109546,10.562034593988187,10.286733005078368
2023-12-11,455.865478515625,460.6646968293147,448.51456018787405,456.36601857190686,397346,446.17189636230466,422.581015625,65.60158998875272,10.139328220957452,10.257252048254184
2023-12-12,453.7848815917969,459.60476837648673,453.39231463271557,457.01380248579864,216120,447.49633941650393,423.6813977050781,63.55155568437015,9.526626570431915,10.11112695268973
2023-12-13,445.0108642578125,456.36604376068533,442.6259908302561,456.3562198528633,267678,448.3874801635742,424.6834399414063,44.47162242879676,8.238102509099122,9.73652206397161
2023-12-14,444.5692443847656,454.40318591974034,431.84006538677335,444.58886224976754,403796,449.1063827514648,425.6813604736328,37.216738245677156,7.099464664802156,9.209110584137719
2023-12-15,443.89202880859375,448.5047427047208,439.68167580358715,448.5047427047208,242038,449.54557342529296,426.5825115966797,40.92592745225712,6.072441012455499,8.581776669801275
2023-12-18,439.28912353515625,448.5341994509096,438.3273090548871,444.5790282992907,227111,450.01813354492185,427.4153546142578,42.49539707797895,4.831407918149466,7.831702919470914
2023-12-19,422.53607177734375,441.59550134295836,421.13263069400887,437.7286554574098,531256,449.5784515380859,427.93080322265627,30.902008927283518,2.4676039813246575,6.758883131841663
2023-12-20,423.095458984375,426.80527177918844,414.1742432147268,423.9787420401047,368707,449.1269927978516,428.4399694824219,27.961234861416585,0.6321234777484506,5.53353120102302
2023-12-21,420.5928039550781,425.6962639412034,416.1272989304214,424.12596625693897,241159,447.52873077392576,428.8400006103516,22.974474425075314,-1.012776730840642,4.2242696146502885
2023-12-22,414.4981384277344,426.92307567245217,412.2015903044366,423.97877859884903,282998,445.24444580078125,429.0932098388672,20.34266502316855,-2.77615873996956,2.824183943726319
2023-12-25,414.4981384277344,414.4981384277344,414.4981384277344,414.4981384277344,0,443.2707855224609,429.28125244140625,21.89880838834162,-4.126088704501058,1.4341294140808434
2023-12-26,406.9705810546875,415.6169979872109,401.4058462425449,415.14589965916014,253861,441.25345306396486,429.38685485839846,3.4581942858061723,-5.737194094454026,-0.00013528762613046474
2023-12-27,424.3419189453125,428.787806487314,402.38728110729187,407.29444307201493,381768,440.0305877685547,429.79257934570313,26.659449323092005,-5.548327270869265,-1.1097736842747574
2023-12-28,417.1578063964844,436.14852826855,411.2299765954471,427.8750607857555,719303,438.2802032470703,429.97198486328125,25.58342722647025,-5.910217486817658,-2.069862444783338
2023-12-29,415.69549560546875,420.93634090957175,412.2015987360667,419.15012679349,216382,436.280534362793,430.0773907470703,23.583305437348827,-6.243048374529849,-2.9044996307326403
2024-01-01,439.43634033203125,441.15384696649477,417.0008109005751,418.09018644655566,483450,435.43846588134767,430.71061157226563,42.656211293340135,-4.538810905239188,-3.23136188563395
2024-01-02,432.8901672363281,441.54640774109004,428.8859364315812,436.7373952220907,197802,434.51935424804685,431.2403881835937,43.65168138831818,-3.6740596203497375,-3.3199014325771072
2024-01-03,429.0135192871094,433.9893883893862,428.39521212694103,432.8116576127858,233563,432.79497985839845,431.3495233154297,42.135539099668655,-3.2639265740595533,-3.308706460873597
2024-01-04,423.7726745605469,429.8673609493886,422.0159023019112,428.88592861845393,152811,431.0617706298828,431.3440277099609,40.27698178811708,-3.323474603454713,-3.3116600893898203
2024-01-05,422.5458984375,425.94164603111653,412.2015929333386,422.99734893873557,150448,429.4728317260742,431.67064880371095,41.635611334205386,-3.430117170734377,-3.335351505658732
2024-01-08,420.9461364746094,425.40184755672277,419.07159716484153,424.96019103601026,108916,427.72686462402345,432.03417114257815,49.064006982174824,-3.6021957242383564,-3.3887203493746574
2024-01-09,417.0694885253906,422.70293065471935,413.78168411969546,422.70293065471935,194307,425.89109497070314,432.2294763183594,46.585865418165305,-4.005212709693581,-3.512018821438442
2024-01-10,416.36285400390625,419.93528216373664,414.1644551061267,417.20690140633576,128903,424.4586944580078,432.3234973144531,47.553650189644316,-4.331693013861582,-3.67595365992307
2024-01-11,416.65728759765625,423.1838065680278,415.1458734310537,418.090170405742,189540,423.06309661865237,432.46443115234376,51.33852440128602,-4.514630822880861,-3.8436890925146283
2024-01-12,414.5962829589844,419.8567459611373,411.7599291004139,418.0901797173548,124866,421.5983093261719,432.49799560546876,50.059326861490966,-4.770920008269968,-4.029135275665697
2024-01-15,409.8461608886719,418.0411271121028,407.2944307540012,417.59947056825905,102398,420.1261611938477,432.4852374267578,51.79863915244616,-5.2962740365254035,-4.282563027837638
2024-01-16,412.2997131347656,415.1458608001824,407.29440243989524,410.2386993250029,107196,419.6143432617188,432.4838629150391,40.73959516017067,-5.451794830638107,-4.516409388397732
2024-01-17,408.8058166503906,415.63657703907995,407.49070096886584,414.9397684957135,83825,418.89986114501954,432.3906268310547,43.19090388873684,-5.790228279700557,-4.771173166658297
2024-01-18,406.1658020019531,409.9443227067606,403.3687136905533,409.25730805099937,106852,418.17851104736326,432.24459045410157,42.37714214294119,-6.199996643032819,-5.056937861933202
2024-01-19,405.0174865722656,411.2103221756786,404.35011977639374,405.42970132909113,133069,417.70447845458983,432.0424151611328,6.88462447120601,-6.541988510199417,-5.353947991586445
2024-01-22,405.0862121582031,406.7055695842746,402.3872731311042,404.35013787808526,80208,417.23388214111327,431.797646484375,8.423840624418176,-6.729895897731524,-5.629137572815461
2024-01-23,402.0241394042969,406.3129939931859,399.5705585226955,405.3315616405453,417235,416.98656005859374,431.2922088623047,8.634179744505062,-7.044690727047168,-5.912248203661803
2024-01-24,402.24005126953125,414.6453404951676,401.4058277888289,402.37743622289287,722358,415.8814666748047,430.7932489013672,10.988613632015856,-7.193819738235277,-6.168562510576498
2024-01-25,398.33392333984375,405.72410737065763,397.48008202985545,405.33154044032176,371979,414.94027252197264,430.156103515625,10.016187492692438,-7.540277804204095,-6.442905569302018
2024-01-26,392.7496032714844,398.46154692049123,391.5915202494483,397.48011453891365,515669,413.79297790527346,429.3089312744141,8.851330287078355,-8.17126304306072,-6.788577064053758
2024-01-29,385.65386962890625,396.6655422426876,384.72149687803517,396.6655422426876,746886,411.1038543701172,428.4252502441406,8.09112397032014,-9.138546320854175,-7.258570915413841
2024-01-30,385.3005065917969,394.53578821349384,383.74003281461717,386.6843297415835,424273,408.7243713378906,427.5046661376953,8.168111543921285,-9.820434871135774,-7.770943706558229
2024-01-31,386.24267578125,390.56100193016186,385.7028999881047,389.4912143494514,472749,406.58582916259763,426.58702697753904,9.742757844019579,-10.167605453865804,-8.250276056019743
2024-02-01,388.0485534667969,389.8641793639512,386.625464570766,387.66578047165285,190689,404.7996231079102,425.2968371582031,14.622086733872209,-10.179676431757457,-8.636156131167287
2024-02-02,390.1193542480469,391.5915027546433,388.156489572585,388.156489572585,215477,403.1782958984375,423.8955474853516,21.69014405263887,-9.90793395688047,-8.890511696309924
2024-02-06,386.8217468261719,390.56100154846456,386.14455613306967,390.56100154846456,166267,401.4720764160156,422.5525555419922,14.301510958468313,-9.845176382503837,-9.081444633548706
2024-02-07,387.763916015625,389.9524909228456,386.831543330304,388.4509006697595,366814,400.00679779052734,421.3614892578125,18.24650988432444,-9.608652804759458,-9.186886267790857
2024-02-08,387.763916015625,387.763916015625,387.763916015625,387.763916015625,0,398.5768508911133,420.1407830810547,19.826241166692185,-9.31384199251238,-9.212277412735162
2024-02-09,382.5328674316406,387.1750531221346,363.1299611031427,383.2493238129114,369837,396.8706298828125,418.74813049316407,17.485154247544543,-9.39401583585584,-9.248625097359298
2024-02-12,374.0631408691406,382.75861712795603,368.13528107915255,382.5623186772586,337292,394.84397277832034,417.11561584472656,13.907296054444188,-10.025423492055324,-9.403984776298504
2024-02-13,373.1209716796875,378.8329155742399,367.05572648903035,372.9443210316351,368017,393.0077133178711,415.4524810791016,14.628888641570114,-10.48102505556335,-9.619392832151473
2024-02-14,382.748779296875,388.64719709978533,373.92571236115714,373.92571236115714,509549,391.53016662597656,414.0820086669922,30.61299941962541,-9.950505729242025,-9.685615411569584
2024-02-15,374.9562072753906,387.1750516853803,371.97267457612764,383.74003855255694,297485,389.8376861572266,412.3111126708984,28.416066378032227,-10.043090284644393,-9.757110386184547
2024-02-16,363.9837951660156,372.8853933851154,361.16708923505524,369.9999800043908,403248,387.7285858154297,410.42205139160154,25.8446943294108,-10.876469004472199,-9.980982109842078
2024-02-19,363.9739990234375,370.9618227461246,354.2970901077488,358.22281963802857,281412,385.6764114379883,408.6150378417969,29.335783697746507,-11.40623414386522,-10.266032516646707
2024-02-20,372.26708984375,374.41642901450854,366.07425431824817,367.9389697307542,467081,384.03545532226565,406.94307006835936,39.21025599048455,-11.029749624745193,-10.418775938266405
2024-02-21,380.17742919921875,382.5819503395153,374.9660260282798,375.8885747959166,650265,382.94311981201173,405.47092102050783,45.49824909510154,-9.978063746653675,-10.33063349994386
2024-02-22,402.7798156738281,408.6880573726848,382.6604532369073,382.75860245849435,1406023,382.97010803222656,404.6263000488281,58.35466217128378,-7.237343824286654,-9.71197556481242
2024-02-23,401.03289794921875,404.3501442157605,394.5456442352179,404.3501442157605,255195,383.1050567626953,403.75557312011716,56.21231035094955,-5.146934543206839,-8.798967360491304
2024-02-26,406.4896545410156,412.1917742528329,401.042716831408,401.042716831408,471070,383.79205932617185,403.0075256347656,60.92695627169359,-3.0151981470812075,-7.642213517809285
2024-02-27,405.83209228515625,414.64533543827423,402.48540444638235,409.25728153190255,729056,384.80097045898435,402.3383850097656,60.07003430960009,-1.3631281802469744,-6.386396450296823
2024-02-28,401.01324462890625,406.3129730700676,399.9336631064071,402.58354230245624,288819,385.5866073608398,401.9079284667969,57.00789577499527,-0.43764664399230924,-5.196646489035921
2024-02-29,402.3676452636719,404.84084400104956,400.42439843012903,401.01326382977277,243296,386.3928558349609,401.4933721923828,60.939730207205606,0.40047650933945533,-4.077221889360847
2024-03-01,400.41455078125,405.3315361429742,397.52913744992,404.2912203106918,195301,387.0111557006836,401.0898071289063,65.65960800699591,0.8967594598267965,-3.082425619523318
2024-03-04,404.8015441894531,407.29439053222563,400.9641404339408,401.2978537613209,326937,387.7452651977539,400.8958752441406,68.0860330901325,1.6253252403806187,-2.140875447542531
2024-03-05,404.3697509765625,407.7655285134868,400.41457975605636,406.0185801073041,1116095,388.62266540527344,400.6933074951172,63.79117833016168,2.1431716185283562,-1.2840660343283534
2024-03-06,401.70025634765625,407.29443282710287,400.42440624929634,407.24537318906556,569255,389.319482421875,400.58790100097656,68.25186371870667,2.311516968691137,-0.5649494337244554
2024-03-07,400.71881103515625,403.3686903242308,395.5172316317883,402.38725798767547,569733,389.96722717285155,400.1154388427734,79.0290195420211,2.338777466326462,0.01579594628572817
2024-03-08,401.5235900878906,404.10476190813637,400.42439067035735,402.38725533050615,1206260,390.91676330566406,399.80275451660157,79.30452700967953,2.3976815702038152,0.4921730710693456
2024-03-11,401.01324462890625,405.3020989969404,399.44294695535626,403.3588522564419,476604,392.26426849365237,399.5091094970703,75.53617747588312,2.3757961839756945,0.8688976936506154
2024-03-12,396.90106201171875,404.24218680450076,394.5358064436529,401.01326597246776,200285,393.4532730102539,398.65840393066406,65.93121436553648,2.0035375536910465,1.0958256656587015
2024-03-13,392.484619140625,400.03183639392466,392.08222827844185,397.4801062647533,183216,393.94006500244143,397.85029296875,34.992886865122685,1.3367407618572429,1.14400868489841
2024-03-14,400.6501159667969,402.38724034399354,393.5052900679947,393.55434970229607,182429,395.2247604370117,397.28302490234375,49.52997861801797,1.4504667741965704,1.205300302758042
2024-03-15,402.53448486328125,405.2334239095985,397.48011409400215,402.38727599639725,558551,397.152294921875,396.85826110839844,44.676362363738974,1.6733588408577589,1.2989120103779854
2024-03-18,396.9893798828125,406.312987074127,396.0079475468847,404.8702803422756,300974,398.8030639648438,396.34713073730467,39.481674115504916,1.3865752041491533,1.316444649132219
2024-03-19,394.8400573730469,400.18887581048733,393.5543833546716,400.18887581048733,151296,399.9317123413086,395.82500915527345,42.15909346386329,0.9746298161579716,1.2480816825373695
2024-03-20,394.7320861816406,398.95223312484967,393.5641793392715,396.49865235532417,320871,400.65944519042966,395.3782611083984,39.9845325912393,0.6321606015665111,1.1248974663431979
2024-03-21,387.4498596191406,398.45170781061887,382.75861421221816,396.0079508580257,282683,399.8929473876953,394.8000012207031,35.080209847138065,-0.22427820233349394,0.8550623326078596
2024-03-22,388.58831787109375,392.57293072184547,387.6657690878224,389.62863374143166,157053,399.2707183837891,394.2386218261719,29.83401087868333,-0.8019042057765091,0.5236690249309859
2024-03-26,382.89599609375,383.74001346046197,379.4806010483891,383.7301895535677,166544,398.0910354614258,393.6046160888672,26.381683529891944,-1.6994100288230811,0.07905321418017247
2024-03-27,384.7312927246094,386.2917665167704,382.28750588512844,383.73021259123016,175882,397.03599548339844,393.1023187255859,30.987480655434567,-2.236812181411267,-0.38411986493811545
2024-03-28,381.5906982421875,386.6843343830545,380.79574045843947,385.7029020622853,340310,396.0648681640625,392.4881384277344,29.55739154938398,-2.882894770425196,-0.8838748460355317
2024-03-29,378.2243957519531,383.74004064892574,377.85144667477346,382.75860831990036,295432,394.8577056884766,391.87651000976564,26.392221568055092,-3.6247682821735907,-1.4320535332631437
2024-04-01,372.6793212890625,378.6365929586452,371.8647156567665,378.24402600436537,368793,393.4709442138672,391.2067803955078,23.948771073681712,-4.6070424347749395,-2.0670513135655026
2024-04-02,383.3180236816406,385.7028970015935,372.50262048007,372.86577559277725,173462,392.3967681884766,390.7727911376953,38.84948715392097,-4.475457122051523,-2.5487324752627067
2024-04-03,379.6263122558594,383.4361561264803,377.04703966351366,383.4361561264803,68218,391.1595962524414,390.26359313964844,39.317318053319475,-4.615856354059304,-2.962157251022026
2024-04-04,388.1517333984375,389.84500076510665,379.01597296607594,379.0258271506409,373211,390.48217010498047,389.98614501953125,39.67807350182901,-3.993162825266438,-3.1683583658709087
2024-04-08,402.8890380859375,412.4874940940936,392.7983535645426,392.7983535645426,840001,390.5906814575195,389.9991247558594,50.24153504690578,-2.2841659507105874,-2.991519882838845
2024-04-09,398.58697509765625,406.5807615344655,396.785401872451,404.611847435025,283776,390.4438507080078,390.00418579101563,51.10709207199418,-1.2623624161412863,-2.6456883894993335
2024-04-15,391.1641540527344,398.9512127922524,390.1895512034897,398.9512127922524,185777,389.9513961791992,389.9724768066406,47.62619112184601,-1.0395520673854435,-2.3244611250765557
2024-04-16,392.4833068847656,402.1408275857342,389.85482353682863,391.81388333968926,374088,389.7305084228516,390.1090655517578,48.57016010605435,-0.7479072426723405,-2.0091503485957127
2024-04-17,391.8040466308594,395.2791787705296,390.82944377784605,391.81390081506987,147640,389.6964797973633,390.23913635253905,53.02229343347345,-0.5650734288336139,-1.720334964643293
2024-04-18,390.4651794433594,394.6687999610183,387.6299385147327,391.8138807082251,163444,389.1872329711914,390.32358642578123,51.29913776677835,-0.5221922001413191,-1.4807064117428983
2024-04-19,387.226318359375,395.7517197075172,384.0366872472121,388.97865064291733,221829,388.4218246459961,390.3071417236328,53.102775389465044,-0.7410155723937919,-1.332768243873077
2024-04-22,390.86883544921875,396.5786743205346,386.89162055607574,387.8859317901727,517292,388.1157974243164,390.32213134765624,54.28667283083037,-0.6134425996423261,-1.188903115026927
2024-04-23,392.4931640625,400.6739993358988,390.82942932764576,393.7631220056728,590096,387.9984527587891,390.4355596923828,57.77943079927461,-0.37692539429446015,-1.0265075708804337
2024-04-24,398.2817687988281,399.18745239891786,392.79833619346834,393.763114852318,641121,388.1759368896484,390.6459167480469,63.83368427610792,0.2744445933552129,-0.7663171380333044
2024-04-25,396.94293212890625,402.5444953361118,395.7517474702713,398.7051187200494,442432,388.65059051513674,390.8294970703125,67.76552995161052,0.6748478454134101,-0.47808414134396154
2024-04-26,397.1988830566406,399.69941234988397,394.7672729665632,399.6797039814111,244525,389.08111877441405,391.1228173828125,61.98574510897234,1.0012812611139452,-0.18221106085238017
2024-04-29,395.9190979003906,404.6118402766,394.76726995356836,401.65846917969054,663295,389.7322738647461,391.5599365234375,64.6798319420156,1.143532200994855,0.08293759151706687
2024-04-30,381.08331298828125,390.82943133793367,379.06515810026264,390.82943133793367,748602,389.5498748779297,391.71918334960935,44.28159616985598,0.058469244083823924,0.07804392203041828
2024-05-02,373.5817565917969,383.94808769486235,371.2485682441365,383.93823351093437,410013,389.14942779541013,391.5358428955078,23.14628345106557,-1.3907323776496696,-0.21571133790559932
2024-05-03,375.70819091796875,376.60402036664624,371.140295931896,373.98539113579153,270163,389.02361755371095,391.5508825683594,28.166082830558608,-2.3406678629296493,-0.6407026429104093
2024-05-06,373.9164733886719,379.0159535533751,373.13874392901243,376.0625824867254,274829,389.0854751586914,391.7495361328125,31.557881492097422,-3.201174067546731,-1.1527969278376737
2024-05-07,374.5563659667969,379.31128018440114,373.6014414496359,376.85013761885676,377478,388.6473922729492,391.9611834716797,30.549036176812606,-3.7878336624527265,-1.6798042747606843
2024-05-08,376.269287109375,378.9863979388775,374.2117756635714,376.98795150734634,169739,388.479541015625,392.0412274169922,33.514368491721285,-4.067657770592746,-2.1573749739270967
2024-05-09,382.9734802246094,384.8242643311933,376.11181321508036,377.0470594529539,203844,388.2206283569336,392.0971484375,42.86251751748841,-3.7057306806485713,-2.4670461152713914
2024-05-10,382.4024963378906,384.8242522525216,379.0159617051693,384.8242522525216,139032,387.19630126953126,391.6896020507813,45.158118445936964,-3.4254875933860944,-2.6587344108943323
2024-05-13,382.7273254394531,384.16465424689335,379.1635960147101,382.4123220418943,186002,386.40331878662107,391.32349060058596,41.24490097304038,-3.1409747323761508,-2.755182475190696
2024-05-14,382.776611328125,383.6429383705868,379.4589957557511,381.9693493073541,386879,385.98394165039065,390.84922973632814,39.18478984540383,-2.8783395740000515,-2.779813894952567
2024-05-15,383.9481201171875,388.8605513930995,381.9693517481585,383.8398142145647,185914,385.5571823120117,390.41155029296874,32.217940728614465,-2.5463160043613016,-2.733114316834314
2024-05-16,390.03204345703125,391.3216797970538,382.9537948202614,385.21803403197777,810157,385.4685821533203,390.1919262695312,42.3295473790746,-1.7718385138093709,-2.5408591562293257
2024-05-17,392.217529296875,398.19319068498146,387.87607018529695,390.82944127807843,271837,385.5561996459961,389.9889239501953,44.69823988151113,-0.9705215124628239,-2.2267916274760253
2024-05-20,401.2548522949219,409.82946493556216,394.96418725988184,397.7206550299197,1249130,386.25762634277345,390.00572998046874,54.87409566543858,0.38927707832198166,-1.7035778863164242
2024-05-21,404.6708984375,406.03930810996957,399.6895483419198,399.6895483419198,409440,386.9477294921875,390.0031170654297,77.22727215083748,1.7227152439764382,-1.0183192602578517
2024-05-22,418.1678161621094,423.1688748702795,405.10408174144686,405.596310273332,2694847,388.231462097168,390.2790783691406,95.20861621028841,3.8244768703814316,-0.04976003412999497
2024-05-23,417.1636657714844,423.07040794170007,414.45640894346883,420.3631511136845,527404,389.1755569458008,390.5883465576172,93.01326166213761,5.347469260245589,1.0296858247451217
2024-05-24,419.26055908203125,420.8553746421773,415.6377644709286,417.16366082952663,489452,390.291438293457,390.9591815185547,96.75192235927713,6.647030635934982,2.153154786983094
2024-05-27,424.05487060546875,428.3864755792088,416.4253285342154,416.4253285342154,624222,391.6342376708984,391.40980712890627,97.00822225893305,7.971908067351251,3.3169054430567257
2024-05-28,424.05487060546875,424.05487060546875,424.05487060546875,424.05487060546875,0,393.04102630615233,391.8706396484375,96.90761180204977,8.919069495755991,4.437338253596579
2024-05-29,420.894775390625,426.2600482849029,415.4408749238292,426.06317490093335,544111,395.0315994262695,392.35051391601564,90.00832618020223,9.307418352772117,5.411354273431686
2024-05-30,420.48126220703125,421.3475891598863,417.4097612238126,419.39835351596236,343182,397.37657470703124,392.91044677734374,90.30839793690677,9.472626025500688,6.223608623845487
2024-05-31,450.86163330078125,454.12018360797737,421.052276170592,421.052276170592,3195145,401.1342468261719,393.91467712402346,94.07715211797367,11.917617468587082,7.362410392793806
2024-06-03,440.3180847167969,452.850233516417,438.575606590356,450.88131945764997,732881,404.45432739257814,394.67034912109375,82.77443248048242,12.856314951843103,8.461191304603666
2024-06-04,421.26885986328125,441.03674354231106,419.9398368819045,439.83570478004197,436383,406.78995208740236,395.15593872070315,67.66046871380684,11.925654701671021,9.154083984017138
2024-06-05,419.53619384765625,431.1921609869546,415.44084917007956,422.33204808996237,472974,408.9532974243164,395.6498614501953,64.56124327659,10.92238166451574,9.50774352011686
2024-06-06,423.6512451171875,433.6533323934727,420.36316216120963,421.34761921545135,268507,410.9871856689453,396.2282446289062,65.22359629343666,10.34013614790922,9.674222045675332
2024-06-07,428.81964111328125,438.5756140454984,406.876085143206,418.5025204543981,932025,413.3080429077148,397.0556402587891,63.86960854617122,10.178418273926866,9.775061291325638
2024-06-10,431.04449462890625,436.35070212772456,424.30095830839576,435.12998508656824,549233,415.7239013671875,397.90476379394534,63.43124778920054,10.113204057393148,9.84268984453914
2024-06-11,417.58697509765625,435.0315548426893,415.4408659861161,435.0315548426893,225129,417.46441955566405,398.59858337402346,49.70407706030497,8.873325787731119,9.648817033177536
2024-06-12,423.5232238769531,428.2387811667361,413.4719266437452,418.4926631902106,150086,419.4431747436523,399.3744219970703,53.084986880774636,8.274337578364566,9.373921142214943
2024-06-13,437.6600646972656,444.97457314725006,423.47403543045715,423.47403543045715,695304,421.82457580566404,400.49580932617187,57.991957075416806,8.838475570044011,9.266832027780758
2024-06-14,431.005126953125,441.92275173596823,429.2429404693685,441.0367464236766,165427,423.7639556884766,401.5514239501953,52.97087383706672,8.648862432140106,9.143238108652628
2024-06-20,428.3372497558594,438.7725000387449,426.26988403250334,431.1921690675207,183967,425.1180755615234,402.6645825195312,51.789676617264405,8.188920482921901,8.952374583506483
2024-06-21,419.3590087890625,433.0331010633123,417.45898392302934,433.0331010633123,198399,425.85248107910155,403.38540222167967,49.387942253195654,7.0190331181441366,8.565706290434015
2024-06-24,414.3973388671875,419.87091747465195,413.4818010523575,419.37868896647535,106879,425.6639572143555,404.08082275390626,47.66016350851298,5.626662988232567,7.977897629993726
2024-06-25,414.95849609375,419.69373204754976,413.4719563511255,415.234142862921,223110,425.55369873046874,404.6169580078125,32.082158583330695,4.51641787331846,7.285601678658673
2024-06-26,415.3128967285156,419.62482347519165,412.73362402809175,413.6294835614042,189799,425.35631561279297,404.86543518066406,36.10808757955844,3.6233698382152397,6.553155310569986
2024-06-27,415.7558898925781,418.39422745769764,413.4719424287835,418.2957757484706,109542,424.9413665771484,405.2088134765625,46.13899027999048,2.917734851285047,5.826071218712999
2024-06-28,411.79833984375,418.37453525713505,409.55377914673915,415.75587610341523,134655,424.3285400390625,405.62149719238283,44.744572206013665,2.015934389239135,5.0640438528182266
2024-07-01,411.3553771972656,418.295787261767,408.54966864491075,418.295787261767,262152,423.85157012939453,405.99893859863283,41.21041248632732,1.251085902854129,4.301452262825407
2024-07-02,414.0035705566406,419.3786975640146,410.5185842351974,412.48749830826785,592000,423.527685546875,406.44292907714845,39.01299766406852,0.8488401384529993,3.6109298379509256
2024-07-03,422.1844177246094,425.23624063035413,413.47196670328395,413.47196670328395,380763,422.0938247680664,407.07731384277344,43.96299868208901,1.176620124034173,3.1240678951675753
2024-07-04,424.1828308105469,428.2387887847618,417.40976194192876,422.33204687048925,288788,421.2870620727539,407.8164440917969,55.3259102318253,1.5794365968117177,2.815141635496404
2024-07-05,421.1507263183594,428.23882930343876,415.4408872782785,425.77768660629255,238745,421.2811553955078,408.42208190917967,47.990028481189384,1.6351569895335274,2.579144706303829
2024-07-08,419.90045166015625,425.2854327628415,418.39423362085097,423.31651872227275,58355,421.2993682861328,408.9702276611328,30.751150570803517,1.5604412904185665,2.3754040231267766
2024-07-09,418.67974853515625,422.3320757901372,413.5211731473806,421.3476187370133,231552,421.05079345703126,409.37818725585936,34.857285545887294,1.3867425157226307,2.1776717216459476
2024-07-10,420.6584777832031,431.0839041908049,417.51805744746275,418.69941790323605,369477,420.64273529052736,409.8524981689453,40.40351184982341,1.3926977460390617,2.0206769265245703
2024-07-11,433.53521728515625,442.84817292691923,420.85540518290173,423.30669371854935,1268463,420.7672714233398,410.5792248535156,66.14354544544656,2.408696616145903,2.098280864448837
2024-07-12,434.0372619628906,442.0211938270727,418.3942257828639,435.02171896473266,471266,421.58978576660155,411.34158813476563,74.89399297386746,3.2173067409076452,2.322086039740599
2024-07-15,456.8077087402344,466.05177403515336,438.0932023200296,438.0932023200296,3101727,423.25401000976564,412.8560760498047,83.93744273908027,5.6306146244161255,2.9837917566757044
2024-07-16,456.8077087402344,456.8077087402344,456.8077087402344,456.8077087402344,0,424.2113922119141,414.5205950927734,83.84458148972692,7.4572163607898005,3.878476677498524
2024-07-17,456.8077087402344,456.8077087402344,456.8077087402344,456.8077087402344,0,425.5015213012695,416.14258544921876,83.72698608183217,8.80333206466338,4.863447754931496
2024-07-18,460.66680908203125,467.6170730698842,457.664227261722,462.6947880902012,1527203,427.1179992675781,417.8775921630859,90.21397266301088,10.065506708187286,5.9038595455826535
2024-07-19,444.75799560546875,460.7258898263954,438.0932323310267,460.7258898263954,848631,428.38794860839846,419.28162475585935,71.91013485137043,9.670604209020837,6.657208478270291
2024-07-22,440.446044921875,447.4750821491669,430.2076983831891,441.0367251159467,426413,429.6903839111328,420.5651599121094,66.97420566899332,8.907028074412608,7.107172397498754
2024-07-23,444.1771545410156,448.9123902895135,440.3476024048505,442.9859699876625,260549,431.1513168334961,421.7892333984375,64.97318092363336,8.504918444842929,7.38672160696759
2024-07-24,443.0056457519531,445.4569340446095,438.1818125068583,443.99010274251305,310424,432.535954284668,423.00129638671876,62.96095654366648,7.999499447678204,7.5092771751097125
2024-07-25,432.8755798339844,446.94347880131454,430.69993827219184,444.92535396499363,219317,433.3919387817383,424.0042614746094,57.3545570305507,6.704257089518308,7.348273157991432
2024-07-26,427.44140625,433.1217125771448,426.2600457801448,433.1217125771448,250613,434.1740921020508,424.8975573730469,54.49426063372382,5.179568949337124,6.914532316260571
2024-07-29,425.4823303222656,439.19580921551557,393.9797061071824,426.26988391034524,202206,434.8804397583008,425.7282415771484,54.01883474399799,3.7697067261925667,6.28556719824697
2024-07-30,422.46990966796875,431.19218464435505,418.3942430909838,426.26989943151995,127094,435.3037567138672,426.3769989013672,51.057246297046355,2.3818471347685204,5.504823185551281
2024-07-31,409.96728515625,424.30097701098043,408.54966463934306,418.4040890556868,335900,434.6929000854492,426.7319940185547,36.18418887026761,0.2699888370225949,4.457856315845544
2024-08-01,411.95587158203125,417.4097718241054,408.608723760015,410.51857276097155,59716,434.08155212402346,426.9460144042969,37.277355523960274,-1.2290441182660743,3.3204762290232206
2024-08-02,417.2916564941406,419.86107495746273,412.48750131392325,413.27505493159225,96828,433.8885986328125,427.1984295654297,21.50772959956062,-1.9638472769335067,2.263611527831875
2024-08-05,404.87762451171875,417.3605622568071,403.6273749220402,414.4564020540949,319097,433.1374572753906,426.93262573242185,18.24207276583404,-3.5074608810178916,1.1093970460619218
2024-08-06,411.3553771972656,413.47195380930725,406.58075457915214,406.58075457915214,69237,432.77123870849607,426.8164599609375,24.244176595707884,-4.160129890715382,0.055491658706461
2024-08-07,414.5154724121094,418.39423549284373,412.0149431572908,415.9330929311211,153286,432.4640884399414,426.72155822753905,23.639254020906804,-4.371983999229144,-0.83000347288066
2024-08-08,420.79632568359375,423.3165333390831,411.5030486877598,411.5030486877598,148286,431.82714385986327,426.65638732910156,34.62221832260329,-3.98710665519161,-1.46142410934285
2024-08-09,428.1895751953125,430.20769998572877,414.5154533310737,414.5154533310737,151825,431.5347595214844,426.73908142089846,42.43346832840729,-3.050352573826274,-1.7792098022395348
2024-08-12,417.6657409667969,430.3061653787952,414.42686898953696,430.3061653787952,65362,429.5776611328125,426.67450073242185,34.899642205062534,-3.1211747268965837,-2.047602787170945
2024-08-13,417.0849304199219,428.2388155460357,414.46627106909466,414.46627106909466,42325,427.5915222167969,426.6065740966797,35.1360725645678,-3.1874256912818737,-2.2755673679931308
2024-08-15,421.6724853515625,423.31654188442076,418.4927082297358,421.3476277361211,44827,425.83476104736326,426.0227911376953,43.13963375549189,-2.8370489800422547,-2.3878636904029555
2024-08-16,421.3377685546875,425.2657726633682,419.6149686953569,423.30668267963676,165652,423.8683090209961,425.64318481445315,46.013372475917265,-2.556907324205895,-2.4216724171635438
2024-08-19,420.3040771484375,424.31082437898755,417.40977114318326,418.4926798599865,67830,422.6456130981445,425.62388916015624,46.57640712913415,-2.390744289229133,-2.4154867915766616
2024-08-20,416.1300048828125,421.3476152033126,411.5030447546371,420.29423895492556,96891,421.42981109619143,425.5557653808594,45.87179444379531,-2.5662890517989467,-2.445647243621119
2024-08-21,412.24139404296875,419.26057769054796,404.1196232946595,419.26057769054796,193308,419.83302307128906,425.327568359375,51.66787978409196,-2.984781237027164,-2.5534740423023283
2024-08-22,414.0823059082031,415.29319885533766,411.0108048204163,413.4719473642511,64599,418.38685607910156,425.03282165527344,51.562957729102884,-3.131791760568774,-2.6691375859556175
2024-08-23,414.1020202636719,418.3942385014233,411.5030392790469,413.718067600525,103693,417.44817810058595,424.69397216796875,47.4568319871058,-3.2097083559492035,-2.777251739954335
2024-08-26,415.44085693359375,417.29164091358183,413.47194291969043,417.29164091358183,41274,416.8481506347656,424.6510498046875,60.22881074442394,-3.1273744629235694,-2.847276284548182
2024-08-27,416.1496887207031,417.1636782886188,411.60150192008626,416.42533549518765,538759,416.3815185546875,424.5035791015625,55.22645765271836,-2.970683270693371,-2.8719576817772197
2024-08-28,415.962646484375,418.3942566601059,412.47766002855616,418.3942566601059,651744,416.0561553955078,424.0696307373047,51.686968920156325,-2.8289863238874204,-2.86336341019926
2024-08-29,409.8491516113281,412.7336034543095,403.82427948767975,412.7336034543095,562351,416.05024871826174,423.6465112304688,37.18890734094034,-3.173417237785202,-2.925374175716448
2024-08-30,411.3849182128906,413.403043154725,409.84916761330317,413.403043154725,265317,416.0217010498047,423.3074645996094,27.209629770041403,-3.2845949230473366,-2.997218325182626
2024-09-02,407.260009765625,411.384886908255,404.6118180904785,411.384886908255,765276,415.5201187133789,423.06548461914065,32.9240480084775,-3.663321191646503,-3.1304388984754015
2024-09-03,406.4429016113281,408.5496540069642,404.61182601653564,408.45120229855485,41744,415.5983825683594,422.9063958740234,32.670675346618296,-3.9834792184799426,-3.3010469624763097
2024-09-04,406.7579650878906,409.534141236459,405.5963129553392,407.5652270958991,48096,415.36851196289064,422.74238525390626,21.78782172582315,-4.163786236034127,-3.4735948171878737
2024-09-05,405.9014587402344,411.4538105790756,403.6273654990528,408.5496504441632,1233858,414.93781127929685,422.5541564941406,21.366050493236884,-4.325927155172678,-3.6440612847848346
2024-09-06,404.8579406738281,410.49889009136785,403.607691101175,406.10819024648123,1170765,414.1408920288086,422.3361975097656,21.358264040499378,-4.486905930106559,-3.8126302138491797
2024-09-09,405.57659912109375,411.4931651660713,403.6273634770275,405.6061316288867,718174,413.01024322509767,422.2117626953125,27.554514747995043,-4.504567191824378,-3.9510176094442193
2024-09-10,405.2221984863281,409.53412509108125,403.8833513442877,407.4667593163476,1356673,412.38806610107423,422.08909912109374,32.4298392899976,-4.495341539341609,-4.059882395423697
2024-09-11,404.6118469238281,407.5061530498085,403.056418006263,407.5061530498085,279447,411.76441192626953,421.9012646484375,24.737630452125487,-4.485573514156101,-4.145020619170178
2024-09-12,404.6118469238281,408.05744659349574,402.66261115227655,406.57090683645794,227409,410.9113800048828,421.54981323242185,24.658389344876824,-4.426802856085885,-4.20137706655332
2024-09-13,404.0211486816406,409.7506956588258,403.13514338614397,406.67919461137416,511826,410.0455490112305,421.1465795898437,18.236852961298638,-4.3774308002101066,-4.236587813284677
2024-09-16,405.7242736816406,408.24448123212596,403.73565128717996,408.24448123212596,112183,409.3165588378906,420.8380505371094,22.522239917635886,-4.1530019154047295,-4.2198706337086875
2024-09-17,405.7242736816406,405.7242736816406,405.7242736816406,405.7242736816406,0,408.79627227783203,420.55452697753907,22.746510566189173,-3.9298396618916627,-4.161864439345283
2024-09-18,406.4232177734375,408.0377416483675,405.35016326579193,406.57088031242677,245193,408.50536346435547,420.3093963623047,37.18706985301671,-3.6544567190597945,-4.0603828952881855
2024-09-19,408.5496520996094,413.57038877261465,405.59628112057607,406.58073811358713,680736,408.2287307739258,420.0672198486328,39.8448293954074,-3.2274245330546023,-3.893791222841469
2024-09-20,412.1626281738281,413.46208858968,404.11960121084815,409.53411474716887,475370,408.1317611694336,419.63976806640625,68.22834994111065,-2.567860774189171,-3.6286051331110096
2024-09-23,407.6144104003906,412.48748458642984,406.5807425637125,412.48748458642984,69818,407.7404388427734,419.11131103515623,53.40973285629524,-2.3846659618572517,-3.3798172988602584
2024-09-24,404.6019592285156,411.3454954606978,402.6428994781441,411.3454954606978,1037005,407.1630523681641,418.0671960449219,44.57643565390154,-2.4542710774521197,-3.194708054578631
2024-09-25,403.6076965332031,408.3035456641526,402.64291784602386,408.3035456641526,2513871,406.5453048706055,417.00319580078127,44.26961666310878,-2.56015050180406,-3.0677965440237167
2024-09-26,399.1776428222656,404.6118347507961,398.7050926376458,403.676588565583,121270,406.01172943115233,415.85059448242185,37.862909010289655,-2.967323560481532,-3.04770194731528
2024-09-27,399.1382751464844,401.6584828313785,396.9823117690034,400.6248149296253,54186,405.399397277832,414.6200238037109,35.831953269910855,-3.2556585799010804,-3.08929327383244
2024-09-30,399.5812683105469,401.64860398712636,393.7926563123397,401.63877984647877,43229,405.0154602050781,413.7164892578125,37.63489485359242,-3.4091220768442554,-3.1532590344348033
2024-10-01,399.1776428222656,403.5289260214031,396.7853894335743,402.5444690025447,40264,404.652197265625,412.8911212158203,37.97909972186969,-3.522704660957743,-3.227148159739391
2024-10-02,400.1620788574219,401.6485884485425,396.73615779587533,401.6485884485425,100268,404.32240295410156,412.0108197021484,40.5675634414,-3.4930185726472587,-3.280322242320965
2024-10-03,401.9734802246094,403.13513224756963,398.8035275556338,398.8035275556338,38990,404.1260040283203,411.19017639160154,45.873015482496385,-3.2854545075269357,-3.2813486953621593
2024-10-04,406.35430908203125,407.5652020195411,401.16623145643234,401.6584599612869,134916,404.2008224487305,410.6597509765625,51.14610269568683,-2.7359241828944505,-3.172263792868618
2024-10-07,408.67767333984375,409.5341461944368,404.1196322423469,404.611860783446,344074,404.35587615966796,410.2844763183594,54.95381314157657,-2.0888622591785975,-2.955583486130614
2024-10-08,406.5118103027344,413.4620741227089,403.63721276824947,409.534100417637,162343,404.4203567504883,409.9050659179687,50.1416289623666,-1.7308756123994158,-2.7106419113843745
2024-10-09,406.5118103027344,406.5118103027344,406.5118103027344,406.5118103027344,0,404.5153549194336,409.5859039306641,46.50454049594737,-1.4306766656362697,-2.4546488622347535
2024-10-10,408.7957763671875,410.51857614718165,406.60042640339856,409.53411913004214,162830,404.72455139160155,409.56247375488283,43.949045284670476,-0.9969773299465032,-2.1631145557771037
2024-10-11,410.4890441894531,416.3071887737475,408.54966266135506,411.50303371673834,309706,405.0479461669922,409.53313720703125,55.757124591422375,-0.5107473423171314,-1.8326411130851092
2024-10-14,407.5159912109375,411.50303008320213,405.5962880245916,410.48904056487044,308628,405.13753204345704,409.3376239013672,55.845252947204365,-0.36114405864498167,-1.538341702197084
2024-10-15,407.6439514160156,409.53412212175886,404.6118370001031,407.7128706180974,161013,405.23351593017577,409.3929504394531,58.38783161932207,-0.22961025526433332,-1.276595412810534
2024-10-16,407.5947570800781,409.0419101661503,406.5807675057041,407.56522456988256,75330,405.29209289550784,409.3177380371094,71.38568229609275,-0.12786439901231006,-1.046849210050889
2024-10-17,407.5750732421875,409.5341331595692,406.5807620069761,408.54967610870483,76974,405.24336395263674,409.1789300537109,71.4571558520786,-0.048262061107948284,-0.847131780262301
2024-10-18,407.6833190917969,408.5397918560938,406.58073208289767,408.5397918560938,68097,405.01939849853517,408.916669921875,70.96273439054511,0.023289434496632566,-0.6730475373105143
2024-10-21,408.717041015625,409.53412713679825,407.51600222950367,408.5398159162096,30587,405.07453002929685,408.52721923828125,73.90229168737622,0.16154503968311928,-0.5061290219117875
2024-10-22,439.1367492675781,446.943486210614,413.46209341170334,413.46209341170334,1048076,406.80126953125,408.9566394042969,89.45582728834296,2.694667382481441,0.13403025896685816
2024-10-23,447.169921875,460.72588419041955,439.1367490070034,443.0056578754034,982610,408.97938079833983,409.55833923339844,90.6354898630573,5.28942182050838,1.1651085712751628
2024-10-24,440.3082580566406,446.94348878288315,438.09322975320123,446.94348878288315,142712,411.0359115600586,409.9310546875,79.22385475420876,6.714701581936595,2.2750271734074494
2024-10-25,438.1719665527344,443.0056540723576,423.32636807529235,439.16627774571253,162556,412.9875961303711,410.26773864746093,75.46748094950242,7.584436527679202,3.3369090442618
2024-10-28,456.6404113769531,465.45128400110053,433.1709587700473,438.171987394872,408934,415.8405532836914,410.99446533203127,83.77556895289638,9.65268672439322,4.600064580288084
2024-10-29,478.9678955078125,482.36428440556597,459.7414501949649,461.71036432856215,1043540,419.83006591796874,412.25122314453125,87.52806811395868,12.944218384971123,6.268895341224692
2024-10-30,498.469970703125,502.073087050678,482.38394638202396,482.38394638202396,1645641,424.7454605102539,413.97579467773437,89.41585356365812,16.931262369551746,8.401368746890103
2024-10-31,485.5046691894531,502.0730671876175,482.87615579514977,502.0632130038348,749661,428.9220199584961,415.40424194335935,80.0000097635941,18.827796853593497,10.486654368230782
2024-11-01,495.8020935058594,501.95494987733923,469.1036239456532,486.3217676017643,336834,433.3944091796875,417.03824340820313,83.35317489140176,20.920570860876865,12.57343766676
2024-11-04,542.16015625,545.3793500223622,497.1508088887549,500.1140342149797,891573,440.0685333251953,419.57262939453125,87.66262939560556,26.01987663123407,15.262725459654815
2024-11-05,549.1990356445312,569.0161603616224,537.5135355665152,558.1871330883043,548642,447.20289459228513,422.23361633300783,88.15383858900601,30.280042452801467,18.266188858284146
2024-11-06,523.3963623046875,543.9124718435922,515.8554484091263,541.45132943706,498951,453.0471221923828,424.3822906494141,77.39994397613498,31.214374582728,20.85582600317292
2024-11-07,512.7052001953125,531.5674302070205,509.4565040707098,530.5041998090912,122377,458.2425933837891,426.43941162109377,73.66039083928402,30.737825575139254,22.832225917566188
2024-11-08,513.4632568359375,520.5808618864843,507.487595494326,509.0134918630928,222562,463.3913040161133,428.48097839355466,73.62763390206857,30.074644112318936,24.280709556516737
2024-11-11,518.5725708007812,521.7622018169186,513.8865459404368,513.8865459404368,203433,468.94413299560546,430.7072296142578,70.22811791799094,29.619907110298243,25.34854906727304
2024-11-12,510.84454345703125,519.4979587395345,506.9953431153161,519.4979587395345,114910,474.1041625976562,432.7952624511719,66.23980891650339,28.309602068640515,25.940759667546537
2024-11-13,509.2596130371094,511.8093832000648,506.01091683349176,510.84457444534405,103726,479.1874053955078,434.84529541015627,68.07203223757776,26.83396005585348,26.11939974520793
2024-11-14,502.2896728515625,511.91766151447024,497.15080589386054,511.91766151447024,99532,483.9231353759766,436.7730596923828,66.38985789640624,24.81602353467065,25.858724503100476
2024-11-15,505.09539794921875,510.92336700056194,501.0886504493918,502.29954346545685,118829,488.79373931884766,438.77780883789063,63.46427716768118,23.176033977036525,25.322186397887688
2024-11-18,499.4150390625,508.4720557514598,497.34770333508567,506.9855160230336,111288,493.3286392211914,440.6545776367187,56.260916693921416,21.173893483915037,24.49252781509316
2024-11-19,542.4358520507812,546.2752587042492,502.07311169854523,502.07311169854523,743944,498.49359436035155,443.3988507080078,61.767497433598656,22.795826686558314,24.153187589386192
2024-11-20,520.7285766601562,548.3425853220001,512.9021309744381,548.3425853220001,444000,502.17152709960936,445.7211853027344,59.00624685055203,22.075156068447654,23.737581285198488
2024-11-21,517.2533569335938,521.762186615734,511.9176170569465,520.7285188293581,77847,506.018782043457,447.97401550292966,55.68304287020123,20.98173385591781,23.186411799342356
2024-11-22,505.3218078613281,525.7000814634454,503.05756859142434,517.2337745980691,239820,509.3762741088867,450.0000286865234,38.06305526784674,18.93415146875884,22.335959733225653
2024-11-25,515.3632202148438,520.0886016207202,506.01087906481314,507.0051902114434,108438,512.3124145507812,452.1928076171875,39.24525541950926,17.915170795125448,21.451801945605613
2024-11-26,497.3772277832031,515.3632466056195,492.228506786647,515.3632466056195,324927,513.2328811645508,454.02586669921874,41.29735319990014,15.477882599924271,20.257018076469343
2024-11-27,536.25341796875,541.4513800588301,506.9953831459954,506.9953831459954,620242,515.122053527832,456.622470703125,56.626774633256204,16.49317473985377,19.50424940914623
2024-11-28,545.7731323242188,550.3114646873775,532.099010131534,538.6259648684661,708547,518.1354766845703,459.3669403076172,58.665117078480634,17.86008255032209,19.175416037381403
2024-11-29,549.3073120117188,568.9177392273377,538.4979930964355,549.3270203799104,549220,520.8107376098633,462.109833984375,58.31291799173789,19.009416877750766,19.142216205455277
2024-12-02,557.6752319335938,564.0939113744677,553.2648834074186,553.2648834074186,130949,521.5864913940429,465.1110504150391,62.62274401727793,20.360787334572365,19.385930431278695
2024-12-03,552.053955078125,560.0575950625037,532.5912215259257,557.675165929453,123000,521.7292373657226,468.0600903320312,61.289145124909695,20.739100651764716,19.656564475375898
2024-12-04,552.113037109375,552.3690055436649,543.4202649598052,552.1622479421645,512629,523.165071105957,471.0301971435547,63.64076605631525,20.803870043490747,19.88602558899887
2024-12-05,570.0006103515625,571.9695243769565,546.3736420468346,552.1130432550746,594336,526.0298416137696,474.4466564941406,66.4143660104771,22.044463072926533,20.317713085784405
2024-12-06,560.1068115234375,571.9695061307102,556.2181944300365,556.3264702772221,220458,528.3620193481445,477.6660272216797,65.02851926523974,21.975969806874218,20.649364430002368
2024-12-09,584.6099853515625,595.5964992972386,561.1503576542,570.9850737064436,581475,531.6638900756836,481.3666015625,61.49758211346346,23.626537726519814,21.244799089305857
2024-12-10,591.392822265625,598.5498437366648,573.9384192409137,589.6897309181944,489141,535.6913040161132,485.2109051513672,70.97111805461215,25.19155043475405,22.034149358395496
2024-12-11,592.6529541015625,603.4721266606457,590.674185964743,595.5964708477825,172347,539.860971069336,489.06072265625,72.67454772853837,26.231140133989584,22.873547513514318
2024-12-12,621.7535400390625,636.9437049577377,581.8141107110092,594.1198237125111,477091,545.8341644287109,493.4563238525391,81.73670521918939,29.068117379014666,24.11246148661439
2024-12-13,617.7369384765625,636.9437049426913,604.4566226194937,633.0058767823036,498077,551.4662414550781,497.68397644042966,78.85244971049346,30.63914709159542,25.417798607610596
2024-12-16,612.60791015625,628.3099507078921,602.4876636957948,620.227597465624,380606,557.1258850097656,501.7625811767578,85.01343553825517,31.111693500782167,26.556577586244913
2024-12-17,594.2871704101562,614.301199056188,580.8296593640239,614.301199056188,395937,559.7184509277344,505.51808837890627,70.15107824931832,29.66588944275543,27.178439957547017
2024-12-18,571.5462646484375,605.8939872215527,570.9851168921471,582.9068779292576,354804,562.2593353271484,508.8187774658203,58.1966312570923,26.380974812964837,27.018946928630584
2024-12-19,544.1783447265625,583.6649027242796,517.4306033189404,569.1638695529504,599961,563.6055847167969,511.5264288330078,48.583561812854796,21.323489968928357,25.87985553669014
2024-12-20,590.4576416015625,598.5990600403704,544.1783089428584,544.2176655912766,721972,567.8623764038086,515.12580078125,57.485834799772206,20.809866095749612,24.865857648502036
2024-12-23,610.4125366210938,620.2078955603358,567.657577316892,591.6586432250187,331412,572.614842224121,519.1837316894531,62.5073809672684,21.762148235463997,24.245115765894433
2024-12-24,603.3441772460938,632.0214154356296,596.5809622336316,632.0214154356296,272101,577.9131896972656,523.0977362060547,60.65957003137532,21.69637881375354,23.73536837546626
2024-12-26,578.1124877929688,603.3441241449736,574.9228568993508,603.3441241449736,366916,580.0061431884766,526.5080908203125,51.6377707734596,19.384813540497362,22.86525740847248
2024-12-27,574.794921875,590.6742185917267,567.0472498480576,590.6742185917267,198033,581.4572326660157,529.8524877929688,53.04639379890181,17.0881994379032,21.709845814358626
2024-12-30,606.8980102539062,610.3633179966591,577.8762381678048,580.829609061337,316179,584.336767578125,533.8367816162109,54.48138058630885,17.65505071609232,20.898886794705366
2024-12-31,611.7908325195312,614.2913317413613,598.5597276499843,606.8980498417853,590214,587.0425476074219,537.8982574462891,54.132772141983914,18.288278414312003,20.376765118626693
2025-01-01,611.7908325195312,611.7908325195312,611.7908325195312,611.7908325195312,0,590.0293914794922,541.3513391113281,53.897361868038956,18.575983552070397,20.016608805315435
2025-01-02,610.5798950195312,616.2700853519948,590.6742032127746,615.2856283466402,231079,592.952734375,544.6195385742187,47.43292575706458,18.49310243718503,19.711907531689356
2025-01-03,590.782470703125,610.3633346833192,584.7674529062767,610.3633346833192,219219,593.9918273925781,547.6290228271484,44.2260554051418,16.638137772793016,19.09715357991009
2025-01-06,580.9478149414062,599.5343696650348,575.90739943193,590.7825316870974,383302,595.0338775634766,550.4845397949218,43.35207977314595,14.21067852741669,18.11985856941141
2025-01-07,585.289306640625,590.6742581189596,576.8918587628506,588.5084404885582,280790,595.0678436279297,553.0575177001953,47.992812186932156,12.493207761006374,16.994528407730403
2025-01-08,563.4244384765625,590.674201075815,556.2182060130591,585.9684677657306,186426,593.6694244384765,554.7466485595703,48.18112430542153,9.261032261289415,15.447829178442207
2025-01-09,554.1311645507812,570.9850636928654,552.3985106057373,570.9850636928654,132981,591.7433349609375,555.8598724365235,52.42526486247557,5.881818411177846,13.534627024989335
2025-01-10,552.6741943359375,565.9446557204133,546.3736453816263,565.9446557204133,204911,588.2893676757812,557.2032629394531,38.21977034942359,3.0510313785823655,11.437907895707943
2025-01-13,553.8948974609375,561.0912756827868,550.3016053986579,553.2648305640935,138025,585.097265625,558.3651190185547,30.04797612958079,0.8957867290722561,9.329483662380806
2025-01-14,566.5353393554688,580.7804645024012,547.3581347261924,554.2493342641121,227967,582.7936370849609,558.852622680664,37.49750188861368,0.2053506821071096,7.504657066326067
2025-01-15,559.4669189453125,572.953992293224,557.2026797903175,570.9850782303606,219806,581.0526245117187,559.0579803466796,42.77542468079471,-0.9017920162636983,5.823367249808115
2025-01-16,550.86279296875,566.0628124580394,549.2286206786662,566.0628124580394,91964,580.0184509277344,559.607308959961,41.09198718676874,-2.4453037009665195,4.169633059653187
2025-01-17,560.4119873046875,567.0472177035617,551.295906100685,559.6539362061237,279906,580.8301330566406,560.5614447021485,29.2055979079651,-2.8649819262747087,2.762710062467608
2025-01-20,554.5938110351562,566.062758791349,551.3156125812948,565.078301819538,67820,579.0369415283203,561.3840557861328,24.624367989393917,-3.625268307475608,1.4851143884789648
2025-01-21,551.020263671875,561.1405108494107,549.8192549287647,560.1560538128327,107423,576.0673278808594,562.0330096435547,23.86756792650222,-4.4646899820403405,0.29515351437510384
2025-01-22,556.4052734375,562.1249664014528,551.3550040462736,555.7161414964175,212643,573.7203826904297,562.9442242431641,27.511255811596584,-4.641903449674601,-0.6922578784348371
2025-01-23,558.5219116210938,561.1306868564953,556.2182555934994,561.1306868564953,115059,572.740853881836,563.9294702148437,34.30410698069717,-4.558998095429956,-1.4656059218338608
2025-01-24,573.5249633789062,578.8607033783479,559.1715638076557,559.1715638076557,341717,572.6773559570313,565.3541760253906,46.56145422303047,-3.245264722159959,-1.8215376818990807
2025-01-27,591.1565551757812,595.5964657158644,577.8663861060884,577.8762402896073,428869,571.890283203125,567.0753991699219,52.41996267181965,-0.7724946171731517,-1.611729068953895
2025-01-28,567.4213256835938,594.612022987459,532.5912325102903,594.612022987459,107337,569.6718078613281,568.4355249023438,51.62347884853861,-0.719744384811861,-1.4333321321254884
2025-01-29,567.0079345703125,571.9695767373788,563.109462812015,571.9695767373788,73761,567.4326629638672,568.9269665527344,55.63700120182352,-0.7031907088381786,-1.2873038474680265
2025-01-30,578.2601928710938,580.8296111368921,555.2337299681477,568.0316705525199,177702,565.8166778564453,570.0775988769532,60.315954895366644,0.21540831153208728,-0.9867614156680038
2025-01-31,585.6141357421875,590.6742596539816,574.9229460632088,579.7172473304807,232949,565.5582611083985,571.444814453125,62.18611299744501,1.5192929204961274,-0.48555054843517753
2025-02-03,567.9923095703125,585.6140531116541,566.0627522965672,585.6140531116541,46896,564.9104858398438,572.6982244873047,50.539113812614865,1.1178113335178068,-0.16487817204458066
2025-02-04,572.42236328125,575.9073192744431,566.0824580809916,573.1311434480754,27203,564.267138671875,573.8394073486328,54.88928835334853,1.1439162399369707,0.0968807103517296
2025-02-06,550.646240234375,574.9229249777422,546.3736701415188,567.2933827370274,331756,563.6282287597656,574.9047875976562,49.92566501319509,-0.5857939053820473,-0.03965421279502579
2025-02-07,553.1565551757812,558.0886943330931,539.974661595919,556.1984936409885,351369,563.5794982910156,575.2428503417968,47.38299967990052,-1.734051158891475,-0.3785336020143157
2025-02-10,552.4674682617188,557.1239309982774,546.4228874011282,557.1239309982774,173432,563.5691619873047,575.3767370605469,49.20356960295986,-2.6688915397271558,-0.8366051895568837
2025-02-11,549.4451904296875,561.1405455544792,548.3524574722608,555.2239487848818,236174,563.3466766357421,575.3794946289063,49.4076035006625,-3.611995009435873,-1.3916831535326817
2025-02-12,549.5829467773438,552.772577682995,541.7663561872362,552.772577682995,45352,562.499057006836,575.2176489257813,47.3286328628561,-4.298742292620432,-1.9730949813502319
2025-02-13,544.4539794921875,554.2493395169344,541.5596732553712,551.2959682584072,118237,561.7484100341796,575.0656494140625,44.618477365006065,-5.196952029627937,-2.617866391005773
2025-02-14,543.105224609375,551.276205602707,540.4668870886104,547.3580860132374,85809,561.3605316162109,574.8854931640625,37.00583958581125,-5.9490460646061365,-3.284102325725846
2025-02-17,538.4979858398438,546.373641939878,536.5487801827613,543.4202709023651,119535,560.2648315429688,574.2554406738282,24.69000494020706,-6.838027149812547,-3.9948872905431863
2025-02-18,539.0099487304688,540.4669259516231,531.6068124114327,538.4980118315808,146145,559.4856384277343,573.8335034179687,32.41956292507244,-7.415755722162885,-4.6790609768671265
2025-02-19,550.3213500976562,552.2804100309866,539.4824682655626,541.4513823833202,52069,559.4506927490235,573.1477307128906,40.901730179806904,-6.881548019104343,-5.11955838531457
2025-02-20,544.1388549804688,555.2238495301402,540.9689325348232,555.2238495301402,122738,558.8373718261719,572.2026513671875,30.306781402046795,-6.877777514442641,-5.471202211140184
2025-02-21,538.7244262695312,546.3736769748565,537.7596775630908,546.3736769748565,106782,557.8474975585938,571.1240808105468,22.317734513784544,-7.228364423463972,-5.8226346536049425
2025-02-24,546.2063598632812,566.0431347484955,536.529129564532,538.7244497110354,225402,556.4815673828125,569.6131372070313,35.388911584619564,-6.823816849851482,-6.022871092854251
2025-02-25,550.38037109375,557.153439923989,545.8813954841605,546.3736239742274,385804,554.442758178711,568.266005859375,35.16624797293633,-6.096129771230494,-6.0375228285295
2025-02-26,549.248291015625,555.7161814037138,546.3835472790801,546.3835472790801,44072,553.5341064453125,566.9988134765625,48.69722403605727,-5.546841385138805,-5.939386539851361
2025-02-27,550.8430786132812,554.1410457975677,549.2581171763817,554.1410457975677,26221,552.725863647461,566.129931640625,47.806598259814876,-4.926055845394785,-5.736720400960046
2025-02-28,534.4715576171875,553.7570979187608,531.7643006940291,553.7570979187608,154018,550.5364318847656,565.3884375,36.84886622235584,-5.689538298612547,-5.727283980490546
2025-03-03,526.6746826171875,536.5291075831497,502.1813857062888,534.0581107031941,67618,547.5894592285156,565.0383642578125,34.445144903244966,-6.844843203001233,-5.950795824992683
2025-03-04,533.9202270507812,540.4668901002514,523.8492512224905,525.7000351794795,78624,545.885855102539,563.9076159667969,40.24761565987772,-7.094000558426501,-6.179436771679447
2025-03-05,530.7798461914062,541.4513872434977,526.684531227766,541.441533058982,44868,543.8037292480469,562.3149621582031,41.269609932919586,-7.4588807138986795,-6.435325560123294
2025-03-06,524.2626953125,536.5290508399011,520.797447622766,530.7797956735815,144275,542.4845520019531,560.7333325195312,38.71459006876908,-8.179640669763785,-6.784188582051393
2025-03-07,519.9410400390625,527.6197933816708,515.9539407253012,524.2529669326989,187577,540.8237762451172,559.5699035644532,38.84748368959575,-8.995870791815378,-7.22652502400419
2025-03-10,517.0466918945312,521.7130085445658,514.1425316750345,520.7876165444733,41696,539.0527374267579,558.4149389648437,37.16778877699483,-9.763738451199401,-7.733967709443233
2025-03-11,510.77569580078125,522.4611955720281,508.9642684845615,517.8243814755887,184090,537.1192626953125,556.4924926757812,25.4491344697917,-10.754326893224516,-8.33803954619949
2025-03-12,510.2047119140625,514.8710286400982,507.9798294039974,511.8684467045235,111988,535.1503509521484,554.4607702636719,27.35510537235693,-11.453421089270364,-8.961115854813665
2025-03-13,512.4591064453125,519.7834693162811,510.93321003187947,516.3083671673975,483778,533.5506072998047,552.4741357421875,31.700890863861545,-11.690783404599642,-9.507049364770861
2025-03-14,515.3632202148438,517.7259409610242,510.44093539903815,514.8709917332632,197386,532.1635070800781,550.5698022460938,27.047424560919026,-11.511855534372444,-9.908010598691178
2025-03-17,519.7735595703125,521.7621818306247,515.3632116760982,517.8243540432238,143062,531.2272857666015,549.1496240234375,27.303126476653276,-10.888658701315194,-10.104140219215981
2025-03-18,517.61767578125,522.7467188915302,515.8555192074612,520.777804696082,158800,530.1576721191407,547.8830212402344,26.894748668709227,-10.448291129228892,-10.172970401218564
2025-03-19,529.982421875,538.4881450960897,516.8399444646377,520.265835725984,535338,529.1407257080078,546.7768835449219,36.83354097276957,-8.997843444141608,-9.937945009803173
2025-03-20,558.0001220703125,560.6483140519985,532.2663992574222,532.2663992574222,712909,529.8337890625,546.6683972167968,62.94697373741717,-5.523883066237659,-9.05513262109007
2025-03-21,571.0343017578125,585.712590071167,561.406343021371,561.406343021371,549037,531.4492828369141,547.0064599609375,73.0793462479883,-1.699405381227507,-7.583987173117558
2025-03-24,562.833740234375,609.378897113929,556.2182178826654,572.9047764364431,1015607,532.2806518554687,547.2096508789062,64.89505335529299,0.6621708644888713,-5.934755565596273
2025-03-25,553.2156372070312,570.9850744906939,550.3114769660309,564.0840211317184,211729,532.4224151611328,547.1960656738281,60.834866063006984,1.7376064751681497,-4.400283157443389
2025-03-26,551.60107421875,559.1715506084398,548.3425241001778,558.5611921030746,66987,532.5400543212891,546.8973803710937,63.85869767004373,2.431585402131873,-3.033909445528337
2025-03-27,537.3855590820312,551.7881703697889,531.8135586792425,551.6109753131443,141329,531.8671783447265,546.4557531738282,58.036991232761764,1.813589503209755,-2.0644096557807186
2025-03-28,537.3855590820312,537.3855590820312,537.3855590820312,537.3855590820312,0,532.0128784179688,546.1862084960937,59.62722080851644,1.3087369954706674,-1.3897803255304415
2025-03-31,537.3855590820312,537.3855590820312,537.3855590820312,537.3855590820312,0,532.5484222412109,545.7256799316406,63.39048559767853,0.898282899715241,-0.9321676804813052
2025-04-03,530.927490234375,536.5191986572743,527.6689400416815,535.5445958631991,186962,532.3987854003906,545.252353515625,59.844721541464615,0.05129163001163306,-0.7354758183827176
2025-04-04,531.350830078125,538.9902262781152,530.6223414865827,531.4985226678652,254873,532.4273345947265,544.85896484375,59.13375110512008,-0.57911933883031,-0.7042045224722361
2025-04-07,505.4595947265625,529.6378557763895,482.87614917903176,529.6378557763895,470978,531.4871795654296,543.8400512695313,46.08255790540544,-3.1318291078330276,-1.1897294395443945
2025-04-08,494.5813903808594,516.8399497980722,490.2596095227427,516.8399497980722,562666,530.2191970825195,542.5612408447265,40.52014341909525,-5.963902018727936,-2.144563955381103
2025-04-09,95.83295440673828,99.43015972227393,93.2280774481443,98.2488142942545,2671455,509.1585102081299,533.0074006652832,10.16875546152336,-39.923789909601396,-9.700409146225162
2025-04-10,98.98321533203125,99.82394549084403,98.04995197963845,98.4457041308499,1879015,488.56888618469236,523.1639338684082,8.577696540985414,-65.82426485103616,-20.925180287187363
2025-04-11,100.03461456298828,103.36798761145003,97.10684033240588,100.02083222472658,3985795,468.06038131713865,513.8161996459961,3.579922408391411,-85.28265337247097,-33.796674904244085
2025-04-14,495.733154296875,507.97980152786675,494.1974038119944,506.9953445481616,174619,467.2240837097168,512.3907040405273,45.701735265509825,-67.99025199741635,-40.635390322878536
2025-04-15,495.94976806640625,501.95496203911813,494.1974357310816,495.77257300899294,270125,466.25341110229493,510.7444955444336,46.147078066878684,-53.649976864434734,-43.23830763118978
2025-04-16,486.5186767578125,500.10417176888205,482.38394521014214,496.16634364471764,141953,464.5906669616699,508.7625863647461,46.157023066256095,-42.55566058982777,-43.101778222917375
2025-04-17,490.3875732421875,493.2031058588001,486.5186644186981,486.5186644186981,261228,463.2291618347168,507.2104916381836,46.48211048256342,-33.06993774242403,-41.095410126818706
2025-04-18,492.52899169921875,500.3249764331048,488.4829651565816,488.73955170462636,232879,461.3564903259277,505.612624206543,47.3858514460544,-25.090412811362455,-37.894410663727456
2025-04-21,487.2297058105469,498.3019877709573,483.7461819645637,494.40398027140265,113066,457.81796951293944,504.3442935180664,47.094963292317544,-18.975452690551663,-34.110619069092294
2025-04-22,488.98626708984375,491.4335968470032,487.2395511280987,489.4698062533227,172511,453.715567779541,503.06088775634765,47.20239624558439,-13.828160497373688,-30.054127354748573
2025-04-23,483.0948791503906,492.4303233408226,480.5883115570754,488.4928640597805,86142,449.7286247253418,501.6734359741211,47.23333938838965,-10.107764107605135,-26.06485470531989
2025-04-24,477.2922668457031,488.48296385838194,473.6804498020673,478.6146211541722,351383,445.9324562072754,500.2303775024414,46.892564330376224,-7.540621887988323,-22.360008141853577
2025-04-25,480.76593017578125,485.52247876053457,464.7989583256337,478.6146386155676,176047,442.390699005127,498.85403717041015,48.542989106747534,-5.166293764943362,-18.921265266471533
2025-04-28,516.3018188476562,528.8445039743871,485.5224558720337,485.5224558720337,1148209,441.3365119934082,498.2909939575195,51.24534307549549,-0.4124182899870448,-15.219495871174637
2025-04-29,535.4069213867188,542.7489707681355,504.2723122003154,518.0879919866254,676465,441.2375801086426,498.13702789306643,94.6338021646432,4.840881709633038,-11.207420355013102
2025-04-30,519.71630859375,530.9168538148681,512.759078588045,530.9168538148681,525353,440.3541175842285,497.7613943481445,91.65978812604138,7.649875484145525,-7.435961187181377
2025-05-02,522.7261352539062,532.890516390595,518.1373317145755,525.9826763633096,807450,439.9440498352051,497.43571807861326,91.69200948509189,10.003576146649038,-3.948053720415294
2025-05-05,516.4992065429688,525.9826694865742,514.140658166051,522.0254543999125,117858,439.20146865844725,496.7592752075195,58.84038811016376,11.236907695639388,-0.9110614372043577
2025-05-06,523.0221557617188,529.3181631345091,516.1143159686394,518.0879844809479,289467,440.07959671020507,496.33694122314455,60.93778820707213,12.595486394541922,1.7902481291448984
2025-05-07,498.60791015625,513.1538381624947,493.5158415328963,496.3776549917977,656866,440.2809226989746,495.53461090087893,54.35681398051828,11.568786450572986,3.7459557934305163
2025-05-08,473.5719299316406,508.21966798676965,453.9437811143962,507.2328336799992,744188,459.1678714752197,494.0819223022461,44.742037648275755,8.635381673698816,4.7238409694841765
2025-05-09,483.03564453125,489.46979306616055,454.93059395866936,467.7791651849711,303102,478.37049293518066,492.7350277709961,47.16156862573343,6.993661355903612,5.177805046768063
2025-05-12,531.3411865234375,531.3411865234375,516.1143404563121,531.3411865234375,951323,499.9358215332031,492.3768856811523,60.49099278978995,9.481146948393473,6.0384734270931455
2025-05-13,530.2556762695312,562.4955350728081,522.0353299184483,562.4955350728081,310774,501.6619476318359,491.96513763427737,59.84649465151554,11.235391002615074,7.077856942197531
2025-05-14,531.469482421875,535.8510291579548,526.9793983675132,535.8510291579548,138554,503.43793334960935,491.9050961303711,61.805226523548725,12.578587934712232,8.178003140700472
2025-05-15,532.693115234375,537.4299075803284,526.1405213694884,535.841118896001,302251,505.7466552734375,492.02546478271483,63.82895674418881,13.585216206330074,9.259445753826393
2025-05-16,536.630615234375,538.8115407732572,528.0550225516324,532.9891941704351,306707,508.0588073730469,492.07967254638675,63.91252178184954,14.533170365502656,10.314190676161646
2025-05-19,266.39593505859375,268.91235051248503,265.4584304141595,268.4189333555814,213004,496.7521545410156,486.7919943237305,21.306190371871935,-6.4469331462107675,6.961965911687162
2025-05-20,262.0291748046875,266.39099571690787,261.06700532683664,266.39099571690787,181814,485.4921279907227,481.54732391357425,17.5116287369068,-23.159212406170127,0.9377302481157042
2025-05-21,262.0094299316406,264.41236889881253,260.94363208669495,261.67390990365135,1076176,474.1432861328125,476.3886917114258,18.18911321926194,-35.99053093411726,-6.447921988330888
2025-05-22,276.14093017578125,284.70170599606996,266.44527077621797,266.44527077621797,1527328,463.795588684082,471.5705764770508,20.375351201557365,-44.50611060537955,-14.05955971174062
2025-05-23,273.44683837890625,278.77573731881506,271.8728365416649,277.30042492997404,392206,453.6033172607422,466.8239993286133,20.549791653477996,-50.885582222154824,-21.42476421382346
2025-05-26,265.2413330078125,276.2642858493304,263.73147767049534,276.2642858493304,600598,442.82708740234375,461.92473175048826,18.892013000376082,-55.9584212994061,-28.33149563093999
2025-05-27,107.3873062133789,109.73596909296492,105.39390427745437,106.56625936837884,3605515,422.3813617706299,453.82329574584963,14.28983161561274,-71.88750908086087,-37.04269832092417
2025-05-28,107.3873062133789,107.3873062133789,107.3873062133789,107.3873062133789,0,400.9803810119629,445.6637774658203,14.974230492400636,-83.54833273777433,-46.343825204294205
2025-05-29,107.3873062133789,107.3873062133789,107.3873062133789,107.3873062133789,0,380.3639308929443,437.41605239868164,13.406525367649124,-91.7321879363501,-55.421497750705385
2025-05-30,107.3873062133789,107.3873062133789,107.3873062133789,107.3873062133789,0,359.596989440918,429.21144500732424,4.410302204201059,-97.09865924080293,-63.7569300487249
2025-06-02,107.3873062133789,107.3873062133789,107.3873062133789,107.3873062133789,0,339.1413944244385,420.7595426940918,4.4206225788254585,-100.1966221233138,-71.04486846364269
2025-06-03,101.18011474609375,103.12417942895549,99.55183672300488,102.9169451393184,2329866,318.04929237365724,411.6231425476074,4.1146676886171605,-101.97711974519763,-77.23131871995368
2025-06-04,104.59456634521484,105.84785013436405,101.16038716471341,102.38405960026405,1857002,298.34862518310547,402.29434783935545,4.5606086639966605,-101.93758619038809,-82.17257221404057
2025-06-05,102.83799743652344,106.57810018923037,101.4465650435503,104.63403549040626,1736860,279.8119285583496,393.09443298339846,3.742062499251503,-100.88505586876187,-85.91506894498484
2025-06-06,102.83799743652344,102.83799743652344,102.83799743652344,102.83799743652344,0,260.80204620361326,384.0868801879883,8.83260300017298,-98.91073660402606,-88.51420247679309
2025-06-09,102.83799743652344,102.83799743652344,102.83799743652344,102.83799743652344,0,239.37688674926758,375.11161865234374,9.031127027640053,-96.23671738972848,-90.05870545938018
2025-06-10,103.70641326904297,106.57810470413281,102.88734651970631,102.88734651970631,2208220,218.04942359924317,366.438035736084,9.436889427633986,-92.97569802562222,-90.64210397262859
2025-06-11,103.9629898071289,107.05178591952784,103.61759931520118,106.08468501318217,1607935,196.67409896850586,357.76958435058594,2.5044264605636215,-89.34074856608342,-90.38183289131956
2025-06-12,103.87417602539062,106.43007313775223,103.4202331705331,104.58469789523647,3395603,175.23315200805663,349.09935668945315,2.540948546084479,-85.48181036167082,-89.40182838538982
2025-06-13,100.74591064453125,103.12418493491586,99.03869151205897,103.12418493491586,3784290,153.43891677856445,340.49572509765625,2.6152740931588454,-81.73382227906086,-87.86822716412404
2025-06-16,100.74591064453125,100.74591064453125,100.74591064453125,100.74591064453125,0,145.15641555786132,331.88362670898437,28.876349254958413,-77.86592480944837,-85.86776669318891
2025-06-17,100.93341064453125,101.88077066572697,100.36104494559586,100.70644297254016,979688,137.10162734985352,323.79310302734376,29.71466117363248,-73.93320257759304,-83.48085387006975
2025-06-18,100.92353820800781,103.42023525342991,100.41038769664416,103.42023525342991,1240836,129.04733276367188,315.9199459838867,29.69623156896776,-70.01025387147357,-80.78673387035052
2025-06-19,101.52550506591797,104.28864398120773,100.06499459016743,101.64392788649822,1797624,120.31656150817871,316.03379699707034,32.258066005930004,-66.090860761245,-77.84755924852941
2025-06-20,103.20313262939453,104.10114792497856,101.13078211063704,101.79195928294975,1543835,111.80437622070312,316.1181953430176,38.50328071609752,-62.13311113123024,-74.70466962506958
2025-06-23,99.0485610961914,101.6439325867721,98.68342969589524,101.6439325867721,1269977,103.49473762512207,316.09847427368163,43.39856784314986,-58.655659308297786,-71.49486756171522
2025-06-24,104.30838012695312,106.33139340753888,101.65380103999019,103.61759914423743,4078301,103.34079132080078,308.2699787902832,49.204596297262285,-54.84313275159991,-68.16452059969217
2025-06-25,104.80179595947266,106.5583672759591,103.94325496721953,105.58139593250507,2225567,103.21151580810547,300.4470193481445,55.87020011211351,-51.19175674758607,-64.76996782927095
2025-06-26,103.43009948730469,105.49258706769335,102.63076612196433,104.60443470123288,1298613,103.01365547180175,292.7852478027344,51.635772856726135,-47.85703330920019,-61.3873809252568
2025-06-27,105.02877044677734,109.04518557822932,102.13734576784375,103.61759715578353,3324619,102.89572868347167,285.0780717468262,55.561124553743134,-44.571449646356484,-58.02419466947674
2025-06-30,105.72942352294922,106.97283681639938,105.09785018985187,105.59126732689342,1657107,102.81283454895019,277.34208038330075,55.179383724437095,-41.433445110743165,-54.706044757730034
2025-07-01,108.5616455078125,110.82149700109932,105.78863595259288,106.5485025941996,4308453,103.18191108703613,269.7687191772461,60.40180039822473,-38.27678629788616,-51.42019306576127
2025-07-02,110.68333435058594,112.0056886467049,108.20637824685735,109.43992107336291,2941691,103.4863494873047,262.2026605224609,64.10466235035457,-35.19816633684667,-48.17578771997835
2025-07-03,111.27543640136719,113.00239640503167,110.52544023452742,111.16688402739243,2023242,103.90822143554688,254.76627166748048,74.3718637334569,-32.33779023412549,-45.00818822280778
2025-07-04,116.48592376708984,118.2227542743818,111.27543977416235,111.5122779023095,5237125,104.59061775207519,247.5501448059082,79.35223132871853,-29.312581586190873,-41.8690668954844
2025-07-07,118.00564575195312,119.50563055425533,117.23591621334094,117.46288388295832,4514421,105.34900016784668,240.29493911743165,80.3295944274779,-26.487125973361927,-38.79267871105991
2025-07-08,116.7227554321289,119.30826391181219,115.50895350475491,118.91352870079176,1955617,105.99981727600098,232.30335784912108,76.85340193966775,-24.073941162916555,-35.84893120143124
2025-07-09,115.87407684326172,117.92669390819283,115.02539877851036,117.92669390819283,1163256,106.59537162780762,223.91270095825195,74.18495984724876,-21.976623251133475,-33.07446961137169
2025-07-10,116.96946716308594,117.41354711085617,115.45961190435301,116.83131096483247,845051,107.25013618469238,215.85776412963867,73.66812904119458,-19.995598044011075,-30.458695297899567
2025-07-11,116.36750030517578,118.42011748180805,115.45961454476284,117.43328316945964,1528132,108.03121566772461,207.73059143066405,83.91959213314247,-18.263662852805325,-28.019688808880723
2025-07-14,117.12736511230469,117.65038608504774,116.54512896206084,116.54512896206084,985292,108.85028839111328,199.7431546020508,80.47865092229931,-16.63798466593235,-25.74334798029105
2025-07-15,115.78527069091797,117.1273659466234,115.08461923857807,117.1273659466234,822167,109.59288139343262,191.59841690063476,75.10149567061072,-15.281760175177453,-23.65103041926833
2025-07-16,115.0451431274414,116.44644600976389,114.47277743332722,115.80500221663235,1035628,110.2989616394043,183.9271615600586,77.33394043224916,-14.104081531641938,-21.741640641743054
2025-07-17,120.19641876220703,122.35758072375283,114.47277690535981,115.4596111890267,4448267,111.23250732421874,176.8596513366699,80.58096721833971,-12.609740588985915,-19.91526063119163
2025-07-18,117.78854370117188,122.37732474290056,117.43328274768655,121.1832561327214,3481632,111.96177787780762,169.55470932006835,72.747575372491,-11.487341102155796,-18.22967672538446
2025-07-21,116.55500030517578,119.30826891816594,116.1503946264413,119.01221561524079,1042647,112.83709983825683,161.25898559570314,66.04594659912402,-10.57546073691644,-16.69883352769086
2025-07-22,114.97606658935547,117.64051619213868,114.47277898742594,116.93986474146529,1590977,113.37048416137695,152.9533934020996,58.80923595369811,-9.866461308581634,-15.332359083869015
2025-07-23,115.87407684326172,117.92669390819283,114.96619113225493,116.42670914778803,1601002,113.92409820556641,144.64148529052736,59.31998395625513,-9.126902974861466,-14.091267862067506
2025-07-24,117.4727554321289,120.39378404314454,115.87408116310188,116.54512878515602,3149496,114.62623100280761,136.33707809448242,52.343010710616284,-8.31593672369118,-12.936201634392242
2025-07-25,118.20301055908203,118.46946003473701,116.93986386709031,118.41024485739803,817303,115.28494300842286,127.96852600097657,50.48684965794996,-7.5275418247701396,-11.854469672467824
2025-07-28,120.58128356933594,122.07139791731,118.578011177479,118.578011177479,3136393,116.02753601074218,125.0522329711914,59.030035184900164,-6.634349776936887,-10.810445693361636
2025-07-29,117.6602554321289,121.37074693294115,117.33459831024888,120.65036211914995,2053897,116.482466506958,122.16485458374024,53.810544092792384,-6.091966801381062,-9.866749914965522
2025-07-30,125.78189849853516,129.42331193207033,118.41024510079967,118.41024510079967,13520057,117.23739471435547,119.44030395507812,64.46388496040868,-4.9497183929971555,-8.883343610571849
2025-07-31,135.33445739746094,137.06141744923002,126.80820951561412,128.2983239108692,18330383,118.44034576416016,116.62417449951172,74.06109413825884,-3.2363598885883818,-7.7539468661751565
2025-08-01,131.5252685546875,137.16996170877374,130.755539038939,136.1831274518761,12745254,119.19231300354004,113.78574310302734,66.95327550130494,-2.160970314032511,-6.635351555746627
2025-08-04,135.46275329589844,138.05811735593537,132.43316466157597,134.06145034803325,10229215,120.0651683807373,111.19017150878906,71.83530120520687,-0.9797008353632606,-5.504221411669954
2025-08-05,134.8212890625,137.16995937243956,134.20945665217107,136.16338423133752,3155302,120.97009506225587,111.73885116577148,71.99294080714064,-0.09421105917996897,-4.4222193411719575
2025-08-06,134.9890594482422,135.9265640946767,133.02526879662952,135.9265640946767,3604852,121.92584419250488,112.29088623046874,68.50157457488578,0.6140057598739048,-3.414974320962785
2025-08-07,139.0153350830078,141.80807779945582,135.24563610240958,136.18312562228826,11733778,123.02813758850098,112.92344680786132,75.51597097114173,1.4830636515370372,-2.4353667264628207
2025-08-08,136.77523803710938,139.6271885207987,135.59102484781448,139.6271885207987,4361689,124.04852447509765,113.51120544433594,73.7317476989587,1.968351253577083,-1.5546231304548401
2025-08-11,135.68971252441406,137.2686533842202,135.24564011318608,136.67654679731888,1833392,124.97664184570313,114.07725357055664,74.59570775760965,2.239536356686017,-0.7957912330266688
2025-08-12,138.03839111328125,141.8080904296287,135.69958350817953,135.69958350817953,7809024,126.08929786682128,114.81441909790038,75.441761810222,2.613840511718763,-0.11386488407758244
2025-08-13,136.24234008789062,138.65021817217254,135.85747531592074,138.03838572901432,2496311,127.14915771484375,115.4473745727539,71.44786821789904,2.7340366709102,0.455715426919974
2025-08-15,135.1173553466797,137.1206278421784,134.20946956539086,136.18313823547015,2782053,127.89520454406738,116.09296173095703,69.15509914267639,2.707307965326436,0.9060339346012665
2025-08-18,134.43643188476562,135.68971565649477,133.24237081941044,134.20946421296938,3200704,128.72759895324708,116.72493041992188,66.31796132905669,2.6011954786300464,1.2450662434070225
2025-08-19,132.40354919433594,135.68970904581104,131.74237205538745,135.1962919220081,3904328,129.52002639770507,117.31624145507813,67.73500080854217,2.3262483815130395,1.461302671028226
2025-08-20,137.05154418945312,139.63704508198524,132.73906831751685,132.73906831751685,11389664,130.62380027770996,117.98314407348633,64.79271363703461,2.4551042636499574,1.6600629895525723
2025-08-21,138.77850341796875,142.40018325690022,137.19956261731568,137.66337591283644,10418326,131.7690216064453,118.67945434570312,55.6895758120241,2.66584446003597,1.8612192836492518
2025-08-22,138.75877380371094,141.50217199812536,138.25549372328987,139.73574519759535,4783777,132.8333225250244,119.37714630126953,63.66007082818258,2.7990004343002965,2.0487755137794608
2025-08-25,135.95616149902344,139.63704910733816,135.20615781729458,139.63704910733816,1914068,133.7209800720215,120.08135131835938,50.9735008820997,2.6478572623750836,2.1685918634985852
2025-08-26,135.5318145751953,137.55482783351715,134.9989306966495,135.9561611399838,1569580,134.46850662231446,120.77706939697265,51.413990565905955,2.4654141991382517,2.227956330626519
2025-08-27,133.9923553466797,136.76535722309305,133.70618003519792,135.5910220380449,1599756,135.28511161804198,121.43824829101563,48.119179303370736,2.171572724536759,2.2166796094085672
2025-08-28,132.2456512451172,134.60418447931838,132.13709887626712,134.20945680598837,2110820,135.6082992553711,122.0646905517578,36.022839399602546,1.7772695585615566,2.128797599239165
2025-08-29,135.8476104736328,136.62720292864083,132.11737810329856,132.4331572425019,3334537,135.6339569091797,122.75113265991212,48.18672662293232,1.7354245714419108,2.050122993679714
2025-09-01,133.43972778320312,136.76535436957067,132.926569759709,136.1239181336247,3829111,135.72967987060548,123.35586456298829,45.81805393662489,1.4907813091179776,1.9382546567673669
2025-09-02,134.1009063720703,136.38049109291836,133.76538633910909,134.19959582077456,2201539,135.66158752441407,124.05691146850586,42.19176556808478,1.3348638678436942,1.8175764989826324
2025-09-03,134.80157470703125,136.67655389982684,133.7752585774551,134.16012336157195,3948699,135.6606018066406,124.66677536010742,47.01312652788533,1.2533879748440313,1.7047387941549124
2025-09-04,137.6041717529297,139.14363079071254,135.29498319625543,135.57129558468333,6790904,135.791357421875,125.32282287597656,54.8201779292069,1.3988389572111544,1.643558826766161
2025-09-05,137.0416717529297,138.50219733016436,136.4298393173749,138.1567993087341,1624992,135.6926742553711,125.99505432128906,55.073006342409286,1.4519833000092035,1.6052437214147695
2025-09-08,136.2620849609375,138.05811559650516,135.68971924734655,138.05811559650516,3318727,135.6670166015625,126.61972061157226,57.899008098519175,1.4148845276264126,1.5671718826570982
2025-09-09,135.38380432128906,137.16997205169147,135.20616631154738,136.26208627383653,1508001,135.65172119140624,127.21280822753906,45.96276182743787,1.2996322244186445,1.5136639510094074
2025-09-10,134.702880859375,136.1831322973901,133.3213188737194,135.20616092745746,3668954,135.48494567871094,127.73563293457032,39.60747297009162,1.1402055315029713,1.4389722671081202
2025-09-11,135.04827880859375,137.5646942054836,134.80157023573034,135.19629792915327,4315769,135.42524261474608,128.22293182373048,40.69309499916182,1.0298578958913254,1.3571493928647613
2025-09-12,135.16668701171875,137.1699593136096,134.30814604173565,136.18312507394336,2484170,135.42770919799804,128.7007568359375,47.71165398336473,0.9411125919332903,1.2739420326784672
2025-09-15,135.70945739746094,136.92325937244348,135.07788404663543,135.19629934432257,1242143,135.49136047363282,129.08522750854493,50.5113990775313,0.904155788071705,1.199984783757115
2025-09-16,135.20616149902344,136.42984144713154,134.9002452764705,136.1831328730861,1968966,135.6314910888672,129.42923782348632,53.71600158453731,0.8247482969877353,1.124937486403239
2025-09-17,139.06468200683594,142.78505138042658,135.3443126332453,136.17326485501775,14627649,135.73214797973634,129.87607635498046,68.48580013633988,1.060937815456981,1.1121375522139876
2025-09-18,139.44955444335938,141.37387834326978,138.7489105131365,140.13047252899614,4445067,135.76570053100585,130.34758590698243,61.82758147285975,1.2645981987614618,1.1426296815234824
2025-09-19,142.65676879882812,143.95939734644904,138.65022381528,140.13047531508724,7120407,135.96060028076172,130.86133193969727,78.75613875733842,1.6655959610600632,1.2472229374307986
2025-09-22,143.3771514892578,146.79160485626292,140.13047320732323,142.5482142757294,9428291,136.33164978027344,131.4015249633789,78.83432905763185,2.0182532719429958,1.401429004333238
2025-09-23,143.3771514892578,143.3771514892578,143.3771514892578,143.3771514892578,0,136.72391662597656,131.92652069091798,77.87038001299274,2.271551697598369,1.5754535429862644
2025-09-24,142.12387084960938,145.3606859382533,141.6107128308062,144.07779842019306,1783281,137.13049240112304,132.4532926940918,66.33378146923137,2.344141447896561,1.729191123968324
2025-09-25,141.3245391845703,143.4856935375749,141.01860791926794,142.12387251563845,1561325,137.5844367980957,132.97888061523437,65.21740544760583,2.310535547381818,1.8454600086510229
2025-09-26,144.16661071777344,146.2981762931743,139.9330984474787,141.21598597292714,6832258,138.00038681030273,133.45828445434572,74.49534568997558,2.484593205782403,1.973286648077299
2025-09-29,145.20278930664062,145.5580502349536,142.5975475183105,144.16661034423643,2068851,138.58853988647462,134.00656936645507,80.13317661823172,2.675306834629481,2.1136906853877355
2025-09-30,149.25868225097656,151.4790593423134,145.2126557502711,145.5481908436295,7290312,139.34642868041993,134.6606430053711,87.00448509120307,3.1177855327372583,2.3145096548576403
2025-10-01,150.0382843017578,151.47906904321346,146.9396251203884,149.99881755419185,3042824,140.10826416015624,135.36188735961915,87.28519128308713,3.491117034932614,2.549831130872635
2025-10-02,148.90342712402344,150.9856481021268,148.02514519816353,149.99881380080572,1544534,140.67322692871093,136.0224743652344,82.52335428939304,3.6532984992842614,2.7705246045549603
2025-10-03,151.80471801757812,154.9329808559384,149.20933906114618,150.51196752925372,6211119,141.41137924194337,136.70911361694337,84.27908941715549,3.970172726404172,3.010454228924803
2025-10-06,152.4658966064453,156.90665087653596,147.97579761066334,151.7751156204549,4926999,142.22156982421876,137.39437133789062,86.51358816002355,4.225935467260712,3.253550476591985
2025-10-07,152.4658966064453,152.4658966064453,152.4658966064453,152.4658966064453,0,143.07567443847657,138.03206359863282,83.8822576289495,4.378160572293467,3.478472495732282
2025-10-08,161.7125244140625,164.8013204481747,151.47905801673542,152.4658922709161,14700563,144.42615661621093,138.91310897827148,88.86975480788186,5.185154419040259,3.819808880393878
2025-10-09,159.04808044433594,168.94602715172493,157.4000689897606,162.4329298834381,9212812,145.62614669799805,139.5784326171875,79.1710817094756,5.5457762396296175,4.165002352241026
2025-10-10,153.94615173339844,159.73886429099366,152.86062797365818,159.73886429099366,2943606,146.56511993408202,139.95066650390626,66.27167363906648,5.358123509707411,4.403626583734304
2025-10-13,148.01527404785156,151.97247395532642,147.03830272301062,148.034999891096,3946911,147.18041076660157,140.28046661376953,56.03803298904524,4.676922455682501,4.458285758123943
2025-10-14,162.8177947998047,162.8177947998047,151.85406524421734,151.97248054039733,6417871,148.5609924316406,140.82756744384767,69.91454728445267,5.270747530825247,4.620778112664204
2025-10-15,158.59414672851562,169.2420821832591,157.76519447382086,166.77499643714745,9004213,149.5374656677246,141.30302459716796,65.59160226998142,5.339000407021416,4.764422571535646
2025-10-16,153.80799865722656,161.23885992759466,152.465903371511,159.86716081672995,4456903,150.25538787841796,141.67940338134767,58.40938080271205,4.949830587448076,4.801504174718133
2025-10-17,157.40992736816406,158.48558815540366,152.95931027707363,154.9329787967778,3059140,150.99304580688477,142.04729522705077,60.19113822043391,4.875850476832113,4.816373435140929
2025-10-20,160.29148864746094,163.02502388364638,157.6961246693097,158.88032282161825,3690887,151.83876266479493,142.5176202392578,59.39496139865054,4.992191740346641,4.851537096182072
2025-10-21,159.36387634277344,162.34410508362708,157.8934878166383,162.33424216148126,2312080,152.6380989074707,142.991103515625,57.92121940446146,4.952453666198096,4.871720410185277
2025-10-22,158.45599365234375,162.33424529388444,155.91982222756073,160.03491952623926,3392099,153.45470504760743,143.39945556640626,58.145420735558275,4.792457938597863,4.855867915867794
2025-10-23,155.47573852539062,159.47242023472245,154.25205863906342,158.45598216560464,1345995,154.16226501464843,143.78412353515625,53.126049232182936,4.374749105551871,4.75964415380461
2025-10-24,154.311279296875,158.17966806185535,153.50208297673115,155.47575163587805,1335780,154.66949844360352,144.16800201416015,51.558076647079965,3.904738325186372,4.588662988080962
2025-10-27,152.06129455566406,156.11718415452017,151.28170207961375,155.08100512192695,2634181,155.01242370605468,144.52049926757812,49.67089405707846,3.312511856083347,4.33343276168144
2025-10-28,150.89683532714844,154.21259915329878,149.99881250679815,154.09416879879234,1497072,155.09433135986328,144.8903649902344,39.870619126407576,2.7178760018779258,4.010321409720737
2025-10-29,149.23895263671875,151.96262504514152,148.52843070912124,151.96262504514152,1534222,155.05436477661132,145.1341131591797,40.63677683651286,2.0887675139974817,3.626010630576086
2025-10-30,144.58108520507812,150.98564511477628,143.09097086040887,149.25868512163342,2724338,154.83824768066407,145.2501647949219,40.98422063436522,1.2005048578463118,3.1409094760301315
2025-10-31,152.18959045410156,153.4033924548328,146.40674072066201,147.03831408488526,2923968,154.85749130249025,145.51878112792969,53.89288310251263,1.0978378980164223,2.7322951604273897
2025-11-03,152.1599884033203,154.24220945084963,148.41987784418762,152.6435275900362,1535083,154.842195892334,145.84285766601562,36.280492595665514,1.0025284308735252,2.386341814516617
2025-11-04,149.73236083984375,153.2158846378343,149.0119760328495,153.2158846378343,852019,154.7055191040039,146.1268685913086,38.03941129369743,0.7227740463574719,2.0536282608847882
2025-11-05,146.72251892089844,150.72907889374255,146.05147881359932,149.99881607883174,1751746,153.9560188293457,146.38147186279298,39.955222330861545,0.2552551698394723,1.6939536426757251
2025-11-06,146.28831481933594,148.91328248353807,145.05477200533082,148.0251376806127,956562,153.3180305480957,146.66232513427735,32.677557965985685,-0.14858080328178858,1.3254467534842225
2025-11-07,147.1172637939453,148.8146200469916,145.06464657961268,146.2883265702428,654560,152.97658615112306,146.8877182006836,28.078860508810237,-0.39715629646173056,0.980926143495032
2025-11-10,150.93629455566406,151.47905640125418,147.11725085124047,148.02513654845686,1303971,153.12263717651368,147.2376495361328,37.20789219155898,-0.2827311514774067,0.7281946845005444
2025-11-11,147.0284423828125,150.50208814966587,146.05147104081857,150.1961719371545,2056218,152.33316955566406,147.49620025634766,34.10213475599453,-0.5015973092074546,0.48223628575894456
2025-11-12,144.75872802734375,148.02514719961852,144.07780994096203,147.99554337481032,1118970,151.64139862060546,147.6953433227539,34.78992841402059,-0.848417269583706,0.21610557469041447
2025-11-13,146.1600341796875,147.275161798447,145.27188930000628,145.27188930000628,804704,151.2590003967285,147.86646057128905,38.50863508742644,-0.9986886307219152,-0.02685326639205146
2025-11-14,145.59751892089844,147.0383035543548,144.76858176307758,146.44619697997095,1138137,150.66837997436522,148.03757751464843,40.432358643468774,-1.1499145482039808,-0.25146552275443734
2025-11-17,146.3179168701172,148.51855300743858,145.60739501322405,146.04160448775824,1225975,149.96970138549804,148.23869415283204,43.13202683069509,-1.197824310416621,-0.4407372802868741
2025-11-18,145.90345764160156,148.91329021778185,145.06464246135351,146.84094721735755,1348453,149.29668045043945,148.4490872192383,44.80320924621988,-1.2547723040497942,-0.6035442850394581
2025-11-19,144.413330078125,146.8310711388803,143.92979090071194,145.90345953118918,766579,148.59454727172852,148.6432962036133,49.71000837741853,-1.4039608533667831,-0.7636275987049232
2025-11-20,146.57449340820312,147.9264515440936,143.09096962809565,145.30148382112398,2037035,148.14948501586915,148.87382049560546,38.04117446338333,-1.3324464214765328,-0.8773913632592452
2025-11-21,145.66661071777344,147.0777765301912,144.68963934601751,147.0185688818235,699175,147.71725158691407,149.08381896972656,36.66935232254936,-1.3336557117224288,-0.9686442329518818
2025-11-24,143.9495086669922,146.3475237485535,143.5646439079633,145.55805332908776,793955,147.31166229248046,149.2486199951172,37.7712770454236,-1.4563816074278577,-1.066191707847077
2025-11-25,144.89688110351562,145.331090601865,143.94951355639915,144.91662200559412,1209489,147.01166458129882,149.44243438720704,45.77047701397692,-1.460363563743016,-1.145026079026265
2025-11-26,145.00543212890625,145.36069307353236,143.58438835040175,145.06463977669458,1890176,146.79998855590821,149.56124938964842,46.98236473492546,-1.4381816692152825,-1.2036571970640686
2025-11-27,148.5580291748047,150.00867680315378,144.22582719200545,145.06464237173532,4009406,146.99883575439452,149.74341888427733,53.00408893594764,-1.1210151023857975,-1.1871287781284143
2025-11-28,154.3310089111328,155.01192695799622,148.96262814166002,148.96262814166002,4612433,147.10590667724608,149.97690368652343,56.544905543147486,-0.3992250770158705,-1.0295480379059057
2025-12-01,155.20928955078125,157.00533511259235,152.97904956783913,154.93297716556347,2732292,147.25837173461915,150.2135464477539,67.85864179189988,0.24089177539141815,-0.775460075246441
2025-12-02,151.89352416992188,156.32441532124855,151.47905559673495,152.95930695435777,1666921,147.36642990112304,150.3838739013672,64.89487901530308,0.475157121962269,-0.525336635804699
2025-12-03,149.98895263671875,153.9461528105576,149.70276225355906,151.77512033378292,828696,147.52975158691407,150.54117553710938,57.82889326233213,0.5013518196530242,-0.3199989447131544
2025-12-04,149.2685546875,150.98565183509493,148.32120216723143,149.99881750937536,741348,147.67876358032225,150.70005584716796,57.457923344135494,0.45869367722627885,-0.16426042032526772
2025-12-05,151.37051391601562,151.92313871928405,149.01198052199007,149.9988148300827,1379274,147.89142608642578,150.84413391113281,59.71907101358328,0.5877224365487166,-0.013863848950470853
2025-12-08,159.08755493164062,159.86714735809804,151.656679228954,151.97247341448826,8479872,148.29898910522462,151.1218292236328,69.79844395673288,1.2977200647680434,0.248452933793232
2025-12-09,159.70925903320312,162.32437895532857,158.68295798966503,159.77834466179232,3310901,148.93302993774415,151.33084075927735,73.58490654821284,1.8887918093406597,0.5765207089027176
2025-12-10,157.735595703125,160.5579424894166,156.0777212564123,159.86716146995298,1648329,149.5818733215332,151.4847869873047,67.3094726041142,2.1729142859159083,0.8957994243053558
2025-12-11,158.8803253173828,161.3474111142366,157.00534613493264,157.8934909986413,2654349,150.21788787841797,151.68432495117187,70.34336687662153,2.462072271994998,1.2090539938432843
2025-12-12,162.6796417236328,163.41976745475415,158.88032361405124,160.75530277640004,4718546,151.07199401855468,151.90182342529297,77.09883286074952,2.963642119455841,1.5599716189657955
2025-12-15,168.61050415039062,170.22891175256294,162.8276547198428,162.8276547198428,6073474,152.18662338256837,152.2247155761719,79.9850431341194,3.7959534799206267,2.007167991156762
2025-12-16,164.959228515625,171.70917164932388,164.4066037057872,171.21575448941203,5515342,153.13941192626953,152.47458221435548,73.15623729471446,4.113520694834278,2.428438531892265
2025-12-17,164.86053466796875,165.77829839105837,159.4230831314575,164.80132701962032,3395999,154.16177215576172,152.5375424194336,70.56774547766061,4.307576175140667,2.804266060541946
2025-12-18,163.8539581298828,166.8736836919786,162.82765709849392,165.29474281210744,1605060,155.0257453918457,152.63365997314452,63.65695333979313,4.330228053537468,3.1094584591410506
2025-12-19,165.38356018066406,166.28158302633355,162.82766290412482,162.82766290412482,1063126,156.01159286499023,152.86240814208983,64.32343882312455,4.420647460280605,3.371696259368962
2025-12-22,164.78158569335938,168.75852668141883,163.5381799075542,166.77499517737087,2156265,157.0531967163086,153.197734375,69.64501687649089,4.393090370163009,3.5759750815277713
2025-12-23,162.39344787597656,165.77829731083693,161.84082308446375,164.80132594576492,779839,157.92802505493165,153.18924743652343,68.63323870108879,4.1309296289957445,3.686965991021366
2025-12-24,160.56781005859375,164.28816440001276,159.18623305135074,162.3934444160956,1425977,158.706143951416,153.228720703125,66.42755095702483,3.732821990181776,3.6961371908534484
2025-12-26,164.1697540283203,165.0480359491419,160.3605730447567,160.5678148723197,1370708,159.4867301940918,153.4359558105469,67.83063078536648,3.6657095757024933,3.6900516678232576
2025-12-29,167.5249786376953,169.1433862225614,164.10066254920923,164.8013214996219,2568209,160.14642868041992,153.6382568359375,63.38027214736242,3.8390074012805258,3.719842814514711
2025-12-30,167.85064697265625,169.23222406442986,166.77500117071668,167.6631460413665,2832161,160.77849655151368,153.7894400024414,63.03318276462133,3.957011919251272,3.7672766354620233
2025-12-31,168.6302490234375,172.10389489758361,167.7618300259528,167.90984914693482,2946496,161.61533279418944,153.97476745605468,68.13403283058662,4.0665619254815795,3.827133693465935
