Date,Close,High,Low,Open,Volume,SMA_20,SMA_50,RSI,MACD,MACD_Signal
2023-01-02,72.3877944946289,72.76715141735181,69.04257578998156,69.65644043782893,1070969,,,,0.0,0.0
2023-01-03,71.89118957519531,72.38779510238153,69.22190921301112,71.04971076664931,486041,,,,-0.03961520724826073,-0.007923041449652146
2023-01-04,71.0359115600586,72.0774144285862,70.83588748184678,71.90498042277618,144134,,,,-0.1384286134821906,-0.03402415585615984
2023-01-05,70.61517333984375,71.04281157578448,70.4220480920861,71.04281157578448,129658,,,,-0.24783215315858342,-0.07678575531664456
2023-01-06,69.65644073486328,71.04281163931812,69.47021432072138,71.04281163931812,176702,,,,-0.4072029729244804,-0.14286919883821173
2023-01-09,68.60803985595703,69.65643624671445,68.14591800500394,68.97359908916674,947381,,,,-0.611058779629019,-0.23650711499637317
2023-01-10,69.62194061279297,70.00819101723847,68.91151350650195,70.00819101723847,288131,,,,-0.6829302626313734,-0.32579174452337323
2023-01-11,68.41490936279297,69.83576371091156,68.18729524034651,69.83576371091156,113011,,,,-0.8277445411929847,-0.4261823038572955
2023-01-12,68.40111541748047,69.31846552770685,68.28386156460675,69.31846552770685,231003,,,,-0.9328704070289433,-0.5275199244916251
2023-01-13,67.99417114257812,68.62872695296785,66.38708511782066,68.62872695296785,19231,,,,-1.0370657664991398,-0.6294290928931281
2023-01-16,67.00786590576172,69.62886003550858,65.87669907651757,69.62886003550858,72013,,,,-1.1855615141321039,-0.7406555771409233
2023-01-17,65.22832489013672,67.59411927526156,64.69723055408588,67.59411927526156,143077,,,,-1.4303513516820487,-0.8785947320491484
2023-01-18,66.59400939941406,67.18028391609909,64.86966949018291,66.83541593425286,400133,,,,-1.49689446752177,-1.0022546791436726
2023-01-19,65.49043273925781,66.90439367966312,65.21454254214592,66.59401457677815,307107,,,20.41417813979821,-1.6200053662973062,-1.1258048165743992
2023-01-20,64.84207153320312,66.14567192503914,64.69722762991769,66.14567192503914,304561,,,19.33852793883038,-1.7497192964044785,-1.2505877125404152
2023-01-23,63.53158950805664,66.04222836920471,63.24879519489489,66.04222836920471,136764,,,18.138782503205135,-1.9359470750311232,-1.387659585038557
2023-01-24,63.66263198852539,65.52491699830698,63.11084110889567,63.86265078856664,679177,,,20.255925159572357,-2.049336423660975,-1.5199949527630405
2023-01-25,66.60779571533203,67.24925031342772,63.697109372623984,64.1454387605003,1598302,,,36.56951466101548,-1.879878135421606,-1.591971589294754
2023-01-26,70.18754577636719,70.83589412063408,66.83542796827632,66.90440052461084,2417075,,,51.51398434101784,-1.4401244501894155,-1.5616021614736861
2023-01-27,69.47711181640625,71.56011228759658,69.01498468230947,70.93934881529871,598035,68.06280326843262,,52.526076616776855,-1.1358492069965251,-1.4764515705782542
2023-01-30,67.9734878540039,70.00820703737497,67.62861983904146,69.62885011600898,225929,67.84208793640137,,45.34117817525705,-1.0044599826125875,-1.3820532529851208
2023-01-31,70.07026672363281,70.52549493811922,67.76655137085783,68.28385328971935,973364,67.75104179382325,,54.45432007725685,-0.7228084584369583,-1.2502042940754885
2023-02-01,70.22201538085938,70.35306689527624,69.66333094532254,70.07027262990674,223712,67.71034698486328,,54.863661225125256,-0.48179887044723557,-1.0965232093498378
2023-02-02,69.81507110595703,71.38766817154122,69.66332836063442,70.82898375673302,405219,67.67034187316895,,54.863661225125256,-0.3199459004139271,-0.9412077475626557
2023-02-03,69.78060150146484,70.97384729598177,68.31836430531037,70.97384729598177,215360,67.67654991149902,,57.80278551292814,-0.19224162282122848,-0.7914145226143703
2023-02-06,71.42216491699219,73.09822360776651,68.6287320116123,70.35307201190406,499709,67.81725616455078,,67.56656929568322,0.04095330157774413,-0.6249409577759475
2023-02-07,71.38768005371094,71.90498208308566,70.6358702969085,71.39457888753773,156346,67.90554313659668,,64.70593329391879,0.22043824411771595,-0.4558651173972148
2023-02-08,70.6358642578125,72.00843738496853,70.24960853056028,72.00843738496853,249714,68.01659088134765,,66.13325480668715,0.29857432370992854,-0.3049772291757861
2023-02-09,73.14649200439453,73.79484015170604,71.04279547050665,71.38766340968387,1469118,68.25385971069336,,73.31532756531857,0.5566674903689517,-0.13264828526683858
2023-02-10,71.40837097167969,74.4225193436933,70.69794369649733,71.46355111750917,730960,68.42456970214843,,71.59611739680756,0.6138799175875818,0.016657355304045482
2023-02-13,71.26353454589844,72.34642002615034,71.04281920158815,71.73255531034143,520865,68.63735313415528,,70.82397705959777,0.640154783379316,0.14135684091909959
2023-02-14,69.98751831054688,72.07051888028843,69.69783043052487,72.07051888028843,187632,68.87531280517578,,60.19142027475772,0.5516548243176942,0.22341643759881852
2023-02-15,71.27041625976562,71.7325380786744,69.69781915154212,71.57389649637187,488615,69.10913314819337,,53.79040528126135,0.5783700224342283,0.2944071545659005
2023-02-16,71.64288330078125,71.89808226392363,70.35997386453226,70.35997386453226,194263,69.41675567626953,,57.764627879267955,0.6224220923508881,0.360010142122898
2023-02-17,71.0497055053711,71.72564382586631,70.35307068495757,71.69805375490986,219186,69.72713737487793,,61.79897790533802,0.6025236666705354,0.4085128470324255
2023-02-20,70.4841079711914,72.18085752532144,70.35305647618291,72.18085752532144,224990,70.07476329803467,,51.7985640135999,0.5349484738334525,0.43379997239263096
2023-02-21,70.67725372314453,71.56011502315398,70.38756584575427,71.56011502315398,253466,70.42549438476563,,51.97138324239996,0.49131630611024946,0.44530323913615466
2023-02-22,75.97441864013672,75.97441864013672,70.3530693957665,71.0428053702348,3579528,70.89382553100586,,68.73692761157658,0.8740983754192655,0.5310622663927769
2023-02-23,75.12602233886719,77.59527777454788,74.84323339624522,77.59527777454788,2117131,71.14074935913087,,65.49369248480673,1.0963592846008936,0.6441216700344002
2023-02-24,74.28456115722656,75.52608799631975,73.87072063161808,75.52608799631975,996579,71.38112182617188,,58.70018115521932,1.190876093149626,0.7534725546574454
2023-02-27,78.00914764404297,78.59542224492279,74.14662674512284,74.62943988413716,3352546,71.88290481567383,,66.43834396974654,1.5484744965945367,0.9124729430448638
2023-02-28,77.95396423339844,78.87131442139945,77.28492470084298,78.28503984505753,841706,72.2770896911621,,68.81871139429049,1.8065956574575779,1.0912974859274067
2023-03-01,77.07798767089844,78.11259153225278,76.21581778643649,77.94015755536039,1244724,72.61988830566406,,61.03792842714945,1.918360879273834,1.2567101645966923
2023-03-02,79.38861083984375,80.52667626781681,76.57448675743312,77.71945101869284,4668590,73.0985652923584,,71.70722333088726,2.168387777316113,1.4390456871405766
2023-03-03,80.48529052734375,80.6991069901441,79.45758016231171,79.99557862921758,654735,73.63379974365235,,73.84931872281048,2.427051244844236,1.6366467986813085
2023-03-06,79.90592193603516,80.87155347777573,79.49208135022306,80.87155347777573,306335,74.0579875946045,,76.60983324961632,2.5558316665941305,1.820483772263873
2023-03-07,79.4368896484375,80.00937176105137,79.07822926283751,79.52655869153834,728911,74.46044807434082,,72.91010830973966,2.590186040560255,1.9744242259231495
2023-03-08,79.60932922363281,80.28527283063404,79.49897419811785,80.0093773734444,4647641,74.90912132263183,,72.60262526733223,2.6013399345315094,2.0998073676448215
2023-03-09,79.73348236083984,80.35424582741082,79.33343420879764,80.28527327829586,3861364,75.2384708404541,,75.31151262417808,2.5903377947758486,2.1979134530710267
2023-03-10,79.74727630615234,80.4163157898378,79.52656100192455,80.4163157898378,386192,75.65541610717773,71.60452804565429,77.89773985803687,2.5532987373879195,2.2689905099344054
2023-03-13,79.89901733398438,80.60255101511794,79.49207561162271,79.49207561162271,3651796,76.08719024658203,71.7547525024414,77.84247990561269,2.5072868087499387,2.316649769697512
2023-03-14,80.39562225341797,80.83705284925105,79.42309728087774,80.31975087642155,5283166,76.60759544372559,71.92484115600585,68.79757002021523,2.4822797151137337,2.349775758780756
2023-03-15,80.7266845703125,81.25088529010335,80.00935865435316,80.01625748629259,537807,77.08040885925293,72.11865661621094,74.90798070580699,2.4608087044659754,2.3719823479178004
2023-03-16,80.88533782958984,81.21641342263418,80.56805990331753,80.77498280675374,1329971,77.54253158569335,72.32405990600586,81.25397819677237,2.428599383992392,2.3833057551327186
2023-03-17,80.11283874511719,81.2509042159341,79.87143219367557,81.11295385634736,867786,77.99568824768066,72.53318786621094,63.82586336746657,2.314063956552374,2.36945739541665
2023-03-20,76.43904876708984,77.84541755821175,75.42014976653637,76.88392270611897,496719,78.29343528747559,72.68980804443359,43.252898973746646,1.9048912563900586,2.2765441676113314
2023-03-21,76.32423400878906,76.76910240388786,75.41296108615501,76.76910240388786,569668,78.5757843017578,72.82385391235351,46.39878049313918,1.553447180029309,2.131924770094927
2023-03-22,76.57540130615234,77.30728522088552,75.50627477824402,76.0587747901702,378658,78.6058334350586,72.9870637512207,33.26625913874555,1.2804322928693352,1.961626274649809
2023-03-23,76.57540130615234,76.57540130615234,76.57540130615234,76.57540130615234,0,78.67830238342285,73.15054946899414,23.253352483922583,1.0519399192497616,1.7796890035697996
2023-03-24,75.96549224853516,76.4175376837816,75.64977484809273,76.4175376837816,63658,78.76234893798828,73.30997589111328,23.156594845866636,0.8122800445042913,1.586207211756698
2023-03-27,76.6327896118164,77.13506224599939,74.69544057776532,77.13506224599939,697490,78.69353103637695,73.50247436523438,31.400055262542622,0.6684872822218182,1.4026632258497223
2023-03-28,76.56822204589844,76.99157089008021,76.13052489865585,76.91981295168995,912083,78.62424392700196,73.7292723083496,29.535092907486813,0.5430603574290274,1.2307426521655833
2023-03-29,76.21662139892578,76.77629821092064,76.20226762333742,76.69736886826891,1424324,78.58117561340332,73.92172454833984,27.036497543051397,0.41055476237782784,1.0667050742080324
2023-03-30,75.81480407714844,76.20226843236514,75.24077348347082,76.20226843236514,79105,78.40248527526856,74.12821197509766,25.56111984053757,0.2700073472827995,0.9073655288229859
2023-03-31,76.4605712890625,76.77628862023084,74.80306624915013,74.80306624915013,1465208,78.2012493133545,74.36058197021484,29.86752387214821,0.2083290378620859,0.767558230630806
2023-04-03,76.05159759521484,76.74043112229849,75.4488703119025,76.74043112229849,232448,78.00853309631347,74.61098213195801,24.301549904767057,0.12500677384534242,0.6390479392737133
2023-04-04,76.1592025756836,76.5323240280513,74.77435911366875,74.77435911366875,258119,77.84464874267579,74.86091354370117,22.245834805256465,0.06688509223035055,0.5246153698650408
2023-04-05,76.05159759521484,76.74043112229849,75.91526955219643,76.74043112229849,191247,77.66676216125488,75.04978958129882,20.44456676898389,0.012002065831012487,0.4220927090582351
2023-04-06,76.11617279052734,76.76912729721307,75.91526371154713,76.76912729721307,342562,77.48589668273925,75.16836212158204,23.246728175837376,-0.025982934323963036,0.3324775803817955
2023-04-07,76.01570892333984,76.74041580153985,75.78609779348575,76.4175270319942,156747,77.29931831359863,75.2991340637207,44.56722239845852,-0.06346137189254364,0.2532897899269277
2023-04-10,75.51342010498047,76.740404919367,75.3412131506,76.740404919367,206388,77.08003845214844,75.44993270874023,40.53591942507548,-0.13217023729951904,0.17619778448163836
2023-04-11,75.06856536865234,76.05158549204538,74.8317773417364,76.05158549204538,104322,76.81368560791016,75.54989868164063,33.172588659491666,-0.21998274343886237,0.09696167889753823
2023-04-12,76.05876922607422,76.26685519503124,75.34123366733768,75.91526430407166,798816,76.58028984069824,75.66663375854492,45.27545210984594,-0.20728416852932696,0.036112509412165206
2023-04-13,76.37448120117188,76.66866791269861,75.73587503718595,76.05876382594775,685971,76.35474700927735,75.79782196044921,53.9528580003215,-0.16978792899378448,-0.005067578269024733
2023-04-14,76.37448120117188,76.37448120117188,76.37448120117188,76.37448120117188,0,76.16782913208007,75.92969955444336,47.133750412705396,-0.1384756281725572,-0.03174918824973123
2023-04-17,76.28119659423828,76.63279292774119,75.26947439464612,76.34577763534833,739960,76.1599365234375,76.02688018798828,46.83526840618528,-0.11980663602329855,-0.0493606778044447
2023-04-18,77.50817108154297,78.21135817847176,76.20225687955575,76.66865598191418,464175,76.2191333770752,76.14929000854492,61.93641096802215,-0.0059363083034469355,-0.04067580390424515
2023-04-19,77.46513366699219,77.78085104589535,76.81217919396063,76.81217919396063,263605,76.26361999511718,76.28587539672851,66.33554350616986,0.07991280209185447,-0.016558082705025224
2023-04-20,79.1369857788086,79.64643529358295,77.2785661086239,77.49382893429693,1975152,76.39169921875,76.4056852722168,72.01929245111295,0.27962993394712043,0.042679520625403915
2023-04-21,79.1369857788086,79.1369857788086,79.1369857788086,79.1369857788086,0,76.55027389526367,76.56025756835938,77.21541476440693,0.43291680438703395,0.12072697737772993
2023-04-24,79.1369857788086,79.1369857788086,79.1369857788086,79.1369857788086,0,76.67548370361328,76.71772659301757,76.77452282430934,0.5480798304651842,0.20619754799522078
2023-04-25,79.1369857788086,79.1369857788086,79.1369857788086,79.1369857788086,0,76.80392189025879,76.90071594238282,78.28945895731202,0.6320613485552968,0.29137030810723596
2023-04-26,81.48333740234375,81.79187791575535,79.28768031465677,80.32810469917672,924959,77.06725769042968,77.10497436523437,84.6939127775942,0.8778292047933007,0.40866208744444893
2023-04-27,83.1910629272461,83.80814386037255,80.79449164581891,81.42592635377777,3342329,77.43607063293457,77.33593795776368,88.40256363351278,1.1966074336922787,0.5662511566940149
2023-04-28,88.05595397949219,89.42644388402927,82.08605907279923,83.18388746880902,8107915,78.01583976745606,77.6760629272461,95.7593467113727,1.8208083814852785,0.8171626016522677
2023-05-01,88.05595397949219,88.05595397949219,88.05595397949219,88.05595397949219,0,78.61605758666992,78.02749984741212,98.97193298807436,2.289104755038366,1.1115510323294875
2023-05-02,92.17460632324219,93.27243465724544,88.09899938007835,88.09899938007835,3320248,79.41682777404785,78.45744689941407,99.16818391943283,2.9584704226507483,1.4809349103937397
2023-05-03,92.74862670898438,94.78643567249706,90.839985291917,92.19613230519346,3858629,80.25167922973633,78.79293106079102,99.18109121840867,3.494978250866083,1.8837435784882084
2023-05-04,93.02130126953125,95.43222097419671,92.55490757659008,92.55490757659008,2342705,81.09693565368653,79.1508366394043,99.19428877541634,3.8972421467380656,2.2864432921381797
2023-05-05,93.07869720458984,94.63574777968296,92.28223243635382,92.92083853350005,1428002,81.95008506774903,79.52671936035156,99.74509300648361,4.172571744913242,2.663668982693192
2023-05-08,92.1602554321289,93.85363954094035,91.9162960055454,93.85363954094035,981364,82.78242683410645,79.80974151611328,94.1992355435429,4.267469132063127,2.984429012567179
2023-05-09,93.45899200439453,94.34873990052525,91.05524935097712,92.16742600959898,3404727,83.70194816589355,80.1198420715332,94.84911071831847,4.396789727394761,3.2669011555326954
2023-05-10,88.77667236328125,90.27501282510877,86.90374678599683,89.13627658903457,1546399,84.33784332275391,80.35381576538086,73.1265047869476,4.074485040373261,3.4284179325008086
2023-05-11,89.68318176269531,90.949281481108,88.41708204428261,88.41708204428261,683255,85.00327835083007,80.55970718383789,74.24667174410817,3.847848385362383,3.5123040230731237
2023-05-12,89.30110931396484,90.6496183190472,89.15127752038526,89.90044791971624,690402,85.64960975646973,80.73602355957031,72.96479757953193,3.595955216604864,3.529034261779472
2023-05-15,90.70953369140625,91.01669051648445,89.00891405217182,89.22617410684437,1354487,86.37102661132812,80.95209579467773,74.58246642601245,3.4699764140225966,3.5172226922280974
2023-05-16,93.72870635986328,94.02088234974862,90.64961565194886,90.9867400354423,2277896,87.18205337524414,81.23793212890625,75.28881583694908,3.572576865163853,3.528293526815249
2023-05-17,92.89712524414062,94.99480455206903,92.14795487926853,94.99480455206903,929495,87.95365295410156,81.50368804931641,70.79731546081788,3.5459117522377994,3.5318171718997595
2023-05-18,89.93040466308594,92.89711840363881,89.72812547866423,92.33524067135875,727209,88.49332389831542,81.70762649536132,54.37205534719409,3.2479495604054733,3.4750436496009027
2023-05-19,88.7092514038086,89.9154102391181,88.43954965850395,89.90042934914135,628112,88.97193717956543,81.88686599731446,51.441656427525906,2.8800757932964416,3.3560500783400107
2023-05-22,86.1695785522461,88.77669410936036,85.34549223952195,88.77669410936036,885273,89.32356681823731,82.01227722167968,35.75582920987833,2.356439243518892,3.1561279113757874
2023-05-23,86.19953918457031,87.46563891306918,85.9672982036376,85.9672982036376,261576,89.67669448852538,82.12835556030274,34.05371344753304,1.9217187009039947,2.909246069281429
2023-05-24,86.5741195678711,87.6529266479519,86.19953441125591,86.82134714300894,233095,89.93123359680176,82.2453042602539,34.37936129962708,1.58910681118806,2.6452182176627552
2023-05-25,86.96369934082031,87.42818131974329,86.46175655649937,87.42818131974329,304026,90.11986541748047,82.36687149047852,35.41890505847137,1.3414815596950262,2.3844708860692094
2023-05-26,86.5291748046875,87.76530701646911,86.25947302336364,87.26336425733933,393642,90.04352645874023,82.49519821166992,36.2556056567366,1.0975227066719953,2.1270812501897667
2023-05-29,86.53666687011719,87.27834390028565,85.40541806551558,87.27085059654608,688678,89.96756210327149,82.69715057373047,31.967254493166095,0.8944771295324188,1.880560426058297
2023-05-30,85.87738037109375,87.24836324722389,85.52527516844287,86.90374563146769,144904,89.65270080566407,82.88821350097656,40.44445494951365,0.6726097101473272,1.6389702828761032
2023-05-31,87.12102508544922,87.65293537491529,85.96730200232076,86.15459459927571,735000,89.3713207244873,83.0991259765625,41.73917064792854,0.5903250173566192,1.4292412297722064
2023-06-01,86.00474548339844,87.65291771831133,85.78748542880909,87.05357924249829,201795,89.02049293518067,83.28771286010742,39.85239193736051,0.4300816571164603,1.2294093152410572
2023-06-02,89.78057098388672,90.64961132359049,86.1695701664021,86.49171364188317,1698732,88.8555866241455,83.56401443481445,47.504059764322534,0.6008391024702178,1.1036952726868894
2023-06-05,87.94509887695312,89.8929404654647,87.66790381517539,89.78056378011073,368419,88.64482879638672,83.79026062011718,33.40501945901785,0.581356829160427,0.999227583981597
2023-06-06,87.6978759765625,88.96397564850506,87.20342653670942,88.96397564850506,264262,88.35677299499511,84.01285369873047,34.56409647745487,0.5397463058334466,0.907331328351967
2023-06-07,87.33079528808594,88.28223920283712,87.0610934806869,87.98257560858636,388628,88.28447914123535,84.23513717651367,40.87329605538764,0.4717117234528274,0.820207407372139
2023-06-08,86.67151641845703,88.020019569207,86.52917222818675,87.5030959334917,205654,88.13389587402344,84.45227142333984,42.552084379036415,0.3604405969625333,0.728254045290218
2023-06-09,86.78387451171875,87.6529147001524,86.26695095273746,87.57050551967282,278960,88.00803413391114,84.65873748779296,52.72957673711895,0.2781178175854393,0.6382267997492622
2023-06-12,86.41678619384766,87.08354725137085,84.65623726987387,85.59270007153177,1143700,87.7933967590332,84.86604125976562,50.93724059254013,0.18116708111983826,0.5468148560233775
2023-06-13,86.1021499633789,87.65293238463221,85.78000647897768,85.78000647897768,636805,87.41206893920898,85.06490020751953,47.95325661878072,0.07804475831171942,0.45306083648104595
2023-06-14,85.80247497558594,86.88877535813383,85.78000078072562,86.16956682830825,239221,87.05733642578124,85.25991775512695,44.92465884066515,-0.027544180331233292,0.3569398331185901
2023-06-15,85.81745910644531,87.42817065926202,85.20313969655338,87.42817065926202,251731,86.85168914794922,85.45394348144531,46.77089506360872,-0.10876134768571433,0.26379959695772925
2023-06-16,85.79499053955078,86.52918003659471,85.2930477500715,86.04221813999872,534597,86.70597610473632,85.64952911376953,46.63952838008904,-0.17294595026346826,0.17645048751348977
2023-06-19,83.69730377197266,86.51418559743605,83.1579002611695,86.51418559743605,1208956,86.58236236572266,85.81320678710938,41.26130842904965,-0.38859897419514766,0.06344059517176227
2023-06-20,82.96311950683594,84.42400505798403,82.50612515509235,83.5324905495472,942628,86.42054138183593,85.97109786987305,32.623613278348046,-0.6116968235064064,-0.07158688856387146
2023-06-21,82.52110290527344,84.20673594172186,81.9592252264573,83.15789646478866,785920,86.21789054870605,86.10034454345703,34.57196918502501,-0.8147782654161659,-0.2202251639343304
2023-06-22,82.81327819824219,83.0155516461313,82.07160126836172,83.00057075639388,374967,86.01036949157715,86.22912048339843,5.374069943930323,-0.9412950040497634,-0.36443913195741706
2023-06-23,82.21394348144531,83.27027630121806,82.1165534044151,83.12043881842288,518618,85.79460792541504,86.3459097290039,6.385165263920626,-1.0775009732188607,-0.5070515002097058
2023-06-26,87.6978759765625,88.3196887149723,82.9331522761516,82.9706130785005,1653301,85.8526683807373,86.5742433166504,50.0,-0.7344711377924824,-0.5525354277262612
2023-06-27,88.05748748779297,88.21481258230857,86.52917922086317,87.72785069030327,634357,85.96167373657227,86.78522964477538,53.07935276336421,-0.42865856910907496,-0.5277600560028239
2023-06-28,88.05748748779297,88.05748748779297,88.05748748779297,88.05748748779297,0,86.00849685668945,86.9970767211914,56.220611137668286,-0.18417682932452806,-0.45904341066716475
2023-06-29,88.05748748779297,88.05748748779297,88.05748748779297,88.05748748779297,0,86.11113395690919,87.1754867553711,55.77455921573782,0.009467574544558488,-0.36534121362482014
2023-06-30,88.05748748779297,88.05748748779297,88.05748748779297,88.05748748779297,0,86.0249797821045,87.35389678955079,57.69508773938683,0.16107538299419843,-0.2600578943010164
2023-07-03,94.66514587402344,94.66514587402344,94.66514587402344,94.66514587402344,1228586,86.36098213195801,87.66445999145508,75.2540209768968,0.8051274644931254,-0.04702082254218801
2023-07-04,96.12604522705078,97.9165618960037,93.45900062540701,96.60551379103806,2793050,86.78239059448242,88.00424118041992,78.49461097565958,1.4170904116127758,0.24580142428880475
2023-07-05,96.23841857910156,99.3774324296921,95.51921008510165,96.26089277284238,2344670,87.2277717590332,88.29934280395508,78.60960953916171,1.8893636385896144,0.5745138671489667
2023-07-06,98.45597076416016,98.51590576681686,94.78503472932559,96.64297980166825,2008778,87.81699447631836,88.60464096069336,81.02052382907102,2.4147458153586,0.9425602567908934
2023-07-07,99.1751708984375,99.54975605949045,97.54947267123953,97.54947267123953,932212,88.43655929565429,88.82702529907226,90.66928718715431,2.856223647580265,1.3252929349487679
2023-07-10,100.47872924804688,100.95071025274162,98.55336728627294,98.55336728627294,1364905,89.13965644836426,89.07548080444336,94.68652556261898,3.273548841482537,1.7149441162555217
2023-07-11,100.69597625732422,101.87216760794809,100.00674099764977,100.89824399461844,1108557,89.86934776306153,89.245908203125,96.90642685528343,3.580537870590703,2.088062867122558
2023-07-12,101.1080322265625,102.33667110394245,100.41129787903944,101.13799400977236,2363330,90.63462562561035,89.41309631347656,96.92545171468805,3.8131230519612274,2.433074904090292
2023-07-13,98.37355041503906,101.87217434963996,98.03642606580767,101.87217434963996,1479699,91.26243019104004,89.52014129638673,87.35708490599316,3.733758214201643,2.6932115661125624
2023-07-14,98.10385131835938,99.45984777130361,97.95401954033932,98.21623372544836,765791,91.87787322998047,89.6206443786621,81.69782380337074,3.6075133767437535,2.876071928238801
2023-07-17,99.56472778320312,100.27644870967255,97.50450946884358,98.14130879312732,713747,92.67124443054199,89.7687338256836,82.84854332140578,3.584029494144687,3.017663441419978
2023-07-18,101.15299224853516,101.51259084556314,98.51590919698563,99.4523722121661,1867172,93.58073806762695,89.9226138305664,84.27448759615685,3.651485959495062,3.144427945034995
2023-07-19,106.98900604248047,107.78312471162246,98.18625523728309,102.26923098404583,6961365,94.8041332244873,90.2868605041504,87.9543090684385,4.128275048850739,3.341197365798144
2023-07-20,109.97071075439453,110.35279494938551,106.39717641202527,107.3935743502732,4382505,96.16200485229493,90.69261108398437,89.24065056023136,4.6926386708193775,3.611485626802391
2023-07-21,114.86279296875,116.49597869422512,109.9781995358827,110.13551889328946,5339438,97.79444732666016,91.20384475708008,88.53628983188321,5.471578110591622,3.9835041235602375
2023-07-24,116.80315399169922,117.69466855233836,115.33477505098195,115.37223585540333,2244184,99.249711227417,91.72571716308593,88.74225995348968,6.174290766254245,4.421661452099039
2023-07-25,117.27510833740234,117.9193952230218,116.04646955917818,116.87056142384179,4489252,100.71059226989746,92.19664520263672,88.89193869752985,6.692135606487554,4.8757562829767425
2023-07-26,118.43632507324219,119.55259288927856,116.83310115496701,117.24514708917044,11699667,102.22953414916992,92.70742919921875,88.44044125266814,7.114223518857145,5.323449730152824
2023-07-27,118.43632507324219,118.43632507324219,118.43632507324219,118.43632507324219,0,103.74847602844238,93.27754760742188,88.11144262023848,7.3638454044019,5.731528865002639
2023-07-28,118.43632507324219,118.43632507324219,118.43632507324219,118.43632507324219,0,105.26741790771484,93.87208908081055,87.46479922426181,7.4754996406047525,6.080323020123062
2023-07-31,117.86974334716797,118.90981330501404,116.42605973274311,116.42605973274311,2217659,106.42764778137207,94.50609237670898,85.31474521611494,7.432589749047153,6.3507763659078815
2023-08-01,119.04174041748047,120.85022631416929,116.89174808767144,117.86972255324804,2723420,107.57343254089355,95.16293640136719,85.75980303414316,7.407761654443803,6.562173423615066
2023-08-02,117.76882934570312,119.91107628587996,117.35745824209795,117.97839955582269,824565,108.64995307922364,95.78683059692383,91.06791724957917,7.202347743778688,6.690208287647791
2023-08-03,113.18939208984375,118.36646833275523,112.59173513028746,117.97838155133635,959295,109.38662414550781,96.31134445190429,77.0123629225984,6.594021648131701,6.670970959744574
2023-08-04,111.28777313232422,113.8336215602346,110.70564293978126,112.93325735333558,842918,109.99225425720215,96.80651641845704,70.66525541692613,5.890571238712894,6.514891015538239
2023-08-07,108.9126968383789,112.87117551395936,108.5866934693997,110.72894041341479,1530950,110.41395263671875,97.25403701782227,63.30952028253221,5.082841085506388,6.228481029531869
2023-08-08,109.89067077636719,110.6047491390661,108.66431494364389,109.05240178272834,640049,110.87368736267089,97.73430282592773,55.97224477336132,4.470094970947571,5.876803817815009
2023-08-09,113.65510559082031,114.46233284548643,109.44824569185496,109.47929927121079,969084,111.50104103088378,98.26498443603515,57.34656031934622,4.239378769857041,5.549318808223416
2023-08-10,115.68093872070312,117.2022445900864,114.0121697768425,114.87372317438931,1548098,112.366410446167,98.85850830078125,51.841891014520634,4.171911126715699,5.273837271921872
2023-08-11,116.65890502929688,119.91883207626836,114.01990744386639,114.01990744386639,2784583,113.29416313171387,99.39607498168945,49.660542779653184,4.149523121786615,5.048974441894821
2023-08-14,116.65890502929688,116.65890502929688,116.65890502929688,116.65890502929688,0,114.14887199401855,99.97035110473632,48.51696292398128,4.084694649300445,4.856118483375946
2023-08-15,116.51917266845703,117.97838277159465,115.26177527356452,116.73650032082193,2800475,114.91718101501465,100.54677703857422,45.1473250373966,3.9762071432195114,4.6801362153446595
2023-08-16,116.29409790039062,117.20221963795842,115.64987235798546,117.20221963795842,1082515,115.38243560791015,101.12604309082032,44.638705587633275,3.8279422251255113,4.5096974173008295
2023-08-17,117.10133361816406,118.36650066104228,114.56325390178115,116.29411810347213,641023,115.73896675109863,101.73463943481445,46.788704933039604,3.7325518511121345,4.3542683040630905
2023-08-18,115.71971130371094,117.9783791683801,115.64985852689892,117.2022056212197,921604,115.78181266784668,102.3133561706543,45.023284562608715,3.505064714181046,4.184427586086682
2023-08-21,111.59049987792969,117.19447512585873,110.37190144351939,115.8051175242894,2020335,115.5211799621582,102.81683044433593,34.82938025395765,2.9574945106635226,3.93904097100205
2023-08-22,111.4429931640625,112.5451581189074,110.13125804689419,112.5451581189074,746802,115.22957420349121,103.3236473083496,36.50213227044313,2.483015957961939,3.647835968394028
2023-08-23,111.43527221679688,112.23473024074693,109.28526758911511,110.60476061015596,603399,114.87952156066895,103.83630325317382,45.34987763687478,2.0823611079670172,3.334740996308626
2023-08-24,113.58525848388672,114.29157940618138,111.43526582303559,111.43526582303559,2229931,114.63696823120117,104.39165924072266,56.01140893295176,1.9162360005540222,3.051039997157705
2023-08-25,113.98886108398438,114.86594108586243,113.32135128078343,114.0975249196929,291942,114.41459503173829,104.95553665161133,64.80976041034609,1.7964397733800865,2.8001199524021816
2023-08-28,113.67064666748047,114.39249443485089,112.62281918019495,114.09754461125095,1437075,114.2046401977539,105.55500350952148,61.46966672731978,1.6567254564898661,2.571441053219719
2023-08-29,114.05097198486328,114.48562738710636,111.77677675341596,111.77677675341596,542710,113.95510177612304,106.17676055908203,51.51162905875038,1.5587219519769064,2.3688972329711566
2023-08-30,113.67839050292969,114.679649234357,113.3368722244679,113.53867309652749,1143095,113.75057983398438,106.79990631103516,41.2482011461983,1.434453766668895,2.1820085397107043
2023-08-31,107.95800018310547,115.6498846128783,106.72388680718635,114.47009723891058,7219945,113.48901023864747,107.30280075073242,23.117484966987476,0.8644181684311292,1.9184904654547894
2023-09-01,109.94499206542969,110.59698692819904,105.63723781090356,108.04336900407141,574015,113.42187118530273,107.85742172241211,31.52493025708725,0.5664646371375852,1.6480852997913487
2023-09-04,110.30204772949219,110.90746228310161,109.44825190082709,110.58922821573816,401698,113.4913387298584,108.30950515747071,33.09417204094953,0.3550528962244215,1.3894788190779632
2023-09-05,109.3395767211914,110.60474354250019,108.70312049590204,110.60474354250019,249598,113.4637840270996,108.73514694213867,31.818165498549703,0.10859241597245273,1.1333015384568612
2023-09-06,111.31884002685547,111.45855746325086,108.6643271700606,110.12353763911237,790466,113.34697074890137,109.20037399291992,35.75526028234515,0.07214902801065648,0.9210710363676202
2023-09-07,109.77423858642578,112.5451843267856,109.24644616548328,111.7534838519013,583034,113.0516357421875,109.63470901489258,35.470441950939744,-0.08044176439264561,0.720768476215567
2023-09-08,109.50259399414062,110.79880273451168,109.05241179824091,110.60475929714826,936821,112.69382019042969,110.06361114501954,43.712019278490374,-0.220745893843727,0.5324656022037083
2023-09-11,107.53886413574219,110.13128134601189,107.11196624938752,109.5957196198097,962373,112.23781814575196,110.32108551025391,39.4016552341187,-0.48480597378340917,0.3290112870062848
2023-09-12,109.99932861328125,113.63181554396728,107.1119617406217,107.8803779037144,4179712,111.91182594299316,110.59855117797852,46.560008129706844,-0.4898894288181168,0.16523114384140447
2023-09-13,109.84410858154297,110.90746279201066,109.46377919367042,110.60475551381697,422820,111.58932647705078,110.87066497802735,40.0904862524594,-0.5006716319746545,0.032050588678192674
2023-09-14,110.15455627441406,110.6047383851982,107.9735103457733,110.21665158384663,175182,111.24198760986329,111.10463668823242,39.79336939647714,-0.4786485092959083,-0.07008923091662753
2023-09-15,108.19084930419922,111.3809236181513,107.74843646306628,110.06143072447009,1066604,110.8655445098877,111.28495025634766,36.58812035601287,-0.6125882312109354,-0.17858903097548912
2023-09-18,109.05239868164062,110.02261575176199,107.7329058349696,108.65655438068035,1155364,110.73863945007324,111.45642364501953,38.04747711468218,-0.6418181116480497,-0.27123484711000123
2023-09-19,110.791015625,110.99281648222816,108.7419179482976,109.44046939856064,1244220,110.70604057312012,111.65832443237305,43.51913500332216,-0.5187117591111701,-0.320730229510235
2023-09-20,111.34210205078125,111.45853519843084,109.75094378065883,110.98506882231575,421166,110.70138206481934,111.86300582885742,59.891072678125205,-0.3723883576696778,-0.3310618551421236
2023-09-21,113.3834457397461,113.83362786814172,109.06015291869352,109.06015291869352,1379989,110.6912914276123,112.16320373535156,60.01810298339122,-0.09066154251839009,-0.28298179261737694
2023-09-22,114.01214599609375,114.86594174115287,113.32135192726226,113.9034821597653,968761,110.69245567321778,112.48136962890625,60.641114628802804,0.18125050168222856,-0.19013533375745584
2023-09-25,113.2514877319336,114.48560085807287,112.85563163389249,113.94228173116898,311402,110.67149772644044,112.75510482788086,61.35135350537037,0.33154217903822314,-0.08579983119832006
2023-09-26,113.32910919189453,114.17514746261551,112.55293554998272,113.32135171912458,326292,110.63540458679199,112.99862716674805,56.556911172007126,0.45170583555004384,0.021701302151352728
2023-09-27,111.93201446533203,114.09753387676389,111.45854803468963,114.08200708659523,300230,110.5480857849121,113.09748733520507,57.10641633834526,0.4292543536548976,0.10321191245206171
2023-09-28,111.93201446533203,111.93201446533203,111.93201446533203,111.93201446533203,0,110.74678649902344,113.13671340942383,58.14681870629862,0.4067723737808677,0.16392400471782292
2023-09-29,111.93201446533203,111.93201446533203,111.93201446533203,111.93201446533203,0,110.84613761901855,113.07809783935546,66.96654242232273,0.3845227043777726,0.20804374464981285
2023-10-02,112.1570816040039,113.32134196667523,110.30202723321969,112.46754629666205,258741,110.93888931274414,112.98517639160156,60.07249664690543,0.38066267582919977,0.24256753088569025
2023-10-03,111.76899719238281,113.29806011533947,111.38091039657593,112.93325757980347,661523,111.06036033630372,112.87505416870117,58.79428268275833,0.3423421001039344,0.2625224447293391
2023-10-04,114.32261657714844,115.6421213132465,112.15709721234167,112.15709721234167,887818,111.21054916381836,112.7927799987793,65.80349280807374,0.5121250518092921,0.31244296614532974
2023-10-05,115.22297668457031,115.84391797709466,114.48561408121583,115.18416563313691,682523,111.48298606872558,112.72851303100586,79.00132843241829,0.7111332983037357,0.392181032577011
2023-10-06,115.2152099609375,115.64210780548883,114.87369168529642,115.06773508341347,182460,111.76861686706543,112.66409072875976,77.34161756423032,0.85832778927535,0.4854103839166788
2023-10-09,117.0625228881836,118.98743034421858,114.6408528953956,115.24626743272492,1305233,112.2447998046875,112.64794631958007,77.55806336330679,1.1112335893408414,0.6105750250015114
2023-10-10,118.49842834472656,118.83218916894532,116.8141329650515,117.2022197855334,849528,112.66975479125976,112.637080078125,79.17725826580217,1.4112606931694671,0.7707121586351026
2023-10-11,118.79338073730469,118.94861310022597,117.31864368087723,118.74681221277532,240518,113.11721839904786,112.65757110595703,75.71960307667085,1.653770886253156,0.9473239041587134
2023-10-12,120.12062072753906,120.30690665310243,118.44409477134526,118.7390326824842,1351661,113.6155216217041,112.79619567871094,77.23184464328716,1.93080205229181,1.1440195337853327
2023-10-13,121.91358947753906,122.48019287282541,118.87874794771011,118.87874794771011,1152395,114.3016586303711,113.00871200561524,85.36130945595686,2.2688746661136463,1.3689905602509955
2023-10-16,121.05980682373047,122.93038818871104,120.11287401006686,122.92261887228204,825199,114.90202903747559,113.25165420532227,79.67830861893431,2.439782232580626,1.5831488947169217
2023-10-17,119.63165283203125,121.47118065977999,119.3755140969635,121.06756703087291,456163,115.34406089782715,113.44647384643555,79.48874836150407,2.431953571841376,1.7529098301418127
2023-10-18,121.40131378173828,122.51900564378367,119.15040326971102,119.15040326971102,1090749,115.847021484375,113.6013980102539,81.93719810243905,2.5392749695653976,1.9101828580265297
2023-10-19,123.21755981445312,123.56683556806794,120.32243558348809,120.32243558348809,658091,116.33872718811035,113.75213043212891,83.9086093109938,2.739306802647647,2.076007646950753
2023-10-20,122.92262268066406,124.1877895768892,122.63544220717809,124.03255720861219,510210,116.78425102233886,113.87740478515624,82.2109596533511,2.841281979687338,2.22906251349807
2023-10-23,122.33273315429688,123.72207881873746,122.11540547319412,123.41161408672504,515382,117.23831329345703,113.99088134765626,81.23001054676257,2.8417410652397024,2.3515982238463966
2023-10-24,122.48020935058594,123.24861371570826,116.42605226415574,123.24861371570826,704174,117.6958683013916,114.11010208129883,78.11672984765039,2.8214807169833875,2.445574722473795
2023-10-25,122.14643096923828,125.74011838966781,121.96791436423902,122.63542410844144,5561097,118.20658912658692,114.22714874267578,74.83292313232663,2.7468274026923467,2.505825258517506
2023-10-26,123.00801086425781,124.0713769404533,122.63545078563799,123.00801086425781,3116506,118.7603889465332,114.34528228759766,76.3379135500427,2.7257654825206714,2.5498133033181394
2023-10-27,124.23438262939453,124.57590101310888,122.79846813501563,123.1399746752571,2640864,119.37550735473633,114.51557571411132,75.30123659884717,2.7760313498897347,2.595056912632459
2023-10-30,126.6172103881836,127.05962320684287,124.18002561875083,124.96395673586704,2308002,120.09851379394532,114.81610992431641,76.84806319132542,2.973860880867008,2.6708177062793688
2023-10-31,130.09445190429688,130.3971591213756,126.67152363492826,126.67152363492826,2232153,121.01478652954101,115.18913909912109,80.87360873733795,3.3723521627657504,2.811124597576645
2023-11-01,129.62098693847656,131.56142087468132,128.84481336399466,130.6300149539968,1322108,121.77970504760742,115.55285339355468,77.22420784663187,3.608359783358665,2.9705716347330493
2023-11-02,129.20188903808594,130.7076561809088,129.0000762810743,129.62101765650638,1209897,122.4786506652832,115.86518600463867,72.67036495962348,3.718712818454634,3.1201998714773667
2023-11-03,125.2686538696289,126.82588505084503,124.417798625829,125.99108714603028,1015949,122.98132286071777,116.09078186035157,60.98688413844308,3.4490309058072626,3.185966078343346
2023-11-06,125.80643463134766,126.18370241327138,124.4177751510813,124.6264715258686,390276,123.41851844787598,116.3334976196289,66.90462415068644,3.2413363523225627,3.1970401331391898
2023-11-07,126.7536392211914,127.10682717268934,126.02318343497163,126.02318343497163,7678809,123.83127899169922,116.58755096435547,65.3439741317315,3.1172348733996103,3.181079081191274
2023-11-08,128.28680419921875,129.51492736796897,125.82252306767523,126.82589247012879,8071765,124.30595016479492,116.87971923828125,64.7722037937873,3.106784084759582,3.1662200819049358
2023-11-09,128.28680419921875,128.28680419921875,128.28680419921875,128.28680419921875,0,124.71425933837891,117.28629531860352,65.90507455609736,3.0631911981070203,3.1456143051453527
2023-11-10,128.28680419921875,129.24200158189873,127.62858799209162,128.43128351405448,2376957,125.0329200744629,117.6531315612793,68.29407341145935,2.9941290652811574,3.1153172571725136
2023-11-13,128.84869384765625,129.23398428436025,128.12626049965385,128.20653495437483,1370793,125.42236442565918,118.02406448364258,69.08144445937927,2.9507225335660934,3.0823983124512297
2023-11-14,126.85797119140625,129.63530256749124,126.03923073070737,129.63530256749124,1034203,125.78368034362794,118.37443237304687,62.84177618185531,2.7242840129652137,3.010775452554027
2023-11-15,126.82588195800781,127.7891140548922,124.41779559171653,126.85798438703435,1255007,126.0549087524414,118.68457321166993,60.898804654538104,2.5132691190841427,2.91127418586005
2023-11-16,127.56438446044922,127.70887603882848,125.22051475657997,125.22051475657997,992638,126.27224998474121,119.04037612915039,59.77846501824543,2.378214696789925,2.8046622880460257
2023-11-17,127.5001449584961,128.4312746391888,126.82588370619895,127.8292530393176,700772,126.50112609863281,119.4003271484375,53.001416055895305,2.24017614700999,2.6917650598388185
2023-11-20,129.57911682128906,130.43800680676435,126.92219691926921,126.92219691926921,962318,126.86344528198242,119.84113220214844,48.06415853116101,2.2723411224535255,2.60788027236176
2023-11-21,131.72232055664062,132.44474152021422,130.0286327660618,130.03665531075578,1517730,127.32555084228515,120.27559204101563,57.013749113814704,2.442613795806807,2.5748269770507695
2023-11-22,131.95509338378906,132.36446361935458,130.84736983699358,132.36446361935458,871776,127.8159839630127,120.71781173706054,59.30527835795879,2.566751029849783,2.5732117876105725
2023-11-23,132.33238220214844,133.00664349065147,130.0366725547735,130.04469510053136,825468,128.28220252990724,121.16136825561523,81.42834351121718,2.6648559362784994,2.591540617344158
2023-11-24,132.56515502929688,134.45149432657598,131.24873491805565,132.4447556052838,1090353,128.69874114990233,121.64885437011719,80.91022458682458,2.7299187986230464,2.6192162535999364
2023-11-27,138.07969665527344,139.10714601450314,132.44477027238116,133.08692918394036,1927325,129.27186546325683,122.22940032958985,86.53529149154106,3.189690244428192,2.7333110517655874
2023-11-28,148.42642211914062,148.4344446644931,138.07967801318358,138.07967801318358,4390794,130.18846397399903,122.98210845947266,91.41615790900602,4.338940100858338,3.0544368615841373
2023-11-29,148.28192138671875,151.22781210594763,147.71201449795112,149.46991942602943,2294335,131.12151069641112,123.7209048461914,90.87606541667759,5.178375797744508,3.4792246488162117
2023-11-30,145.71331787109375,151.70143188490928,144.48519469603042,148.4986723264757,2092879,131.94708213806152,124.36750228881836,82.23929133991632,5.572137663884746,3.897807251829919
2023-12-01,146.0424041748047,147.59963522265633,142.9600567543214,147.59963522265633,604374,132.98576965332032,125.00810745239258,82.08497511066514,5.8433923050156125,4.286924262467058
2023-12-04,145.08721923828125,148.17760197470997,144.49322012777378,147.6959797501729,511747,133.949808883667,125.64482208251952,85.38493982612486,5.913125293244292,4.612164468622504
2023-12-05,145.6169891357422,146.49192426439282,144.4851855758395,144.52532279924273,306817,134.89297637939453,126.29057968139648,85.78418154218805,5.94263420412409,4.878258415722821
2023-12-06,146.7808837890625,147.6959560704421,145.29589237495983,146.49191295030263,590588,135.81768035888672,126.9875570678711,86.01082864744846,5.990877691213598,5.100782270820977
2023-12-07,147.0698699951172,148.4183925514634,145.60895831091418,148.097319251808,1395098,136.75683364868163,127.69031417846679,86.3664319499765,5.983456215299896,5.277317059716761
2023-12-08,152.5522918701172,153.7161979690757,148.0973291138092,148.41840243484532,3522859,137.97010803222656,128.5027197265625,87.89733082290398,6.346798328583475,5.491213313490104
2023-12-11,149.60641479492188,154.10953774976744,149.30138653742245,152.55230627456348,1036495,139.00799407958985,129.25170639038086,78.74107889027084,6.324141148336139,5.657798880459311
2023-12-12,148.00099182128906,149.7027022654311,147.49528976553867,149.30937708338516,609660,140.06514511108398,129.97634628295899,74.69733792653815,6.1062518821734955,5.747489480802148
2023-12-13,145.7534637451172,149.94353561976732,140.4717254002869,149.2612394828438,809724,141.01152420043945,130.60496322631835,69.53275801573167,5.686664013637255,5.73532438736917
2023-12-14,143.9955596923828,147.67992946722705,140.47172658400206,145.68924785712213,1274988,141.83308296203614,131.1804148864746,65.92845894531102,5.152890129367762,5.618837535768889
2023-12-15,143.21693420410156,145.27183278987903,140.56001397413954,145.27183278987903,1280393,142.6189224243164,131.7404493713379,58.24741510410134,4.613856247990384,5.417841278213189
2023-12-18,140.92123413085938,144.40493001012615,140.8008346930682,143.682508887054,438082,143.18602828979493,132.2176235961914,33.750436087999915,3.955823927701175,5.125437808110786
2023-12-19,138.8984375,142.87981295813734,136.65892222540947,140.47172622288784,1038049,143.5448341369629,132.6256237792969,31.211840503693125,3.2338282312498734,4.747115892738604
2023-12-20,139.26766967773438,139.66901742896704,136.54653241430339,139.2516123381999,654238,143.91046295166015,133.03510955810546,35.847693736456506,2.660763762667159,4.329845466724315
2023-12-21,139.23556518554688,140.47171085185227,136.8595811442332,140.47171085185227,351453,144.25562210083007,133.41740844726561,34.85716768582253,2.178898492888891,3.8996560719572306
2023-12-22,137.05224609375,139.6610066974418,136.49838419049098,139.6610066974418,600728,144.47997665405273,133.72018157958985,33.05114204751011,1.6023700663051557,3.440198870826816
2023-12-25,137.05224609375,137.05224609375,137.05224609375,137.05224609375,0,144.42860412597656,134.04003036499023,31.520643384325865,1.132413378055162,2.978641772272485
2023-12-26,135.76792907714844,137.66229112423645,132.5651693232869,136.45824776163377,775215,143.79567947387696,134.36275588989258,26.361201380050332,0.6488560582665173,2.5126846294712917
2023-12-27,137.79872131347656,140.0221910568754,132.88622926135216,136.3779469902633,825070,143.27151947021486,134.69070404052735,31.484395664941047,0.4246067575321888,2.095069055083471
2023-12-28,140.12657165527344,142.71124012460064,138.22417482397682,138.70579706565852,902374,142.99218215942383,135.02888427734376,21.606751351441815,0.42977150066107583,1.7620095441989923
2023-12-29,142.7513885498047,143.52198174730623,139.75733726575396,140.35133644399812,427117,142.82763137817383,135.42545959472656,34.10274575136431,0.6383073736088534,1.5372691100809646
2024-01-01,147.95286560058594,148.41841829137778,141.65972250174573,141.65972250174573,720201,142.97091369628907,135.93786224365235,49.904346212122135,1.2093486641732056,1.4716850208994128
2024-01-02,148.4906463623047,150.07195749215137,147.4952995235289,150.07195749215137,646424,143.11459655761718,136.45807098388673,55.83702762715703,1.6858638253601725,1.514520781791565
2024-01-03,148.56288146972656,150.2485346352015,146.4919256537193,149.22108539677077,495480,143.20369644165038,136.9863999938965,60.494259998373224,2.0457521359948885,1.6207670526322298
2024-01-04,148.24179077148438,149.18095523235004,146.53205778083907,148.57089884764,759786,143.26229248046874,137.49107559204103,61.793493092059784,2.2787884246837393,1.7523713270425318
2024-01-05,147.41502380371094,149.21306613460996,144.5734871204351,149.18096370377305,383176,143.00542907714845,137.95468841552736,66.36986981095933,2.369444694179606,1.875786000469947
2024-01-08,144.01963806152344,148.41840636669153,143.6022329345891,148.41840636669153,639782,142.72609024047853,138.30273696899414,62.074220427921915,2.142612484929998,1.9291512973619573
2024-01-09,144.18019104003906,146.08258808972298,143.36145028261947,145.28791497417168,610880,142.53505020141603,138.584451751709,61.697320872545795,1.9532853507849381,1.9339781080465535
2024-01-10,143.36141967773438,145.1193125156219,143.04033413224536,145.1193125156219,420920,142.4154479980469,138.85926040649414,59.46941680114757,1.7173773694813406,1.890657960333511
2024-01-11,144.28453063964844,144.87049498410977,143.04838483448637,144.1641312018011,233138,142.42989654541014,139.16091323852538,67.61827728765326,1.5866164082197258,1.829849649910754
2024-01-12,144.63772583007812,146.49195075388698,144.48521170246386,145.28790732303312,341669,142.50093612670898,139.54829467773436,68.16607833249286,1.4942623778841266,1.7627321955054287
2024-01-15,144.31661987304688,146.0745249937978,144.00356911511597,144.6858651956081,156973,142.67070541381835,139.91849838256837,71.46301751912623,1.3792613105032387,1.6860380185049908
2024-01-16,144.0035400390625,145.27180015434075,143.6423295833306,145.27180015434075,661283,142.92596054077148,140.26349639892578,67.04880959069172,1.2484676520321898,1.5985239452104307
2024-01-17,146.9655303955078,147.6397917412809,143.28116063307348,144.48520399973796,2997560,143.31085357666015,140.63707092285156,68.15843037859807,1.3680505673963523,1.5524292696476152
2024-01-18,147.0698699951172,148.08929670617306,142.87979851935947,148.08929670617306,912688,143.70256881713868,141.01273223876953,63.23803732634829,1.4544739527086392,1.53283820625982
2024-01-19,146.71669006347656,148.6592118037029,145.88991463576508,147.69597960374566,565293,144.185791015625,141.38132995605469,44.607780493389356,1.4774354828058165,1.5217576615690194
2024-01-22,146.12269592285156,147.09396295007625,145.13538380293133,146.09861603564588,251534,144.6393135070801,141.7268099975586,39.721365592081554,1.4312042660194777,1.5036469824591112
2024-01-23,147.77626037597656,149.30137707044187,146.09861731426972,146.89329034349927,612716,145.23973007202147,142.14517578125,46.99765878886003,1.510581482564163,1.5050338824801217
2024-01-24,148.33811950683594,148.73946722614656,147.04577936072934,148.45851892336498,772934,145.76669998168944,142.57542053222656,50.36102796608522,1.6003776771043192,1.5241026414049612
2024-01-25,148.09732055664062,148.88395872144005,146.9012998457882,148.41037131341926,647546,146.1652374267578,142.98607925415038,52.67463964292678,1.6332838656645947,1.545938886256888
2024-01-26,147.04580688476562,149.22110507163168,146.09059717430452,147.8966622492616,496419,146.37995834350585,143.37699249267578,64.53343768641022,1.5565707134677496,1.5480652516990603
2024-01-29,146.8450927734375,148.2979694317098,145.37615877829964,148.2979694317098,787771,146.32456970214844,143.72231201171874,62.749240434437915,1.46271773675781,1.5309957487108103
2024-01-30,144.5493927001953,147.29460956675564,144.28450174182194,147.28658702189344,779939,146.12750701904298,143.97885345458985,54.97970508735192,1.1893842849257794,1.4626734559538044
2024-01-31,146.1387481689453,146.89328393685145,145.27183551527625,146.05045116954858,529567,146.0063003540039,144.26252655029296,57.36128308452046,1.0884660989756014,1.3878319845581637
2024-02-01,146.5079803466797,147.69596621062797,145.2878798050199,147.25448125330098,513382,145.91960983276368,144.5460385131836,57.41550777615232,1.026449390839872,1.3155554658145054
2024-02-02,146.6123504638672,147.29464664185494,145.49660403917693,146.89329883084173,360928,145.87947616577148,144.826982421875,59.26168968756502,0.9744891942033007,1.2473422114922645
2024-02-06,148.01707458496094,149.2211180731732,146.4116832673446,146.893305561895,674476,146.07934799194337,145.02572998046875,64.88110661650308,1.034732113117144,1.2048201918172405
2024-02-07,149.29335021972656,149.7027205421657,148.3140606658176,148.48261987287285,285861,146.33500595092772,145.04306854248046,59.86395965343334,1.171950324006815,1.1982462182551554
2024-02-08,149.29335021972656,149.29335021972656,149.29335021972656,149.29335021972656,0,146.63160247802733,145.06329711914063,59.50588548421187,1.2661019100428064,1.2118173566126857
2024-02-09,147.8163604736328,149.06054085608048,146.09057017576566,146.09057017576566,608053,146.80819396972657,145.1053579711914,54.28919001276021,1.2076163420345551,1.2109771536970597
2024-02-12,145.88189697265625,147.695984547433,144.4932248210062,146.88526643289697,498070,146.87040252685546,145.10214782714843,49.14969486864211,0.9937161295053727,1.1675249488587225
2024-02-13,149.6224365234375,151.5408782813665,144.72600131504632,145.68923346684775,1406257,147.135693359375,145.19285217285156,55.68175307800172,1.1131967120077206,1.156659301488522
2024-02-14,149.29335021972656,150.82648941640772,148.98029944417613,150.58569054918595,929471,147.4001838684082,145.26637939453124,52.98253036271366,1.1678689537062894,1.1589012319320755
2024-02-15,146.1387481689453,150.10406609940557,145.16749342374337,150.10406609940557,931795,147.35884475708008,145.2535366821289,44.826137885277525,0.9457451167558872,1.116270008896838
2024-02-16,145.9781951904297,147.13407859943,144.88652888728055,145.28787661273006,511264,147.30426101684571,145.23170318603516,47.04043071045398,0.7481311024344564,1.0426422276043616
2024-02-19,144.50927734375,146.08256599414364,144.0918722327212,145.00694466002466,794224,147.1938903808594,145.0708428955078,43.950172310221625,0.46760096552517894,0.9276339751885252
2024-02-20,143.78684997558594,145.28788665308738,143.48984430947903,145.28788665308738,518057,147.07709808349608,144.9544515991211,47.84975569121573,0.18485407714698,0.7790779955802162
2024-02-21,146.8611602783203,148.4825962173846,144.8062497028294,145.2878718568676,1964122,147.03134307861328,144.9316549682617,51.87966700863605,0.20646626479359043,0.6645556494228911
2024-02-22,149.19699096679688,149.66255577134766,146.2912375209093,147.69595447927193,688257,147.07428665161132,145.0005255126953,56.34706880220133,0.40738007055139747,0.6131205336485924
2024-02-23,151.5569305419922,151.86998128704093,148.58695973673173,148.58695973673173,722636,147.2472671508789,145.1517529296875,60.54791559792615,0.7484059520518542,0.6401776173292448
2024-02-26,152.98573303222656,154.19781108101571,151.70142757586152,151.70142757586152,1227411,147.54426345825195,145.34712890625,60.58840285265736,1.1210411752170444,0.7363503289068049
2024-02-27,151.1315155029297,153.30682580856634,150.99505873071806,153.30682580856634,979969,147.75858459472656,145.5513345336914,53.82303098005115,1.2523016619670386,0.8395405955188517
2024-02-28,151.1315155029297,152.91350058407738,150.90676173126798,151.60510293263383,1204394,148.0876907348633,145.79599609375,53.82303098005115,1.3408698306519113,0.9398064425454637
2024-02-29,154.30215454101562,154.9202335135341,151.14756706413215,151.14756706413215,830766,148.4958610534668,146.09668579101563,62.601443797156875,1.647908748407275,1.0814269037178261
2024-03-01,154.63125610351562,155.8031968884001,154.11753148848047,155.0005014118976,584076,148.9020248413086,146.404599609375,68.13040530798398,1.8959398342736336,1.2443294898289876
2024-03-04,155.72293090820312,156.5256264283485,153.75632933347927,156.10822132838766,741062,149.3575538635254,146.77801330566408,64.20033813542466,2.155745201246276,1.4266126321124455
2024-03-05,156.81459045410156,157.97047391231476,155.72292410447363,156.52561958954826,806734,149.79742965698242,147.17326019287108,66.90722894211139,2.421813470185441,1.6256527997270447
2024-03-06,156.92697143554688,158.0587750386561,156.52562368251478,156.68616033409535,2785770,150.17911071777343,147.59644104003905,78.0936660836146,2.6116373663621175,1.8228497130540595
2024-03-07,152.7725372314453,154.85388795857529,151.9713827381413,152.79731416606597,939640,150.3530700683594,147.89591735839844,64.64655435560607,2.3991896862147826,1.9381177076862044
2024-03-08,151.0215606689453,154.44917091829285,150.7324796395104,153.04509006685095,2152131,150.513330078125,148.11381713867186,63.86985399880017,2.0657218385356373,1.9636385338560909
2024-03-11,150.32777404785156,151.06285251160466,149.4935878460191,151.06285251160466,241680,150.73562393188476,148.26534484863282,63.94786916140855,1.725572064015637,1.9160252398880002
2024-03-12,150.06349182128906,150.5507883672517,148.8741484799663,150.5507883672517,116022,150.75767669677734,148.30755737304688,57.758440947746195,1.4183259711585947,1.8164853861421193
2024-03-13,149.04759216308594,150.31126624921316,148.6676581581545,150.31126624921316,1018444,150.74538879394532,148.3186962890625,49.61331299649055,1.0804024103323684,1.6692687909801691
2024-03-14,148.3785858154297,149.4935983580812,147.44529180989068,149.4935983580812,880930,150.85738067626954,148.31501037597656,40.98437145622294,0.7499671778454058,1.4854084683532165
2024-03-15,147.29664611816406,149.32017612201176,146.6854647683724,148.04824693758988,241422,150.92330322265624,148.29610748291014,33.53852049781801,0.39622396084047296,1.2675715668506677
2024-03-18,148.4859619140625,148.66766784965145,147.51136880746213,147.84173636159784,282512,151.12213745117188,148.3175262451172,42.03870557734641,0.209433538519761,1.0559439611844865
2024-03-19,149.67530822753906,150.31127901465297,148.02344521882787,148.66767078400807,9031380,151.41656036376952,148.4306396484375,45.910550961920826,0.15557768804987404,0.875870706557564
2024-03-20,148.68418884277344,150.31127486970297,148.1721027543482,149.28711529556676,4451128,151.5077117919922,148.5207196044922,32.02242198448235,0.032546313677102034,0.7072058279814717
2024-03-21,147.64349365234375,149.4935845394216,147.1231654362227,149.47706238253602,405499,151.43003692626954,148.60636108398438,28.61305960042219,-0.14723510666266293,0.5363176410526448
2024-03-22,145.4795684814453,147.8417329874767,144.28197037164264,147.8417329874767,631379,151.12616882324218,148.6302618408203,20.579875028595822,-0.4590324142180293,0.33724762999851
2024-03-26,147.51962280273438,148.13081663762867,145.77690686807824,146.97450499885952,757753,150.85286331176758,148.68789978027343,24.682994543059124,-0.5353475393598046,0.16272859612684706
2024-03-27,149.914794921875,151.14543717133938,147.52785382256727,147.52785382256727,2484510,150.79202728271486,148.79986328125,33.013100113849745,-0.3979699038059721,0.050588896140283224
2024-03-28,150.1460723876953,151.81445744142593,148.6924375761829,150.31952353697048,8739676,150.7427551269531,148.92271392822266,42.14423413950228,-0.26735309914647587,-0.012999502917068598
2024-03-29,150.55078125,151.0958990227883,149.1962541981316,150.26170020611463,4231135,150.55518646240233,148.9944189453125,48.4685647006968,-0.129686769167904,-0.03633695616723568
2024-04-01,150.2451934814453,151.2363087034574,149.9065585614211,150.31952428748562,557715,150.33588333129882,149.05792541503905,49.72440680244673,-0.04472799338088862,-0.03801516360996627
2024-04-02,149.7165985107422,150.4847087152777,149.08888253864293,149.50184826651292,297945,150.0355667114258,149.11792358398438,48.86239446599493,-0.019822249405734738,-0.034376580769119966
2024-04-03,149.51837158203125,150.31952610851906,149.4935946463843,150.31127133087472,240902,149.67075576782227,149.18583709716796,51.631368725393045,-0.01589628192172654,-0.030680520999641282
2024-04-04,149.75790405273438,150.15434763980076,148.6676684349088,149.90656567186636,304230,149.31230239868165,149.22546997070313,54.926313747246496,0.006468776099552542,-0.02325066157980252
2024-04-08,153.43328857421875,154.01143806708947,150.31952348750346,150.31952348750346,471334,149.3453399658203,149.32737335205078,68.49172594224022,0.3171106064500293,0.04482159202616384
2024-04-09,155.8615264892578,159.56169578562339,152.8799135077603,154.44917819161645,2029359,149.58733825683595,149.48265747070312,70.68085765456787,0.7505827504434137,0.18597382370961382
2024-04-15,159.52862548828125,159.8177064842469,154.67215801612315,154.67215801612315,820119,150.04738082885743,149.73231384277344,74.2577634595056,1.3741761423780474,0.42361428744330054
2024-04-16,159.33868408203125,161.81647828057504,158.5788287068034,159.04961565382894,1398950,150.51114044189453,149.9821856689453,77.30740200468516,1.8319343157042738,0.7052782930954953
2024-04-17,161.197021484375,164.0299725931919,158.29800695736407,159.81771763007401,3439247,151.11861190795898,150.3151382446289,83.34023977358888,2.3179434543582147,1.0278113253480392
2024-04-18,160.89146423339844,161.79998135289955,158.2980397386448,161.4696137826655,1789956,151.74425582885743,150.61019256591797,91.72659671155913,2.647929597620447,1.3518349798025207
2024-04-19,163.1296844482422,164.05473606230362,160.2389249350618,160.2389249350618,1439054,152.53590774536133,150.94262664794923,91.81443111878079,3.054837395404661,1.6924354629229488
2024-04-22,167.37503051757812,169.10123710683192,163.53445369166326,163.53445369166326,1888627,153.4803611755371,151.35788024902342,92.55262022699213,3.6774869246082176,2.0894457552600025
2024-04-23,169.32418823242188,170.48049972984367,167.66407069015116,167.66407069015116,1072960,154.46280517578126,151.78402252197264,93.12803380359792,4.278897434147183,2.527336091037439
2024-04-24,169.8693084716797,172.55358550502444,169.31593594943877,169.72890164687644,1697458,155.52206115722657,152.1955416870117,93.17115919049324,4.74481101558834,2.9708310759476193
2024-04-25,170.04751586914062,170.95553806842352,164.2514043986785,166.37296732568544,2590036,156.64226226806642,152.610625,94.50567464370151,5.069987078160608,3.3906622763902172
2024-04-26,170.12393188476562,172.48310941800742,168.13815159258297,170.04755870791146,1100319,157.8744804382324,153.05677642822266,96.81701104006531,5.273072882525923,3.7671443976173586
2024-04-29,168.7915496826172,170.57366780947766,167.603479564039,170.07298204157632,1250468,158.93807678222657,153.51496948242186,92.02806203087702,5.265806794235914,4.06687687694107
2024-04-30,164.33627319335938,170.48880620758058,163.86953966871675,169.72504866817124,1281960,159.65915069580078,153.8092462158203,76.85308332874261,4.84469812427605,4.222441126408066
2024-05-02,162.97848510742188,164.63330178817432,162.2995823040636,164.63330178817432,600297,160.3007713317871,154.08294891357423,69.22335145181394,4.351245864611315,4.2482020740487165
2024-05-03,164.82000732421875,165.10005522798554,162.51174546498453,164.57389873500196,284099,161.01423263549805,154.45657409667967,68.47843123924773,4.061953178582996,4.210952294955573
2024-05-06,167.07733154296875,167.9938483020045,165.7789360382496,166.20324863322955,295231,161.85583953857423,154.87855682373046,66.53199449815736,3.969080747679527,4.162577985500364
2024-05-07,166.69546508789062,167.94294534193375,165.9147313487947,167.68836810559412,169181,162.70478286743165,155.3222805786133,65.97735689990216,3.8206234763651423,4.09418708367332
2024-05-08,165.45645141601562,167.17915948545394,164.37869381798032,167.14522017600854,538672,163.50168685913087,155.75567260742187,59.50629880072142,3.5619322332613876,3.987736113590933
2024-05-09,164.93882751464844,166.2457048875519,164.2090091781192,165.5752965424706,183071,164.26073303222657,156.11722595214843,58.94829952351843,3.277370153418474,3.8456629215564417
2024-05-10,165.4904022216797,166.3305458649823,163.78467016296725,165.4904022216797,251080,164.86358871459962,156.44309417724608,55.639927149604326,3.061073968878304,3.6887451310208146
2024-05-13,166.57666015625,167.179189837486,165.05762651467526,165.48193917923743,367453,165.39934539794922,156.74348876953124,47.753541300285775,2.94338016700911,3.539672138218474
2024-05-14,169.470458984375,169.72504914789556,166.50027062428683,167.16219728004413,962731,165.8964370727539,157.07318328857423,50.390802086017224,3.0484714804148894,3.4414320066577573
2024-05-15,174.53675842285156,175.41084141851678,168.87642940326464,169.7250546766479,2962612,166.6563407897949,157.54128814697265,60.04385481023831,3.500216806746181,3.4531889666754423
2024-05-16,182.06407165527344,182.45444500260416,173.9766733382869,174.05305945882637,2740285,167.69969329833984,158.15993927001952,69.64487326025017,4.414729251253107,3.645497023590975
2024-05-17,181.54637145996094,183.76977815014328,176.68375299396422,182.45440658265593,5154062,168.73243865966796,158.70482360839844,68.40800411940572,5.039619279075453,3.924321474687871
2024-05-20,180.1291961669922,182.36108478338912,179.69640193848306,182.36108478338912,2456232,169.58241424560546,159.21478240966798,68.22155518279823,5.358722903952128,4.211201760540723
2024-05-21,182.88722229003906,183.30305332264015,177.4475442988755,181.82644073145897,2974726,170.3580238342285,159.75806823730468,81.53498416967165,5.76767827908202,4.522497064248983
2024-05-22,184.08377075195312,184.78813119857534,182.66656826862615,183.93102443651316,716766,171.09600296020508,160.3034518432617,86.07488959668493,6.117807543976539,4.841559160194494
2024-05-23,181.65672302246094,185.29733267815126,180.00190633759897,183.32003424736962,1104945,171.68537368774415,160.798046875,78.2139523942243,6.128796094530145,5.099006547061625
2024-05-24,188.1487274169922,188.4796907773896,181.69916973607403,182.36957804852193,2645450,172.5904342651367,161.50557067871094,80.92163805963298,6.585442220088538,5.396293681667008
2024-05-27,187.76683044433594,188.18266150569343,184.15169130433134,188.18266150569343,2971497,173.47257919311522,162.24047607421875,80.92156558041094,6.837700910726198,5.684575127478846
2024-05-28,187.76683044433594,187.76683044433594,187.76683044433594,187.76683044433594,0,174.42134323120118,162.98925720214845,83.97526491092646,6.957416968510984,5.939143495685274
2024-05-29,187.7838134765625,190.07509929594508,185.84894874472874,190.07509929594508,1671387,175.59372024536134,163.7436636352539,85.328070351792,6.973279569420157,6.145970710432251
2024-05-30,187.8262176513672,189.22644405610495,185.0087757631281,189.15855248601562,1091586,176.8361068725586,164.51923614501953,85.09332167231976,6.909622628869926,6.298701094119786
2024-05-31,189.52349853515625,189.922353480453,185.00880551562489,186.70605619382553,661174,178.07128143310547,165.34213439941405,85.37414389925603,6.916402445335166,6.422241364362862
2024-06-03,188.02989196777344,189.24341978947183,185.7640512863911,189.24341978947183,1168893,179.1189094543457,166.15679931640625,79.9014977901658,6.72374676402427,6.482542444295144
2024-06-04,187.7838134765625,189.24345009166444,186.9182120073753,189.24345009166444,499092,180.1733268737793,166.94275634765626,75.26707470757553,6.476551615390349,6.481344278514186
2024-06-05,186.68905639648438,188.39478833190623,185.93378051077113,188.39478833190623,803153,181.23495712280274,167.68303131103517,61.69017148243483,6.121742297504085,6.409423882312166
2024-06-06,185.4925079345703,188.38632313290503,185.4161347701435,186.0101698528971,853358,182.26264114379882,168.41919769287108,59.64337119375937,5.678543184847911,6.263247742819315
2024-06-07,184.0668182373047,187.8686688187996,174.81680785561036,187.8686688187996,1049677,183.19146194458008,169.14766418457032,59.618561435105946,5.152864437716062,6.041171081798665
2024-06-10,183.1927490234375,184.99184355958425,180.35834347979426,184.57601247902775,649465,184.02226638793945,169.90192779541016,50.82197505544011,4.612559448541106,5.755448755147153
2024-06-11,185.47555541992188,186.2647837331365,184.15170193865376,184.15170193865376,403020,184.8225212097168,170.6610464477539,53.53762498351653,4.318783007755599,5.468115605668842
2024-06-12,185.8828887939453,187.12188748802245,183.38794117126085,183.38794117126085,638418,185.38982772827148,171.3804083251953,61.971151601910776,4.071893210677587,5.188871126670592
2024-06-13,197.2544708251953,198.49345653701718,185.04275302719918,185.04275302719918,1922283,186.14934768676758,172.3225762939453,70.20711177209172,4.73919244097911,5.098935389532296
2024-06-14,203.5088348388672,203.9246659051016,196.0324478811274,199.00263648538692,1657876,187.2474708557129,173.38173736572264,77.71137799954013,5.706920962209381,5.220532504067713
2024-06-20,220.80380249023438,220.80380249023438,203.67005688310428,203.67005688310428,3194262,189.281201171875,174.79290954589842,86.14669295584653,7.779732226391047,5.73237244853238
2024-06-21,225.4373016357422,239.33778793878517,221.10930750542653,229.128826802717,2106556,191.40870513916016,176.30732360839843,87.41776582642976,9.68469560194265,6.522837079214434
2024-06-24,219.64967346191406,227.43157880339913,217.23959368358626,227.43157880339913,1689230,193.1870002746582,177.7099496459961,78.38328213519901,10.605130237275233,7.339295710826594
2024-06-25,218.58889770507812,221.83065263075454,217.92697099389719,221.83065263075454,1476823,195.03360900878906,179.08656951904297,76.22108952912906,11.120792010995899,8.095594970860455
2024-06-26,218.22398376464844,220.47283555842142,217.2480698803305,219.75152479478734,521014,196.53737182617186,180.38238342285158,77.80558461143283,11.368957906714286,8.750267558031222
2024-06-27,220.81228637695312,223.18842656675855,218.9453005864019,219.79392578247325,516921,198.18964462280275,181.68139862060548,79.15791300018482,11.640303384891581,9.328274723403295
2024-06-28,217.45172119140625,222.93385883746038,216.3315426184827,222.33131627610373,1531160,199.67388916015625,182.83986053466796,76.11296619148402,11.45216369191121,9.753052517104878
2024-07-01,219.87030029296875,226.24348384196867,216.3994263274746,218.05425582917317,1920439,201.27821350097656,184.0504928588867,78.5885644371817,11.367186895633438,10.075879392810592
2024-07-02,221.50814819335938,222.33981024196717,220.22674170679431,220.64255978210483,473267,202.96231002807616,185.2567153930664,81.02672028983419,11.301723575553694,10.321048229359212
2024-07-03,222.1022186279297,223.17149481290943,219.08111457632563,222.9338807604683,715866,204.59124603271485,186.48093048095703,82.39365676713726,11.169030313000462,10.490644646087464
2024-07-04,222.6962432861328,224.46137236176529,221.0753659961023,222.3398092959641,569881,206.3245635986328,187.67226165771484,81.88425024867753,10.985172540851067,10.589550225040185
2024-07-05,222.41619873046875,228.68755204282073,220.55770727702136,223.85887207995373,1554094,208.05618286132812,188.77308502197266,81.36382130701594,10.693597540671334,10.610359688166415
2024-07-08,224.00311279296875,224.80082259644033,222.10220052834913,224.80082259644033,302831,209.92188568115233,189.8666635131836,77.60067639802307,10.469882664710894,10.582264283475311
2024-07-09,221.4063262939453,224.03706979308285,220.85472505170384,224.00311753107155,295153,211.7175765991211,190.8974038696289,69.9753605486757,9.968141515079537,10.459439729796156
2024-07-10,220.55770874023438,222.33133249700995,218.94532586116463,220.6510709895324,298774,213.54212112426757,191.9076077270508,49.566011557956074,9.393746433276533,10.246301070492231
2024-07-11,219.0047149658203,220.6425554116284,217.2480545591418,219.80242473799356,332189,215.3327194213867,192.88522338867188,37.27332556468606,8.712785011873336,9.939597858768453
2024-07-12,217.3413848876953,219.79392411678828,214.7021729789476,218.09667373750804,581807,216.9260108947754,193.85622009277344,44.542476586288004,7.947289931756842,9.541136273366131
2024-07-15,220.80380249023438,223.18843733440175,219.03017885263577,219.43750239169032,322315,218.67205657958985,194.98557067871093,54.70267615435155,7.533179920680027,9.13954500282891
2024-07-16,220.80380249023438,220.80380249023438,220.80380249023438,220.80380249023438,0,219.8495231628418,196.1420770263672,55.56367269331237,7.122886551082189,8.736213312479567
2024-07-17,220.80380249023438,220.80380249023438,220.80380249023438,220.80380249023438,0,220.71427154541016,197.2617529296875,49.97940423413385,6.720259135572974,8.333022477098249
2024-07-18,226.59144592285156,228.19533424658363,220.6425743800935,220.80381525628727,965496,221.003653717041,198.45203521728516,69.84888521280735,6.789918509664005,8.0244016836114
2024-07-19,221.61000061035156,227.43155714198232,219.79393022303518,224.89417604182103,2256312,220.8122886657715,199.55032592773438,53.39969334684308,6.369736700793311,7.6934686870477815
2024-07-22,218.7416534423828,221.4911909740146,216.49278875313547,221.4911909740146,775362,220.76688766479492,200.61602996826173,44.841830943039795,5.7391308177570295,7.302601113189631
2024-07-23,220.29461669921875,223.05264865103769,218.0966804976814,218.0966804976814,454635,220.85217361450196,201.72314575195313,46.74605297926657,5.3035462880857835,6.9027901481688625
2024-07-24,218.57191467285156,222.28889736654403,217.88453030050977,219.15746816010378,1303580,220.86957015991212,202.78477600097656,42.865521526543795,4.764413560022518,6.475114830539594
2024-07-25,216.18728637695312,220.37949726018428,215.55929901887194,218.69074126926705,969448,220.6383201599121,203.77698852539064,39.95621476710862,4.0974940536331985,5.9995906751583155
2024-07-26,218.40219116210938,220.64257434806262,214.871919813776,217.20563935014974,302866,220.68584365844725,204.7556231689453,41.14808512608593,3.704971243128284,5.54066678875231
2024-07-29,225.08934020996094,226.5405079514075,218.35125403667172,219.79392723874585,845098,220.94679565429686,205.7666748046875,55.15436398688997,3.888665019420273,5.210266434885902
2024-07-30,225.38636779785156,228.15289428676707,223.1969261377433,225.64097090120407,630553,221.14070663452148,206.63312072753905,56.8636577573511,4.01196388227936,4.970605924364595
2024-07-31,220.58314514160156,233.37193330207177,219.79392990995123,225.74280093347963,2604068,221.06475296020508,207.41385620117188,52.0538686845583,3.6796821084392946,4.712421161179535
2024-08-01,215.2113800048828,222.3313327634182,213.93844206230423,222.3313327634182,565213,220.69050979614258,208.1154998779297,47.47235730313315,2.9488968091005745,4.359716290763743
2024-08-02,217.79966735839844,220.6001462495206,215.72053806540706,216.30609156546043,883004,220.45968322753907,208.81374877929687,46.35951421974903,2.549211627744114,3.997615358159817
2024-08-05,214.532470703125,219.62420937074478,213.8535678977777,218.05427334067923,1083166,219.98615112304688,209.42272277832032,42.95787727799214,1.94638605016101,3.587369496560056
2024-08-06,214.7615966796875,216.56915964379806,214.32878951796195,214.6173189931166,1239836,219.65391464233397,210.08482025146483,43.24989874387861,1.4701836265363966,3.163932322555324
2024-08-07,213.1237335205078,217.24805253582738,212.58061390712797,215.97511472800028,875447,219.28221588134767,210.58432037353515,33.41685467737064,0.9496805796419494,2.7210819739726495
2024-08-08,211.41452026367188,211.71819479488278,207.4060905896851,211.71819479488278,1351562,218.90270614624023,211.05727416992187,36.34572761303068,0.39470898019484935,2.2558073752170893
2024-08-09,218.52037048339844,219.07565081134337,206.9288820534867,211.70082692264467,1004368,218.9616554260254,211.67234497070314,49.7338551255737,0.5222525140512744,1.9090964029839264
2024-08-12,216.87188720703125,220.37709181870463,215.62250315093303,217.79156901529038,414977,218.76505966186522,212.2541064453125,45.892798811740214,0.48472524913967163,1.6242221722150754
2024-08-13,216.89791870117188,217.77421655956093,213.4794687214109,215.65720612099256,138454,218.56976547241212,212.8355404663086,47.90597372116985,0.4518761978253849,1.3897529773371373
2024-08-15,216.31661987304688,218.64185226466813,215.2147306408449,216.9065994689168,356504,218.34540634155275,213.3714028930664,50.16942918595633,0.37461875882186746,1.1867261336340833
2024-08-16,212.9936065673828,217.6874552607179,212.55979337376726,217.6874552607179,245638,217.6655143737793,213.87067718505858,43.11456156484112,0.044736584121466194,0.95832822373156
2024-08-19,213.05435180664062,215.17136249131613,211.70085664468198,213.43610956799907,475391,217.23773193359375,214.37608795166017,31.569201749970674,-0.20938215570726015,0.724786147843796
2024-08-20,217.82627868652344,221.2447287708585,211.74422247730726,213.43609128482822,840446,217.19196319580078,214.99883239746094,39.81779396290938,-0.02542538132934169,0.5747438420091685
2024-08-21,220.02137756347656,221.23606247768078,217.34041514087798,217.774228344752,595200,217.17830123901368,215.68940979003906,49.186219128448116,0.2940976472573311,0.518614603058801
2024-08-22,219.787109375,221.24471526204132,218.64183625895848,221.24471526204132,510945,217.2390609741211,216.40381561279298,57.78757343496718,0.5223966016589827,0.5193710027788374
2024-08-23,223.44850158691406,224.71522866675727,218.85875069957345,219.77843252878424,1111470,217.60212173461915,217.2089306640625,59.2751306578743,0.9873869378054394,0.6129741897841579
2024-08-26,220.31634521484375,223.29229713954084,219.50945909144554,222.97996437352373,483077,217.69782943725585,217.90574645996094,59.53916308472835,1.0905847049595252,0.7084962928192313
2024-08-27,219.5789031982422,220.81093116657084,219.1624462098183,220.31637773618772,149117,217.42230758666992,218.57966674804686,57.81401521582984,1.100182057331864,0.7868334457217578
2024-08-28,219.5094757080078,220.37710209420547,218.64184932181016,220.37710209420547,115297,217.12846298217772,219.0247668457031,60.91343024517249,1.089625287948678,0.8473918141671419
2024-08-29,218.64186096191406,221.15797232026935,217.7742345295255,219.51815889261215,830315,217.03139877319336,219.32742736816405,62.717586668163115,0.9997254998495464,0.8778585513036229
2024-08-30,219.7176971435547,222.1123410545351,217.78288089062238,222.1123410545351,459865,217.25671463012696,219.30570526123046,52.6744266894614,1.0037199994486627,0.903030840932631
2024-09-02,218.2253875732422,221.24472362403515,217.77421815542283,220.37709725688205,244392,217.27800064086915,219.16146697998047,53.0445073384904,0.876366550511932,0.8976979828484912
2024-09-03,218.71124267578125,220.3684121117574,217.0454017426846,218.2253740584939,256823,217.48693923950196,219.14269836425783,53.99615039551929,0.8053587961285587,0.8792301455045047
2024-09-04,219.48345947265625,219.94330042231442,217.7742343431989,219.94330042231442,417734,217.7230323791504,219.16058959960938,56.92075191841101,0.8021494020332796,0.8638139968102598
2024-09-05,226.48521423339844,229.03603809561122,218.20805054830282,219.60492965194652,1327601,218.39110641479493,219.32581420898438,75.40022797941751,1.3490381550716108,0.9608588284625301
2024-09-06,225.5481414794922,227.30942193389308,223.86494422026905,226.45048030908265,422637,219.09778747558593,219.42053131103515,72.77032201871143,1.6873863526667208,1.1061643333033684
2024-09-09,221.28811645507812,227.30943256363778,220.37710608528639,225.58286449674983,435258,219.2361747741699,219.4972592163086,56.42927219646892,1.5934134416820882,1.2036141549791124
2024-09-10,225.5655059814453,226.01666214737014,220.38576242037192,222.95394221846047,525791,219.6708557128906,219.6111633300781,59.55727314430971,1.8428456423965542,1.3314604524626008
2024-09-11,225.2791748046875,227.0578246956581,223.08408121464453,225.58284932049756,1135491,220.0899185180664,219.6865838623047,59.45056053034552,1.9944274078600017,1.4640538435420811
2024-09-12,230.68450927734375,232.0813750587048,223.0233534105122,223.11012134525933,1633395,220.80831298828124,219.85822967529296,61.74647359824508,2.5216543055961154,1.675573935952888
2024-09-13,228.94923400878906,234.2591027684166,226.54589219382012,233.82528961514174,953442,221.60609436035156,219.98328948974608,64.67984388273457,2.767560494016408,1.893971247565592
2024-09-16,227.6130828857422,230.7799136202479,225.58284049859725,229.0533457370372,218485,222.33403091430665,220.08722717285156,63.389141767323586,2.822095332746329,2.0795960646017395
2024-09-17,227.6130828857422,227.6130828857422,227.6130828857422,227.6130828857422,0,222.82337112426757,220.15942657470703,63.536167609726256,2.832661427674367,2.2302091372162653
2024-09-18,232.59326171875,234.25911597147,225.73036054765385,228.1857314833208,1053653,223.45196533203125,220.3831652832031,70.48920747877509,3.205937888411512,2.425354887455315
2024-09-19,234.84043884277344,240.33250205906546,229.14012729484608,229.14012729484608,1256457,224.20463180541992,220.6688198852539,71.4707541553545,3.641118044028957,2.6685075187700438
2024-09-20,241.6947021484375,245.52959616029736,233.82532403495023,234.25913725208372,3085746,225.1169418334961,221.12261962890625,78.91803637454797,4.487355773878733,3.032277169791782
2024-09-23,249.91978454589844,251.6116666889152,241.18280644990682,241.20014944661526,1119977,226.59711380004882,221.77418762207031,82.2947749705124,5.755356513884692,3.576893038610364
2024-09-24,256.1146545410156,258.5526827534487,248.18453605860176,249.8764182315209,1072648,228.4239013671875,222.48040466308595,84.08129668559928,7.17739394211651,4.296993219311593
2024-09-25,258.31842041015625,259.3769256887691,252.47928514269708,256.3836039851099,932622,230.3643486022949,223.2306970214844,82.52074887693712,8.385531153886376,5.1147008062265495
2024-09-26,254.83920288085938,261.1555214093195,252.52262896428178,257.6850161414215,408343,232.1742156982422,223.91140502929687,78.44617493424221,8.958971375541239,5.883554920089487
2024-09-27,250.44903564453125,255.81964508962142,249.026115662777,255.81964508962142,766485,233.710782623291,224.38855682373048,78.24838130060006,8.955938591597459,6.498031654391082
2024-09-30,252.8437042236328,253.86749704963677,248.262637762373,251.17784983869416,297166,235.44169845581055,225.0132308959961,77.42493099677596,9.042528193488948,7.006930962210656
2024-10-01,251.18649291992188,255.85432654508654,250.13664605654876,251.62896431800078,309206,237.0654609680176,225.66212768554686,75.34795811424527,8.875121103011168,7.380568990370758
2024-10-02,256.25341796875,257.684995984203,250.7439859913625,251.18648385131868,284874,238.90395889282226,226.3813037109375,75.18362262889653,9.047019869603048,7.713859166217216
2024-10-03,256.42694091796875,259.8540753746522,254.30127238174947,255.0821307517454,940403,240.4010452270508,227.13840423583986,77.9226820476831,9.092440735450595,7.989575480063892
2024-10-04,256.2795104980469,258.55268760902453,255.0821817350779,256.81743467205126,717652,241.9376136779785,227.94024871826173,79.85185641869185,9.012648494449053,8.194190082940924
2024-10-07,259.1165771484375,260.27919315902415,254.98669415745036,256.37487499060614,507155,243.82903671264648,228.7545364379883,80.97594465834105,9.073743668117771,8.370100799976294
2024-10-08,258.01470947265625,262.41358110256976,256.5050482061416,258.9864466776704,712118,245.45149688720704,229.4130438232422,77.05950225406522,8.930307494797404,8.482142138940517
2024-10-09,258.01470947265625,258.01470947265625,258.01470947265625,258.01470947265625,0,247.08827362060546,230.06561065673827,75.90689987980896,8.716158840545859,8.528945479261587
2024-10-10,258.4225158691406,260.28790724213826,257.6850281697169,259.42028088466446,454785,248.4751739501953,230.82239807128906,71.84951361107701,8.481580674791445,8.519472518367559
2024-10-11,260.123046875,260.28789799529204,257.6850190153391,258.42250668856326,966487,250.03386459350585,231.72063140869142,66.06557400681082,8.336793067618885,8.482936628217825
2024-10-14,259.4549865722656,261.15552677467355,258.35308418124333,260.12304931803374,1283927,251.62595977783204,232.55373779296875,56.36781558374164,8.075056735084758,8.401360649591211
2024-10-15,259.9495544433594,261.13822495083735,258.2924111831403,259.5070829477929,382107,253.2427833557129,233.46207946777344,53.326259583789714,7.817421925977641,8.284572904868497
2024-10-16,255.02139282226562,261.1468324016839,254.21450671536243,260.27920609890117,226678,254.36418991088868,234.267275390625,50.35079719691299,7.133354160738293,8.054329156042456
2024-10-17,253.5898895263672,255.8977793499312,250.7527602113515,255.8977793499312,340633,255.30166244506836,235.0765985107422,56.82517661523443,6.401917851994909,7.723846895232947
2024-10-18,253.5898895263672,255.94983482522608,252.9565126064645,254.2145817077669,222654,255.89642181396485,235.9201058959961,51.8098418803229,5.7558988881419,7.330257293814738
2024-10-21,256.9475402832031,258.5526543389319,252.08882738931658,254.22320729120372,403252,256.24780960083007,236.6886492919922,62.9084093591404,5.452011168994488,6.954608068850689
2024-10-22,256.06256103515625,258.5526443466014,255.61137840120804,257.6850180232907,303310,256.2452049255371,237.4724627685547,49.47373469968208,5.081194683561932,6.579925391792938
2024-10-23,255.06480407714844,260.24453444925797,254.6483338968396,256.81739977330335,2471709,256.08252410888673,238.23580047607422,46.407370948437325,4.653170446945381,6.194574402823426
2024-10-24,268.6604919433594,269.8317928025426,252.47926593421192,256.8173976512946,9883837,256.7735885620117,239.28267791748047,69.10312769572113,5.349352536394264,6.025530029537594
2024-10-25,274.152587890625,278.5080627036827,268.53035952270966,270.56928677265347,1051763,257.9587661743164,240.50585754394533,71.44284634962415,6.2719489779222215,6.07481381921452
2024-10-28,274.1178894042969,282.1868044058631,273.35437392895983,281.1109561330827,1407476,259.0224754333496,241.72712829589844,73.68567527217459,6.920537775333344,6.243958610438286
2024-10-29,276.7467956542969,280.1131903444935,271.51500948762515,274.1699441705417,417220,260.30049057006835,242.90553863525392,75.57462524259547,7.559538183272707,6.50707452500517
2024-10-30,273.65802001953125,279.37567427533935,272.43466373433716,276.77279532246354,513819,261.17072067260744,243.978271484375,69.38192846765998,7.727632888904623,6.751186197785062
2024-10-31,270.6300048828125,275.90516109243765,267.22889816500253,275.03753479969413,1028949,261.8808738708496,244.99512939453126,62.9297757534971,7.529715762594151,6.906892110746879
2024-11-01,283.1361083984375,287.0398623862599,259.7931500583572,264.8538933352414,1120698,263.2237037658691,246.1888815307617,72.56681639805944,8.286481647641892,7.182810018125882
2024-11-04,283.62188720703125,287.43731588517744,273.8890105247292,285.2823067402863,572900,264.4489692687988,247.45499237060548,72.56222029734505,8.82370813891879,7.510989642284464
2024-11-05,281.63470458984375,284.99085242956505,273.79188749992824,284.99085242956505,2001385,265.6299690246582,248.6961083984375,76.87174566432665,8.985535316309722,7.805898777089516
2024-11-06,276.57391357421875,282.62383544227686,275.8231886207033,282.62383544227686,259501,266.5579292297363,249.83739715576172,71.6224895101683,8.60621390343158,7.9659618023579295
2024-11-07,278.3668518066406,280.8574812220742,274.62209401534267,277.3246827161362,480633,267.55514602661134,251.03189697265626,72.54855182569085,8.353974662270844,8.043564374340512
2024-11-08,276.4679870605469,279.091091115293,275.55829249358044,278.64949128757894,315988,268.37239303588865,252.1669027709961,68.24935221741073,7.909672944724093,8.016786088417229
2024-11-11,276.8124084472656,277.28050311986414,275.6024024510104,276.66225266785375,373913,269.24026412963866,253.33864318847657,69.59676712758329,7.498909795789302,7.913210829891644
2024-11-12,277.54541015625,279.0910090990453,274.3217377518981,276.4414109113962,337062,270.1200569152832,254.51532653808593,71.33805507527394,7.150102225166336,7.760589108946582
2024-11-13,278.8261413574219,279.9654495040565,274.71924140665277,276.4414915120149,413367,271.310294342041,255.70218017578125,62.59299920156783,6.897503885596052,7.587972064276476
2024-11-14,285.5649108886719,287.923065647671,277.7662703870937,279.0910697689081,1080157,272.90904541015624,256.8837741088867,63.71377461324016,7.158560831324792,7.50208981768614
2024-11-15,291.95928955078125,301.1710546358524,287.9230610301697,287.9230610301697,1241097,274.82751541137696,258.2119970703125,68.59693466943456,7.791606470325235,7.55999314821396
2024-11-18,288.3028564453125,296.75508359870156,287.03988740945834,292.3390853308637,628557,276.3952812194824,259.5522918701172,61.79281684850954,7.907107888817279,7.629416096334625
2024-11-19,293.56671142578125,294.97099547621303,287.03985381236964,290.1310522380413,1085615,278.2704887390137,260.9123159790039,69.45299920084925,8.327399620963035,7.769012801260307
2024-11-20,294.1319274902344,297.629389952464,289.68943509720344,289.68943509720344,230743,280.22384490966795,262.2893710327148,74.125090299415,8.606877335096726,7.936585708027591
2024-11-21,294.7767028808594,295.43026195046235,290.5726642203352,294.1054625695186,353620,281.52965545654297,263.57121490478517,65.79579213968447,8.779192357842817,8.105107037990637
2024-11-22,296.5519104003906,314.4190474338085,292.78949855415834,295.69520573796615,3465164,282.6496215820313,264.9232684326172,66.95226457777682,8.955761224995683,8.275237875391646
2024-11-25,305.604736328125,310.86862570242204,295.03283533093787,296.75508544736937,1632164,284.22396392822264,266.48310150146483,76.5142257623283,9.714201451615736,8.563030590636465
2024-11-26,302.93743896484375,336.1634009901228,299.41348146310526,305.587037556373,5798098,285.53349609375,267.98958862304687,80.79224041814828,9.984941993901145,8.847412871289402
2024-11-27,307.1502990722656,315.30224065564227,302.94628752497283,308.13950521297534,2656424,287.2081100463867,269.48072937011716,81.81993614259149,10.419340752193705,9.161798447470263
2024-11-28,296.3310852050781,309.5614233587365,292.84246336762294,307.3622652386153,2157257,288.4931640625,270.7105422973633,68.34115401999826,9.77787154205248,9.285013066386707
2024-11-29,299.8021545410156,301.36540833606665,295.87190502142477,297.6383044543885,665818,289.3264663696289,271.87269134521483,70.06939441860862,9.440761634500348,9.316162780009435
2024-12-02,302.38104248046875,304.60672272055433,300.2878637427599,301.1710633420033,972333,290.2644241333008,272.92191650390623,71.00388480013875,9.274780412819041,9.307886306571357
2024-12-03,305.3397521972656,307.34460549032866,302.381028288047,302.9286077013789,1354798,291.4496765136719,273.90641845703124,71.80413576820102,9.275065069390791,9.301322059135243
2024-12-04,306.0109558105469,310.859712176691,304.26221119259094,307.3710635602932,959830,292.9215286254883,274.8602691650391,68.6783506258308,9.223132651873811,9.285684177682958
2024-12-05,318.03131103515625,320.6014248655592,304.7038335499116,307.35343210251955,2581424,294.9047515869141,276.124111328125,71.59784974072306,10.036226671430484,9.435792676432463
2024-12-06,331.33233642578125,334.7326603982863,316.6270679493025,321.48466592342015,14056879,297.6479690551758,277.74177734375,80.73424411969089,11.619943650432901,9.87262287123255
2024-12-09,324.3992004394531,327.6670497219685,307.3534590383963,323.34819076522797,3266009,300.02730865478514,279.1728872680664,71.50950313407346,12.175255864127337,10.33314946981151
2024-12-10,315.78802490234375,326.78387135485417,314.86067604866355,326.78387135485417,2957087,301.93943939208987,280.46491790771483,63.58298455204845,11.7846487993707,10.623449335723347
2024-12-11,320.9370422363281,321.926221374969,315.74382480535365,315.74382480535365,814630,304.0449844360352,281.7585903930664,65.5305882412622,11.755067452778064,10.849772959134292
2024-12-12,319.40032958984375,324.13426670559704,317.1569949654999,324.13426670559704,1409947,305.73675537109375,283.0180581665039,63.60292314126857,11.47534353760534,10.974887074828501
2024-12-13,305.604736328125,320.5131508857174,295.0770114857601,318.83507692410814,4946717,306.4190277099609,284.00456268310546,50.0,10.024910312103714,10.784891722283543
2024-12-16,301.5155334472656,305.5870707881918,291.45587676330433,305.5870707881918,2146066,307.0796615600586,284.852541809082,49.2113508069635,8.448082793797653,10.317529936586364
2024-12-17,315.16973876953125,319.05581107785076,298.07982349833804,300.3849611958995,1810833,308.1598129272461,285.99564239501956,54.026247269292995,8.205626526886249,9.895149254646341
2024-12-18,308.8018798828125,317.9518135805835,305.59586145004414,311.336658084138,1080769,308.893310546875,287.01138580322265,56.554044972761716,7.414179152708698,9.398955234258812
2024-12-19,294.84735107421875,307.77740614889774,287.0840190474391,307.35346063800057,2345091,308.89684295654297,287.73988250732424,47.65445568040996,5.596425445727846,8.638449276552619
2024-12-20,305.7460632324219,309.02275349946393,293.2311386772395,293.2311386772395,712715,309.3565505981445,288.6523428344727,51.47664486573802,4.977895443525711,7.906338509947237
2024-12-23,313.9421081542969,320.1509999850207,307.35344698139454,309.11984610197726,2835857,309.77341918945314,289.7420852661133,53.60901350745791,5.090379561567943,7.3431467202713785
2024-12-24,322.4738464355469,325.017465696978,307.35347299605525,314.4632192769311,2507585,310.75023956298827,290.99257110595704,56.47944760575994,5.801092627352375,7.0347359016875775
2024-12-26,331.08502197265625,331.6326013993127,309.11985274843005,320.69858629531313,2931860,311.9469757080078,292.51384368896487,55.279340585992195,6.9787411675812905,7.02353695486632
2024-12-27,329.7955322265625,333.39897436759077,327.6670181733275,332.0830157228333,347805,313.62019805908204,294.03795654296874,49.31158233534326,7.719005187530058,7.162630601399068
2024-12-30,334.140869140625,339.14862237728335,325.0174297782299,332.08302607775664,1997964,315.3371337890625,295.6489761352539,54.46739333969823,8.557654812400472,7.44163544359935
2024-12-31,337.58538818359375,338.26544216315114,331.1998454600044,335.61584339947115,1806809,317.09735107421875,297.26173309326174,60.49320977134764,9.391969800414415,7.831702314962364
2025-01-01,337.58538818359375,337.58538818359375,337.58538818359375,337.58538818359375,0,318.70963287353516,298.89218963623046,58.43252088217227,9.938604394437732,8.253082730857438
2025-01-02,342.46063232421875,344.44783135124516,339.2369592932205,342.99937112294117,1523011,320.53211669921876,300.6401062011719,61.29812738517518,10.64252727681992,8.730971640049935
2025-01-03,342.81390380859375,344.3595030385271,335.6246734061218,343.4674898110814,891133,321.7712463378906,302.12317443847655,70.99571706451542,11.100932647504692,9.204963841540888
2025-01-06,340.4028015136719,344.44784382019066,337.6560367434871,342.82275979141247,544509,322.22476959228516,303.4481787109375,72.36617066180632,11.141237154884891,9.59221850420969
2025-01-07,338.23895263671875,343.03472000655734,333.8494495369053,340.03184675055167,460187,322.91675720214846,304.73059997558596,65.28919401709955,10.873234369572515,9.848421677282255
2025-01-08,330.1223449707031,341.7982447452948,326.92516673545447,338.0446464502883,643961,323.6334732055664,305.79811096191406,63.81009047546567,9.891870500376967,9.857111441901198
2025-01-09,328.8858642578125,334.7238005502411,325.90064536178386,330.1223382804868,2182493,324.0309143066406,306.90266784667966,76.39726033881297,8.911631167068606,9.66801538693468
2025-01-10,326.73968505859375,330.3166324631129,324.04591025300374,328.54139273851604,575123,324.39788208007815,308.0248614501953,68.83814648054869,7.870875158788863,9.308587341305518
2025-01-13,332.0123596191406,333.8494026739574,325.9006073721965,326.7838068501699,1641184,325.71826324462893,309.00238647460935,67.11273621821957,7.386383662444814,8.924146605533378
2025-01-14,342.93756103515625,344.4478247197486,329.4422729806711,333.84943011298714,2510435,327.78936462402345,310.1886999511719,68.53895182922008,7.794147034251182,8.69814669127694
2025-01-15,340.1024475097656,344.44780085686654,337.39104556174266,344.44780085686654,467871,329.03600006103517,311.3580548095703,59.12416557715906,7.798634670714989,8.51824428716455
2025-01-16,339.1927795410156,341.7893883983385,337.4705565744151,341.7893883983385,353645,330.5555450439453,312.61043212890627,59.582135030965524,7.640711189859417,8.342737667703522
2025-01-17,350.2857360839844,351.24844724487644,337.82380424274453,340.0318029632853,2249881,333.3274642944336,314.04880981445314,64.47116981136205,8.314816549427462,8.33715344404831
2025-01-20,350.6125793457031,351.5134332151441,349.73819343245367,351.5134332151441,266871,335.57079010009767,315.5317016601563,62.36793293052865,8.774278996754163,8.42457855458948
2025-01-21,346.5498046875,350.7185071718377,346.2141845838245,350.7185071718377,522587,337.2011749267578,316.92644958496095,57.90123204412162,8.71016893008209,8.481696629688003
2025-01-22,344.6510009765625,348.4134130685176,340.9592060424537,346.5498747885585,2609568,338.3100326538086,318.2685614013672,52.03749439344132,8.409207539878707,8.467198811726144
2025-01-23,340.97686767578125,347.9364846655435,338.3272689407822,347.9364846655435,535365,338.8046249389648,319.5115759277344,48.390608657710516,7.7844868991740555,8.330656429215727
2025-01-24,343.4321594238281,344.71278263308,341.8070754435401,341.8070754435401,355831,339.4864562988281,320.6689208984375,52.65190778351738,7.4021850335183785,8.144962150076259
2025-01-27,340.92388916015625,344.44784696954076,337.83269053350654,344.44784696954076,487346,339.8256072998047,321.648212890625,52.33631210028031,6.8182154592386155,7.87961281190873
2025-01-28,342.76092529296875,346.78831326293965,340.075990995284,340.48228221250326,1647962,340.0843841552734,322.7373742675781,62.34684246082404,6.429533171360788,7.5895968837991425
2025-01-29,343.5646667480469,346.21426572039684,340.4911222369997,344.2712156927611,1270497,340.3833480834961,323.7373333740234,64.46224832870597,6.115855105521234,7.294848528143562
2025-01-30,345.9139404296875,347.98062415093136,342.858077520817,343.5646263825185,617513,340.5560134887695,324.7729736328125,68.81607917641958,5.987806030187812,7.033440028552413
2025-01-31,362.29730224609375,365.6357956732651,347.1062852192608,348.8638438073702,1267359,341.53018341064455,326.1233856201172,74.39875731623184,7.126180420563742,7.0519881069546795
2025-02-03,365.66229248046875,368.73583682345924,362.64176491089177,363.8870795941781,639052,342.79315795898435,327.50559326171873,70.84751362035466,8.205291424078325,7.282648770379409
2025-02-04,363.1451721191406,368.2942136545097,358.5790185700982,366.52781454825305,495419,344.0384689331055,328.6564019775391,71.2632989957815,8.756445242178074,7.577408064739142
2025-02-06,362.3591613769531,365.6358246224869,356.12377383121134,361.2286668717139,1615724,345.65030975341796,329.84483642578124,71.42630533718552,9.02577065023354,7.867080581838023
2025-02-07,362.8095703125,364.7614338766877,357.70467771554644,363.87823427892334,1183543,347.3464950561523,330.95802185058596,64.42237877647301,9.169852857668445,8.127635037004108
2025-02-10,364.08135986328125,367.41101246058525,359.550541863469,364.7525731925455,388651,349.21357879638674,332.31302734375,65.18019353547223,9.2796913278558,8.358046295174447
2025-02-11,364.5759582519531,370.94381960835864,363.8782230443899,364.08136864872426,268187,350.84175872802734,333.60850341796873,72.09367390678241,9.299450783334237,8.546327192806405
2025-02-12,364.3374938964844,367.4110382464747,361.272790167602,364.7172902136532,130560,351.91175537109376,334.8476324462891,75.15235593152931,9.189932393505444,8.675048232946214
2025-02-13,360.6810607910156,365.423838380887,359.5063902167972,365.423838380887,235627,352.94068603515626,335.95445861816404,75.18636207957846,8.70771753957365,8.681582094271702
2025-02-14,360.84002685546875,362.11183643725354,358.5790380329876,359.5505629847833,68715,354.0230484008789,337.0510400390625,73.63884783922197,8.243361684346155,8.593938012286593
2025-02-17,363.3571472167969,364.6642923154935,360.84002299009865,362.094178269548,545470,354.6766189575195,337.95755676269533,80.45570891506046,7.986404599423736,8.472431329714022
2025-02-18,366.13922119140625,366.4395058187131,362.111833202766,362.111833202766,389904,355.4529510498047,338.6536944580078,80.94466751225976,7.9160036152007365,8.361145786811365
2025-02-19,349.1199951171875,370.935010170462,346.37323020641855,367.4198928343794,3036988,355.5814605712891,339.1481103515625,55.144790771103914,6.412976221467773,7.971511873742648
2025-02-20,350.8598327636719,354.6487391127445,349.1199287163253,352.1228015466961,447297,355.8919021606445,339.84954650878905,54.6326855781231,5.301098774000877,7.437429253794294
2025-02-21,348.86383056640625,350.8598702219845,347.53903120982494,350.8598702219845,103200,356.28625030517577,340.4080822753906,32.77452720618851,4.210333091172288,6.792010021269893
2025-02-24,354.87841796875,357.68698613975204,342.68143403225304,348.8638310379896,470254,356.8585632324219,341.1176440429688,37.05188392329757,3.787559735397622,6.191119964095439
2025-02-25,354.16302490234375,362.11182097247115,351.73422610313816,355.2228751596054,199975,357.52052001953126,342.0888098144531,38.72748288595924,3.3560955825799397,5.624115087792339
2025-02-26,352.4142761230469,355.9294200489832,351.3809477392277,355.9294200489832,302616,358.00318756103513,343.1067846679687,37.81373078424656,2.840306436780793,5.06735335759003
2025-02-27,354.16302490234375,358.570182098452,352.4231206844247,353.27982533899626,343451,358.53310546875,343.886650390625,39.731429010479864,2.543331294269194,4.562548944925863
2025-02-28,352.8028869628906,357.6958200481989,352.39662271415153,357.6958200481989,199390,358.87755279541017,344.76667053222656,36.63382020740792,2.173173597196694,4.08467387538003
2025-03-03,345.2162170410156,354.1630331382786,342.6814385477608,354.1630331382786,1064472,358.02349853515625,345.7740478515625,30.35836585368874,1.2531940561817692,3.5183779115403784
2025-03-04,345.2162170410156,345.2162170410156,345.2162170410156,345.2162170410156,0,357.0011947631836,346.5634509277344,30.505976085701192,0.5181309507577794,2.918328519383859
2025-03-05,348.43988037109375,352.39662409918725,344.62447875994854,350.6302249808956,477719,356.26593017578125,347.2534063720703,37.409088255254126,0.19348051043743908,2.3733589175945746
2025-03-06,349.64990234375,351.5134405609888,347.989482784381,351.5134405609888,374154,355.6304672241211,347.7969274902344,38.73376790968285,0.033445815578545535,1.9053762971913688
2025-03-07,349.2789611816406,351.51345518294534,347.989497259751,350.6302555468073,945838,354.9539367675781,348.1608062744141,35.18586312448379,-0.12190938922941541,1.4999191599072121
2025-03-10,356.1943664550781,357.5633419245305,348.8638209976381,348.8638209976381,825041,354.559587097168,348.68878295898435,40.37272659055203,0.3094191118845515,1.26181915030268
2025-03-11,346.7657165527344,352.7918408285286,344.2944014269298,352.7918408285286,1390416,353.66907501220703,348.94127990722654,47.328254320958585,-0.10831460864778819,0.9877923985125865
2025-03-12,345.6285400390625,347.4193614900421,344.74209216507296,347.4193614900421,323480,352.73362731933594,349.1021429443359,43.980951859272416,-0.5250794436751676,0.6852180300750357
2025-03-13,345.7807922363281,348.77146095638494,344.33020382201755,347.41938193707466,426948,351.9886138916016,349.26605102539065,46.295528966561676,-0.8334753135736719,0.3814793613452942
2025-03-14,345.7449645996094,348.3147891344683,345.18085144302705,348.3147891344683,489766,351.2338607788086,349.33173767089846,37.184224972872705,-1.0684557602857012,0.09149233701909512
2025-03-17,346.65826416015625,348.3147795021193,344.73313652523376,346.5239580136765,97682,350.39891662597654,349.4086248779297,39.52771759126774,-1.1675253104547778,-0.16031119247567946
2025-03-18,345.5389709472656,348.32371233117135,344.72414396116346,348.3147494802561,1001456,349.36890411376953,349.51134826660154,40.23452061634917,-1.3211271196161078,-0.39247437790376516
2025-03-19,347.0074768066406,349.21017951854293,343.82875236684526,344.9122190086213,671046,349.2632781982422,349.68671875,39.75491099946781,-1.3092690711215482,-0.5758333165473217
2025-03-20,344.56298828125,349.63997895885706,343.3900024537145,349.192273610156,273795,348.9484359741211,349.97553161621096,38.557665332317384,-1.4800600656812435,-0.7566786663741061
2025-03-21,342.4319152832031,345.62853811357746,341.7424588656929,344.56299717011933,255577,348.62684020996096,350.24645263671874,45.44313053276355,-1.7670040177795272,-0.9587437366551903
2025-03-24,341.21417236328125,345.60167946129206,340.2560763270185,343.3900138721358,222961,347.9436279296875,350.5359423828125,43.70120606925172,-2.068822742889836,-1.1807595379021194
2025-03-25,338.59063720703125,343.6138784439409,337.2475210697911,342.94232037532083,430282,347.1650085449219,350.6675079345703,34.19985900599225,-2.4909989332282407,-1.4428074169673437
2025-03-26,358.18218994140625,359.9372146446225,339.80837162144377,340.27397536320103,1608096,347.45340423583986,350.9724005126953,58.60982012088842,-1.2305173949023924,-1.4003494125543536
2025-03-27,367.9153137207031,370.70002786681323,354.6721818855511,358.1642781321867,554546,348.1410186767578,351.5286578369141,65.81713051937759,0.5474938827030655,-1.0107807535028699
2025-03-28,367.9153137207031,367.9153137207031,367.9153137207031,367.9153137207031,0,348.8966400146484,352.1031085205078,61.27089566867901,1.9342834149272221,-0.4217679198168515
2025-03-31,367.9153137207031,367.9153137207031,367.9153137207031,367.9153137207031,0,350.03159484863284,352.4557000732422,74.84220683880292,2.998756314362936,0.26233692701910594
2025-04-03,398.09063720703125,404.70773535273474,363.53674180113364,368.01379527159094,1414936,352.6753158569336,353.40526123046874,86.63246371227922,6.205719504404442,1.4510134424961731
2025-04-04,431.7491455078125,437.90061294018886,399.3531913837872,399.3531913837872,5855977,356.84077911376954,355.109248046875,90.8935844792541,11.332586261286679,3.4273280062542746
2025-04-07,427.0482482910156,431.5879874139064,390.4886388908892,431.5879874139064,3178664,360.7106964111328,356.75719299316404,87.03099424438672,14.845215580452361,5.710905521093892
2025-04-08,412.0142822265625,428.90171448642474,410.0980902605063,427.1108931315754,1508984,363.8474624633789,358.17794128417967,76.37492641426246,16.228808602230345,7.8144861373211825
2025-04-09,403.8302307128906,411.79938057666135,394.4373810975389,410.9756180248646,671384,366.22925567626953,359.38590270996093,72.2548974830521,16.47501773099731,9.546592456056409
2025-04-10,410.0264892578125,421.29074410119796,408.30728865068284,416.36598513720946,1301134,369.3922943115234,360.76795471191406,73.22159715917053,16.97445556217889,11.032165077280906
2025-04-11,395.5386962890625,413.6349654060977,386.8174052030351,409.20267170784035,1117598,371.88780212402344,361.8235101318359,67.25255125965154,16.016590542809183,12.029050170386562
2025-04-14,423.2069091796875,428.90170788407767,398.43984694428343,398.44878246939976,1413079,375.7591079711914,363.4163549804687,73.30886586448172,17.290752133805142,13.081390563070277
2025-04-15,425.3738098144531,431.5879623294909,423.26065365468486,424.4246766476736,1131848,379.7405502319336,365.00555236816405,74.15324816140568,18.26483944651767,14.118080339759757
2025-04-16,429.06292724609375,464.71819075174324,402.0394367004484,430.69258140961176,8373095,383.8607833862305,366.3408648681641,75.80709298191672,19.114155518585562,15.117295375524918
2025-04-17,443.40740966796875,446.76519994516224,424.42469103726114,428.6957904325751,10968701,388.75420532226565,367.89576721191406,75.06054568107474,20.706038155499584,16.235043931519854
2025-04-18,486.0020751953125,487.74808231058984,444.1236999513311,445.9145213221026,3976638,395.70393524169924,370.3529052734375,79.09971869405335,25.115138461183278,18.011062837452542
2025-04-21,494.365234375,519.3382542337469,490.6851091725746,491.1328145641554,2677984,403.19404754638674,372.99302673339844,79.92708601022407,28.950495974714784,20.19894946490499
2025-04-22,474.6034851074219,496.9439938196135,467.4044024907374,496.9439938196135,910369,409.80262603759763,375.22890502929687,73.09017031186634,30.049049686481453,22.168969509220283
2025-04-23,464.4853515625,490.65818961197846,462.0319349159128,474.7467781636729,1084032,415.96618499755857,377.23698486328124,65.73573888947715,29.7601560475415,23.687206816884526
2025-04-24,458.0204772949219,473.58274715819556,444.5803810972471,452.1824092933998,1395244,421.93767700195315,379.10587524414063,57.147717960150544,28.678951334177327,24.685555720343086
2025-04-25,454.6626892089844,468.7475096022161,449.49617921740685,458.88902887951735,838859,426.761701965332,380.9123791503906,57.56845543187044,27.237170228997513,25.195878622073973
2025-04-28,217.3784942626953,228.52169714628755,216.2424441568758,226.30392147829926,2362200,419.23486099243166,378.0463278198242,25.95197147760929,6.868520817782326,21.530407061215644
2025-04-29,430.09515380859375,438.11535190882114,424.0935691043647,430.5206063062915,2716568,422.3438529968262,379.4314303588867,52.15564018217154,7.800753854619529,18.78447641989642
2025-04-30,417.3406677246094,438.1244131419661,387.44139327985874,420.97056401543995,5533339,424.8151206970215,380.51110076904297,50.593902929304264,7.424786502369329,16.512538436391004
2025-05-01,417.3406677246094,417.3406677246094,417.3406677246094,417.3406677246094,0,425.7776222229004,381.53512969970706,51.81294995941712,7.045612234909868,14.619153196094777
2025-05-02,450.8517150878906,457.13391405741146,425.451365558383,425.451365558383,2001263,426.7327507019043,383.5697640991211,52.27668956798077,9.341492444826883,13.563621045841199
2025-05-05,441.075439453125,461.6600369673171,437.21921148081213,454.41831089724155,1402293,427.4341102600098,385.37407623291017,51.27710215953482,10.25392939689084,12.901682716051127
2025-05-06,444.10784912109375,463.3798985798499,441.07539870936233,441.07539870936233,1609391,429.03878860473634,387.2789566040039,51.22499704430502,11.093849382455346,12.540116049331973
2025-05-07,432.54827880859375,441.7362128942485,416.3992335862478,416.3992335862478,2017389,430.4746910095215,388.8323538208008,49.11179294605363,10.703349752114661,12.17276278988851
2025-05-08,405.5819091796875,447.1765842951996,389.29708653897535,439.02964247605627,2983445,430.25246200561526,389.86073150634763,43.24956694330754,8.124263863335386,11.363063004577887
2025-05-09,412.6426086425781,420.7442730984092,392.8726998108449,408.2523066930534,2542931,431.107657623291,391.06529815673827,43.12520691997916,6.574275003202331,10.405305404302776
2025-05-12,453.911376953125,453.911376953125,453.911376953125,453.911376953125,378056,432.6428810119629,393.0602651977539,48.320094723369216,8.577071231538241,10.03965856974987
2025-05-13,448.3171691894531,470.7121984043065,445.81876483484797,470.7121984043065,2054083,433.79004898071287,394.97055084228515,48.677659897876616,9.602207586191867,9.952168373038269
2025-05-14,452.4539794921875,462.54715727884724,443.6100314946984,447.1675227883411,2205841,434.95960159301757,397.1153060913086,49.5429949493755,10.62595218921615,10.086925136273845
2025-05-15,466.6025390625,470.6126382795785,452.8341873589526,454.31875447655773,1753578,436.11935806274414,399.5430325317383,50.96318619615541,12.435597844610925,10.556659677941262
2025-05-16,469.6168518066406,484.74302664574867,462.56524111293663,468.9017512651686,1468869,435.3000968933105,401.96657196044924,82.7123310344369,13.952153174215027,11.235758377196015
2025-05-19,466.70208740234375,470.6126260433909,462.56524482547206,469.61685557577204,428531,433.91693954467775,404.30761566162107,60.415184822956725,14.748821834112391,11.938371068579292
2025-05-20,461.2164611816406,468.7931121876387,457.5865373765006,466.6658773878594,185440,433.24758834838866,406.5463656616211,63.0218864337152,14.7673148824191,12.504159831347254
2025-05-21,466.8559265136719,472.4320860490358,461.6690583411498,461.6690583411498,766793,433.3661170959473,408.759596862793,64.21962420248194,15.063387127580143,13.016005290593831
2025-05-22,467.1546936035156,479.76434223257365,466.1861061316518,467.09132187171326,976394,433.822827911377,411.1673764038086,55.78544044705322,15.147523302578975,13.442308892990862
2025-05-23,467.6072998046875,474.3330460993423,462.5652415205418,465.2808887310342,351373,434.4700584411621,413.6069515991211,60.082567492279736,15.076925948012615,13.769232303995214
2025-05-26,465.2356262207031,471.6173859401462,463.57906599778966,467.9965230922372,253548,446.8629150390625,415.9960482788086,58.06944538014156,14.660604476077026,13.947506738411576
2025-05-27,456.9438781738281,469.49018316320735,455.5588991449674,465.2809077152056,1020483,448.2053512573242,418.22002655029297,59.556080581430294,13.505904282347444,13.85918624719875
2025-05-28,456.9438781738281,456.9438781738281,456.9438781738281,456.9438781738281,0,450.18551177978514,420.4257388305664,75.50803769728984,12.44731120427042,13.576811238613086
2025-05-29,462.3660583496094,466.1860695781425,457.1429738839924,457.1429738839924,782913,452.43678131103513,422.7622805786133,75.1028402077326,11.908618052229428,13.243172601336354
2025-05-30,461.29791259765625,465.27179503809504,458.9443463222875,464.37564036160455,550714,452.95909118652344,425.04808929443357,56.276918640354516,11.265646057714093,12.847667292611902
2025-06-02,460.7547912597656,466.18608545929135,459.84957555984465,461.6600069596866,380916,453.9430587768555,427.3719253540039,61.56175426293518,10.590183721008941,12.396170578291311
2025-06-03,463.8778381347656,466.1951883246823,458.5008541843359,461.6600484207861,695473,454.9315582275391,429.8008438110352,60.82337409551501,10.189421427624438,11.954820748157937
2025-06-04,464.511474609375,472.52261173126215,461.6600229558308,465.2808858809746,799020,456.52971801757815,432.26678985595703,47.3368406815076,9.809861612518489,11.525828921030048
2025-06-05,464.61102294921875,467.99652085583836,461.2074030484519,466.1860894405353,805913,459.4811737060547,434.7871975708008,43.11332898379503,9.408633572380097,11.102389851300059
2025-06-06,464.61102294921875,464.61102294921875,464.61102294921875,464.61102294921875,0,462.07959442138673,436.915774230957,46.87243249164704,8.987060223868525,10.679323925813751
2025-06-09,464.61102294921875,464.61102294921875,464.61102294921875,464.61102294921875,0,462.6145767211914,438.84968841552734,56.07387838591978,8.554351073623138,10.254329355375628
2025-06-10,232.21044921875,233.0930400409907,231.32787220900457,233.0885095425448,2493730,451.8092407226562,436.1355911254883,3.937803844275976,-10.4212286559071,6.119217753119083
2025-06-11,233.4415740966797,235.9218564283412,232.8441283826678,233.09305719059128,3708298,440.85862045288087,433.4461163330078,4.288160774975765,-25.07116601891329,-0.11885900128739202
2025-06-12,470.89324951171875,477.0396446335562,467.0913322688358,467.0913322688358,965451,441.0731559753418,434.90216857910156,50.33350653843047,-17.321311885380396,-3.559349578105993
2025-06-13,468.5668029785156,473.8804146695201,461.75052992408547,461.75052992408547,1156413,441.02065353393556,435.6385217285156,50.338127887403864,-11.237680457080046,-5.095015753900803
2025-06-16,234.2834014892578,234.2834014892578,234.2834014892578,234.2834014892578,0,429.39971923828125,431.7832247924805,34.50697363001491,-25.0325120157363,-9.082515006267904
2025-06-17,233.7538604736328,236.25676752253867,232.9119888764958,235.35608231981328,1192344,418.02658920288087,428.2180163574219,34.48156333700018,-35.597400275009875,-14.3854920600163
2025-06-18,233.50489807128906,237.61005448615492,232.6902094860599,237.61005448615492,1276250,406.3590377807617,424.81150970458987,33.97194379388999,-43.4889262506959,-20.20617889815222
2025-06-19,471.9794921875,473.33731574931676,467.1094272591186,470.71216809647814,381538,406.60027770996095,426.0505697631836,50.56139318742933,-30.152531102710157,-22.195449339063806
2025-06-20,474.5050354003906,475.46456186354766,470.7121792842356,473.2377112792474,718562,406.9451644897461,427.62989654541013,50.72117061377963,-19.158702042687707,-21.588099879788587
2025-06-23,474.5050354003906,474.5050354003906,474.5050354003906,474.5050354003906,0,407.4086349487305,428.6558590698242,50.55920547319675,-10.326970419676513,-19.335873987766174
2025-06-24,247.1601104736328,248.93432556813895,239.20325647774806,239.88216827475208,4642454,396.9194465637207,425.0915850830078,40.76606562946286,-21.42561378133587,-19.753821946480112
2025-06-25,245.3948974609375,248.79851700925022,241.78309600141702,248.79851700925022,1719096,386.34199752807615,421.4182244873047,40.7000053728951,-30.017780259075096,-21.806613608999108
2025-06-26,245.01475524902344,246.22774101942727,243.865113585102,246.2186800220761,2312353,375.47443237304685,417.45037139892577,40.6868821439942,-36.43777639091434,-24.732846165382156
2025-06-27,247.1148223876953,250.74474614480664,243.05041277935229,244.8608441594592,3773073,364.7652778625488,412.6726263427734,40.79234782449617,-40.88491585190957,-27.96326010268764
2025-06-30,249.7942657470703,250.7447311146574,247.12386857148545,247.12386857148545,1848550,354.2172515869141,407.78120697021484,50.9241594262725,-43.6894721889567,-31.108502519941453
2025-07-01,262.349609375,264.23244579398016,249.7942725829592,249.83952231599162,4188933,344.1408401489258,403.5361294555664,51.5014582599221,-44.387322566022476,-33.76426652915766
2025-07-02,276.805908203125,277.44860359554326,261.607329328261,262.0599371644691,9197607,334.7555618286133,399.7825405883789,36.880138317873,-43.275023979815955,-35.666418019289324
2025-07-03,280.4720153808594,282.8798923394515,275.1946202643699,277.90120623427714,2884914,325.5486114501953,396.2315713500977,37.30820815041899,-41.61794931285692,-36.856724278002844
2025-07-04,296.4490966796875,298.6306699488911,279.71166632746855,280.4720442413209,3748255,317.14051513671876,393.0672994995117,55.94655703060155,-38.57086781134029,-37.19955298467033
2025-07-07,297.87933349609375,306.3612000844987,295.1184090688443,297.3633539232156,5204344,308.8039306640625,394.6773162841797,56.123470996236655,-35.62990623008159,-36.88562363375259
2025-07-08,298.7574157714844,304.1524939409146,294.1951206273728,297.36337577259064,3515444,312.1312789916992,392.0505615234375,56.22361697861334,-32.84964878427695,-36.078428663857466
2025-07-09,298.80267333984375,301.34632747023664,296.00555989619085,298.7574236008661,1098739,315.3993339538574,389.6798016357422,19.703542373871315,-30.293419141406787,-34.921426759367336
2025-07-10,302.06146240234375,304.15250868958515,297.81599809188543,301.30108444561904,1555566,306.9577445983887,387.37421752929686,19.909020364152852,-27.68549058840125,-33.47423952517412
2025-07-11,309.32122802734375,311.84678739318827,298.26855281873884,302.3420231910737,6871072,298.9954658508301,384.5436077880859,21.88808151794325,-24.747610953272726,-31.72891381079384
2025-07-14,326.1854248046875,328.3850923444483,311.30367635977774,311.30367635977774,3934746,303.59056701660154,382.24580749511716,97.42503890425972,-20.81853729732103,-29.54683850809928
2025-07-15,334.984130859375,343.98197742626127,327.6880942850173,328.59331001508644,4612685,308.6520805358887,380.06333312988284,99.57925374581204,-16.801063866816037,-26.997683579842636
2025-07-16,328.4846496582031,341.2572288373375,326.37548178685097,334.92978047325795,2562688,313.40106811523435,377.982060546875,93.2626119807035,-13.980482740823561,-24.394243412038822
2025-07-17,337.7359924316406,338.55068105892315,325.87766091233243,326.77381563984403,1937340,306.6888931274414,376.62514221191407,93.72758840610356,-10.873305138921978,-21.690055757415454
2025-07-18,345.4879150390625,347.7912820446218,337.6434756340254,339.0310515612885,2788781,300.238037109375,375.28204833984375,94.02031002856971,-7.696607434972009,-18.891366092926766
2025-07-21,341.82470703125,346.801484059748,339.9561148756598,345.94119372798906,697674,293.604020690918,373.0403149414062,89.81699325619782,-5.412252807885466,-16.195543435918506
2025-07-22,338.5870361328125,344.09109891244805,333.01824126129765,342.2687479630004,1895384,298.175366973877,370.84571228027346,84.87234079203486,-3.819113923201485,-13.720257533375102
2025-07-23,338.6517639160156,341.3436644951995,333.9525193844071,338.10598746069223,1067686,302.83821029663085,368.56966796875,84.23124712709722,-2.5222420516612942,-11.480654437032342
2025-07-24,339.2623291015625,342.0374810778534,335.92290977397255,338.56854110748975,1139833,307.5505889892578,366.0228637695312,80.75046797392497,-1.4287247921869266,-9.47026850806326
2025-07-25,341.68597412109375,344.56289649114774,336.81096707247667,337.61575666834653,1477082,312.2791465759277,363.4642462158203,81.02129870309491,-0.3623595327251792,-7.6486867129956435
2025-07-28,337.59722900390625,343.19377386237045,335.9783904479517,341.34367265556523,1348301,316.6692947387695,360.88214904785156,76.30781162601198,0.1510735761114006,-6.0887346551742345
2025-07-29,331.5289611816406,343.1938379171718,323.76777161997336,339.48437527148394,2194506,320.1282623291016,358.28839904785156,70.49465433289339,0.06753600232838153,-4.857480523673711
2025-07-30,338.4297790527344,340.4093727236394,328.3929740586827,328.3929740586827,1451582,323.209455871582,355.7198760986328,71.7818533813574,0.5518092889123523,-3.775622561156499
2025-07-31,339.19757080078125,342.0374831153764,338.439022480803,340.51115516538516,997268,326.14573364257814,353.1607336425781,69.4024680083271,0.986185601163811,-2.823260928692437
2025-08-01,340.9366760253906,341.3437005826128,337.64349786627014,338.56854854535584,563189,328.37011260986327,350.6273211669922,61.92193762409205,1.4540023810885714,-1.9678082667362353
2025-08-04,340.4463806152344,343.0920400842468,338.5685289744517,341.3436808512914,800264,330.4984649658203,348.1315362548828,55.099417370617815,1.7648437869876261,-1.221277855991463
2025-08-05,343.95233154296875,346.99572778561173,339.67860215516805,340.41863136601575,975813,332.75821075439455,345.8717053222656,65.29513550443815,2.267945318186662,-0.523433221155838
2025-08-06,350.26116943359375,352.39803404103105,343.9523176257771,343.9523176257771,2359824,335.33113555908204,343.73805114746096,63.150744362410386,3.139536773299085,0.20916077773514663
2025-08-07,352.24078369140625,356.8660369192625,349.6691440259304,351.5192453170729,1436336,337.84010162353513,341.53554565429687,58.06808933899991,3.94454732110961,0.9562380864100394
2025-08-08,352.5738220214844,355.6819786878194,350.594200058995,352.4535609188632,677736,340.0027313232422,339.36106384277343,63.95297708036727,4.556868644772351,1.676364198082502
2025-08-11,353.94287109375,356.144496132143,350.5941922963174,351.5192429356216,737613,341.39060363769534,337.2248254394531,70.94903918691848,5.093889338366694,2.3598692261393404
2025-08-12,352.8050842285156,356.9308022613219,352.04653591320204,356.14450355546296,297094,342.28165130615236,335.0033703613281,68.75928304927336,5.365818401496085,2.9610590612106895
2025-08-13,351.158447265625,355.21943297966243,347.9207701421125,352.7680545179209,691690,343.41534118652345,332.73630981445314,65.34603495544354,5.386363654469449,3.4461199798624413
2025-08-15,346.449951171875,353.93360736770103,337.7359900616593,351.593230407153,404946,343.85103912353514,330.37308837890623,55.80343865618197,4.965470775052893,3.749990138900532
2025-08-18,349.5673828125,351.0659602591973,344.1188212586916,346.4499385946314,600056,344.05501251220704,328.07221557617186,64.93539032347485,4.827808840573539,3.9655538792351335
2025-08-19,356.551513671875,362.6198434881503,349.5673927743654,349.5673927743654,2697339,344.7913528442383,325.911025390625,80.52350969044625,5.222074928090308,4.216858089006168
2025-08-20,355.2379150390625,357.9945759417819,354.2943736064663,357.06952535795295,500917,345.62389678955077,328.37157470703124,73.73912218922541,5.366673539588874,4.4468211791227095
2025-08-21,352.6570739746094,357.9946061304924,351.48224156668203,355.24720453562753,726587,346.3241622924805,330.75588470458985,68.08352911751561,5.2129253179337525,4.600042006884919
2025-08-22,353.6745910644531,356.5977544108036,352.657057966866,353.3693367812379,417219,347.044775390625,328.41151153564454,67.45243809635309,5.114230207645221,4.70287964703698
2025-08-25,353.1473388671875,355.2194432524626,352.44429135205274,355.2194432524626,237136,347.6178436279297,326.10312225341795,67.38419793804786,4.936563148718392,4.749616347373262
2025-08-26,351.4452209472656,353.81334812089653,349.6783709911819,353.81334812089653,533252,348.3102432250977,328.4463586425781,60.78847855679652,4.605326694138398,4.720758416726289
2025-08-27,351.7227783203125,353.83189278732266,346.8940125365909,351.5100064963795,529210,349.31993408203124,330.80573699951174,52.546794571829665,4.315469926785795,4.63970071873819
2025-08-28,353.16583251953125,355.2009552214371,351.51924350810026,351.51924350810026,449342,350.0567367553711,333.1989556884766,51.6425742767406,4.154310459119188,4.54262266681439
2025-08-29,352.2962646484375,355.20093706263543,346.89397256991845,351.6117362429301,1129866,350.71167144775393,330.8052911376953,49.51636695066039,3.911336112009792,4.416365355853471
2025-09-01,351.69500732421875,354.2943973807813,351.16772168078086,352.53680679962696,508902,351.2495880126953,328.3490905761719,45.97550048081126,3.6284344169064866,4.258779168064074
2025-09-02,353.5080871582031,354.2943858276413,351.98175928829636,353.3600756720485,367428,351.9026733398438,325.9291516113281,51.22891699955614,3.5100712588737792,4.109037586226016
2025-09-03,354.9327087402344,357.9946243281305,352.62934150887577,354.29442149269767,863714,352.45169219970705,328.08460357666013,56.649386595094704,3.4909808053193387,3.985426230044681
2025-09-04,355.3951721191406,359.8446629944004,354.2943597091397,357.9945618993135,655211,352.70839233398436,330.2846090698242,68.53202737851825,3.4731323057770283,3.882967445191151
2025-09-05,353.7208557128906,356.2832357320331,352.44428135805214,356.1444837870081,893174,352.7823959350586,332.45873107910154,59.15209582126848,3.2860048813546427,3.7635749324238494
2025-09-08,349.151123046875,355.7374792231529,348.2815731688524,355.21945311245497,1191553,352.61126098632815,334.4994570922852,31.751741326478395,2.7374106480497176,3.5583420755490236
2025-09-09,350.2056579589844,355.3952067156451,347.8375305851682,351.50075143585997,1335407,352.42440032958984,336.50768493652345,37.43061558327121,2.360527231491403,3.3187791067374994
2025-09-10,347.3750305175781,350.9642317691958,346.209485826092,350.9642317691958,986354,352.152897644043,338.208193359375,36.969307306378845,1.8125425681327556,3.0175317990165507
2025-09-11,346.8662414550781,350.1316691024355,346.34821535234704,347.3750080176623,446283,351.93828735351565,339.6094000244141,32.771498558988796,1.3219669372320482,2.6784188266596503
2025-09-12,335.848876953125,348.6515741887679,332.0931736818879,347.7635334951066,1468630,351.4082336425781,340.71693725585936,21.40663557983136,0.04366958024814949,2.15146897737735
2025-09-15,338.7535705566406,341.01992778611947,335.996909365308,335.996909365308,472944,350.86754302978517,341.56302673339843,29.823560461397534,-0.7266296522108178,1.5758492514597167
2025-09-16,339.58612060546875,342.6387766502188,337.9210123926265,338.7998218574855,1238767,350.01927337646487,342.39716247558596,31.040414037456358,-1.2554455181658,1.0095902975346134
2025-09-17,338.39276123046875,342.1762148359969,337.1809471903489,340.4186243238639,287886,349.17701568603513,343.18986938476564,26.740418138556933,-1.7506496308864712,0.45754231185039645
2025-09-18,340.98291015625,342.6295274317775,337.64349082493914,338.5685414847335,571248,348.5933074951172,344.0334741210938,33.10306729675331,-1.9120580712077526,-0.01637776476123337
2025-09-19,333.7952575683594,342.51847801516556,332.5556931428903,342.51847801516556,1399327,347.5993408203125,344.66815002441405,27.661018498417533,-2.590101835493897,-0.5311225789077662
2025-09-22,325.4605712890625,335.2383638410433,323.95276238037883,333.94329852330236,1147898,346.2150024414062,344.9909368896484,19.896758302407775,-3.756691133662059,-1.176236289858625
2025-09-23,325.4605712890625,325.4605712890625,325.4605712890625,325.4605712890625,0,344.91576995849607,344.97643981933595,17.369865383458816,-4.627874303068381,-1.8665638925005763
2025-09-24,335.87664794921875,336.71844745549424,333.01824473620314,334.86834609584866,2356481,344.1234634399414,344.9942901611328,32.29276082465435,-4.426773812726765,-2.378605876545814
2025-09-25,333.8415222167969,337.4584451944766,333.20323504889956,335.9413769009944,814442,343.15724792480466,345.1014276123047,32.0827300452851,-4.381115095954499,-2.779107720427551
2025-09-26,343.9060974121094,346.88476187185285,333.03675140784196,334.8683620038123,2718865,342.7377395629883,345.2248297119141,45.69869626217108,-3.492543264145638,-2.9217948291711684
2025-09-29,347.1437683105469,351.61177902992154,345.04391337063885,345.04391337063885,1468862,342.5101776123047,345.25794677734376,47.57582844948894,-2.498291948019471,-2.837094252940829
2025-09-30,357.1250305175781,369.927727367262,347.8282833281195,348.74407438365256,3302128,342.69102478027344,345.5639532470703,56.93417602833677,-0.894623510630197,-2.448600104478703
2025-10-01,356.7180480957031,360.90852665720934,352.5460603853734,360.6587731299446,801293,342.78029174804686,345.92657348632815,57.016741552714684,0.33954118028748326,-1.8909718475254658
2025-10-02,367.7168884277344,369.08594530563147,357.0695465424723,357.0695465424723,1829417,343.39637756347656,346.5078759765625,72.70330992961492,2.1800102816495155,-1.0767754216904695
2025-10-03,373.70196533203125,379.27075998648394,360.7697473042164,367.7076270600668,3195381,344.3954330444336,347.19666870117186,73.85099855668,4.074571863040546,-0.04650596474426638
2025-10-06,371.2135925292969,379.5482798976904,367.24511723703563,373.70198109847104,1241178,345.49855651855466,347.78722106933594,71.10754374895365,5.313978441256552,1.0255909164558972
2025-10-07,371.2135925292969,371.2135925292969,371.2135925292969,371.2135925292969,0,346.5489532470703,348.45954833984376,72.25851236139046,6.224465322294691,2.065365797623656
2025-10-08,354.109375,368.0498949712562,351.5192444906123,366.1813028345055,1853359,346.8856704711914,348.9111566162109,57.43788790876324,5.50243666182746,2.7527799704644167
2025-10-09,349.6228942871094,358.8271310486227,345.96893303380165,356.03348832981555,910277,347.023503112793,349.13501892089846,59.251668061623555,4.516142963147274,3.105452569000988
2025-10-10,347.90228271484375,351.9817593182317,342.3242286306816,349.20660747078176,899169,347.6261734008789,349.3091131591797,64.21705931118109,3.5546829545629635,3.1952986461133834
2025-10-13,346.0244445800781,347.0790158737566,338.7998012473976,342.26874119191024,1704002,347.9897171020508,349.41086853027343,62.72467601822977,2.611094060111725,3.078457728913052
2025-10-14,362.0370788574219,363.6374266911743,348.74410514883647,348.74410514883647,1226376,349.1122650146484,349.8426824951172,65.13919280008619,3.1194200930208353,3.0866502017346087
2025-10-15,358.743896484375,367.89266112067594,357.0973074282847,366.6715874664141,3125577,350.12982177734375,350.1385137939453,64.20432054516672,3.219428276019812,3.113205816591649
2025-10-16,360.4645080566406,364.17394205760365,359.8447116845895,360.76050281687543,1438265,351.1039016723633,350.34258056640624,60.43854566106211,3.3983503878262127,3.170234730838562
2025-10-17,358.0223388671875,362.7123522667061,357.069537861691,360.4644860445597,516316,352.3152557373047,350.45821166992187,56.9274126691145,3.304986974409644,3.1971851795527786
2025-10-20,365.9963073730469,369.0952328942859,358.9196750951953,362.3423740106487,1517673,354.34204254150393,350.72666137695313,55.79738759177891,3.830275383460503,3.323803220334324
2025-10-21,364.7752380371094,368.07767588315295,361.2415657413475,366.3200851610177,1482326,356.3077758789062,350.9433087158203,55.20994653064897,4.100769028898924,3.4791963820472445
2025-10-22,360.7235107421875,366.0425519573122,359.8447013362622,365.85753053596835,1646534,357.5501190185547,351.10167724609374,45.031556992296665,3.9427471261130904,3.571906530860414
2025-10-23,361.6490173339844,363.6039859418147,356.4263430524111,360.7707081292811,704295,358.94049377441405,351.3114886474609,40.77369480641745,3.847838786511261,3.6270929819905837
2025-10-24,355.7369384765625,363.53787729523987,354.679157192884,355.1041604028544,405190,359.5320358276367,351.4972283935547,38.74295739788977,3.2580115598890984,3.5532766975702867
2025-10-27,352.59197998046875,356.0485824088648,350.27815370074075,355.7369345275143,517756,359.8044464111328,351.5577203369141,37.04800697912842,2.5078879945008907,3.3441989569564075
2025-10-28,349.3714904785156,354.25418540134814,348.25707475647727,350.3820331787202,429566,359.41676940917966,351.4141198730469,45.91585102593688,1.6346992807845027,3.0022990217220267
2025-10-29,344.9610290527344,349.72091505238507,341.8821912566297,349.3431504396244,461895,358.82891845703125,351.2085821533203,45.976107413381996,0.5801163368613516,2.517862484749892
2025-10-30,340.881103515625,347.076535420395,340.39001239910283,344.71547055358957,600391,357.4871292114258,350.97306274414063,44.17683470077025,-0.5781990191653676,1.8986501839668402
2025-10-31,363.481201171875,370.42273748548917,342.82661080195567,342.82661080195567,1989479,356.976091003418,351.16919494628905,60.77459437731941,0.32373490546234507,1.5836671282659411
2025-11-03,358.9101867675781,365.3983883267242,357.7579859745204,365.3983883267242,884657,356.36092071533204,351.2844519042969,47.75261232332272,0.6620496813325758,1.3993436388792682
2025-11-04,356.407470703125,361.3373753299368,355.57637125315017,360.86516235350496,603055,355.62061462402346,351.3836968994141,48.301443240782405,0.7199195241653342,1.2634588159364815
2025-11-05,354.7830505371094,359.070752356121,350.14591573327124,356.99300376851386,1050052,355.65429840087893,351.44490234375,45.863855827482105,0.6274715584499972,1.1362613644391846
2025-11-06,352.2897644042969,357.937442071864,351.8081267590314,357.937442071864,226204,355.78764190673826,351.4273809814453,45.82974610170229,0.34899552276829127,0.9788081961050059
2025-11-07,355.4347229003906,360.7801773992108,351.4209124903247,354.0652937024366,917817,356.1642639160156,351.4901501464844,41.73619985825927,0.3777190156090455,0.8585903600058139
2025-11-10,352.59197998046875,357.84298594581105,351.4209010278161,356.0485824088648,475435,356.49264068603514,351.5080895996094,40.703263886269085,0.16914717148068803,0.7207017223007888
2025-11-11,348.6159362792969,355.4819021807847,347.54873040328874,352.2708598924639,1434105,355.8215835571289,351.4102465820313,40.75033234279405,-0.3133686959097872,0.5138876386586736
2025-11-12,350.3914794921875,351.0431357007364,346.6043222253443,349.4376000636986,223070,355.40396270751955,351.3194219970703,41.50999066963655,-0.5461982651057156,0.30187045790579575
2025-11-13,351.3642272949219,353.309742384107,349.6264870609697,351.3358956701897,272255,354.9489486694336,351.2388031005859,46.43680447622008,-0.6447919972763998,0.11253796686935666
2025-11-14,355.23638916015625,356.02970349619926,349.63592139600763,352.7430908283704,421440,354.80965118408204,351.26911376953126,52.12961315419272,-0.4057993366817527,0.008870506159134775
2025-11-17,352.7619934082031,357.4652453208272,351.32647624662536,355.2364137682516,530487,354.14793548583987,351.3413311767578,52.763673342268625,-0.41131757612453157,-0.07516711029759851
2025-11-18,350.80706787109375,354.15976882062404,349.2298636857771,354.15976882062404,582907,353.44952697753905,351.353359375,54.963947421747015,-0.5669020792052493,-0.17351410407912865
2025-11-19,350.4103698730469,353.59308081116285,349.5792703999828,351.32646422563874,1084147,352.93386993408205,351.41406616210935,58.63130794078671,-0.7139837714437363,-0.28160803755205016
2025-11-20,351.1092529296875,352.2709073161826,349.48483901386436,350.52371340565736,149272,352.40688171386716,351.4989263916016,31.42380076100264,-0.765330793363546,-0.3783525887143494
2025-11-21,350.9675598144531,352.17642385308926,349.447047900134,352.17642385308926,597534,352.16841278076174,351.8013000488281,36.244730733617175,-0.8081413776400836,-0.46431034649949626
2025-11-24,351.5342102050781,354.15971305835376,347.6431801023983,350.96754889986653,665345,352.1155242919922,352.0569128417969,40.95371573660424,-0.7872699651841799,-0.528902270236433
2025-11-25,352.0820007324219,354.1597494578791,349.4376194651074,353.21532345932474,737146,352.2510498046875,352.30683044433596,44.77725378010036,-0.7182475918174305,-0.5667713345526325
2025-11-26,354.9530334472656,357.84297444967984,349.43758954652765,353.2058397352146,984447,352.7506500244141,352.6380358886719,55.075548731549006,-0.4269568252682916,-0.5388084326957644
2025-11-27,357.19134521484375,358.3152144474347,353.2153198713648,354.2069556311361,938937,353.566162109375,352.96220458984374,53.46752594273983,-0.015317174002575484,-0.4341101809571266
2025-11-28,357.9657897949219,362.6595882224354,356.99303215645983,357.93745816745576,866697,353.29039154052737,353.445615234375,61.550955292845835,0.3691461337930946,-0.2734589180070824
2025-12-01,358.8063049316406,360.6762497903474,355.11359615956775,358.88184632305047,823294,353.28519744873046,354.1125299072266,75.31668794599398,0.7332066720744592,-0.07212579999077406
2025-12-02,357.35186767578125,360.67623638449106,356.0485553550695,358.78738463194424,1206966,353.3324172973633,354.75035583496094,67.5725776627219,0.8940601711486238,0.12111139423710551
2025-12-03,353.9991760253906,357.46523204001426,353.2153151465398,356.15246609855393,557870,353.29322357177733,355.11280639648436,55.93868045219315,0.742445086675275,0.24537813272473943
2025-12-04,353.120849609375,356.5679984909886,352.00643392869415,354.26359691510396,101463,353.33477783203125,355.49839294433593,44.488140142865326,0.5451315019877256,0.3053288065773367
2025-12-05,355.4347229003906,358.8818719588344,352.27089010696113,358.8629938150313,1262768,353.33477783203125,355.72896545410157,57.022309744958186,0.5689112465787503,0.3580452945776194
2025-12-08,354.69805908203125,356.0485812662036,352.96031880181647,354.34862609383487,1626241,353.44008178710936,355.88005126953124,60.922379999451735,0.5222935766703927,0.39089495099617405
2025-12-09,355.963623046875,357.8430216480622,354.16921933089975,355.1230700348976,931898,353.8074661254883,355.8568231201172,64.86346965947054,0.5807743672234551,0.4288708342416303
2025-12-10,356.7474670410156,358.30579299402734,355.22695501954104,355.97305962754604,2397678,354.12526550292966,355.85741149902344,65.02254768514227,0.6825030047423297,0.4795972683417702
2025-12-11,356.52081298828125,358.39078683350357,354.1880796285802,357.74855525271585,341707,354.38309478759766,355.63348999023435,64.72948973859606,0.7363464515291298,0.5309471049792421
2025-12-12,358.5607604980469,362.75401403186044,354.34862882096127,354.34862882096127,1624782,354.5493133544922,355.3306658935547,67.28625484248776,0.9328709311122907,0.6113318702058519
2025-12-15,361.0540466308594,363.40568695885844,357.0024798608161,359.16519463944167,818174,354.963916015625,355.1274749755859,70.14416290956929,1.2751067142452257,0.7440868390137267
2025-12-16,369.02496337890625,373.0482268969572,362.668995579113,362.668995579113,2173145,355.87481079101565,355.0837023925781,75.70734231075005,2.1645656386039036,1.0281825989317621
2025-12-17,379.15869140625,382.49251389299684,368.42999751081317,371.6316153503562,3288808,357.3122268676758,355.5846887207031,81.14619751462494,3.645156312136237,1.5515773415726573
2025-12-18,387.8663024902344,396.65890593268136,379.1681474087567,379.1681474087567,1976738,359.15007934570315,356.3495568847656,84.60862979808041,5.458247253231377,2.3329113239044013
2025-12-19,389.16961669921875,391.9367778764411,383.43694413936163,388.253522354692,850712,361.06018218994143,357.17490356445313,84.77177619857424,6.920525935965884,3.250434246316698
2025-12-22,386.52520751953125,389.330153811665,384.38137093700755,389.10350080109856,814554,362.8097320556641,357.9849188232422,82.52263089995591,7.776369460116541,4.155621289076667
2025-12-23,388.42352294921875,392.86233666439546,387.2146588257485,390.0384833342749,646393,364.6268081665039,358.5126477050781,89.66262662489495,8.509715110635625,5.026440053388459
2025-12-24,387.7434997558594,390.70901095108013,385.09911873341343,389.67013668455087,470620,366.2663314819336,359.0926397705078,90.07422729645776,8.933049993929501,5.807762041496668
2025-12-26,389.5945739746094,390.52012176108593,384.3813532207061,386.31741484711216,595929,367.88649291992186,359.6752410888672,89.96673693471357,9.310585524000999,6.5083267379975345
2025-12-29,394.9872741699219,396.64944423787614,389.7173612458323,390.0479160915844,702417,369.73756713867186,360.4145397949219,92.50689507064429,9.930458840645997,7.1927531585272275
2025-12-30,399.4732971191406,404.1198566345818,393.8256195848129,395.714471477306,2417653,371.7709167480469,361.0840795898437,92.98368535903124,10.660806331509036,7.886363793123589
2025-12-31,400.9938049316406,403.64763950755565,396.65889334157026,399.3977227931817,1375378,373.95301361083983,361.8084509277344,93.0843438797852,11.232819304190798,8.555654895337032
